{
  "experiment": "quick_lr_calibration",
  "max_steps": 500,
  "schedules": [
    {
      "final_bpb": 0.7213475108146667,
      "final_loss": 0.5,
      "final_lr": 0.0003000000142492354,
      "name": "flat"
    },
    {
      "final_bpb": 0.7237691879272461,
      "final_loss": 0.5016785860061646,
      "final_lr": 2.9593707484565357e-9,
      "name": "cosine"
    },
    {
      "final_bpb": 1.9983749389648438,
      "final_loss": 1.3851679563522339,
      "final_lr": 2.4391856641159393e-6,
      "name": "phi_decay"
    }
  ]
}