step,loss,bpb,lr
0,4.9505,7.1420,0.000300
50,2.9848,4.3061,0.000293
100,1.8200,2.6256,0.000271
150,1.1490,1.6577,0.000238
200,0.7730,1.1152,0.000196
250,0.5581,0.8052,0.000150
300,0.5000,0.7213,0.000104
350,0.5000,0.7213,0.000062
400,0.5000,0.7213,0.000029
450,0.5005,0.7221,0.000007
499,0.5017,0.7238,0.000000
