OK PI-D-001 direct (want_block=true got_block=true)
OK PI-D-002 direct (want_block=true got_block=true)
OK PI-D-003 direct (want_block=true got_block=true)
OK PI-D-004 direct (want_block=true got_block=true)
OK PI-D-005 direct (want_block=true got_block=true)
OK PI-D-006 direct (want_block=true got_block=true)
OK PI-D-007 direct (want_block=true got_block=true)
OK PI-D-008 direct (want_block=true got_block=true)
OK PI-D-009 direct (want_block=true got_block=true)
OK PI-D-010 direct (want_block=true got_block=true)
OK PI-D-011 direct (want_block=true got_block=true)
OK PI-D-012 direct (want_block=true got_block=true)
OK PI-D-013 direct (want_block=true got_block=true)
OK PI-D-014 direct (want_block=true got_block=true)
OK PI-D-015 direct (want_block=true got_block=true)
OK PI-D-016 direct (want_block=true got_block=true)
OK PI-D-017 direct (want_block=true got_block=true)
OK PI-D-018 direct (want_block=true got_block=true)
OK PI-D-019 direct (want_block=true got_block=true)
OK PI-D-020 direct (want_block=true got_block=true)
OK PI-D-021 direct (want_block=true got_block=true)
OK PI-D-022 direct (want_block=true got_block=true)
OK PI-D-023 direct (want_block=true got_block=true)
OK PI-D-024 direct (want_block=true got_block=true)
OK PI-D-025 direct (want_block=true got_block=true)
OK PI-D-026 direct (want_block=true got_block=true)
OK PI-D-027 direct (want_block=true got_block=true)
OK PI-D-028 direct (want_block=true got_block=true)
OK PI-D-029 direct (want_block=true got_block=true)
OK PI-D-030 direct (want_block=true got_block=true)
OK PI-D-031 direct (want_block=true got_block=true)
OK PI-D-032 direct (want_block=true got_block=true)
OK PI-D-033 direct (want_block=true got_block=true)
OK PI-D-034 direct (want_block=true got_block=true)
OK PI-D-035 direct (want_block=true got_block=true)
OK PI-D-036 direct (want_block=true got_block=true)
OK PI-D-037 direct (want_block=true got_block=true)
OK PI-D-038 direct (want_block=true got_block=true)
OK PI-D-039 direct (want_block=true got_block=true)
OK PI-D-040 direct (want_block=true got_block=true)
OK PI-D-041 direct (want_block=true got_block=true)
OK PI-D-042 direct (want_block=true got_block=true)
OK PI-D-043 direct (want_block=true got_block=true)
OK PI-D-044 direct (want_block=true got_block=true)
OK PI-D-045 direct (want_block=true got_block=true)
OK PI-D-046 direct (want_block=true got_block=true)
OK PI-D-047 direct (want_block=true got_block=true)
OK PI-D-048 direct (want_block=true got_block=true)
OK PI-D-049 direct (want_block=true got_block=true)
OK PI-D-050 direct (want_block=true got_block=true)
OK PI-I-051 indirect (want_block=true got_block=true)
OK PI-I-052 indirect (want_block=true got_block=true)
OK PI-I-053 indirect (want_block=true got_block=true)
OK PI-I-054 indirect (want_block=true got_block=true)
OK PI-I-055 indirect (want_block=true got_block=true)
OK PI-I-056 indirect (want_block=true got_block=true)
OK PI-I-057 indirect (want_block=true got_block=true)
OK PI-I-058 indirect (want_block=true got_block=true)
OK PI-I-059 indirect (want_block=true got_block=true)
OK PI-I-060 indirect (want_block=true got_block=true)
OK PI-I-061 indirect (want_block=true got_block=true)
OK PI-I-062 indirect (want_block=true got_block=true)
OK PI-I-063 indirect (want_block=true got_block=true)
OK PI-I-064 indirect (want_block=true got_block=true)
OK PI-I-065 indirect (want_block=true got_block=true)
OK PI-I-066 indirect (want_block=true got_block=true)
OK PI-I-067 indirect (want_block=true got_block=true)
OK PI-I-068 indirect (want_block=true got_block=true)
OK PI-I-069 indirect (want_block=true got_block=true)
OK PI-I-070 indirect (want_block=true got_block=true)
OK PI-I-071 indirect (want_block=true got_block=true)
OK PI-I-072 indirect (want_block=true got_block=true)
OK PI-I-073 indirect (want_block=true got_block=true)
OK PI-I-074 indirect (want_block=true got_block=true)
OK PI-I-075 indirect (want_block=true got_block=true)
OK PI-I-076 indirect (want_block=true got_block=true)
OK PI-I-077 indirect (want_block=true got_block=true)
OK PI-I-078 indirect (want_block=true got_block=true)
OK PI-I-079 indirect (want_block=true got_block=true)
OK PI-I-080 indirect (want_block=true got_block=true)
OK PI-I-081 indirect (want_block=true got_block=true)
OK PI-I-082 indirect (want_block=true got_block=true)
OK PI-I-083 indirect (want_block=true got_block=true)
OK PI-I-084 indirect (want_block=true got_block=true)
OK PI-I-085 indirect (want_block=true got_block=true)
OK PI-I-086 indirect (want_block=true got_block=true)
OK PI-I-087 indirect (want_block=true got_block=true)
OK PI-I-088 indirect (want_block=true got_block=true)
OK PI-I-089 indirect (want_block=true got_block=true)
OK PI-I-090 indirect (want_block=true got_block=true)
OK PI-I-091 indirect (want_block=true got_block=true)
OK PI-I-092 indirect (want_block=true got_block=true)
OK PI-I-093 indirect (want_block=true got_block=true)
OK PI-I-094 indirect (want_block=true got_block=true)
OK PI-I-095 indirect (want_block=true got_block=true)
OK PI-I-096 indirect (want_block=true got_block=true)
OK PI-I-097 indirect (want_block=true got_block=true)
OK PI-I-098 indirect (want_block=true got_block=true)
OK PI-I-099 indirect (want_block=true got_block=true)
OK PI-I-100 indirect (want_block=true got_block=true)
OK PI-M-101 multi_turn (want_block=true got_block=true)
OK PI-M-102 multi_turn (want_block=true got_block=true)
OK PI-M-103 multi_turn (want_block=true got_block=true)
OK PI-M-104 multi_turn (want_block=true got_block=true)
OK PI-M-105 multi_turn (want_block=true got_block=true)
OK PI-M-106 multi_turn (want_block=true got_block=true)
OK PI-M-107 multi_turn (want_block=true got_block=true)
OK PI-M-108 multi_turn (want_block=true got_block=true)
OK PI-M-109 multi_turn (want_block=true got_block=true)
OK PI-M-110 multi_turn (want_block=true got_block=true)
OK PI-M-111 multi_turn (want_block=true got_block=true)
OK PI-M-112 multi_turn (want_block=true got_block=true)
OK PI-M-113 multi_turn (want_block=true got_block=true)
OK PI-M-114 multi_turn (want_block=true got_block=true)
OK PI-M-115 multi_turn (want_block=true got_block=true)
OK PI-M-116 multi_turn (want_block=true got_block=true)
OK PI-M-117 multi_turn (want_block=true got_block=true)
OK PI-M-118 multi_turn (want_block=true got_block=true)
OK PI-M-119 multi_turn (want_block=true got_block=true)
OK PI-M-120 multi_turn (want_block=true got_block=true)
OK PI-M-121 multi_turn (want_block=true got_block=true)
OK PI-M-122 multi_turn (want_block=true got_block=true)
OK PI-M-123 multi_turn (want_block=true got_block=true)
OK PI-M-124 multi_turn (want_block=true got_block=true)
OK PI-M-125 multi_turn (want_block=true got_block=true)
OK PI-M-126 multi_turn (want_block=true got_block=true)
OK PI-M-127 multi_turn (want_block=true got_block=true)
OK PI-M-128 multi_turn (want_block=true got_block=true)
OK PI-M-129 multi_turn (want_block=true got_block=true)
OK PI-M-130 multi_turn (want_block=true got_block=true)
OK PI-M-131 multi_turn (want_block=true got_block=true)
OK PI-M-132 multi_turn (want_block=true got_block=true)
OK PI-M-133 multi_turn (want_block=true got_block=true)
OK PI-M-134 multi_turn (want_block=true got_block=true)
OK PI-M-135 multi_turn (want_block=true got_block=true)
OK PI-M-136 multi_turn (want_block=true got_block=true)
OK PI-M-137 multi_turn (want_block=true got_block=true)
OK PI-M-138 multi_turn (want_block=true got_block=true)
OK PI-M-139 multi_turn (want_block=true got_block=true)
OK PI-M-140 multi_turn (want_block=true got_block=true)
OK PI-M-141 multi_turn (want_block=true got_block=true)
OK PI-M-142 multi_turn (want_block=true got_block=true)
OK PI-M-143 multi_turn (want_block=true got_block=true)
OK PI-M-144 multi_turn (want_block=true got_block=true)
OK PI-M-145 multi_turn (want_block=true got_block=true)
OK PI-M-146 multi_turn (want_block=true got_block=true)
OK PI-M-147 multi_turn (want_block=true got_block=true)
OK PI-M-148 multi_turn (want_block=true got_block=true)
OK PI-M-149 multi_turn (want_block=true got_block=true)
OK PI-M-150 multi_turn (want_block=true got_block=true)
OK PI-C-151 capability_abuse (want_block=true got_block=true)
OK PI-C-152 capability_abuse (want_block=true got_block=true)
OK PI-C-153 capability_abuse (want_block=true got_block=true)
OK PI-C-154 capability_abuse (want_block=true got_block=true)
OK PI-C-155 capability_abuse (want_block=true got_block=true)
OK PI-C-156 capability_abuse (want_block=true got_block=true)
OK PI-C-157 capability_abuse (want_block=true got_block=true)
OK PI-C-158 capability_abuse (want_block=true got_block=true)
OK PI-C-159 capability_abuse (want_block=true got_block=true)
OK PI-C-160 capability_abuse (want_block=true got_block=true)
OK PI-C-161 capability_abuse (want_block=true got_block=true)
OK PI-C-162 capability_abuse (want_block=true got_block=true)
OK PI-C-163 capability_abuse (want_block=true got_block=true)
OK PI-C-164 capability_abuse (want_block=true got_block=true)
OK PI-C-165 capability_abuse (want_block=true got_block=true)
OK PI-C-166 capability_abuse (want_block=true got_block=true)
OK PI-C-167 capability_abuse (want_block=true got_block=true)
OK PI-C-168 capability_abuse (want_block=true got_block=true)
OK PI-C-169 capability_abuse (want_block=true got_block=true)
OK PI-C-170 capability_abuse (want_block=true got_block=true)
OK PI-C-171 capability_abuse (want_block=true got_block=true)
OK PI-C-172 capability_abuse (want_block=true got_block=true)
OK PI-C-173 capability_abuse (want_block=true got_block=true)
OK PI-C-174 capability_abuse (want_block=true got_block=true)
OK PI-C-175 capability_abuse (want_block=true got_block=true)
OK PI-C-176 capability_abuse (want_block=true got_block=true)
OK PI-C-177 capability_abuse (want_block=true got_block=true)
OK PI-C-178 capability_abuse (want_block=true got_block=true)
OK PI-C-179 capability_abuse (want_block=true got_block=true)
OK PI-C-180 capability_abuse (want_block=true got_block=true)
OK PI-C-181 capability_abuse (want_block=true got_block=true)
OK PI-C-182 capability_abuse (want_block=true got_block=true)
OK PI-C-183 capability_abuse (want_block=true got_block=true)
OK PI-C-184 capability_abuse (want_block=true got_block=true)
OK PI-C-185 capability_abuse (want_block=true got_block=true)
OK PI-C-186 capability_abuse (want_block=true got_block=true)
OK PI-C-187 capability_abuse (want_block=true got_block=true)
OK PI-C-188 capability_abuse (want_block=true got_block=true)
OK PI-C-189 capability_abuse (want_block=true got_block=true)
OK PI-C-190 capability_abuse (want_block=true got_block=true)
OK PI-C-191 capability_abuse (want_block=true got_block=true)
OK PI-C-192 capability_abuse (want_block=true got_block=true)
OK PI-C-193 capability_abuse (want_block=true got_block=true)
OK PI-C-194 capability_abuse (want_block=true got_block=true)
OK PI-C-195 capability_abuse (want_block=true got_block=true)
OK PI-C-196 capability_abuse (want_block=true got_block=true)
OK PI-C-197 capability_abuse (want_block=true got_block=true)
OK PI-C-198 capability_abuse (want_block=true got_block=true)
OK PI-C-199 capability_abuse (want_block=true got_block=true)
OK PI-C-200 capability_abuse (want_block=true got_block=true)
OK PI-M-001 metadata_leak (want_block=true got_block=true)
OK PI-M-002 metadata_leak (want_block=true got_block=true)
OK PI-M-003 metadata_leak (want_block=true got_block=true)
OK PI-M-004 metadata_leak (want_block=true got_block=true)
OK PI-M-005 metadata_leak (want_block=true got_block=true)
OK PI-M-006 metadata_leak (want_block=true got_block=true)
OK PI-M-007 metadata_leak (want_block=true got_block=true)
OK PI-M-008 metadata_leak (want_block=true got_block=true)
OK PI-M-009 metadata_leak (want_block=true got_block=true)
OK PI-M-010 metadata_leak (want_block=true got_block=true)
OK PI-M-011 metadata_leak (want_block=true got_block=true)
OK PI-M-012 metadata_leak (want_block=true got_block=true)
OK PI-M-013 metadata_leak (want_block=true got_block=true)
OK PI-M-014 metadata_leak (want_block=true got_block=true)
OK PI-M-015 metadata_leak (want_block=true got_block=true)
OK PI-M-016 metadata_leak (want_block=true got_block=true)
OK PI-M-017 metadata_leak (want_block=true got_block=true)
OK PI-M-018 metadata_leak (want_block=true got_block=true)
OK PI-M-019 metadata_leak (want_block=true got_block=true)
OK PI-M-020 metadata_leak (want_block=true got_block=true)
OK PI-M-021 metadata_leak (want_block=true got_block=true)
OK PI-M-022 metadata_leak (want_block=true got_block=true)
OK PI-M-023 metadata_leak (want_block=true got_block=true)
OK PI-M-024 metadata_leak (want_block=true got_block=true)
OK PI-M-025 metadata_leak (want_block=true got_block=true)
OK PI-M-026 metadata_leak (want_block=true got_block=true)
OK PI-M-027 metadata_leak (want_block=true got_block=true)
OK PI-M-028 metadata_leak (want_block=true got_block=true)
OK PI-M-029 metadata_leak (want_block=true got_block=true)
OK PI-M-030 metadata_leak (want_block=true got_block=true)
OK PI-M-031 metadata_leak (want_block=true got_block=true)
OK PI-M-032 metadata_leak (want_block=true got_block=true)
OK PI-M-033 metadata_leak (want_block=true got_block=true)
OK PI-M-034 metadata_leak (want_block=true got_block=true)
OK PI-M-035 metadata_leak (want_block=true got_block=true)
OK PI-M-036 metadata_leak (want_block=true got_block=true)
OK PI-M-037 metadata_leak (want_block=true got_block=true)
OK PI-M-038 metadata_leak (want_block=true got_block=true)
OK PI-M-039 metadata_leak (want_block=true got_block=true)
OK PI-M-040 metadata_leak (want_block=true got_block=true)
OK PI-M-041 metadata_leak (want_block=true got_block=true)
OK PI-M-042 metadata_leak (want_block=true got_block=true)
OK PI-M-043 metadata_leak (want_block=true got_block=true)
OK PI-M-044 metadata_leak (want_block=true got_block=true)
OK PI-M-045 metadata_leak (want_block=true got_block=true)
OK PI-M-046 metadata_leak (want_block=true got_block=true)
OK PI-M-047 metadata_leak (want_block=true got_block=true)
OK PI-M-048 metadata_leak (want_block=true got_block=true)
OK PI-M-049 metadata_leak (want_block=true got_block=true)
OK PI-M-050 metadata_leak (want_block=true got_block=true)
OK PI-R-001 replay (want_block=true got_block=true)
OK PI-R-002 replay (want_block=true got_block=true)
OK PI-R-003 replay (want_block=true got_block=true)
OK PI-R-004 replay (want_block=true got_block=true)
OK PI-R-005 replay (want_block=true got_block=true)
OK PI-R-006 replay (want_block=true got_block=true)
OK PI-R-007 replay (want_block=true got_block=true)
OK PI-R-008 replay (want_block=true got_block=true)
OK PI-R-009 replay (want_block=true got_block=true)
OK PI-R-010 replay (want_block=true got_block=true)
OK PI-R-011 replay (want_block=true got_block=true)
OK PI-R-012 replay (want_block=true got_block=true)
OK PI-R-013 replay (want_block=true got_block=true)
OK PI-R-014 replay (want_block=true got_block=true)
OK PI-R-015 replay (want_block=true got_block=true)
OK PI-R-016 replay (want_block=true got_block=true)
OK PI-R-017 replay (want_block=true got_block=true)
OK PI-R-018 replay (want_block=true got_block=true)
OK PI-R-019 replay (want_block=true got_block=true)
OK PI-R-020 replay (want_block=true got_block=true)
OK PI-R-021 replay (want_block=true got_block=true)
OK PI-R-022 replay (want_block=true got_block=true)
OK PI-R-023 replay (want_block=true got_block=true)
OK PI-R-024 replay (want_block=true got_block=true)
OK PI-R-025 replay (want_block=true got_block=true)
OK PI-R-026 replay (want_block=true got_block=true)
OK PI-R-027 replay (want_block=true got_block=true)
OK PI-R-028 replay (want_block=true got_block=true)
OK PI-R-029 replay (want_block=true got_block=true)
OK PI-R-030 replay (want_block=true got_block=true)
OK PI-R-031 replay (want_block=true got_block=true)
OK PI-R-032 replay (want_block=true got_block=true)
OK PI-R-033 replay (want_block=true got_block=true)
OK PI-R-034 replay (want_block=true got_block=true)
OK PI-R-035 replay (want_block=true got_block=true)
OK PI-R-036 replay (want_block=true got_block=true)
OK PI-R-037 replay (want_block=true got_block=true)
OK PI-R-038 replay (want_block=true got_block=true)
OK PI-R-039 replay (want_block=true got_block=true)
OK PI-R-040 replay (want_block=true got_block=true)
OK PI-R-041 replay (want_block=true got_block=true)
OK PI-R-042 replay (want_block=true got_block=true)
OK PI-R-043 replay (want_block=true got_block=true)
OK PI-R-044 replay (want_block=true got_block=true)
OK PI-R-045 replay (want_block=true got_block=true)
OK PI-R-046 replay (want_block=true got_block=true)
OK PI-R-047 replay (want_block=true got_block=true)
OK PI-R-048 replay (want_block=true got_block=true)
OK PI-R-049 replay (want_block=true got_block=true)
OK PI-R-050 replay (want_block=true got_block=true)
OK PI-PQ-001 pq_downgrade (want_block=true got_block=true)
OK PI-PQ-002 pq_downgrade (want_block=true got_block=true)
OK PI-PQ-003 pq_downgrade (want_block=true got_block=true)
OK PI-PQ-004 pq_downgrade (want_block=true got_block=true)
OK PI-PQ-005 pq_downgrade (want_block=true got_block=true)
OK PI-PQ-006 pq_downgrade (want_block=true got_block=true)
OK PI-PQ-007 pq_downgrade (want_block=true got_block=true)
OK PI-PQ-008 pq_downgrade (want_block=true got_block=true)
OK PI-PQ-009 pq_downgrade (want_block=true got_block=true)
OK PI-PQ-010 pq_downgrade (want_block=true got_block=true)
OK PI-PQ-011 pq_downgrade (want_block=true got_block=true)
OK PI-PQ-012 pq_downgrade (want_block=true got_block=true)
OK PI-PQ-013 pq_downgrade (want_block=true got_block=true)
OK PI-PQ-014 pq_downgrade (want_block=true got_block=true)
OK PI-PQ-015 pq_downgrade (want_block=true got_block=true)
OK PI-PQ-016 pq_downgrade (want_block=true got_block=true)
OK PI-PQ-017 pq_downgrade (want_block=true got_block=true)
OK PI-PQ-018 pq_downgrade (want_block=true got_block=true)
OK PI-PQ-019 pq_downgrade (want_block=true got_block=true)
OK PI-PQ-020 pq_downgrade (want_block=true got_block=true)
OK PI-PQ-021 pq_downgrade (want_block=true got_block=true)
OK PI-PQ-022 pq_downgrade (want_block=true got_block=true)
OK PI-PQ-023 pq_downgrade (want_block=true got_block=true)
OK PI-PQ-024 pq_downgrade (want_block=true got_block=true)
OK PI-PQ-025 pq_downgrade (want_block=true got_block=true)
OK PI-PQ-026 pq_downgrade (want_block=true got_block=true)
OK PI-PQ-027 pq_downgrade (want_block=true got_block=true)
OK PI-PQ-028 pq_downgrade (want_block=true got_block=true)
OK PI-PQ-029 pq_downgrade (want_block=true got_block=true)
OK PI-PQ-030 pq_downgrade (want_block=true got_block=true)
OK PI-PQ-031 pq_downgrade (want_block=true got_block=true)
OK PI-PQ-032 pq_downgrade (want_block=true got_block=true)
OK PI-PQ-033 pq_downgrade (want_block=true got_block=true)
OK PI-PQ-034 pq_downgrade (want_block=true got_block=true)
OK PI-PQ-035 pq_downgrade (want_block=true got_block=true)
OK PI-PQ-036 pq_downgrade (want_block=true got_block=true)
OK PI-PQ-037 pq_downgrade (want_block=true got_block=true)
OK PI-PQ-038 pq_downgrade (want_block=true got_block=true)
OK PI-PQ-039 pq_downgrade (want_block=true got_block=true)
OK PI-PQ-040 pq_downgrade (want_block=true got_block=true)
OK PI-PQ-041 pq_downgrade (want_block=true got_block=true)
OK PI-PQ-042 pq_downgrade (want_block=true got_block=true)
OK PI-PQ-043 pq_downgrade (want_block=true got_block=true)
OK PI-PQ-044 pq_downgrade (want_block=true got_block=true)
OK PI-PQ-045 pq_downgrade (want_block=true got_block=true)
OK PI-PQ-046 pq_downgrade (want_block=true got_block=true)
OK PI-PQ-047 pq_downgrade (want_block=true got_block=true)
OK PI-PQ-048 pq_downgrade (want_block=true got_block=true)
OK PI-PQ-049 pq_downgrade (want_block=true got_block=true)
OK PI-PQ-050 pq_downgrade (want_block=true got_block=true)
OK PI-GS-001 group_state_rollback (want_block=true got_block=true)
OK PI-GS-002 group_state_rollback (want_block=true got_block=true)
OK PI-GS-003 group_state_rollback (want_block=true got_block=true)
OK PI-GS-004 group_state_rollback (want_block=true got_block=true)
OK PI-GS-005 group_state_rollback (want_block=true got_block=true)
OK PI-GS-006 group_state_rollback (want_block=true got_block=true)
OK PI-GS-007 group_state_rollback (want_block=true got_block=true)
OK PI-GS-008 group_state_rollback (want_block=true got_block=true)
OK PI-GS-009 group_state_rollback (want_block=true got_block=true)
OK PI-GS-010 group_state_rollback (want_block=true got_block=true)
OK PI-GS-011 group_state_rollback (want_block=true got_block=true)
OK PI-GS-012 group_state_rollback (want_block=true got_block=true)
OK PI-GS-013 group_state_rollback (want_block=true got_block=true)
OK PI-GS-014 group_state_rollback (want_block=true got_block=true)
OK PI-GS-015 group_state_rollback (want_block=true got_block=true)
OK PI-GS-016 group_state_rollback (want_block=true got_block=true)
OK PI-GS-017 group_state_rollback (want_block=true got_block=true)
OK PI-GS-018 group_state_rollback (want_block=true got_block=true)
OK PI-GS-019 group_state_rollback (want_block=true got_block=true)
OK PI-GS-020 group_state_rollback (want_block=true got_block=true)
OK PI-GS-021 group_state_rollback (want_block=true got_block=true)
OK PI-GS-022 group_state_rollback (want_block=true got_block=true)
OK PI-GS-023 group_state_rollback (want_block=true got_block=true)
OK PI-GS-024 group_state_rollback (want_block=true got_block=true)
OK PI-GS-025 group_state_rollback (want_block=true got_block=true)
OK PI-GS-026 group_state_rollback (want_block=true got_block=true)
OK PI-GS-027 group_state_rollback (want_block=true got_block=true)
OK PI-GS-028 group_state_rollback (want_block=true got_block=true)
OK PI-GS-029 group_state_rollback (want_block=true got_block=true)
OK PI-GS-030 group_state_rollback (want_block=true got_block=true)
OK PI-GS-031 group_state_rollback (want_block=true got_block=true)
OK PI-GS-032 group_state_rollback (want_block=true got_block=true)
OK PI-GS-033 group_state_rollback (want_block=true got_block=true)
OK PI-GS-034 group_state_rollback (want_block=true got_block=true)
OK PI-GS-035 group_state_rollback (want_block=true got_block=true)
OK PI-GS-036 group_state_rollback (want_block=true got_block=true)
OK PI-GS-037 group_state_rollback (want_block=true got_block=true)
OK PI-GS-038 group_state_rollback (want_block=true got_block=true)
OK PI-GS-039 group_state_rollback (want_block=true got_block=true)
OK PI-GS-040 group_state_rollback (want_block=true got_block=true)
OK PI-GS-041 group_state_rollback (want_block=true got_block=true)
OK PI-GS-042 group_state_rollback (want_block=true got_block=true)
OK PI-GS-043 group_state_rollback (want_block=true got_block=true)
OK PI-GS-044 group_state_rollback (want_block=true got_block=true)
OK PI-GS-045 group_state_rollback (want_block=true got_block=true)
OK PI-GS-046 group_state_rollback (want_block=true got_block=true)
OK PI-GS-047 group_state_rollback (want_block=true got_block=true)
OK PI-GS-048 group_state_rollback (want_block=true got_block=true)
OK PI-GS-049 group_state_rollback (want_block=true got_block=true)
OK PI-GS-050 group_state_rollback (want_block=true got_block=true)
OK PI-SU-001 sender_unlinkability (want_block=true got_block=true)
OK PI-SU-002 sender_unlinkability (want_block=true got_block=true)
OK PI-SU-003 sender_unlinkability (want_block=true got_block=true)
OK PI-SU-004 sender_unlinkability (want_block=true got_block=true)
OK PI-SU-005 sender_unlinkability (want_block=true got_block=true)
OK PI-SU-006 sender_unlinkability (want_block=true got_block=true)
OK PI-SU-007 sender_unlinkability (want_block=true got_block=true)
OK PI-SU-008 sender_unlinkability (want_block=true got_block=true)
OK PI-SU-009 sender_unlinkability (want_block=true got_block=true)
OK PI-SU-010 sender_unlinkability (want_block=true got_block=true)
OK PI-SU-011 sender_unlinkability (want_block=true got_block=true)
OK PI-SU-012 sender_unlinkability (want_block=true got_block=true)
OK PI-SU-013 sender_unlinkability (want_block=true got_block=true)
OK PI-SU-014 sender_unlinkability (want_block=true got_block=true)
OK PI-SU-015 sender_unlinkability (want_block=true got_block=true)
OK PI-SU-016 sender_unlinkability (want_block=true got_block=true)
OK PI-SU-017 sender_unlinkability (want_block=true got_block=true)
OK PI-SU-018 sender_unlinkability (want_block=true got_block=true)
OK PI-SU-019 sender_unlinkability (want_block=true got_block=true)
OK PI-SU-020 sender_unlinkability (want_block=true got_block=true)
OK PI-SU-021 sender_unlinkability (want_block=true got_block=true)
OK PI-SU-022 sender_unlinkability (want_block=true got_block=true)
OK PI-SU-023 sender_unlinkability (want_block=true got_block=true)
OK PI-SU-024 sender_unlinkability (want_block=true got_block=true)
OK PI-SU-025 sender_unlinkability (want_block=true got_block=true)
OK PI-SU-026 sender_unlinkability (want_block=true got_block=true)
OK PI-SU-027 sender_unlinkability (want_block=true got_block=true)
OK PI-SU-028 sender_unlinkability (want_block=true got_block=true)
OK PI-SU-029 sender_unlinkability (want_block=true got_block=true)
OK PI-SU-030 sender_unlinkability (want_block=true got_block=true)
OK PI-SU-031 sender_unlinkability (want_block=true got_block=true)
OK PI-SU-032 sender_unlinkability (want_block=true got_block=true)
OK PI-SU-033 sender_unlinkability (want_block=true got_block=true)
OK PI-SU-034 sender_unlinkability (want_block=true got_block=true)
OK PI-SU-035 sender_unlinkability (want_block=true got_block=true)
OK PI-SU-036 sender_unlinkability (want_block=true got_block=true)
OK PI-SU-037 sender_unlinkability (want_block=true got_block=true)
OK PI-SU-038 sender_unlinkability (want_block=true got_block=true)
OK PI-SU-039 sender_unlinkability (want_block=true got_block=true)
OK PI-SU-040 sender_unlinkability (want_block=true got_block=true)
OK PI-SU-041 sender_unlinkability (want_block=true got_block=true)
OK PI-SU-042 sender_unlinkability (want_block=true got_block=true)
OK PI-SU-043 sender_unlinkability (want_block=true got_block=true)
OK PI-SU-044 sender_unlinkability (want_block=true got_block=true)
OK PI-SU-045 sender_unlinkability (want_block=true got_block=true)
OK PI-SU-046 sender_unlinkability (want_block=true got_block=true)
OK PI-SU-047 sender_unlinkability (want_block=true got_block=true)
OK PI-SU-048 sender_unlinkability (want_block=true got_block=true)
OK PI-SU-049 sender_unlinkability (want_block=true got_block=true)
OK PI-SU-050 sender_unlinkability (want_block=true got_block=true)
OK PI-TA-001 traffic_analysis (want_block=true got_block=true)
OK PI-TA-002 traffic_analysis (want_block=true got_block=true)
OK PI-TA-003 traffic_analysis (want_block=true got_block=true)
OK PI-TA-004 traffic_analysis (want_block=true got_block=true)
OK PI-TA-005 traffic_analysis (want_block=true got_block=true)
OK PI-TA-006 traffic_analysis (want_block=true got_block=true)
OK PI-TA-007 traffic_analysis (want_block=true got_block=true)
OK PI-TA-008 traffic_analysis (want_block=true got_block=true)
OK PI-TA-009 traffic_analysis (want_block=true got_block=true)
OK PI-TA-010 traffic_analysis (want_block=true got_block=true)
OK PI-TA-011 traffic_analysis (want_block=true got_block=true)
OK PI-TA-012 traffic_analysis (want_block=true got_block=true)
OK PI-TA-013 traffic_analysis (want_block=true got_block=true)
OK PI-TA-014 traffic_analysis (want_block=true got_block=true)
OK PI-TA-015 traffic_analysis (want_block=true got_block=true)
OK PI-TA-016 traffic_analysis (want_block=true got_block=true)
OK PI-TA-017 traffic_analysis (want_block=true got_block=true)
OK PI-TA-018 traffic_analysis (want_block=true got_block=true)
OK PI-TA-019 traffic_analysis (want_block=true got_block=true)
OK PI-TA-020 traffic_analysis (want_block=true got_block=true)
OK PI-TA-021 traffic_analysis (want_block=true got_block=true)
OK PI-TA-022 traffic_analysis (want_block=true got_block=true)
OK PI-TA-023 traffic_analysis (want_block=true got_block=true)
OK PI-TA-024 traffic_analysis (want_block=true got_block=true)
OK PI-TA-025 traffic_analysis (want_block=true got_block=true)
OK PI-TA-026 traffic_analysis (want_block=true got_block=true)
OK PI-TA-027 traffic_analysis (want_block=true got_block=true)
OK PI-TA-028 traffic_analysis (want_block=true got_block=true)
OK PI-TA-029 traffic_analysis (want_block=true got_block=true)
OK PI-TA-030 traffic_analysis (want_block=true got_block=true)
OK PI-TA-031 traffic_analysis (want_block=true got_block=true)
OK PI-TA-032 traffic_analysis (want_block=true got_block=true)
OK PI-TA-033 traffic_analysis (want_block=true got_block=true)
OK PI-TA-034 traffic_analysis (want_block=true got_block=true)
OK PI-TA-035 traffic_analysis (want_block=true got_block=true)
OK PI-TA-036 traffic_analysis (want_block=true got_block=true)
OK PI-TA-037 traffic_analysis (want_block=true got_block=true)
OK PI-TA-038 traffic_analysis (want_block=true got_block=true)
OK PI-TA-039 traffic_analysis (want_block=true got_block=true)
OK PI-TA-040 traffic_analysis (want_block=true got_block=true)
OK PI-TA-041 traffic_analysis (want_block=true got_block=true)
OK PI-TA-042 traffic_analysis (want_block=true got_block=true)
OK PI-TA-043 traffic_analysis (want_block=true got_block=true)
OK PI-TA-044 traffic_analysis (want_block=true got_block=true)
OK PI-TA-045 traffic_analysis (want_block=true got_block=true)
OK PI-TA-046 traffic_analysis (want_block=true got_block=true)
OK PI-TA-047 traffic_analysis (want_block=true got_block=true)
OK PI-TA-048 traffic_analysis (want_block=true got_block=true)
OK PI-TA-049 traffic_analysis (want_block=true got_block=true)
OK PI-TA-050 traffic_analysis (want_block=true got_block=true)
OK PI-PA-001 persistence_at_rest (want_block=true got_block=true)
OK PI-PA-002 persistence_at_rest (want_block=true got_block=true)
OK PI-PA-003 persistence_at_rest (want_block=true got_block=true)
OK PI-PA-004 persistence_at_rest (want_block=true got_block=true)
OK PI-PA-005 persistence_at_rest (want_block=true got_block=true)
OK PI-PA-006 persistence_at_rest (want_block=true got_block=true)
OK PI-PA-007 persistence_at_rest (want_block=true got_block=true)
OK PI-PA-008 persistence_at_rest (want_block=true got_block=true)
OK PI-PA-009 persistence_at_rest (want_block=true got_block=true)
OK PI-PA-010 persistence_at_rest (want_block=true got_block=true)
OK PI-PA-011 persistence_at_rest (want_block=true got_block=true)
OK PI-PA-012 persistence_at_rest (want_block=true got_block=true)
OK PI-PA-013 persistence_at_rest (want_block=true got_block=true)
OK PI-PA-014 persistence_at_rest (want_block=true got_block=true)
OK PI-PA-015 persistence_at_rest (want_block=true got_block=true)
OK PI-PA-016 persistence_at_rest (want_block=true got_block=true)
OK PI-PA-017 persistence_at_rest (want_block=true got_block=true)
OK PI-PA-018 persistence_at_rest (want_block=true got_block=true)
OK PI-PA-019 persistence_at_rest (want_block=true got_block=true)
OK PI-PA-020 persistence_at_rest (want_block=true got_block=true)
OK PI-PA-021 persistence_at_rest (want_block=true got_block=true)
OK PI-PA-022 persistence_at_rest (want_block=true got_block=true)
OK PI-PA-023 persistence_at_rest (want_block=true got_block=true)
OK PI-PA-024 persistence_at_rest (want_block=true got_block=true)
OK PI-PA-025 persistence_at_rest (want_block=true got_block=true)
OK PI-PA-026 persistence_at_rest (want_block=true got_block=true)
OK PI-PA-027 persistence_at_rest (want_block=true got_block=true)
OK PI-PA-028 persistence_at_rest (want_block=true got_block=true)
OK PI-PA-029 persistence_at_rest (want_block=true got_block=true)
OK PI-PA-030 persistence_at_rest (want_block=true got_block=true)
OK PI-PA-031 persistence_at_rest (want_block=true got_block=true)
OK PI-PA-032 persistence_at_rest (want_block=true got_block=true)
OK PI-PA-033 persistence_at_rest (want_block=true got_block=true)
OK PI-PA-034 persistence_at_rest (want_block=true got_block=true)
OK PI-PA-035 persistence_at_rest (want_block=true got_block=true)
OK PI-PA-036 persistence_at_rest (want_block=true got_block=true)
OK PI-PA-037 persistence_at_rest (want_block=true got_block=true)
OK PI-PA-038 persistence_at_rest (want_block=true got_block=true)
OK PI-PA-039 persistence_at_rest (want_block=true got_block=true)
OK PI-PA-040 persistence_at_rest (want_block=true got_block=true)
OK PI-PA-041 persistence_at_rest (want_block=true got_block=true)
OK PI-PA-042 persistence_at_rest (want_block=true got_block=true)
OK PI-PA-043 persistence_at_rest (want_block=true got_block=true)
OK PI-PA-044 persistence_at_rest (want_block=true got_block=true)
OK PI-PA-045 persistence_at_rest (want_block=true got_block=true)
OK PI-PA-046 persistence_at_rest (want_block=true got_block=true)
OK PI-PA-047 persistence_at_rest (want_block=true got_block=true)
OK PI-PA-048 persistence_at_rest (want_block=true got_block=true)
OK PI-PA-049 persistence_at_rest (want_block=true got_block=true)
OK PI-PA-050 persistence_at_rest (want_block=true got_block=true)
OK PI-CTC-001 cover_traffic_correlation (want_block=true got_block=true)
OK PI-CTC-002 cover_traffic_correlation (want_block=true got_block=true)
OK PI-CTC-003 cover_traffic_correlation (want_block=true got_block=true)
OK PI-CTC-004 cover_traffic_correlation (want_block=true got_block=true)
OK PI-CTC-005 cover_traffic_correlation (want_block=true got_block=true)
OK PI-CTC-006 cover_traffic_correlation (want_block=true got_block=true)
OK PI-CTC-007 cover_traffic_correlation (want_block=true got_block=true)
OK PI-CTC-008 cover_traffic_correlation (want_block=true got_block=true)
OK PI-CTC-009 cover_traffic_correlation (want_block=true got_block=true)
OK PI-CTC-010 cover_traffic_correlation (want_block=true got_block=true)
OK PI-CTC-011 cover_traffic_correlation (want_block=true got_block=true)
OK PI-CTC-012 cover_traffic_correlation (want_block=true got_block=true)
OK PI-CTC-013 cover_traffic_correlation (want_block=true got_block=true)
OK PI-CTC-014 cover_traffic_correlation (want_block=true got_block=true)
OK PI-CTC-015 cover_traffic_correlation (want_block=true got_block=true)
OK PI-CTC-016 cover_traffic_correlation (want_block=true got_block=true)
OK PI-CTC-017 cover_traffic_correlation (want_block=true got_block=true)
OK PI-CTC-018 cover_traffic_correlation (want_block=true got_block=true)
OK PI-CTC-019 cover_traffic_correlation (want_block=true got_block=true)
OK PI-CTC-020 cover_traffic_correlation (want_block=true got_block=true)
OK PI-CTC-021 cover_traffic_correlation (want_block=true got_block=true)
OK PI-CTC-022 cover_traffic_correlation (want_block=true got_block=true)
OK PI-CTC-023 cover_traffic_correlation (want_block=true got_block=true)
OK PI-CTC-024 cover_traffic_correlation (want_block=true got_block=true)
OK PI-CTC-025 cover_traffic_correlation (want_block=true got_block=true)
OK PI-CTC-026 cover_traffic_correlation (want_block=true got_block=true)
OK PI-CTC-027 cover_traffic_correlation (want_block=true got_block=true)
OK PI-CTC-028 cover_traffic_correlation (want_block=true got_block=true)
OK PI-CTC-029 cover_traffic_correlation (want_block=true got_block=true)
OK PI-CTC-030 cover_traffic_correlation (want_block=true got_block=true)
OK PI-CTC-031 cover_traffic_correlation (want_block=true got_block=true)
OK PI-CTC-032 cover_traffic_correlation (want_block=true got_block=true)
OK PI-CTC-033 cover_traffic_correlation (want_block=true got_block=true)
OK PI-CTC-034 cover_traffic_correlation (want_block=true got_block=true)
OK PI-CTC-035 cover_traffic_correlation (want_block=true got_block=true)
OK PI-CTC-036 cover_traffic_correlation (want_block=true got_block=true)
OK PI-CTC-037 cover_traffic_correlation (want_block=true got_block=true)
OK PI-CTC-038 cover_traffic_correlation (want_block=true got_block=true)
OK PI-CTC-039 cover_traffic_correlation (want_block=true got_block=true)
OK PI-CTC-040 cover_traffic_correlation (want_block=true got_block=true)
OK PI-CTC-041 cover_traffic_correlation (want_block=true got_block=true)
OK PI-CTC-042 cover_traffic_correlation (want_block=true got_block=true)
OK PI-CTC-043 cover_traffic_correlation (want_block=true got_block=true)
OK PI-CTC-044 cover_traffic_correlation (want_block=true got_block=true)
OK PI-CTC-045 cover_traffic_correlation (want_block=true got_block=true)
OK PI-CTC-046 cover_traffic_correlation (want_block=true got_block=true)
OK PI-CTC-047 cover_traffic_correlation (want_block=true got_block=true)
OK PI-CTC-048 cover_traffic_correlation (want_block=true got_block=true)
OK PI-CTC-049 cover_traffic_correlation (want_block=true got_block=true)
OK PI-CTC-050 cover_traffic_correlation (want_block=true got_block=true)
OK PI-PMB-001 partial_mls_bot (want_block=true got_block=true)
OK PI-PMB-002 partial_mls_bot (want_block=true got_block=true)
OK PI-PMB-003 partial_mls_bot (want_block=true got_block=true)
OK PI-PMB-004 partial_mls_bot (want_block=true got_block=true)
OK PI-PMB-005 partial_mls_bot (want_block=true got_block=true)
OK PI-PMB-006 partial_mls_bot (want_block=true got_block=true)
OK PI-PMB-007 partial_mls_bot (want_block=true got_block=true)
OK PI-PMB-008 partial_mls_bot (want_block=true got_block=true)
OK PI-PMB-009 partial_mls_bot (want_block=true got_block=true)
OK PI-PMB-010 partial_mls_bot (want_block=true got_block=true)
OK PI-PMB-011 partial_mls_bot (want_block=true got_block=true)
OK PI-PMB-012 partial_mls_bot (want_block=true got_block=true)
OK PI-PMB-013 partial_mls_bot (want_block=true got_block=true)
OK PI-PMB-014 partial_mls_bot (want_block=true got_block=true)
OK PI-PMB-015 partial_mls_bot (want_block=true got_block=true)
OK PI-PMB-016 partial_mls_bot (want_block=true got_block=true)
OK PI-PMB-017 partial_mls_bot (want_block=true got_block=true)
OK PI-PMB-018 partial_mls_bot (want_block=true got_block=true)
OK PI-PMB-019 partial_mls_bot (want_block=true got_block=true)
OK PI-PMB-020 partial_mls_bot (want_block=true got_block=true)
OK PI-PMB-021 partial_mls_bot (want_block=true got_block=true)
OK PI-PMB-022 partial_mls_bot (want_block=true got_block=true)
OK PI-PMB-023 partial_mls_bot (want_block=true got_block=true)
OK PI-PMB-024 partial_mls_bot (want_block=true got_block=true)
OK PI-PMB-025 partial_mls_bot (want_block=true got_block=true)
OK PI-PMB-026 partial_mls_bot (want_block=true got_block=true)
OK PI-PMB-027 partial_mls_bot (want_block=true got_block=true)
OK PI-PMB-028 partial_mls_bot (want_block=true got_block=true)
OK PI-PMB-029 partial_mls_bot (want_block=true got_block=true)
OK PI-PMB-030 partial_mls_bot (want_block=true got_block=true)
OK PI-PMB-031 partial_mls_bot (want_block=true got_block=true)
OK PI-PMB-032 partial_mls_bot (want_block=true got_block=true)
OK PI-PMB-033 partial_mls_bot (want_block=true got_block=true)
OK PI-PMB-034 partial_mls_bot (want_block=true got_block=true)
OK PI-PMB-035 partial_mls_bot (want_block=true got_block=true)
OK PI-PMB-036 partial_mls_bot (want_block=true got_block=true)
OK PI-PMB-037 partial_mls_bot (want_block=true got_block=true)
OK PI-PMB-038 partial_mls_bot (want_block=true got_block=true)
OK PI-PMB-039 partial_mls_bot (want_block=true got_block=true)
OK PI-PMB-040 partial_mls_bot (want_block=true got_block=true)
OK PI-PMB-041 partial_mls_bot (want_block=true got_block=true)
OK PI-PMB-042 partial_mls_bot (want_block=true got_block=true)
OK PI-PMB-043 partial_mls_bot (want_block=true got_block=true)
OK PI-PMB-044 partial_mls_bot (want_block=true got_block=true)
OK PI-PMB-045 partial_mls_bot (want_block=true got_block=true)
OK PI-PMB-046 partial_mls_bot (want_block=true got_block=true)
OK PI-PMB-047 partial_mls_bot (want_block=true got_block=true)
OK PI-PMB-048 partial_mls_bot (want_block=true got_block=true)
OK PI-PMB-049 partial_mls_bot (want_block=true got_block=true)
OK PI-PMB-050 partial_mls_bot (want_block=true got_block=true)
OK PI-EPL-001 envelope_padding_leak (want_block=true got_block=true)
OK PI-EPL-002 envelope_padding_leak (want_block=true got_block=true)
OK PI-EPL-003 envelope_padding_leak (want_block=true got_block=true)
OK PI-EPL-004 envelope_padding_leak (want_block=true got_block=true)
OK PI-EPL-005 envelope_padding_leak (want_block=true got_block=true)
OK PI-EPL-006 envelope_padding_leak (want_block=true got_block=true)
OK PI-EPL-007 envelope_padding_leak (want_block=true got_block=true)
OK PI-EPL-008 envelope_padding_leak (want_block=true got_block=true)
OK PI-EPL-009 envelope_padding_leak (want_block=true got_block=true)
OK PI-EPL-010 envelope_padding_leak (want_block=true got_block=true)
OK PI-EPL-011 envelope_padding_leak (want_block=true got_block=true)
OK PI-EPL-012 envelope_padding_leak (want_block=true got_block=true)
OK PI-EPL-013 envelope_padding_leak (want_block=true got_block=true)
OK PI-EPL-014 envelope_padding_leak (want_block=true got_block=true)
OK PI-EPL-015 envelope_padding_leak (want_block=true got_block=true)
OK PI-EPL-016 envelope_padding_leak (want_block=true got_block=true)
OK PI-EPL-017 envelope_padding_leak (want_block=true got_block=true)
OK PI-EPL-018 envelope_padding_leak (want_block=true got_block=true)
OK PI-EPL-019 envelope_padding_leak (want_block=true got_block=true)
OK PI-EPL-020 envelope_padding_leak (want_block=true got_block=true)
OK PI-EPL-021 envelope_padding_leak (want_block=true got_block=true)
OK PI-EPL-022 envelope_padding_leak (want_block=true got_block=true)
OK PI-EPL-023 envelope_padding_leak (want_block=true got_block=true)
OK PI-EPL-024 envelope_padding_leak (want_block=true got_block=true)
OK PI-EPL-025 envelope_padding_leak (want_block=true got_block=true)
OK PI-EPL-026 envelope_padding_leak (want_block=true got_block=true)
OK PI-EPL-027 envelope_padding_leak (want_block=true got_block=true)
OK PI-EPL-028 envelope_padding_leak (want_block=true got_block=true)
OK PI-EPL-029 envelope_padding_leak (want_block=true got_block=true)
OK PI-EPL-030 envelope_padding_leak (want_block=true got_block=true)
OK PI-EPL-031 envelope_padding_leak (want_block=true got_block=true)
OK PI-EPL-032 envelope_padding_leak (want_block=true got_block=true)
OK PI-EPL-033 envelope_padding_leak (want_block=true got_block=true)
OK PI-EPL-034 envelope_padding_leak (want_block=true got_block=true)
OK PI-EPL-035 envelope_padding_leak (want_block=true got_block=true)
OK PI-EPL-036 envelope_padding_leak (want_block=true got_block=true)
OK PI-EPL-037 envelope_padding_leak (want_block=true got_block=true)
OK PI-EPL-038 envelope_padding_leak (want_block=true got_block=true)
OK PI-EPL-039 envelope_padding_leak (want_block=true got_block=true)
OK PI-EPL-040 envelope_padding_leak (want_block=true got_block=true)
OK PI-EPL-041 envelope_padding_leak (want_block=true got_block=true)
OK PI-EPL-042 envelope_padding_leak (want_block=true got_block=true)
OK PI-EPL-043 envelope_padding_leak (want_block=true got_block=true)
OK PI-EPL-044 envelope_padding_leak (want_block=true got_block=true)
OK PI-EPL-045 envelope_padding_leak (want_block=true got_block=true)
OK PI-EPL-046 envelope_padding_leak (want_block=true got_block=true)
OK PI-EPL-047 envelope_padding_leak (want_block=true got_block=true)
OK PI-EPL-048 envelope_padding_leak (want_block=true got_block=true)
OK PI-EPL-049 envelope_padding_leak (want_block=true got_block=true)
OK PI-EPL-050 envelope_padding_leak (want_block=true got_block=true)
OK PI-KKC-001 kem_key_confusion (want_block=true got_block=true)
OK PI-KKC-002 kem_key_confusion (want_block=true got_block=true)
OK PI-KKC-003 kem_key_confusion (want_block=true got_block=true)
OK PI-KKC-004 kem_key_confusion (want_block=true got_block=true)
OK PI-KKC-005 kem_key_confusion (want_block=true got_block=true)
OK PI-KKC-006 kem_key_confusion (want_block=true got_block=true)
OK PI-KKC-007 kem_key_confusion (want_block=true got_block=true)
OK PI-KKC-008 kem_key_confusion (want_block=true got_block=true)
OK PI-KKC-009 kem_key_confusion (want_block=true got_block=true)
OK PI-KKC-010 kem_key_confusion (want_block=true got_block=true)
OK PI-KKC-011 kem_key_confusion (want_block=true got_block=true)
OK PI-KKC-012 kem_key_confusion (want_block=true got_block=true)
OK PI-KKC-013 kem_key_confusion (want_block=true got_block=true)
OK PI-KKC-014 kem_key_confusion (want_block=true got_block=true)
OK PI-KKC-015 kem_key_confusion (want_block=true got_block=true)
OK PI-KKC-016 kem_key_confusion (want_block=true got_block=true)
OK PI-KKC-017 kem_key_confusion (want_block=true got_block=true)
OK PI-KKC-018 kem_key_confusion (want_block=true got_block=true)
OK PI-KKC-019 kem_key_confusion (want_block=true got_block=true)
OK PI-KKC-020 kem_key_confusion (want_block=true got_block=true)
OK PI-KKC-021 kem_key_confusion (want_block=true got_block=true)
OK PI-KKC-022 kem_key_confusion (want_block=true got_block=true)
OK PI-KKC-023 kem_key_confusion (want_block=true got_block=true)
OK PI-KKC-024 kem_key_confusion (want_block=true got_block=true)
OK PI-KKC-025 kem_key_confusion (want_block=true got_block=true)
OK PI-KKC-026 kem_key_confusion (want_block=true got_block=true)
OK PI-KKC-027 kem_key_confusion (want_block=true got_block=true)
OK PI-KKC-028 kem_key_confusion (want_block=true got_block=true)
OK PI-KKC-029 kem_key_confusion (want_block=true got_block=true)
OK PI-KKC-030 kem_key_confusion (want_block=true got_block=true)
OK PI-KKC-031 kem_key_confusion (want_block=true got_block=true)
OK PI-KKC-032 kem_key_confusion (want_block=true got_block=true)
OK PI-KKC-033 kem_key_confusion (want_block=true got_block=true)
OK PI-KKC-034 kem_key_confusion (want_block=true got_block=true)
OK PI-KKC-035 kem_key_confusion (want_block=true got_block=true)
OK PI-KKC-036 kem_key_confusion (want_block=true got_block=true)
OK PI-KKC-037 kem_key_confusion (want_block=true got_block=true)
OK PI-KKC-038 kem_key_confusion (want_block=true got_block=true)
OK PI-KKC-039 kem_key_confusion (want_block=true got_block=true)
OK PI-KKC-040 kem_key_confusion (want_block=true got_block=true)
OK PI-KKC-041 kem_key_confusion (want_block=true got_block=true)
OK PI-KKC-042 kem_key_confusion (want_block=true got_block=true)
OK PI-KKC-043 kem_key_confusion (want_block=true got_block=true)
OK PI-KKC-044 kem_key_confusion (want_block=true got_block=true)
OK PI-KKC-045 kem_key_confusion (want_block=true got_block=true)
OK PI-KKC-046 kem_key_confusion (want_block=true got_block=true)
OK PI-KKC-047 kem_key_confusion (want_block=true got_block=true)
OK PI-KKC-048 kem_key_confusion (want_block=true got_block=true)
OK PI-KKC-049 kem_key_confusion (want_block=true got_block=true)
OK PI-KKC-050 kem_key_confusion (want_block=true got_block=true)
OK PI-AAC-001 aad_context_confusion (want_block=true got_block=true)
OK PI-AAC-002 aad_context_confusion (want_block=true got_block=true)
OK PI-AAC-003 aad_context_confusion (want_block=true got_block=true)
OK PI-AAC-004 aad_context_confusion (want_block=true got_block=true)
OK PI-AAC-005 aad_context_confusion (want_block=true got_block=true)
OK PI-AAC-006 aad_context_confusion (want_block=true got_block=true)
OK PI-AAC-007 aad_context_confusion (want_block=true got_block=true)
OK PI-AAC-008 aad_context_confusion (want_block=true got_block=true)
OK PI-AAC-009 aad_context_confusion (want_block=true got_block=true)
OK PI-AAC-010 aad_context_confusion (want_block=true got_block=true)
OK PI-AAC-011 aad_context_confusion (want_block=true got_block=true)
OK PI-AAC-012 aad_context_confusion (want_block=true got_block=true)
OK PI-AAC-013 aad_context_confusion (want_block=true got_block=true)
OK PI-AAC-014 aad_context_confusion (want_block=true got_block=true)
OK PI-AAC-015 aad_context_confusion (want_block=true got_block=true)
OK PI-AAC-016 aad_context_confusion (want_block=true got_block=true)
OK PI-AAC-017 aad_context_confusion (want_block=true got_block=true)
OK PI-AAC-018 aad_context_confusion (want_block=true got_block=true)
OK PI-AAC-019 aad_context_confusion (want_block=true got_block=true)
OK PI-AAC-020 aad_context_confusion (want_block=true got_block=true)
OK PI-AAC-021 aad_context_confusion (want_block=true got_block=true)
OK PI-AAC-022 aad_context_confusion (want_block=true got_block=true)
OK PI-AAC-023 aad_context_confusion (want_block=true got_block=true)
OK PI-AAC-024 aad_context_confusion (want_block=true got_block=true)
OK PI-AAC-025 aad_context_confusion (want_block=true got_block=true)
OK PI-AAC-026 aad_context_confusion (want_block=true got_block=true)
OK PI-AAC-027 aad_context_confusion (want_block=true got_block=true)
OK PI-AAC-028 aad_context_confusion (want_block=true got_block=true)
OK PI-AAC-029 aad_context_confusion (want_block=true got_block=true)
OK PI-AAC-030 aad_context_confusion (want_block=true got_block=true)
OK PI-AAC-031 aad_context_confusion (want_block=true got_block=true)
OK PI-AAC-032 aad_context_confusion (want_block=true got_block=true)
OK PI-AAC-033 aad_context_confusion (want_block=true got_block=true)
OK PI-AAC-034 aad_context_confusion (want_block=true got_block=true)
OK PI-AAC-035 aad_context_confusion (want_block=true got_block=true)
OK PI-AAC-036 aad_context_confusion (want_block=true got_block=true)
OK PI-AAC-037 aad_context_confusion (want_block=true got_block=true)
OK PI-AAC-038 aad_context_confusion (want_block=true got_block=true)
OK PI-AAC-039 aad_context_confusion (want_block=true got_block=true)
OK PI-AAC-040 aad_context_confusion (want_block=true got_block=true)
OK PI-AAC-041 aad_context_confusion (want_block=true got_block=true)
OK PI-AAC-042 aad_context_confusion (want_block=true got_block=true)
OK PI-AAC-043 aad_context_confusion (want_block=true got_block=true)
OK PI-AAC-044 aad_context_confusion (want_block=true got_block=true)
OK PI-AAC-045 aad_context_confusion (want_block=true got_block=true)
OK PI-AAC-046 aad_context_confusion (want_block=true got_block=true)
OK PI-AAC-047 aad_context_confusion (want_block=true got_block=true)
OK PI-AAC-048 aad_context_confusion (want_block=true got_block=true)
OK PI-AAC-049 aad_context_confusion (want_block=true got_block=true)
OK PI-AAC-050 aad_context_confusion (want_block=true got_block=true)
OK PI-RFS-001 ratchet_forward_secrecy (want_block=true got_block=true)
OK PI-RFS-002 ratchet_forward_secrecy (want_block=true got_block=true)
OK PI-RFS-003 ratchet_forward_secrecy (want_block=true got_block=true)
OK PI-RFS-004 ratchet_forward_secrecy (want_block=true got_block=true)
OK PI-RFS-005 ratchet_forward_secrecy (want_block=true got_block=true)
OK PI-RFS-006 ratchet_forward_secrecy (want_block=true got_block=true)
OK PI-RFS-007 ratchet_forward_secrecy (want_block=true got_block=true)
OK PI-RFS-008 ratchet_forward_secrecy (want_block=true got_block=true)
OK PI-RFS-009 ratchet_forward_secrecy (want_block=true got_block=true)
OK PI-RFS-010 ratchet_forward_secrecy (want_block=true got_block=true)
OK PI-RFS-011 ratchet_forward_secrecy (want_block=true got_block=true)
OK PI-RFS-012 ratchet_forward_secrecy (want_block=true got_block=true)
OK PI-RFS-013 ratchet_forward_secrecy (want_block=true got_block=true)
OK PI-RFS-014 ratchet_forward_secrecy (want_block=true got_block=true)
OK PI-RFS-015 ratchet_forward_secrecy (want_block=true got_block=true)
OK PI-RFS-016 ratchet_forward_secrecy (want_block=true got_block=true)
OK PI-RFS-017 ratchet_forward_secrecy (want_block=true got_block=true)
OK PI-RFS-018 ratchet_forward_secrecy (want_block=true got_block=true)
OK PI-RFS-019 ratchet_forward_secrecy (want_block=true got_block=true)
OK PI-RFS-020 ratchet_forward_secrecy (want_block=true got_block=true)
OK PI-RFS-021 ratchet_forward_secrecy (want_block=true got_block=true)
OK PI-RFS-022 ratchet_forward_secrecy (want_block=true got_block=true)
OK PI-RFS-023 ratchet_forward_secrecy (want_block=true got_block=true)
OK PI-RFS-024 ratchet_forward_secrecy (want_block=true got_block=true)
OK PI-RFS-025 ratchet_forward_secrecy (want_block=true got_block=true)
OK PI-RFS-026 ratchet_forward_secrecy (want_block=true got_block=true)
OK PI-RFS-027 ratchet_forward_secrecy (want_block=true got_block=true)
OK PI-RFS-028 ratchet_forward_secrecy (want_block=true got_block=true)
OK PI-RFS-029 ratchet_forward_secrecy (want_block=true got_block=true)
OK PI-RFS-030 ratchet_forward_secrecy (want_block=true got_block=true)
OK PI-RFS-031 ratchet_forward_secrecy (want_block=true got_block=true)
OK PI-RFS-032 ratchet_forward_secrecy (want_block=true got_block=true)
OK PI-RFS-033 ratchet_forward_secrecy (want_block=true got_block=true)
OK PI-RFS-034 ratchet_forward_secrecy (want_block=true got_block=true)
OK PI-RFS-035 ratchet_forward_secrecy (want_block=true got_block=true)
OK PI-RFS-036 ratchet_forward_secrecy (want_block=true got_block=true)
OK PI-RFS-037 ratchet_forward_secrecy (want_block=true got_block=true)
OK PI-RFS-038 ratchet_forward_secrecy (want_block=true got_block=true)
OK PI-RFS-039 ratchet_forward_secrecy (want_block=true got_block=true)
OK PI-RFS-040 ratchet_forward_secrecy (want_block=true got_block=true)
OK PI-RFS-041 ratchet_forward_secrecy (want_block=true got_block=true)
OK PI-RFS-042 ratchet_forward_secrecy (want_block=true got_block=true)
OK PI-RFS-043 ratchet_forward_secrecy (want_block=true got_block=true)
OK PI-RFS-044 ratchet_forward_secrecy (want_block=true got_block=true)
OK PI-RFS-045 ratchet_forward_secrecy (want_block=true got_block=true)
OK PI-RFS-046 ratchet_forward_secrecy (want_block=true got_block=true)
OK PI-RFS-047 ratchet_forward_secrecy (want_block=true got_block=true)
OK PI-RFS-048 ratchet_forward_secrecy (want_block=true got_block=true)
OK PI-RFS-049 ratchet_forward_secrecy (want_block=true got_block=true)
OK PI-RFS-050 ratchet_forward_secrecy (want_block=true got_block=true)
OK PI-MCR-001 mls_commit_reorder (want_block=true got_block=true)
OK PI-MCR-002 mls_commit_reorder (want_block=true got_block=true)
OK PI-MCR-003 mls_commit_reorder (want_block=true got_block=true)
OK PI-MCR-004 mls_commit_reorder (want_block=true got_block=true)
OK PI-MCR-005 mls_commit_reorder (want_block=true got_block=true)
OK PI-MCR-006 mls_commit_reorder (want_block=true got_block=true)
OK PI-MCR-007 mls_commit_reorder (want_block=true got_block=true)
OK PI-MCR-008 mls_commit_reorder (want_block=true got_block=true)
OK PI-MCR-009 mls_commit_reorder (want_block=true got_block=true)
OK PI-MCR-010 mls_commit_reorder (want_block=true got_block=true)
OK PI-MCR-011 mls_commit_reorder (want_block=true got_block=true)
OK PI-MCR-012 mls_commit_reorder (want_block=true got_block=true)
OK PI-MCR-013 mls_commit_reorder (want_block=true got_block=true)
OK PI-MCR-014 mls_commit_reorder (want_block=true got_block=true)
OK PI-MCR-015 mls_commit_reorder (want_block=true got_block=true)
OK PI-MCR-016 mls_commit_reorder (want_block=true got_block=true)
OK PI-MCR-017 mls_commit_reorder (want_block=true got_block=true)
OK PI-MCR-018 mls_commit_reorder (want_block=true got_block=true)
OK PI-MCR-019 mls_commit_reorder (want_block=true got_block=true)
OK PI-MCR-020 mls_commit_reorder (want_block=true got_block=true)
OK PI-MCR-021 mls_commit_reorder (want_block=true got_block=true)
OK PI-MCR-022 mls_commit_reorder (want_block=true got_block=true)
OK PI-MCR-023 mls_commit_reorder (want_block=true got_block=true)
OK PI-MCR-024 mls_commit_reorder (want_block=true got_block=true)
OK PI-MCR-025 mls_commit_reorder (want_block=true got_block=true)
OK PI-MCR-026 mls_commit_reorder (want_block=true got_block=true)
OK PI-MCR-027 mls_commit_reorder (want_block=true got_block=true)
OK PI-MCR-028 mls_commit_reorder (want_block=true got_block=true)
OK PI-MCR-029 mls_commit_reorder (want_block=true got_block=true)
OK PI-MCR-030 mls_commit_reorder (want_block=true got_block=true)
OK PI-MCR-031 mls_commit_reorder (want_block=true got_block=true)
OK PI-MCR-032 mls_commit_reorder (want_block=true got_block=true)
OK PI-MCR-033 mls_commit_reorder (want_block=true got_block=true)
OK PI-MCR-034 mls_commit_reorder (want_block=true got_block=true)
OK PI-MCR-035 mls_commit_reorder (want_block=true got_block=true)
OK PI-MCR-036 mls_commit_reorder (want_block=true got_block=true)
OK PI-MCR-037 mls_commit_reorder (want_block=true got_block=true)
OK PI-MCR-038 mls_commit_reorder (want_block=true got_block=true)
OK PI-MCR-039 mls_commit_reorder (want_block=true got_block=true)
OK PI-MCR-040 mls_commit_reorder (want_block=true got_block=true)
OK PI-MCR-041 mls_commit_reorder (want_block=true got_block=true)
OK PI-MCR-042 mls_commit_reorder (want_block=true got_block=true)
OK PI-MCR-043 mls_commit_reorder (want_block=true got_block=true)
OK PI-MCR-044 mls_commit_reorder (want_block=true got_block=true)
OK PI-MCR-045 mls_commit_reorder (want_block=true got_block=true)
OK PI-MCR-046 mls_commit_reorder (want_block=true got_block=true)
OK PI-MCR-047 mls_commit_reorder (want_block=true got_block=true)
OK PI-MCR-048 mls_commit_reorder (want_block=true got_block=true)
OK PI-MCR-049 mls_commit_reorder (want_block=true got_block=true)
OK PI-MCR-050 mls_commit_reorder (want_block=true got_block=true)
OK PI-SKP-001 skipped_keys_dos (want_block=true got_block=true)
OK PI-SKP-002 skipped_keys_dos (want_block=true got_block=true)
OK PI-SKP-003 skipped_keys_dos (want_block=true got_block=true)
OK PI-SKP-004 skipped_keys_dos (want_block=true got_block=true)
OK PI-SKP-005 skipped_keys_dos (want_block=true got_block=true)
OK PI-SKP-006 skipped_keys_dos (want_block=true got_block=true)
OK PI-SKP-007 skipped_keys_dos (want_block=true got_block=true)
OK PI-SKP-008 skipped_keys_dos (want_block=true got_block=true)
OK PI-SKP-009 skipped_keys_dos (want_block=true got_block=true)
OK PI-SKP-010 skipped_keys_dos (want_block=true got_block=true)
OK PI-SKP-011 skipped_keys_dos (want_block=true got_block=true)
OK PI-SKP-012 skipped_keys_dos (want_block=true got_block=true)
OK PI-SKP-013 skipped_keys_dos (want_block=true got_block=true)
OK PI-SKP-014 skipped_keys_dos (want_block=true got_block=true)
OK PI-SKP-015 skipped_keys_dos (want_block=true got_block=true)
OK PI-SKP-016 skipped_keys_dos (want_block=true got_block=true)
OK PI-SKP-017 skipped_keys_dos (want_block=true got_block=true)
OK PI-SKP-018 skipped_keys_dos (want_block=true got_block=true)
OK PI-SKP-019 skipped_keys_dos (want_block=true got_block=true)
OK PI-SKP-020 skipped_keys_dos (want_block=true got_block=true)
OK PI-SKP-021 skipped_keys_dos (want_block=true got_block=true)
OK PI-SKP-022 skipped_keys_dos (want_block=true got_block=true)
OK PI-SKP-023 skipped_keys_dos (want_block=true got_block=true)
OK PI-SKP-024 skipped_keys_dos (want_block=true got_block=true)
OK PI-SKP-025 skipped_keys_dos (want_block=true got_block=true)
OK PI-SKP-026 skipped_keys_dos (want_block=true got_block=true)
OK PI-SKP-027 skipped_keys_dos (want_block=true got_block=true)
OK PI-SKP-028 skipped_keys_dos (want_block=true got_block=true)
OK PI-SKP-029 skipped_keys_dos (want_block=true got_block=true)
OK PI-SKP-030 skipped_keys_dos (want_block=true got_block=true)
OK PI-SKP-031 skipped_keys_dos (want_block=true got_block=true)
OK PI-SKP-032 skipped_keys_dos (want_block=true got_block=true)
OK PI-SKP-033 skipped_keys_dos (want_block=true got_block=true)
OK PI-SKP-034 skipped_keys_dos (want_block=true got_block=true)
OK PI-SKP-035 skipped_keys_dos (want_block=true got_block=true)
OK PI-SKP-036 skipped_keys_dos (want_block=true got_block=true)
OK PI-SKP-037 skipped_keys_dos (want_block=true got_block=true)
OK PI-SKP-038 skipped_keys_dos (want_block=true got_block=true)
OK PI-SKP-039 skipped_keys_dos (want_block=true got_block=true)
OK PI-SKP-040 skipped_keys_dos (want_block=true got_block=true)
OK PI-SKP-041 skipped_keys_dos (want_block=true got_block=true)
OK PI-SKP-042 skipped_keys_dos (want_block=true got_block=true)
OK PI-SKP-043 skipped_keys_dos (want_block=true got_block=true)
OK PI-SKP-044 skipped_keys_dos (want_block=true got_block=true)
OK PI-SKP-045 skipped_keys_dos (want_block=true got_block=true)
OK PI-SKP-046 skipped_keys_dos (want_block=true got_block=true)
OK PI-SKP-047 skipped_keys_dos (want_block=true got_block=true)
OK PI-SKP-048 skipped_keys_dos (want_block=true got_block=true)
OK PI-SKP-049 skipped_keys_dos (want_block=true got_block=true)
OK PI-SKP-050 skipped_keys_dos (want_block=true got_block=true)
OK PI-WLR-001 mls_welcome_replay (want_block=true got_block=true)
OK PI-WLR-002 mls_welcome_replay (want_block=true got_block=true)
OK PI-WLR-003 mls_welcome_replay (want_block=true got_block=true)
OK PI-WLR-004 mls_welcome_replay (want_block=true got_block=true)
OK PI-WLR-005 mls_welcome_replay (want_block=true got_block=true)
OK PI-WLR-006 mls_welcome_replay (want_block=true got_block=true)
OK PI-WLR-007 mls_welcome_replay (want_block=true got_block=true)
OK PI-WLR-008 mls_welcome_replay (want_block=true got_block=true)
OK PI-WLR-009 mls_welcome_replay (want_block=true got_block=true)
OK PI-WLR-010 mls_welcome_replay (want_block=true got_block=true)
OK PI-WLR-011 mls_welcome_replay (want_block=true got_block=true)
OK PI-WLR-012 mls_welcome_replay (want_block=true got_block=true)
OK PI-WLR-013 mls_welcome_replay (want_block=true got_block=true)
OK PI-WLR-014 mls_welcome_replay (want_block=true got_block=true)
OK PI-WLR-015 mls_welcome_replay (want_block=true got_block=true)
OK PI-WLR-016 mls_welcome_replay (want_block=true got_block=true)
OK PI-WLR-017 mls_welcome_replay (want_block=true got_block=true)
OK PI-WLR-018 mls_welcome_replay (want_block=true got_block=true)
OK PI-WLR-019 mls_welcome_replay (want_block=true got_block=true)
OK PI-WLR-020 mls_welcome_replay (want_block=true got_block=true)
OK PI-WLR-021 mls_welcome_replay (want_block=true got_block=true)
OK PI-WLR-022 mls_welcome_replay (want_block=true got_block=true)
OK PI-WLR-023 mls_welcome_replay (want_block=true got_block=true)
OK PI-WLR-024 mls_welcome_replay (want_block=true got_block=true)
OK PI-WLR-025 mls_welcome_replay (want_block=true got_block=true)
OK PI-WLR-026 mls_welcome_replay (want_block=true got_block=true)
OK PI-WLR-027 mls_welcome_replay (want_block=true got_block=true)
OK PI-WLR-028 mls_welcome_replay (want_block=true got_block=true)
OK PI-WLR-029 mls_welcome_replay (want_block=true got_block=true)
OK PI-WLR-030 mls_welcome_replay (want_block=true got_block=true)
OK PI-WLR-031 mls_welcome_replay (want_block=true got_block=true)
OK PI-WLR-032 mls_welcome_replay (want_block=true got_block=true)
OK PI-WLR-033 mls_welcome_replay (want_block=true got_block=true)
OK PI-WLR-034 mls_welcome_replay (want_block=true got_block=true)
OK PI-WLR-035 mls_welcome_replay (want_block=true got_block=true)
OK PI-WLR-036 mls_welcome_replay (want_block=true got_block=true)
OK PI-WLR-037 mls_welcome_replay (want_block=true got_block=true)
OK PI-WLR-038 mls_welcome_replay (want_block=true got_block=true)
OK PI-WLR-039 mls_welcome_replay (want_block=true got_block=true)
OK PI-WLR-040 mls_welcome_replay (want_block=true got_block=true)
OK PI-WLR-041 mls_welcome_replay (want_block=true got_block=true)
OK PI-WLR-042 mls_welcome_replay (want_block=true got_block=true)
OK PI-WLR-043 mls_welcome_replay (want_block=true got_block=true)
OK PI-WLR-044 mls_welcome_replay (want_block=true got_block=true)
OK PI-WLR-045 mls_welcome_replay (want_block=true got_block=true)
OK PI-WLR-046 mls_welcome_replay (want_block=true got_block=true)
OK PI-WLR-047 mls_welcome_replay (want_block=true got_block=true)
OK PI-WLR-048 mls_welcome_replay (want_block=true got_block=true)
OK PI-WLR-049 mls_welcome_replay (want_block=true got_block=true)
OK PI-WLR-050 mls_welcome_replay (want_block=true got_block=true)
OK PI-PEX-001 prekey_exhaustion (want_block=true got_block=true)
OK PI-PEX-002 prekey_exhaustion (want_block=true got_block=true)
OK PI-PEX-003 prekey_exhaustion (want_block=true got_block=true)
OK PI-PEX-004 prekey_exhaustion (want_block=true got_block=true)
OK PI-PEX-005 prekey_exhaustion (want_block=true got_block=true)
OK PI-PEX-006 prekey_exhaustion (want_block=true got_block=true)
OK PI-PEX-007 prekey_exhaustion (want_block=true got_block=true)
OK PI-PEX-008 prekey_exhaustion (want_block=true got_block=true)
OK PI-PEX-009 prekey_exhaustion (want_block=true got_block=true)
OK PI-PEX-010 prekey_exhaustion (want_block=true got_block=true)
OK PI-PEX-011 prekey_exhaustion (want_block=true got_block=true)
OK PI-PEX-012 prekey_exhaustion (want_block=true got_block=true)
OK PI-PEX-013 prekey_exhaustion (want_block=true got_block=true)
OK PI-PEX-014 prekey_exhaustion (want_block=true got_block=true)
OK PI-PEX-015 prekey_exhaustion (want_block=true got_block=true)
OK PI-PEX-016 prekey_exhaustion (want_block=true got_block=true)
OK PI-PEX-017 prekey_exhaustion (want_block=true got_block=true)
OK PI-PEX-018 prekey_exhaustion (want_block=true got_block=true)
OK PI-PEX-019 prekey_exhaustion (want_block=true got_block=true)
OK PI-PEX-020 prekey_exhaustion (want_block=true got_block=true)
OK PI-PEX-021 prekey_exhaustion (want_block=true got_block=true)
OK PI-PEX-022 prekey_exhaustion (want_block=true got_block=true)
OK PI-PEX-023 prekey_exhaustion (want_block=true got_block=true)
OK PI-PEX-024 prekey_exhaustion (want_block=true got_block=true)
OK PI-PEX-025 prekey_exhaustion (want_block=true got_block=true)
OK PI-PEX-026 prekey_exhaustion (want_block=true got_block=true)
OK PI-PEX-027 prekey_exhaustion (want_block=true got_block=true)
OK PI-PEX-028 prekey_exhaustion (want_block=true got_block=true)
OK PI-PEX-029 prekey_exhaustion (want_block=true got_block=true)
OK PI-PEX-030 prekey_exhaustion (want_block=true got_block=true)
OK PI-PEX-031 prekey_exhaustion (want_block=true got_block=true)
OK PI-PEX-032 prekey_exhaustion (want_block=true got_block=true)
OK PI-PEX-033 prekey_exhaustion (want_block=true got_block=true)
OK PI-PEX-034 prekey_exhaustion (want_block=true got_block=true)
OK PI-PEX-035 prekey_exhaustion (want_block=true got_block=true)
OK PI-PEX-036 prekey_exhaustion (want_block=true got_block=true)
OK PI-PEX-037 prekey_exhaustion (want_block=true got_block=true)
OK PI-PEX-038 prekey_exhaustion (want_block=true got_block=true)
OK PI-PEX-039 prekey_exhaustion (want_block=true got_block=true)
OK PI-PEX-040 prekey_exhaustion (want_block=true got_block=true)
OK PI-PEX-041 prekey_exhaustion (want_block=true got_block=true)
OK PI-PEX-042 prekey_exhaustion (want_block=true got_block=true)
OK PI-PEX-043 prekey_exhaustion (want_block=true got_block=true)
OK PI-PEX-044 prekey_exhaustion (want_block=true got_block=true)
OK PI-PEX-045 prekey_exhaustion (want_block=true got_block=true)
OK PI-PEX-046 prekey_exhaustion (want_block=true got_block=true)
OK PI-PEX-047 prekey_exhaustion (want_block=true got_block=true)
OK PI-PEX-048 prekey_exhaustion (want_block=true got_block=true)
OK PI-PEX-049 prekey_exhaustion (want_block=true got_block=true)
OK PI-PEX-050 prekey_exhaustion (want_block=true got_block=true)
OK PI-LCO-001 mls_leaf_compromise (want_block=true got_block=true)
OK PI-LCO-002 mls_leaf_compromise (want_block=true got_block=true)
OK PI-LCO-003 mls_leaf_compromise (want_block=true got_block=true)
OK PI-LCO-004 mls_leaf_compromise (want_block=true got_block=true)
OK PI-LCO-005 mls_leaf_compromise (want_block=true got_block=true)
OK PI-LCO-006 mls_leaf_compromise (want_block=true got_block=true)
OK PI-LCO-007 mls_leaf_compromise (want_block=true got_block=true)
OK PI-LCO-008 mls_leaf_compromise (want_block=true got_block=true)
OK PI-LCO-009 mls_leaf_compromise (want_block=true got_block=true)
OK PI-LCO-010 mls_leaf_compromise (want_block=true got_block=true)
OK PI-LCO-011 mls_leaf_compromise (want_block=true got_block=true)
OK PI-LCO-012 mls_leaf_compromise (want_block=true got_block=true)
OK PI-LCO-013 mls_leaf_compromise (want_block=true got_block=true)
OK PI-LCO-014 mls_leaf_compromise (want_block=true got_block=true)
OK PI-LCO-015 mls_leaf_compromise (want_block=true got_block=true)
OK PI-LCO-016 mls_leaf_compromise (want_block=true got_block=true)
OK PI-LCO-017 mls_leaf_compromise (want_block=true got_block=true)
OK PI-LCO-018 mls_leaf_compromise (want_block=true got_block=true)
OK PI-LCO-019 mls_leaf_compromise (want_block=true got_block=true)
OK PI-LCO-020 mls_leaf_compromise (want_block=true got_block=true)
OK PI-LCO-021 mls_leaf_compromise (want_block=true got_block=true)
OK PI-LCO-022 mls_leaf_compromise (want_block=true got_block=true)
OK PI-LCO-023 mls_leaf_compromise (want_block=true got_block=true)
OK PI-LCO-024 mls_leaf_compromise (want_block=true got_block=true)
OK PI-LCO-025 mls_leaf_compromise (want_block=true got_block=true)
OK PI-LCO-026 mls_leaf_compromise (want_block=true got_block=true)
OK PI-LCO-027 mls_leaf_compromise (want_block=true got_block=true)
OK PI-LCO-028 mls_leaf_compromise (want_block=true got_block=true)
OK PI-LCO-029 mls_leaf_compromise (want_block=true got_block=true)
OK PI-LCO-030 mls_leaf_compromise (want_block=true got_block=true)
OK PI-LCO-031 mls_leaf_compromise (want_block=true got_block=true)
OK PI-LCO-032 mls_leaf_compromise (want_block=true got_block=true)
OK PI-LCO-033 mls_leaf_compromise (want_block=true got_block=true)
OK PI-LCO-034 mls_leaf_compromise (want_block=true got_block=true)
OK PI-LCO-035 mls_leaf_compromise (want_block=true got_block=true)
OK PI-LCO-036 mls_leaf_compromise (want_block=true got_block=true)
OK PI-LCO-037 mls_leaf_compromise (want_block=true got_block=true)
OK PI-LCO-038 mls_leaf_compromise (want_block=true got_block=true)
OK PI-LCO-039 mls_leaf_compromise (want_block=true got_block=true)
OK PI-LCO-040 mls_leaf_compromise (want_block=true got_block=true)
OK PI-LCO-041 mls_leaf_compromise (want_block=true got_block=true)
OK PI-LCO-042 mls_leaf_compromise (want_block=true got_block=true)
OK PI-LCO-043 mls_leaf_compromise (want_block=true got_block=true)
OK PI-LCO-044 mls_leaf_compromise (want_block=true got_block=true)
OK PI-LCO-045 mls_leaf_compromise (want_block=true got_block=true)
OK PI-LCO-046 mls_leaf_compromise (want_block=true got_block=true)
OK PI-LCO-047 mls_leaf_compromise (want_block=true got_block=true)
OK PI-LCO-048 mls_leaf_compromise (want_block=true got_block=true)
OK PI-LCO-049 mls_leaf_compromise (want_block=true got_block=true)
OK PI-LCO-050 mls_leaf_compromise (want_block=true got_block=true)
OK PI-DEN-001 deniability_break (want_block=true got_block=true)
OK PI-DEN-002 deniability_break (want_block=true got_block=true)
OK PI-DEN-003 deniability_break (want_block=true got_block=true)
OK PI-DEN-004 deniability_break (want_block=true got_block=true)
OK PI-DEN-005 deniability_break (want_block=true got_block=true)
OK PI-DEN-006 deniability_break (want_block=true got_block=true)
OK PI-DEN-007 deniability_break (want_block=true got_block=true)
OK PI-DEN-008 deniability_break (want_block=true got_block=true)
OK PI-DEN-009 deniability_break (want_block=true got_block=true)
OK PI-DEN-010 deniability_break (want_block=true got_block=true)
OK PI-DEN-011 deniability_break (want_block=true got_block=true)
OK PI-DEN-012 deniability_break (want_block=true got_block=true)
OK PI-DEN-013 deniability_break (want_block=true got_block=true)
OK PI-DEN-014 deniability_break (want_block=true got_block=true)
OK PI-DEN-015 deniability_break (want_block=true got_block=true)
OK PI-DEN-016 deniability_break (want_block=true got_block=true)
OK PI-DEN-017 deniability_break (want_block=true got_block=true)
OK PI-DEN-018 deniability_break (want_block=true got_block=true)
OK PI-DEN-019 deniability_break (want_block=true got_block=true)
OK PI-DEN-020 deniability_break (want_block=true got_block=true)
OK PI-DEN-021 deniability_break (want_block=true got_block=true)
OK PI-DEN-022 deniability_break (want_block=true got_block=true)
OK PI-DEN-023 deniability_break (want_block=true got_block=true)
OK PI-DEN-024 deniability_break (want_block=true got_block=true)
OK PI-DEN-025 deniability_break (want_block=true got_block=true)
OK PI-DEN-026 deniability_break (want_block=true got_block=true)
OK PI-DEN-027 deniability_break (want_block=true got_block=true)
OK PI-DEN-028 deniability_break (want_block=true got_block=true)
OK PI-DEN-029 deniability_break (want_block=true got_block=true)
OK PI-DEN-030 deniability_break (want_block=true got_block=true)
OK PI-DEN-031 deniability_break (want_block=true got_block=true)
OK PI-DEN-032 deniability_break (want_block=true got_block=true)
OK PI-DEN-033 deniability_break (want_block=true got_block=true)
OK PI-DEN-034 deniability_break (want_block=true got_block=true)
OK PI-DEN-035 deniability_break (want_block=true got_block=true)
OK PI-DEN-036 deniability_break (want_block=true got_block=true)
OK PI-DEN-037 deniability_break (want_block=true got_block=true)
OK PI-DEN-038 deniability_break (want_block=true got_block=true)
OK PI-DEN-039 deniability_break (want_block=true got_block=true)
OK PI-DEN-040 deniability_break (want_block=true got_block=true)
OK PI-DEN-041 deniability_break (want_block=true got_block=true)
OK PI-DEN-042 deniability_break (want_block=true got_block=true)
OK PI-DEN-043 deniability_break (want_block=true got_block=true)
OK PI-DEN-044 deniability_break (want_block=true got_block=true)
OK PI-DEN-045 deniability_break (want_block=true got_block=true)
OK PI-DEN-046 deniability_break (want_block=true got_block=true)
OK PI-DEN-047 deniability_break (want_block=true got_block=true)
OK PI-DEN-048 deniability_break (want_block=true got_block=true)
OK PI-DEN-049 deniability_break (want_block=true got_block=true)
OK PI-DEN-050 deniability_break (want_block=true got_block=true)
OK PI-CAP-001 confused_deputy (want_block=true got_block=true)
OK PI-CAP-002 confused_deputy (want_block=true got_block=true)
OK PI-CAP-003 confused_deputy (want_block=true got_block=true)
OK PI-CAP-004 confused_deputy (want_block=true got_block=true)
OK PI-CAP-005 confused_deputy (want_block=true got_block=true)
OK PI-CAP-006 confused_deputy (want_block=true got_block=true)
OK PI-CAP-007 confused_deputy (want_block=true got_block=true)
OK PI-CAP-008 confused_deputy (want_block=true got_block=true)
OK PI-CAP-009 confused_deputy (want_block=true got_block=true)
OK PI-CAP-010 confused_deputy (want_block=true got_block=true)
OK PI-CAP-011 confused_deputy (want_block=true got_block=true)
OK PI-CAP-012 confused_deputy (want_block=true got_block=true)
OK PI-CAP-013 confused_deputy (want_block=true got_block=true)
OK PI-CAP-014 confused_deputy (want_block=true got_block=true)
OK PI-CAP-015 confused_deputy (want_block=true got_block=true)
OK PI-CAP-016 confused_deputy (want_block=true got_block=true)
OK PI-CAP-017 confused_deputy (want_block=true got_block=true)
OK PI-CAP-018 confused_deputy (want_block=true got_block=true)
OK PI-CAP-019 confused_deputy (want_block=true got_block=true)
OK PI-CAP-020 confused_deputy (want_block=true got_block=true)
OK PI-CAP-021 confused_deputy (want_block=true got_block=true)
OK PI-CAP-022 confused_deputy (want_block=true got_block=true)
OK PI-CAP-023 confused_deputy (want_block=true got_block=true)
OK PI-CAP-024 confused_deputy (want_block=true got_block=true)
OK PI-CAP-025 confused_deputy (want_block=true got_block=true)
OK PI-CAP-026 confused_deputy (want_block=true got_block=true)
OK PI-CAP-027 confused_deputy (want_block=true got_block=true)
OK PI-CAP-028 confused_deputy (want_block=true got_block=true)
OK PI-CAP-029 confused_deputy (want_block=true got_block=true)
OK PI-CAP-030 confused_deputy (want_block=true got_block=true)
OK PI-CAP-031 confused_deputy (want_block=true got_block=true)
OK PI-CAP-032 confused_deputy (want_block=true got_block=true)
OK PI-CAP-033 confused_deputy (want_block=true got_block=true)
OK PI-CAP-034 confused_deputy (want_block=true got_block=true)
OK PI-CAP-035 confused_deputy (want_block=true got_block=true)
OK PI-CAP-036 confused_deputy (want_block=true got_block=true)
OK PI-CAP-037 confused_deputy (want_block=true got_block=true)
OK PI-CAP-038 confused_deputy (want_block=true got_block=true)
OK PI-CAP-039 confused_deputy (want_block=true got_block=true)
OK PI-CAP-040 confused_deputy (want_block=true got_block=true)
OK PI-CAP-041 confused_deputy (want_block=true got_block=true)
OK PI-CAP-042 confused_deputy (want_block=true got_block=true)
OK PI-CAP-043 confused_deputy (want_block=true got_block=true)
OK PI-CAP-044 confused_deputy (want_block=true got_block=true)
OK PI-CAP-045 confused_deputy (want_block=true got_block=true)
OK PI-CAP-046 confused_deputy (want_block=true got_block=true)
OK PI-CAP-047 confused_deputy (want_block=true got_block=true)
OK PI-CAP-048 confused_deputy (want_block=true got_block=true)
OK PI-CAP-049 confused_deputy (want_block=true got_block=true)
OK PI-CAP-050 confused_deputy (want_block=true got_block=true)
OK PI-SNV-001 safety_number_swap (want_block=true got_block=true)
OK PI-SNV-002 safety_number_swap (want_block=true got_block=true)
OK PI-SNV-003 safety_number_swap (want_block=true got_block=true)
OK PI-SNV-004 safety_number_swap (want_block=true got_block=true)
OK PI-SNV-005 safety_number_swap (want_block=true got_block=true)
OK PI-SNV-006 safety_number_swap (want_block=true got_block=true)
OK PI-SNV-007 safety_number_swap (want_block=true got_block=true)
OK PI-SNV-008 safety_number_swap (want_block=true got_block=true)
OK PI-SNV-009 safety_number_swap (want_block=true got_block=true)
OK PI-SNV-010 safety_number_swap (want_block=true got_block=true)
OK PI-SNV-011 safety_number_swap (want_block=true got_block=true)
OK PI-SNV-012 safety_number_swap (want_block=true got_block=true)
OK PI-SNV-013 safety_number_swap (want_block=true got_block=true)
OK PI-SNV-014 safety_number_swap (want_block=true got_block=true)
OK PI-SNV-015 safety_number_swap (want_block=true got_block=true)
OK PI-SNV-016 safety_number_swap (want_block=true got_block=true)
OK PI-SNV-017 safety_number_swap (want_block=true got_block=true)
OK PI-SNV-018 safety_number_swap (want_block=true got_block=true)
OK PI-SNV-019 safety_number_swap (want_block=true got_block=true)
OK PI-SNV-020 safety_number_swap (want_block=true got_block=true)
OK PI-SNV-021 safety_number_swap (want_block=true got_block=true)
OK PI-SNV-022 safety_number_swap (want_block=true got_block=true)
OK PI-SNV-023 safety_number_swap (want_block=true got_block=true)
OK PI-SNV-024 safety_number_swap (want_block=true got_block=true)
OK PI-SNV-025 safety_number_swap (want_block=true got_block=true)
OK PI-SNV-026 safety_number_swap (want_block=true got_block=true)
OK PI-SNV-027 safety_number_swap (want_block=true got_block=true)
OK PI-SNV-028 safety_number_swap (want_block=true got_block=true)
OK PI-SNV-029 safety_number_swap (want_block=true got_block=true)
OK PI-SNV-030 safety_number_swap (want_block=true got_block=true)
OK PI-SNV-031 safety_number_swap (want_block=true got_block=true)
OK PI-SNV-032 safety_number_swap (want_block=true got_block=true)
OK PI-SNV-033 safety_number_swap (want_block=true got_block=true)
OK PI-SNV-034 safety_number_swap (want_block=true got_block=true)
OK PI-SNV-035 safety_number_swap (want_block=true got_block=true)
OK PI-SNV-036 safety_number_swap (want_block=true got_block=true)
OK PI-SNV-037 safety_number_swap (want_block=true got_block=true)
OK PI-SNV-038 safety_number_swap (want_block=true got_block=true)
OK PI-SNV-039 safety_number_swap (want_block=true got_block=true)
OK PI-SNV-040 safety_number_swap (want_block=true got_block=true)
OK PI-SNV-041 safety_number_swap (want_block=true got_block=true)
OK PI-SNV-042 safety_number_swap (want_block=true got_block=true)
OK PI-SNV-043 safety_number_swap (want_block=true got_block=true)
OK PI-SNV-044 safety_number_swap (want_block=true got_block=true)
OK PI-SNV-045 safety_number_swap (want_block=true got_block=true)
OK PI-SNV-046 safety_number_swap (want_block=true got_block=true)
OK PI-SNV-047 safety_number_swap (want_block=true got_block=true)
OK PI-SNV-048 safety_number_swap (want_block=true got_block=true)
OK PI-SNV-049 safety_number_swap (want_block=true got_block=true)
OK PI-SNV-050 safety_number_swap (want_block=true got_block=true)
OK PI-EXT-001 mls_external_commit (want_block=true got_block=true)
OK PI-EXT-002 mls_external_commit (want_block=true got_block=true)
OK PI-EXT-003 mls_external_commit (want_block=true got_block=true)
OK PI-EXT-004 mls_external_commit (want_block=true got_block=true)
OK PI-EXT-005 mls_external_commit (want_block=true got_block=true)
OK PI-EXT-006 mls_external_commit (want_block=true got_block=true)
OK PI-EXT-007 mls_external_commit (want_block=true got_block=true)
OK PI-EXT-008 mls_external_commit (want_block=true got_block=true)
OK PI-EXT-009 mls_external_commit (want_block=true got_block=true)
OK PI-EXT-010 mls_external_commit (want_block=true got_block=true)
OK PI-EXT-011 mls_external_commit (want_block=true got_block=true)
OK PI-EXT-012 mls_external_commit (want_block=true got_block=true)
OK PI-EXT-013 mls_external_commit (want_block=true got_block=true)
OK PI-EXT-014 mls_external_commit (want_block=true got_block=true)
OK PI-EXT-015 mls_external_commit (want_block=true got_block=true)
OK PI-EXT-016 mls_external_commit (want_block=true got_block=true)
OK PI-EXT-017 mls_external_commit (want_block=true got_block=true)
OK PI-EXT-018 mls_external_commit (want_block=true got_block=true)
OK PI-EXT-019 mls_external_commit (want_block=true got_block=true)
OK PI-EXT-020 mls_external_commit (want_block=true got_block=true)
OK PI-EXT-021 mls_external_commit (want_block=true got_block=true)
OK PI-EXT-022 mls_external_commit (want_block=true got_block=true)
OK PI-EXT-023 mls_external_commit (want_block=true got_block=true)
OK PI-EXT-024 mls_external_commit (want_block=true got_block=true)
OK PI-EXT-025 mls_external_commit (want_block=true got_block=true)
OK PI-EXT-026 mls_external_commit (want_block=true got_block=true)
OK PI-EXT-027 mls_external_commit (want_block=true got_block=true)
OK PI-EXT-028 mls_external_commit (want_block=true got_block=true)
OK PI-EXT-029 mls_external_commit (want_block=true got_block=true)
OK PI-EXT-030 mls_external_commit (want_block=true got_block=true)
OK PI-EXT-031 mls_external_commit (want_block=true got_block=true)
OK PI-EXT-032 mls_external_commit (want_block=true got_block=true)
OK PI-EXT-033 mls_external_commit (want_block=true got_block=true)
OK PI-EXT-034 mls_external_commit (want_block=true got_block=true)
OK PI-EXT-035 mls_external_commit (want_block=true got_block=true)
OK PI-EXT-036 mls_external_commit (want_block=true got_block=true)
OK PI-EXT-037 mls_external_commit (want_block=true got_block=true)
OK PI-EXT-038 mls_external_commit (want_block=true got_block=true)
OK PI-EXT-039 mls_external_commit (want_block=true got_block=true)
OK PI-EXT-040 mls_external_commit (want_block=true got_block=true)
OK PI-EXT-041 mls_external_commit (want_block=true got_block=true)
OK PI-EXT-042 mls_external_commit (want_block=true got_block=true)
OK PI-EXT-043 mls_external_commit (want_block=true got_block=true)
OK PI-EXT-044 mls_external_commit (want_block=true got_block=true)
OK PI-EXT-045 mls_external_commit (want_block=true got_block=true)
OK PI-EXT-046 mls_external_commit (want_block=true got_block=true)
OK PI-EXT-047 mls_external_commit (want_block=true got_block=true)
OK PI-EXT-048 mls_external_commit (want_block=true got_block=true)
OK PI-EXT-049 mls_external_commit (want_block=true got_block=true)
OK PI-EXT-050 mls_external_commit (want_block=true got_block=true)
OK PI-EFP-001 egress_fingerprint (want_block=true got_block=true)
OK PI-EFP-002 egress_fingerprint (want_block=true got_block=true)
OK PI-EFP-003 egress_fingerprint (want_block=true got_block=true)
OK PI-EFP-004 egress_fingerprint (want_block=true got_block=true)
OK PI-EFP-005 egress_fingerprint (want_block=true got_block=true)
OK PI-EFP-006 egress_fingerprint (want_block=true got_block=true)
OK PI-EFP-007 egress_fingerprint (want_block=true got_block=true)
OK PI-EFP-008 egress_fingerprint (want_block=true got_block=true)
OK PI-EFP-009 egress_fingerprint (want_block=true got_block=true)
OK PI-EFP-010 egress_fingerprint (want_block=true got_block=true)
OK PI-EFP-011 egress_fingerprint (want_block=true got_block=true)
OK PI-EFP-012 egress_fingerprint (want_block=true got_block=true)
OK PI-EFP-013 egress_fingerprint (want_block=true got_block=true)
OK PI-EFP-014 egress_fingerprint (want_block=true got_block=true)
OK PI-EFP-015 egress_fingerprint (want_block=true got_block=true)
OK PI-EFP-016 egress_fingerprint (want_block=true got_block=true)
OK PI-EFP-017 egress_fingerprint (want_block=true got_block=true)
OK PI-EFP-018 egress_fingerprint (want_block=true got_block=true)
OK PI-EFP-019 egress_fingerprint (want_block=true got_block=true)
OK PI-EFP-020 egress_fingerprint (want_block=true got_block=true)
OK PI-EFP-021 egress_fingerprint (want_block=true got_block=true)
OK PI-EFP-022 egress_fingerprint (want_block=true got_block=true)
OK PI-EFP-023 egress_fingerprint (want_block=true got_block=true)
OK PI-EFP-024 egress_fingerprint (want_block=true got_block=true)
OK PI-EFP-025 egress_fingerprint (want_block=true got_block=true)
OK PI-EFP-026 egress_fingerprint (want_block=true got_block=true)
OK PI-EFP-027 egress_fingerprint (want_block=true got_block=true)
OK PI-EFP-028 egress_fingerprint (want_block=true got_block=true)
OK PI-EFP-029 egress_fingerprint (want_block=true got_block=true)
OK PI-EFP-030 egress_fingerprint (want_block=true got_block=true)
OK PI-EFP-031 egress_fingerprint (want_block=true got_block=true)
OK PI-EFP-032 egress_fingerprint (want_block=true got_block=true)
OK PI-EFP-033 egress_fingerprint (want_block=true got_block=true)
OK PI-EFP-034 egress_fingerprint (want_block=true got_block=true)
OK PI-EFP-035 egress_fingerprint (want_block=true got_block=true)
OK PI-EFP-036 egress_fingerprint (want_block=true got_block=true)
OK PI-EFP-037 egress_fingerprint (want_block=true got_block=true)
OK PI-EFP-038 egress_fingerprint (want_block=true got_block=true)
OK PI-EFP-039 egress_fingerprint (want_block=true got_block=true)
OK PI-EFP-040 egress_fingerprint (want_block=true got_block=true)
OK PI-EFP-041 egress_fingerprint (want_block=true got_block=true)
OK PI-EFP-042 egress_fingerprint (want_block=true got_block=true)
OK PI-EFP-043 egress_fingerprint (want_block=true got_block=true)
OK PI-EFP-044 egress_fingerprint (want_block=true got_block=true)
OK PI-EFP-045 egress_fingerprint (want_block=true got_block=true)
OK PI-EFP-046 egress_fingerprint (want_block=true got_block=true)
OK PI-EFP-047 egress_fingerprint (want_block=true got_block=true)
OK PI-EFP-048 egress_fingerprint (want_block=true got_block=true)
OK PI-EFP-049 egress_fingerprint (want_block=true got_block=true)
OK PI-EFP-050 egress_fingerprint (want_block=true got_block=true)
OK PI-REV-001 identity_revoke (want_block=true got_block=true)
OK PI-REV-002 identity_revoke (want_block=true got_block=true)
OK PI-REV-003 identity_revoke (want_block=true got_block=true)
OK PI-REV-004 identity_revoke (want_block=true got_block=true)
OK PI-REV-005 identity_revoke (want_block=true got_block=true)
OK PI-REV-006 identity_revoke (want_block=true got_block=true)
OK PI-REV-007 identity_revoke (want_block=true got_block=true)
OK PI-REV-008 identity_revoke (want_block=true got_block=true)
OK PI-REV-009 identity_revoke (want_block=true got_block=true)
OK PI-REV-010 identity_revoke (want_block=true got_block=true)
OK PI-REV-011 identity_revoke (want_block=true got_block=true)
OK PI-REV-012 identity_revoke (want_block=true got_block=true)
OK PI-REV-013 identity_revoke (want_block=true got_block=true)
OK PI-REV-014 identity_revoke (want_block=true got_block=true)
OK PI-REV-015 identity_revoke (want_block=true got_block=true)
OK PI-REV-016 identity_revoke (want_block=true got_block=true)
OK PI-REV-017 identity_revoke (want_block=true got_block=true)
OK PI-REV-018 identity_revoke (want_block=true got_block=true)
OK PI-REV-019 identity_revoke (want_block=true got_block=true)
OK PI-REV-020 identity_revoke (want_block=true got_block=true)
OK PI-REV-021 identity_revoke (want_block=true got_block=true)
OK PI-REV-022 identity_revoke (want_block=true got_block=true)
OK PI-REV-023 identity_revoke (want_block=true got_block=true)
OK PI-REV-024 identity_revoke (want_block=true got_block=true)
OK PI-REV-025 identity_revoke (want_block=true got_block=true)
OK PI-REV-026 identity_revoke (want_block=true got_block=true)
OK PI-REV-027 identity_revoke (want_block=true got_block=true)
OK PI-REV-028 identity_revoke (want_block=true got_block=true)
OK PI-REV-029 identity_revoke (want_block=true got_block=true)
OK PI-REV-030 identity_revoke (want_block=true got_block=true)
OK PI-REV-031 identity_revoke (want_block=true got_block=true)
OK PI-REV-032 identity_revoke (want_block=true got_block=true)
OK PI-REV-033 identity_revoke (want_block=true got_block=true)
OK PI-REV-034 identity_revoke (want_block=true got_block=true)
OK PI-REV-035 identity_revoke (want_block=true got_block=true)
OK PI-REV-036 identity_revoke (want_block=true got_block=true)
OK PI-REV-037 identity_revoke (want_block=true got_block=true)
OK PI-REV-038 identity_revoke (want_block=true got_block=true)
OK PI-REV-039 identity_revoke (want_block=true got_block=true)
OK PI-REV-040 identity_revoke (want_block=true got_block=true)
OK PI-REV-041 identity_revoke (want_block=true got_block=true)
OK PI-REV-042 identity_revoke (want_block=true got_block=true)
OK PI-REV-043 identity_revoke (want_block=true got_block=true)
OK PI-REV-044 identity_revoke (want_block=true got_block=true)
OK PI-REV-045 identity_revoke (want_block=true got_block=true)
OK PI-REV-046 identity_revoke (want_block=true got_block=true)
OK PI-REV-047 identity_revoke (want_block=true got_block=true)
OK PI-REV-048 identity_revoke (want_block=true got_block=true)
OK PI-REV-049 identity_revoke (want_block=true got_block=true)
OK PI-REV-050 identity_revoke (want_block=true got_block=true)
OK PI-CLK-001 clock_skew_replay (want_block=true got_block=true)
OK PI-CLK-002 clock_skew_replay (want_block=true got_block=true)
OK PI-CLK-003 clock_skew_replay (want_block=true got_block=true)
OK PI-CLK-004 clock_skew_replay (want_block=true got_block=true)
OK PI-CLK-005 clock_skew_replay (want_block=true got_block=true)
OK PI-CLK-006 clock_skew_replay (want_block=true got_block=true)
OK PI-CLK-007 clock_skew_replay (want_block=true got_block=true)
OK PI-CLK-008 clock_skew_replay (want_block=true got_block=true)
OK PI-CLK-009 clock_skew_replay (want_block=true got_block=true)
OK PI-CLK-010 clock_skew_replay (want_block=true got_block=true)
OK PI-CLK-011 clock_skew_replay (want_block=true got_block=true)
OK PI-CLK-012 clock_skew_replay (want_block=true got_block=true)
OK PI-CLK-013 clock_skew_replay (want_block=true got_block=true)
OK PI-CLK-014 clock_skew_replay (want_block=true got_block=true)
OK PI-CLK-015 clock_skew_replay (want_block=true got_block=true)
OK PI-CLK-016 clock_skew_replay (want_block=true got_block=true)
OK PI-CLK-017 clock_skew_replay (want_block=true got_block=true)
OK PI-CLK-018 clock_skew_replay (want_block=true got_block=true)
OK PI-CLK-019 clock_skew_replay (want_block=true got_block=true)
OK PI-CLK-020 clock_skew_replay (want_block=true got_block=true)
OK PI-CLK-021 clock_skew_replay (want_block=true got_block=true)
OK PI-CLK-022 clock_skew_replay (want_block=true got_block=true)
OK PI-CLK-023 clock_skew_replay (want_block=true got_block=true)
OK PI-CLK-024 clock_skew_replay (want_block=true got_block=true)
OK PI-CLK-025 clock_skew_replay (want_block=true got_block=true)
OK PI-CLK-026 clock_skew_replay (want_block=true got_block=true)
OK PI-CLK-027 clock_skew_replay (want_block=true got_block=true)
OK PI-CLK-028 clock_skew_replay (want_block=true got_block=true)
OK PI-CLK-029 clock_skew_replay (want_block=true got_block=true)
OK PI-CLK-030 clock_skew_replay (want_block=true got_block=true)
OK PI-CLK-031 clock_skew_replay (want_block=true got_block=true)
OK PI-CLK-032 clock_skew_replay (want_block=true got_block=true)
OK PI-CLK-033 clock_skew_replay (want_block=true got_block=true)
OK PI-CLK-034 clock_skew_replay (want_block=true got_block=true)
OK PI-CLK-035 clock_skew_replay (want_block=true got_block=true)
OK PI-CLK-036 clock_skew_replay (want_block=true got_block=true)
OK PI-CLK-037 clock_skew_replay (want_block=true got_block=true)
OK PI-CLK-038 clock_skew_replay (want_block=true got_block=true)
OK PI-CLK-039 clock_skew_replay (want_block=true got_block=true)
OK PI-CLK-040 clock_skew_replay (want_block=true got_block=true)
OK PI-CLK-041 clock_skew_replay (want_block=true got_block=true)
OK PI-CLK-042 clock_skew_replay (want_block=true got_block=true)
OK PI-CLK-043 clock_skew_replay (want_block=true got_block=true)
OK PI-CLK-044 clock_skew_replay (want_block=true got_block=true)
OK PI-CLK-045 clock_skew_replay (want_block=true got_block=true)
OK PI-CLK-046 clock_skew_replay (want_block=true got_block=true)
OK PI-CLK-047 clock_skew_replay (want_block=true got_block=true)
OK PI-CLK-048 clock_skew_replay (want_block=true got_block=true)
OK PI-CLK-049 clock_skew_replay (want_block=true got_block=true)
OK PI-CLK-050 clock_skew_replay (want_block=true got_block=true)
OK PI-ROT-001 at_rest_rotation (want_block=true got_block=true)
OK PI-ROT-002 at_rest_rotation (want_block=true got_block=true)
OK PI-ROT-003 at_rest_rotation (want_block=true got_block=true)
OK PI-ROT-004 at_rest_rotation (want_block=true got_block=true)
OK PI-ROT-005 at_rest_rotation (want_block=true got_block=true)
OK PI-ROT-006 at_rest_rotation (want_block=true got_block=true)
OK PI-ROT-007 at_rest_rotation (want_block=true got_block=true)
OK PI-ROT-008 at_rest_rotation (want_block=true got_block=true)
OK PI-ROT-009 at_rest_rotation (want_block=true got_block=true)
OK PI-ROT-010 at_rest_rotation (want_block=true got_block=true)
OK PI-ROT-011 at_rest_rotation (want_block=true got_block=true)
OK PI-ROT-012 at_rest_rotation (want_block=true got_block=true)
OK PI-ROT-013 at_rest_rotation (want_block=true got_block=true)
OK PI-ROT-014 at_rest_rotation (want_block=true got_block=true)
OK PI-ROT-015 at_rest_rotation (want_block=true got_block=true)
OK PI-ROT-016 at_rest_rotation (want_block=true got_block=true)
OK PI-ROT-017 at_rest_rotation (want_block=true got_block=true)
OK PI-ROT-018 at_rest_rotation (want_block=true got_block=true)
OK PI-ROT-019 at_rest_rotation (want_block=true got_block=true)
OK PI-ROT-020 at_rest_rotation (want_block=true got_block=true)
OK PI-ROT-021 at_rest_rotation (want_block=true got_block=true)
OK PI-ROT-022 at_rest_rotation (want_block=true got_block=true)
OK PI-ROT-023 at_rest_rotation (want_block=true got_block=true)
OK PI-ROT-024 at_rest_rotation (want_block=true got_block=true)
OK PI-ROT-025 at_rest_rotation (want_block=true got_block=true)
OK PI-ROT-026 at_rest_rotation (want_block=true got_block=true)
OK PI-ROT-027 at_rest_rotation (want_block=true got_block=true)
OK PI-ROT-028 at_rest_rotation (want_block=true got_block=true)
OK PI-ROT-029 at_rest_rotation (want_block=true got_block=true)
OK PI-ROT-030 at_rest_rotation (want_block=true got_block=true)
OK PI-ROT-031 at_rest_rotation (want_block=true got_block=true)
OK PI-ROT-032 at_rest_rotation (want_block=true got_block=true)
OK PI-ROT-033 at_rest_rotation (want_block=true got_block=true)
OK PI-ROT-034 at_rest_rotation (want_block=true got_block=true)
OK PI-ROT-035 at_rest_rotation (want_block=true got_block=true)
OK PI-ROT-036 at_rest_rotation (want_block=true got_block=true)
OK PI-ROT-037 at_rest_rotation (want_block=true got_block=true)
OK PI-ROT-038 at_rest_rotation (want_block=true got_block=true)
OK PI-ROT-039 at_rest_rotation (want_block=true got_block=true)
OK PI-ROT-040 at_rest_rotation (want_block=true got_block=true)
OK PI-ROT-041 at_rest_rotation (want_block=true got_block=true)
OK PI-ROT-042 at_rest_rotation (want_block=true got_block=true)
OK PI-ROT-043 at_rest_rotation (want_block=true got_block=true)
OK PI-ROT-044 at_rest_rotation (want_block=true got_block=true)
OK PI-ROT-045 at_rest_rotation (want_block=true got_block=true)
OK PI-ROT-046 at_rest_rotation (want_block=true got_block=true)
OK PI-ROT-047 at_rest_rotation (want_block=true got_block=true)
OK PI-ROT-048 at_rest_rotation (want_block=true got_block=true)
OK PI-ROT-049 at_rest_rotation (want_block=true got_block=true)
OK PI-ROT-050 at_rest_rotation (want_block=true got_block=true)
OK PI-TOOL-001 tool_arg_confusion (want_block=true got_block=true)
OK PI-TOOL-002 tool_arg_confusion (want_block=true got_block=true)
OK PI-TOOL-003 tool_arg_confusion (want_block=true got_block=true)
OK PI-TOOL-004 tool_arg_confusion (want_block=true got_block=true)
OK PI-TOOL-005 tool_arg_confusion (want_block=true got_block=true)
OK PI-TOOL-006 tool_arg_confusion (want_block=true got_block=true)
OK PI-TOOL-007 tool_arg_confusion (want_block=true got_block=true)
OK PI-TOOL-008 tool_arg_confusion (want_block=true got_block=true)
OK PI-TOOL-009 tool_arg_confusion (want_block=true got_block=true)
OK PI-TOOL-010 tool_arg_confusion (want_block=true got_block=true)
OK PI-TOOL-011 tool_arg_confusion (want_block=true got_block=true)
OK PI-TOOL-012 tool_arg_confusion (want_block=true got_block=true)
OK PI-TOOL-013 tool_arg_confusion (want_block=true got_block=true)
OK PI-TOOL-014 tool_arg_confusion (want_block=true got_block=true)
OK PI-TOOL-015 tool_arg_confusion (want_block=true got_block=true)
OK PI-TOOL-016 tool_arg_confusion (want_block=true got_block=true)
OK PI-TOOL-017 tool_arg_confusion (want_block=true got_block=true)
OK PI-TOOL-018 tool_arg_confusion (want_block=true got_block=true)
OK PI-TOOL-019 tool_arg_confusion (want_block=true got_block=true)
OK PI-TOOL-020 tool_arg_confusion (want_block=true got_block=true)
OK PI-TOOL-021 tool_arg_confusion (want_block=true got_block=true)
OK PI-TOOL-022 tool_arg_confusion (want_block=true got_block=true)
OK PI-TOOL-023 tool_arg_confusion (want_block=true got_block=true)
OK PI-TOOL-024 tool_arg_confusion (want_block=true got_block=true)
OK PI-TOOL-025 tool_arg_confusion (want_block=true got_block=true)
OK PI-TOOL-026 tool_arg_confusion (want_block=true got_block=true)
OK PI-TOOL-027 tool_arg_confusion (want_block=true got_block=true)
OK PI-TOOL-028 tool_arg_confusion (want_block=true got_block=true)
OK PI-TOOL-029 tool_arg_confusion (want_block=true got_block=true)
OK PI-TOOL-030 tool_arg_confusion (want_block=true got_block=true)
OK PI-TOOL-031 tool_arg_confusion (want_block=true got_block=true)
OK PI-TOOL-032 tool_arg_confusion (want_block=true got_block=true)
OK PI-TOOL-033 tool_arg_confusion (want_block=true got_block=true)
OK PI-TOOL-034 tool_arg_confusion (want_block=true got_block=true)
OK PI-TOOL-035 tool_arg_confusion (want_block=true got_block=true)
OK PI-TOOL-036 tool_arg_confusion (want_block=true got_block=true)
OK PI-TOOL-037 tool_arg_confusion (want_block=true got_block=true)
OK PI-TOOL-038 tool_arg_confusion (want_block=true got_block=true)
OK PI-TOOL-039 tool_arg_confusion (want_block=true got_block=true)
OK PI-TOOL-040 tool_arg_confusion (want_block=true got_block=true)
OK PI-TOOL-041 tool_arg_confusion (want_block=true got_block=true)
OK PI-TOOL-042 tool_arg_confusion (want_block=true got_block=true)
OK PI-TOOL-043 tool_arg_confusion (want_block=true got_block=true)
OK PI-TOOL-044 tool_arg_confusion (want_block=true got_block=true)
OK PI-TOOL-045 tool_arg_confusion (want_block=true got_block=true)
OK PI-TOOL-046 tool_arg_confusion (want_block=true got_block=true)
OK PI-TOOL-047 tool_arg_confusion (want_block=true got_block=true)
OK PI-TOOL-048 tool_arg_confusion (want_block=true got_block=true)
OK PI-TOOL-049 tool_arg_confusion (want_block=true got_block=true)
OK PI-TOOL-050 tool_arg_confusion (want_block=true got_block=true)
OK PI-PCS-001 group_pcs_break (want_block=true got_block=true)
OK PI-PCS-002 group_pcs_break (want_block=true got_block=true)
OK PI-PCS-003 group_pcs_break (want_block=true got_block=true)
OK PI-PCS-004 group_pcs_break (want_block=true got_block=true)
OK PI-PCS-005 group_pcs_break (want_block=true got_block=true)
OK PI-PCS-006 group_pcs_break (want_block=true got_block=true)
OK PI-PCS-007 group_pcs_break (want_block=true got_block=true)
OK PI-PCS-008 group_pcs_break (want_block=true got_block=true)
OK PI-PCS-009 group_pcs_break (want_block=true got_block=true)
OK PI-PCS-010 group_pcs_break (want_block=true got_block=true)
OK PI-PCS-011 group_pcs_break (want_block=true got_block=true)
OK PI-PCS-012 group_pcs_break (want_block=true got_block=true)
OK PI-PCS-013 group_pcs_break (want_block=true got_block=true)
OK PI-PCS-014 group_pcs_break (want_block=true got_block=true)
OK PI-PCS-015 group_pcs_break (want_block=true got_block=true)
OK PI-PCS-016 group_pcs_break (want_block=true got_block=true)
OK PI-PCS-017 group_pcs_break (want_block=true got_block=true)
OK PI-PCS-018 group_pcs_break (want_block=true got_block=true)
OK PI-PCS-019 group_pcs_break (want_block=true got_block=true)
OK PI-PCS-020 group_pcs_break (want_block=true got_block=true)
OK PI-PCS-021 group_pcs_break (want_block=true got_block=true)
OK PI-PCS-022 group_pcs_break (want_block=true got_block=true)
OK PI-PCS-023 group_pcs_break (want_block=true got_block=true)
OK PI-PCS-024 group_pcs_break (want_block=true got_block=true)
OK PI-PCS-025 group_pcs_break (want_block=true got_block=true)
OK PI-PCS-026 group_pcs_break (want_block=true got_block=true)
OK PI-PCS-027 group_pcs_break (want_block=true got_block=true)
OK PI-PCS-028 group_pcs_break (want_block=true got_block=true)
OK PI-PCS-029 group_pcs_break (want_block=true got_block=true)
OK PI-PCS-030 group_pcs_break (want_block=true got_block=true)
OK PI-PCS-031 group_pcs_break (want_block=true got_block=true)
OK PI-PCS-032 group_pcs_break (want_block=true got_block=true)
OK PI-PCS-033 group_pcs_break (want_block=true got_block=true)
OK PI-PCS-034 group_pcs_break (want_block=true got_block=true)
OK PI-PCS-035 group_pcs_break (want_block=true got_block=true)
OK PI-PCS-036 group_pcs_break (want_block=true got_block=true)
OK PI-PCS-037 group_pcs_break (want_block=true got_block=true)
OK PI-PCS-038 group_pcs_break (want_block=true got_block=true)
OK PI-PCS-039 group_pcs_break (want_block=true got_block=true)
OK PI-PCS-040 group_pcs_break (want_block=true got_block=true)
OK PI-PCS-041 group_pcs_break (want_block=true got_block=true)
OK PI-PCS-042 group_pcs_break (want_block=true got_block=true)
OK PI-PCS-043 group_pcs_break (want_block=true got_block=true)
OK PI-PCS-044 group_pcs_break (want_block=true got_block=true)
OK PI-PCS-045 group_pcs_break (want_block=true got_block=true)
OK PI-PCS-046 group_pcs_break (want_block=true got_block=true)
OK PI-PCS-047 group_pcs_break (want_block=true got_block=true)
OK PI-PCS-048 group_pcs_break (want_block=true got_block=true)
OK PI-PCS-049 group_pcs_break (want_block=true got_block=true)
OK PI-PCS-050 group_pcs_break (want_block=true got_block=true)
OK PI-CLS-001 padding_class_oracle (want_block=true got_block=true)
OK PI-CLS-002 padding_class_oracle (want_block=true got_block=true)
OK PI-CLS-003 padding_class_oracle (want_block=true got_block=true)
OK PI-CLS-004 padding_class_oracle (want_block=true got_block=true)
OK PI-CLS-005 padding_class_oracle (want_block=true got_block=true)
OK PI-CLS-006 padding_class_oracle (want_block=true got_block=true)
OK PI-CLS-007 padding_class_oracle (want_block=true got_block=true)
OK PI-CLS-008 padding_class_oracle (want_block=true got_block=true)
OK PI-CLS-009 padding_class_oracle (want_block=true got_block=true)
OK PI-CLS-010 padding_class_oracle (want_block=true got_block=true)
OK PI-CLS-011 padding_class_oracle (want_block=true got_block=true)
OK PI-CLS-012 padding_class_oracle (want_block=true got_block=true)
OK PI-CLS-013 padding_class_oracle (want_block=true got_block=true)
OK PI-CLS-014 padding_class_oracle (want_block=true got_block=true)
OK PI-CLS-015 padding_class_oracle (want_block=true got_block=true)
OK PI-CLS-016 padding_class_oracle (want_block=true got_block=true)
OK PI-CLS-017 padding_class_oracle (want_block=true got_block=true)
OK PI-CLS-018 padding_class_oracle (want_block=true got_block=true)
OK PI-CLS-019 padding_class_oracle (want_block=true got_block=true)
OK PI-CLS-020 padding_class_oracle (want_block=true got_block=true)
OK PI-CLS-021 padding_class_oracle (want_block=true got_block=true)
OK PI-CLS-022 padding_class_oracle (want_block=true got_block=true)
OK PI-CLS-023 padding_class_oracle (want_block=true got_block=true)
OK PI-CLS-024 padding_class_oracle (want_block=true got_block=true)
OK PI-CLS-025 padding_class_oracle (want_block=true got_block=true)
OK PI-CLS-026 padding_class_oracle (want_block=true got_block=true)
OK PI-CLS-027 padding_class_oracle (want_block=true got_block=true)
OK PI-CLS-028 padding_class_oracle (want_block=true got_block=true)
OK PI-CLS-029 padding_class_oracle (want_block=true got_block=true)
OK PI-CLS-030 padding_class_oracle (want_block=true got_block=true)
OK PI-CLS-031 padding_class_oracle (want_block=true got_block=true)
OK PI-CLS-032 padding_class_oracle (want_block=true got_block=true)
OK PI-CLS-033 padding_class_oracle (want_block=true got_block=true)
OK PI-CLS-034 padding_class_oracle (want_block=true got_block=true)
OK PI-CLS-035 padding_class_oracle (want_block=true got_block=true)
OK PI-CLS-036 padding_class_oracle (want_block=true got_block=true)
OK PI-CLS-037 padding_class_oracle (want_block=true got_block=true)
OK PI-CLS-038 padding_class_oracle (want_block=true got_block=true)
OK PI-CLS-039 padding_class_oracle (want_block=true got_block=true)
OK PI-CLS-040 padding_class_oracle (want_block=true got_block=true)
OK PI-CLS-041 padding_class_oracle (want_block=true got_block=true)
OK PI-CLS-042 padding_class_oracle (want_block=true got_block=true)
OK PI-CLS-043 padding_class_oracle (want_block=true got_block=true)
OK PI-CLS-044 padding_class_oracle (want_block=true got_block=true)
OK PI-CLS-045 padding_class_oracle (want_block=true got_block=true)
OK PI-CLS-046 padding_class_oracle (want_block=true got_block=true)
OK PI-CLS-047 padding_class_oracle (want_block=true got_block=true)
OK PI-CLS-048 padding_class_oracle (want_block=true got_block=true)
OK PI-CLS-049 padding_class_oracle (want_block=true got_block=true)
OK PI-CLS-050 padding_class_oracle (want_block=true got_block=true)
OK PI-JIT-001 jitter_side_channel (want_block=true got_block=true)
OK PI-JIT-002 jitter_side_channel (want_block=true got_block=true)
OK PI-JIT-003 jitter_side_channel (want_block=true got_block=true)
OK PI-JIT-004 jitter_side_channel (want_block=true got_block=true)
OK PI-JIT-005 jitter_side_channel (want_block=true got_block=true)
OK PI-JIT-006 jitter_side_channel (want_block=true got_block=true)
OK PI-JIT-007 jitter_side_channel (want_block=true got_block=true)
OK PI-JIT-008 jitter_side_channel (want_block=true got_block=true)
OK PI-JIT-009 jitter_side_channel (want_block=true got_block=true)
OK PI-JIT-010 jitter_side_channel (want_block=true got_block=true)
OK PI-JIT-011 jitter_side_channel (want_block=true got_block=true)
OK PI-JIT-012 jitter_side_channel (want_block=true got_block=true)
OK PI-JIT-013 jitter_side_channel (want_block=true got_block=true)
OK PI-JIT-014 jitter_side_channel (want_block=true got_block=true)
OK PI-JIT-015 jitter_side_channel (want_block=true got_block=true)
OK PI-JIT-016 jitter_side_channel (want_block=true got_block=true)
OK PI-JIT-017 jitter_side_channel (want_block=true got_block=true)
OK PI-JIT-018 jitter_side_channel (want_block=true got_block=true)
OK PI-JIT-019 jitter_side_channel (want_block=true got_block=true)
OK PI-JIT-020 jitter_side_channel (want_block=true got_block=true)
OK PI-JIT-021 jitter_side_channel (want_block=true got_block=true)
OK PI-JIT-022 jitter_side_channel (want_block=true got_block=true)
OK PI-JIT-023 jitter_side_channel (want_block=true got_block=true)
OK PI-JIT-024 jitter_side_channel (want_block=true got_block=true)
OK PI-JIT-025 jitter_side_channel (want_block=true got_block=true)
OK PI-JIT-026 jitter_side_channel (want_block=true got_block=true)
OK PI-JIT-027 jitter_side_channel (want_block=true got_block=true)
OK PI-JIT-028 jitter_side_channel (want_block=true got_block=true)
OK PI-JIT-029 jitter_side_channel (want_block=true got_block=true)
OK PI-JIT-030 jitter_side_channel (want_block=true got_block=true)
OK PI-JIT-031 jitter_side_channel (want_block=true got_block=true)
OK PI-JIT-032 jitter_side_channel (want_block=true got_block=true)
OK PI-JIT-033 jitter_side_channel (want_block=true got_block=true)
OK PI-JIT-034 jitter_side_channel (want_block=true got_block=true)
OK PI-JIT-035 jitter_side_channel (want_block=true got_block=true)
OK PI-JIT-036 jitter_side_channel (want_block=true got_block=true)
OK PI-JIT-037 jitter_side_channel (want_block=true got_block=true)
OK PI-JIT-038 jitter_side_channel (want_block=true got_block=true)
OK PI-JIT-039 jitter_side_channel (want_block=true got_block=true)
OK PI-JIT-040 jitter_side_channel (want_block=true got_block=true)
OK PI-JIT-041 jitter_side_channel (want_block=true got_block=true)
OK PI-JIT-042 jitter_side_channel (want_block=true got_block=true)
OK PI-JIT-043 jitter_side_channel (want_block=true got_block=true)
OK PI-JIT-044 jitter_side_channel (want_block=true got_block=true)
OK PI-JIT-045 jitter_side_channel (want_block=true got_block=true)
OK PI-JIT-046 jitter_side_channel (want_block=true got_block=true)
OK PI-JIT-047 jitter_side_channel (want_block=true got_block=true)
OK PI-JIT-048 jitter_side_channel (want_block=true got_block=true)
OK PI-JIT-049 jitter_side_channel (want_block=true got_block=true)
OK PI-JIT-050 jitter_side_channel (want_block=true got_block=true)
OK PI-DEC-001 kem_decap_oracle (want_block=true got_block=true)
OK PI-DEC-002 kem_decap_oracle (want_block=true got_block=true)
OK PI-DEC-003 kem_decap_oracle (want_block=true got_block=true)
OK PI-DEC-004 kem_decap_oracle (want_block=true got_block=true)
OK PI-DEC-005 kem_decap_oracle (want_block=true got_block=true)
OK PI-DEC-006 kem_decap_oracle (want_block=true got_block=true)
OK PI-DEC-007 kem_decap_oracle (want_block=true got_block=true)
OK PI-DEC-008 kem_decap_oracle (want_block=true got_block=true)
OK PI-DEC-009 kem_decap_oracle (want_block=true got_block=true)
OK PI-DEC-010 kem_decap_oracle (want_block=true got_block=true)
OK PI-DEC-011 kem_decap_oracle (want_block=true got_block=true)
OK PI-DEC-012 kem_decap_oracle (want_block=true got_block=true)
OK PI-DEC-013 kem_decap_oracle (want_block=true got_block=true)
OK PI-DEC-014 kem_decap_oracle (want_block=true got_block=true)
OK PI-DEC-015 kem_decap_oracle (want_block=true got_block=true)
OK PI-DEC-016 kem_decap_oracle (want_block=true got_block=true)
OK PI-DEC-017 kem_decap_oracle (want_block=true got_block=true)
OK PI-DEC-018 kem_decap_oracle (want_block=true got_block=true)
OK PI-DEC-019 kem_decap_oracle (want_block=true got_block=true)
OK PI-DEC-020 kem_decap_oracle (want_block=true got_block=true)
OK PI-DEC-021 kem_decap_oracle (want_block=true got_block=true)
OK PI-DEC-022 kem_decap_oracle (want_block=true got_block=true)
OK PI-DEC-023 kem_decap_oracle (want_block=true got_block=true)
OK PI-DEC-024 kem_decap_oracle (want_block=true got_block=true)
OK PI-DEC-025 kem_decap_oracle (want_block=true got_block=true)
OK PI-DEC-026 kem_decap_oracle (want_block=true got_block=true)
OK PI-DEC-027 kem_decap_oracle (want_block=true got_block=true)
OK PI-DEC-028 kem_decap_oracle (want_block=true got_block=true)
OK PI-DEC-029 kem_decap_oracle (want_block=true got_block=true)
OK PI-DEC-030 kem_decap_oracle (want_block=true got_block=true)
OK PI-DEC-031 kem_decap_oracle (want_block=true got_block=true)
OK PI-DEC-032 kem_decap_oracle (want_block=true got_block=true)
OK PI-DEC-033 kem_decap_oracle (want_block=true got_block=true)
OK PI-DEC-034 kem_decap_oracle (want_block=true got_block=true)
OK PI-DEC-035 kem_decap_oracle (want_block=true got_block=true)
OK PI-DEC-036 kem_decap_oracle (want_block=true got_block=true)
OK PI-DEC-037 kem_decap_oracle (want_block=true got_block=true)
OK PI-DEC-038 kem_decap_oracle (want_block=true got_block=true)
OK PI-DEC-039 kem_decap_oracle (want_block=true got_block=true)
OK PI-DEC-040 kem_decap_oracle (want_block=true got_block=true)
OK PI-DEC-041 kem_decap_oracle (want_block=true got_block=true)
OK PI-DEC-042 kem_decap_oracle (want_block=true got_block=true)
OK PI-DEC-043 kem_decap_oracle (want_block=true got_block=true)
OK PI-DEC-044 kem_decap_oracle (want_block=true got_block=true)
OK PI-DEC-045 kem_decap_oracle (want_block=true got_block=true)
OK PI-DEC-046 kem_decap_oracle (want_block=true got_block=true)
OK PI-DEC-047 kem_decap_oracle (want_block=true got_block=true)
OK PI-DEC-048 kem_decap_oracle (want_block=true got_block=true)
OK PI-DEC-049 kem_decap_oracle (want_block=true got_block=true)
OK PI-DEC-050 kem_decap_oracle (want_block=true got_block=true)
OK PI-TAG-001 tag_stripping (want_block=true got_block=true)
OK PI-TAG-002 tag_stripping (want_block=true got_block=true)
OK PI-TAG-003 tag_stripping (want_block=true got_block=true)
OK PI-TAG-004 tag_stripping (want_block=true got_block=true)
OK PI-TAG-005 tag_stripping (want_block=true got_block=true)
OK PI-TAG-006 tag_stripping (want_block=true got_block=true)
OK PI-TAG-007 tag_stripping (want_block=true got_block=true)
OK PI-TAG-008 tag_stripping (want_block=true got_block=true)
OK PI-TAG-009 tag_stripping (want_block=true got_block=true)
OK PI-TAG-010 tag_stripping (want_block=true got_block=true)
OK PI-TAG-011 tag_stripping (want_block=true got_block=true)
OK PI-TAG-012 tag_stripping (want_block=true got_block=true)
OK PI-TAG-013 tag_stripping (want_block=true got_block=true)
OK PI-TAG-014 tag_stripping (want_block=true got_block=true)
OK PI-TAG-015 tag_stripping (want_block=true got_block=true)
OK PI-TAG-016 tag_stripping (want_block=true got_block=true)
OK PI-TAG-017 tag_stripping (want_block=true got_block=true)
OK PI-TAG-018 tag_stripping (want_block=true got_block=true)
OK PI-TAG-019 tag_stripping (want_block=true got_block=true)
OK PI-TAG-020 tag_stripping (want_block=true got_block=true)
OK PI-TAG-021 tag_stripping (want_block=true got_block=true)
OK PI-TAG-022 tag_stripping (want_block=true got_block=true)
OK PI-TAG-023 tag_stripping (want_block=true got_block=true)
OK PI-TAG-024 tag_stripping (want_block=true got_block=true)
OK PI-TAG-025 tag_stripping (want_block=true got_block=true)
OK PI-TAG-026 tag_stripping (want_block=true got_block=true)
OK PI-TAG-027 tag_stripping (want_block=true got_block=true)
OK PI-TAG-028 tag_stripping (want_block=true got_block=true)
OK PI-TAG-029 tag_stripping (want_block=true got_block=true)
OK PI-TAG-030 tag_stripping (want_block=true got_block=true)
OK PI-TAG-031 tag_stripping (want_block=true got_block=true)
OK PI-TAG-032 tag_stripping (want_block=true got_block=true)
OK PI-TAG-033 tag_stripping (want_block=true got_block=true)
OK PI-TAG-034 tag_stripping (want_block=true got_block=true)
OK PI-TAG-035 tag_stripping (want_block=true got_block=true)
OK PI-TAG-036 tag_stripping (want_block=true got_block=true)
OK PI-TAG-037 tag_stripping (want_block=true got_block=true)
OK PI-TAG-038 tag_stripping (want_block=true got_block=true)
OK PI-TAG-039 tag_stripping (want_block=true got_block=true)
OK PI-TAG-040 tag_stripping (want_block=true got_block=true)
OK PI-TAG-041 tag_stripping (want_block=true got_block=true)
OK PI-TAG-042 tag_stripping (want_block=true got_block=true)
OK PI-TAG-043 tag_stripping (want_block=true got_block=true)
OK PI-TAG-044 tag_stripping (want_block=true got_block=true)
OK PI-TAG-045 tag_stripping (want_block=true got_block=true)
OK PI-TAG-046 tag_stripping (want_block=true got_block=true)
OK PI-TAG-047 tag_stripping (want_block=true got_block=true)
OK PI-TAG-048 tag_stripping (want_block=true got_block=true)
OK PI-TAG-049 tag_stripping (want_block=true got_block=true)
OK PI-TAG-050 tag_stripping (want_block=true got_block=true)
OK PI-HSF-001 handshake_fingerprint (want_block=true got_block=true)
OK PI-HSF-002 handshake_fingerprint (want_block=true got_block=true)
OK PI-HSF-003 handshake_fingerprint (want_block=true got_block=true)
OK PI-HSF-004 handshake_fingerprint (want_block=true got_block=true)
OK PI-HSF-005 handshake_fingerprint (want_block=true got_block=true)
OK PI-HSF-006 handshake_fingerprint (want_block=true got_block=true)
OK PI-HSF-007 handshake_fingerprint (want_block=true got_block=true)
OK PI-HSF-008 handshake_fingerprint (want_block=true got_block=true)
OK PI-HSF-009 handshake_fingerprint (want_block=true got_block=true)
OK PI-HSF-010 handshake_fingerprint (want_block=true got_block=true)
OK PI-HSF-011 handshake_fingerprint (want_block=true got_block=true)
OK PI-HSF-012 handshake_fingerprint (want_block=true got_block=true)
OK PI-HSF-013 handshake_fingerprint (want_block=true got_block=true)
OK PI-HSF-014 handshake_fingerprint (want_block=true got_block=true)
OK PI-HSF-015 handshake_fingerprint (want_block=true got_block=true)
OK PI-HSF-016 handshake_fingerprint (want_block=true got_block=true)
OK PI-HSF-017 handshake_fingerprint (want_block=true got_block=true)
OK PI-HSF-018 handshake_fingerprint (want_block=true got_block=true)
OK PI-HSF-019 handshake_fingerprint (want_block=true got_block=true)
OK PI-HSF-020 handshake_fingerprint (want_block=true got_block=true)
OK PI-HSF-021 handshake_fingerprint (want_block=true got_block=true)
OK PI-HSF-022 handshake_fingerprint (want_block=true got_block=true)
OK PI-HSF-023 handshake_fingerprint (want_block=true got_block=true)
OK PI-HSF-024 handshake_fingerprint (want_block=true got_block=true)
OK PI-HSF-025 handshake_fingerprint (want_block=true got_block=true)
OK PI-HSF-026 handshake_fingerprint (want_block=true got_block=true)
OK PI-HSF-027 handshake_fingerprint (want_block=true got_block=true)
OK PI-HSF-028 handshake_fingerprint (want_block=true got_block=true)
OK PI-HSF-029 handshake_fingerprint (want_block=true got_block=true)
OK PI-HSF-030 handshake_fingerprint (want_block=true got_block=true)
OK PI-HSF-031 handshake_fingerprint (want_block=true got_block=true)
OK PI-HSF-032 handshake_fingerprint (want_block=true got_block=true)
OK PI-HSF-033 handshake_fingerprint (want_block=true got_block=true)
OK PI-HSF-034 handshake_fingerprint (want_block=true got_block=true)
OK PI-HSF-035 handshake_fingerprint (want_block=true got_block=true)
OK PI-HSF-036 handshake_fingerprint (want_block=true got_block=true)
OK PI-HSF-037 handshake_fingerprint (want_block=true got_block=true)
OK PI-HSF-038 handshake_fingerprint (want_block=true got_block=true)
OK PI-HSF-039 handshake_fingerprint (want_block=true got_block=true)
OK PI-HSF-040 handshake_fingerprint (want_block=true got_block=true)
OK PI-HSF-041 handshake_fingerprint (want_block=true got_block=true)
OK PI-HSF-042 handshake_fingerprint (want_block=true got_block=true)
OK PI-HSF-043 handshake_fingerprint (want_block=true got_block=true)
OK PI-HSF-044 handshake_fingerprint (want_block=true got_block=true)
OK PI-HSF-045 handshake_fingerprint (want_block=true got_block=true)
OK PI-HSF-046 handshake_fingerprint (want_block=true got_block=true)
OK PI-HSF-047 handshake_fingerprint (want_block=true got_block=true)
OK PI-HSF-048 handshake_fingerprint (want_block=true got_block=true)
OK PI-HSF-049 handshake_fingerprint (want_block=true got_block=true)
OK PI-HSF-050 handshake_fingerprint (want_block=true got_block=true)
OK PI-CAR-001 concurrent_add_remove (want_block=true got_block=true)
OK PI-CAR-002 concurrent_add_remove (want_block=true got_block=true)
OK PI-CAR-003 concurrent_add_remove (want_block=true got_block=true)
OK PI-CAR-004 concurrent_add_remove (want_block=true got_block=true)
OK PI-CAR-005 concurrent_add_remove (want_block=true got_block=true)
OK PI-CAR-006 concurrent_add_remove (want_block=true got_block=true)
OK PI-CAR-007 concurrent_add_remove (want_block=true got_block=true)
OK PI-CAR-008 concurrent_add_remove (want_block=true got_block=true)
OK PI-CAR-009 concurrent_add_remove (want_block=true got_block=true)
OK PI-CAR-010 concurrent_add_remove (want_block=true got_block=true)
OK PI-CAR-011 concurrent_add_remove (want_block=true got_block=true)
OK PI-CAR-012 concurrent_add_remove (want_block=true got_block=true)
OK PI-CAR-013 concurrent_add_remove (want_block=true got_block=true)
OK PI-CAR-014 concurrent_add_remove (want_block=true got_block=true)
OK PI-CAR-015 concurrent_add_remove (want_block=true got_block=true)
OK PI-CAR-016 concurrent_add_remove (want_block=true got_block=true)
OK PI-CAR-017 concurrent_add_remove (want_block=true got_block=true)
OK PI-CAR-018 concurrent_add_remove (want_block=true got_block=true)
OK PI-CAR-019 concurrent_add_remove (want_block=true got_block=true)
OK PI-CAR-020 concurrent_add_remove (want_block=true got_block=true)
OK PI-CAR-021 concurrent_add_remove (want_block=true got_block=true)
OK PI-CAR-022 concurrent_add_remove (want_block=true got_block=true)
OK PI-CAR-023 concurrent_add_remove (want_block=true got_block=true)
OK PI-CAR-024 concurrent_add_remove (want_block=true got_block=true)
OK PI-CAR-025 concurrent_add_remove (want_block=true got_block=true)
OK PI-CAR-026 concurrent_add_remove (want_block=true got_block=true)
OK PI-CAR-027 concurrent_add_remove (want_block=true got_block=true)
OK PI-CAR-028 concurrent_add_remove (want_block=true got_block=true)
OK PI-CAR-029 concurrent_add_remove (want_block=true got_block=true)
OK PI-CAR-030 concurrent_add_remove (want_block=true got_block=true)
OK PI-CAR-031 concurrent_add_remove (want_block=true got_block=true)
OK PI-CAR-032 concurrent_add_remove (want_block=true got_block=true)
OK PI-CAR-033 concurrent_add_remove (want_block=true got_block=true)
OK PI-CAR-034 concurrent_add_remove (want_block=true got_block=true)
OK PI-CAR-035 concurrent_add_remove (want_block=true got_block=true)
OK PI-CAR-036 concurrent_add_remove (want_block=true got_block=true)
OK PI-CAR-037 concurrent_add_remove (want_block=true got_block=true)
OK PI-CAR-038 concurrent_add_remove (want_block=true got_block=true)
OK PI-CAR-039 concurrent_add_remove (want_block=true got_block=true)
OK PI-CAR-040 concurrent_add_remove (want_block=true got_block=true)
OK PI-CAR-041 concurrent_add_remove (want_block=true got_block=true)
OK PI-CAR-042 concurrent_add_remove (want_block=true got_block=true)
OK PI-CAR-043 concurrent_add_remove (want_block=true got_block=true)
OK PI-CAR-044 concurrent_add_remove (want_block=true got_block=true)
OK PI-CAR-045 concurrent_add_remove (want_block=true got_block=true)
OK PI-CAR-046 concurrent_add_remove (want_block=true got_block=true)
OK PI-CAR-047 concurrent_add_remove (want_block=true got_block=true)
OK PI-CAR-048 concurrent_add_remove (want_block=true got_block=true)
OK PI-CAR-049 concurrent_add_remove (want_block=true got_block=true)
OK PI-CAR-050 concurrent_add_remove (want_block=true got_block=true)
OK PI-EAF-001 epoch_authentication_failure (want_block=true got_block=true)
OK PI-EAF-002 epoch_authentication_failure (want_block=true got_block=true)
OK PI-EAF-003 epoch_authentication_failure (want_block=true got_block=true)
OK PI-EAF-004 epoch_authentication_failure (want_block=true got_block=true)
OK PI-EAF-005 epoch_authentication_failure (want_block=true got_block=true)
OK PI-EAF-006 epoch_authentication_failure (want_block=true got_block=true)
OK PI-EAF-007 epoch_authentication_failure (want_block=true got_block=true)
OK PI-EAF-008 epoch_authentication_failure (want_block=true got_block=true)
OK PI-EAF-009 epoch_authentication_failure (want_block=true got_block=true)
OK PI-EAF-010 epoch_authentication_failure (want_block=true got_block=true)
OK PI-EAF-011 epoch_authentication_failure (want_block=true got_block=true)
OK PI-EAF-012 epoch_authentication_failure (want_block=true got_block=true)
OK PI-EAF-013 epoch_authentication_failure (want_block=true got_block=true)
OK PI-EAF-014 epoch_authentication_failure (want_block=true got_block=true)
OK PI-EAF-015 epoch_authentication_failure (want_block=true got_block=true)
OK PI-EAF-016 epoch_authentication_failure (want_block=true got_block=true)
OK PI-EAF-017 epoch_authentication_failure (want_block=true got_block=true)
OK PI-EAF-018 epoch_authentication_failure (want_block=true got_block=true)
OK PI-EAF-019 epoch_authentication_failure (want_block=true got_block=true)
OK PI-EAF-020 epoch_authentication_failure (want_block=true got_block=true)
OK PI-EAF-021 epoch_authentication_failure (want_block=true got_block=true)
OK PI-EAF-022 epoch_authentication_failure (want_block=true got_block=true)
OK PI-EAF-023 epoch_authentication_failure (want_block=true got_block=true)
OK PI-EAF-024 epoch_authentication_failure (want_block=true got_block=true)
OK PI-EAF-025 epoch_authentication_failure (want_block=true got_block=true)
OK PI-EAF-026 epoch_authentication_failure (want_block=true got_block=true)
OK PI-EAF-027 epoch_authentication_failure (want_block=true got_block=true)
OK PI-EAF-028 epoch_authentication_failure (want_block=true got_block=true)
OK PI-EAF-029 epoch_authentication_failure (want_block=true got_block=true)
OK PI-EAF-030 epoch_authentication_failure (want_block=true got_block=true)
OK PI-EAF-031 epoch_authentication_failure (want_block=true got_block=true)
OK PI-EAF-032 epoch_authentication_failure (want_block=true got_block=true)
OK PI-EAF-033 epoch_authentication_failure (want_block=true got_block=true)
OK PI-EAF-034 epoch_authentication_failure (want_block=true got_block=true)
OK PI-EAF-035 epoch_authentication_failure (want_block=true got_block=true)
OK PI-EAF-036 epoch_authentication_failure (want_block=true got_block=true)
OK PI-EAF-037 epoch_authentication_failure (want_block=true got_block=true)
OK PI-EAF-038 epoch_authentication_failure (want_block=true got_block=true)
OK PI-EAF-039 epoch_authentication_failure (want_block=true got_block=true)
OK PI-EAF-040 epoch_authentication_failure (want_block=true got_block=true)
OK PI-EAF-041 epoch_authentication_failure (want_block=true got_block=true)
OK PI-EAF-042 epoch_authentication_failure (want_block=true got_block=true)
OK PI-EAF-043 epoch_authentication_failure (want_block=true got_block=true)
OK PI-EAF-044 epoch_authentication_failure (want_block=true got_block=true)
OK PI-EAF-045 epoch_authentication_failure (want_block=true got_block=true)
OK PI-EAF-046 epoch_authentication_failure (want_block=true got_block=true)
OK PI-EAF-047 epoch_authentication_failure (want_block=true got_block=true)
OK PI-EAF-048 epoch_authentication_failure (want_block=true got_block=true)
OK PI-EAF-049 epoch_authentication_failure (want_block=true got_block=true)
OK PI-EAF-050 epoch_authentication_failure (want_block=true got_block=true)
OK PI-WKP-001 welcome_keypackage_pinning (want_block=true got_block=true)
OK PI-WKP-002 welcome_keypackage_pinning (want_block=true got_block=true)
OK PI-WKP-003 welcome_keypackage_pinning (want_block=true got_block=true)
OK PI-WKP-004 welcome_keypackage_pinning (want_block=true got_block=true)
OK PI-WKP-005 welcome_keypackage_pinning (want_block=true got_block=true)
OK PI-WKP-006 welcome_keypackage_pinning (want_block=true got_block=true)
OK PI-WKP-007 welcome_keypackage_pinning (want_block=true got_block=true)
OK PI-WKP-008 welcome_keypackage_pinning (want_block=true got_block=true)
OK PI-WKP-009 welcome_keypackage_pinning (want_block=true got_block=true)
OK PI-WKP-010 welcome_keypackage_pinning (want_block=true got_block=true)
OK PI-WKP-011 welcome_keypackage_pinning (want_block=true got_block=true)
OK PI-WKP-012 welcome_keypackage_pinning (want_block=true got_block=true)
OK PI-WKP-013 welcome_keypackage_pinning (want_block=true got_block=true)
OK PI-WKP-014 welcome_keypackage_pinning (want_block=true got_block=true)
OK PI-WKP-015 welcome_keypackage_pinning (want_block=true got_block=true)
OK PI-WKP-016 welcome_keypackage_pinning (want_block=true got_block=true)
OK PI-WKP-017 welcome_keypackage_pinning (want_block=true got_block=true)
OK PI-WKP-018 welcome_keypackage_pinning (want_block=true got_block=true)
OK PI-WKP-019 welcome_keypackage_pinning (want_block=true got_block=true)
OK PI-WKP-020 welcome_keypackage_pinning (want_block=true got_block=true)
OK PI-WKP-021 welcome_keypackage_pinning (want_block=true got_block=true)
OK PI-WKP-022 welcome_keypackage_pinning (want_block=true got_block=true)
OK PI-WKP-023 welcome_keypackage_pinning (want_block=true got_block=true)
OK PI-WKP-024 welcome_keypackage_pinning (want_block=true got_block=true)
OK PI-WKP-025 welcome_keypackage_pinning (want_block=true got_block=true)
OK PI-WKP-026 welcome_keypackage_pinning (want_block=true got_block=true)
OK PI-WKP-027 welcome_keypackage_pinning (want_block=true got_block=true)
OK PI-WKP-028 welcome_keypackage_pinning (want_block=true got_block=true)
OK PI-WKP-029 welcome_keypackage_pinning (want_block=true got_block=true)
OK PI-WKP-030 welcome_keypackage_pinning (want_block=true got_block=true)
OK PI-WKP-031 welcome_keypackage_pinning (want_block=true got_block=true)
OK PI-WKP-032 welcome_keypackage_pinning (want_block=true got_block=true)
OK PI-WKP-033 welcome_keypackage_pinning (want_block=true got_block=true)
OK PI-WKP-034 welcome_keypackage_pinning (want_block=true got_block=true)
OK PI-WKP-035 welcome_keypackage_pinning (want_block=true got_block=true)
OK PI-WKP-036 welcome_keypackage_pinning (want_block=true got_block=true)
OK PI-WKP-037 welcome_keypackage_pinning (want_block=true got_block=true)
OK PI-WKP-038 welcome_keypackage_pinning (want_block=true got_block=true)
OK PI-WKP-039 welcome_keypackage_pinning (want_block=true got_block=true)
OK PI-WKP-040 welcome_keypackage_pinning (want_block=true got_block=true)
OK PI-WKP-041 welcome_keypackage_pinning (want_block=true got_block=true)
OK PI-WKP-042 welcome_keypackage_pinning (want_block=true got_block=true)
OK PI-WKP-043 welcome_keypackage_pinning (want_block=true got_block=true)
OK PI-WKP-044 welcome_keypackage_pinning (want_block=true got_block=true)
OK PI-WKP-045 welcome_keypackage_pinning (want_block=true got_block=true)
OK PI-WKP-046 welcome_keypackage_pinning (want_block=true got_block=true)
OK PI-WKP-047 welcome_keypackage_pinning (want_block=true got_block=true)
OK PI-WKP-048 welcome_keypackage_pinning (want_block=true got_block=true)
OK PI-WKP-049 welcome_keypackage_pinning (want_block=true got_block=true)
OK PI-WKP-050 welcome_keypackage_pinning (want_block=true got_block=true)
OK PI-PV-001 proposal_validation (want_block=true got_block=true)
OK PI-PV-002 proposal_validation (want_block=true got_block=true)
OK PI-PV-003 proposal_validation (want_block=true got_block=true)
OK PI-PV-004 proposal_validation (want_block=true got_block=true)
OK PI-PV-005 proposal_validation (want_block=true got_block=true)
OK PI-PV-006 proposal_validation (want_block=true got_block=true)
OK PI-PV-007 proposal_validation (want_block=true got_block=true)
OK PI-PV-008 proposal_validation (want_block=true got_block=true)
OK PI-PV-009 proposal_validation (want_block=true got_block=true)
OK PI-PV-010 proposal_validation (want_block=true got_block=true)
OK PI-PV-011 proposal_validation (want_block=true got_block=true)
OK PI-PV-012 proposal_validation (want_block=true got_block=true)
OK PI-PV-013 proposal_validation (want_block=true got_block=true)
OK PI-PV-014 proposal_validation (want_block=true got_block=true)
OK PI-PV-015 proposal_validation (want_block=true got_block=true)
OK PI-PV-016 proposal_validation (want_block=true got_block=true)
OK PI-PV-017 proposal_validation (want_block=true got_block=true)
OK PI-PV-018 proposal_validation (want_block=true got_block=true)
OK PI-PV-019 proposal_validation (want_block=true got_block=true)
OK PI-PV-020 proposal_validation (want_block=true got_block=true)
OK PI-PV-021 proposal_validation (want_block=true got_block=true)
OK PI-PV-022 proposal_validation (want_block=true got_block=true)
OK PI-PV-023 proposal_validation (want_block=true got_block=true)
OK PI-PV-024 proposal_validation (want_block=true got_block=true)
OK PI-PV-025 proposal_validation (want_block=true got_block=true)
OK PI-PV-026 proposal_validation (want_block=true got_block=true)
OK PI-PV-027 proposal_validation (want_block=true got_block=true)
OK PI-PV-028 proposal_validation (want_block=true got_block=true)
OK PI-PV-029 proposal_validation (want_block=true got_block=true)
OK PI-PV-030 proposal_validation (want_block=true got_block=true)
OK PI-PV-031 proposal_validation (want_block=true got_block=true)
OK PI-PV-032 proposal_validation (want_block=true got_block=true)
OK PI-PV-033 proposal_validation (want_block=true got_block=true)
OK PI-PV-034 proposal_validation (want_block=true got_block=true)
OK PI-PV-035 proposal_validation (want_block=true got_block=true)
OK PI-PV-036 proposal_validation (want_block=true got_block=true)
OK PI-PV-037 proposal_validation (want_block=true got_block=true)
OK PI-PV-038 proposal_validation (want_block=true got_block=true)
OK PI-PV-039 proposal_validation (want_block=true got_block=true)
OK PI-PV-040 proposal_validation (want_block=true got_block=true)
OK PI-PV-041 proposal_validation (want_block=true got_block=true)
OK PI-PV-042 proposal_validation (want_block=true got_block=true)
OK PI-PV-043 proposal_validation (want_block=true got_block=true)
OK PI-PV-044 proposal_validation (want_block=true got_block=true)
OK PI-PV-045 proposal_validation (want_block=true got_block=true)
OK PI-PV-046 proposal_validation (want_block=true got_block=true)
OK PI-PV-047 proposal_validation (want_block=true got_block=true)
OK PI-PV-048 proposal_validation (want_block=true got_block=true)
OK PI-PV-049 proposal_validation (want_block=true got_block=true)
OK PI-PV-050 proposal_validation (want_block=true got_block=true)
OK PI-MT-001 mac_truncation (want_block=true got_block=true)
OK PI-MT-002 mac_truncation (want_block=true got_block=true)
OK PI-MT-003 mac_truncation (want_block=true got_block=true)
OK PI-MT-004 mac_truncation (want_block=true got_block=true)
OK PI-MT-005 mac_truncation (want_block=true got_block=true)
OK PI-MT-006 mac_truncation (want_block=true got_block=true)
OK PI-MT-007 mac_truncation (want_block=true got_block=true)
OK PI-MT-008 mac_truncation (want_block=true got_block=true)
OK PI-MT-009 mac_truncation (want_block=true got_block=true)
OK PI-MT-010 mac_truncation (want_block=true got_block=true)
OK PI-MT-011 mac_truncation (want_block=true got_block=true)
OK PI-MT-012 mac_truncation (want_block=true got_block=true)
OK PI-MT-013 mac_truncation (want_block=true got_block=true)
OK PI-MT-014 mac_truncation (want_block=true got_block=true)
OK PI-MT-015 mac_truncation (want_block=true got_block=true)
OK PI-MT-016 mac_truncation (want_block=true got_block=true)
OK PI-MT-017 mac_truncation (want_block=true got_block=true)
OK PI-MT-018 mac_truncation (want_block=true got_block=true)
OK PI-MT-019 mac_truncation (want_block=true got_block=true)
OK PI-MT-020 mac_truncation (want_block=true got_block=true)
OK PI-MT-021 mac_truncation (want_block=true got_block=true)
OK PI-MT-022 mac_truncation (want_block=true got_block=true)
OK PI-MT-023 mac_truncation (want_block=true got_block=true)
OK PI-MT-024 mac_truncation (want_block=true got_block=true)
OK PI-MT-025 mac_truncation (want_block=true got_block=true)
OK PI-MT-026 mac_truncation (want_block=true got_block=true)
OK PI-MT-027 mac_truncation (want_block=true got_block=true)
OK PI-MT-028 mac_truncation (want_block=true got_block=true)
OK PI-MT-029 mac_truncation (want_block=true got_block=true)
OK PI-MT-030 mac_truncation (want_block=true got_block=true)
OK PI-MT-031 mac_truncation (want_block=true got_block=true)
OK PI-MT-032 mac_truncation (want_block=true got_block=true)
OK PI-MT-033 mac_truncation (want_block=true got_block=true)
OK PI-MT-034 mac_truncation (want_block=true got_block=true)
OK PI-MT-035 mac_truncation (want_block=true got_block=true)
OK PI-MT-036 mac_truncation (want_block=true got_block=true)
OK PI-MT-037 mac_truncation (want_block=true got_block=true)
OK PI-MT-038 mac_truncation (want_block=true got_block=true)
OK PI-MT-039 mac_truncation (want_block=true got_block=true)
OK PI-MT-040 mac_truncation (want_block=true got_block=true)
OK PI-MT-041 mac_truncation (want_block=true got_block=true)
OK PI-MT-042 mac_truncation (want_block=true got_block=true)
OK PI-MT-043 mac_truncation (want_block=true got_block=true)
OK PI-MT-044 mac_truncation (want_block=true got_block=true)
OK PI-MT-045 mac_truncation (want_block=true got_block=true)
OK PI-MT-046 mac_truncation (want_block=true got_block=true)
OK PI-MT-047 mac_truncation (want_block=true got_block=true)
OK PI-MT-048 mac_truncation (want_block=true got_block=true)
OK PI-MT-049 mac_truncation (want_block=true got_block=true)
OK PI-MT-050 mac_truncation (want_block=true got_block=true)
OK PI-RIN-001 reinit_freshness (want_block=true got_block=true)
OK PI-RIN-002 reinit_freshness (want_block=true got_block=true)
OK PI-RIN-003 reinit_freshness (want_block=true got_block=true)
OK PI-RIN-004 reinit_freshness (want_block=true got_block=true)
OK PI-RIN-005 reinit_freshness (want_block=true got_block=true)
OK PI-RIN-006 reinit_freshness (want_block=true got_block=true)
OK PI-RIN-007 reinit_freshness (want_block=true got_block=true)
OK PI-RIN-008 reinit_freshness (want_block=true got_block=true)
OK PI-RIN-009 reinit_freshness (want_block=true got_block=true)
OK PI-RIN-010 reinit_freshness (want_block=true got_block=true)
OK PI-RIN-011 reinit_freshness (want_block=true got_block=true)
OK PI-RIN-012 reinit_freshness (want_block=true got_block=true)
OK PI-RIN-013 reinit_freshness (want_block=true got_block=true)
OK PI-RIN-014 reinit_freshness (want_block=true got_block=true)
OK PI-RIN-015 reinit_freshness (want_block=true got_block=true)
OK PI-RIN-016 reinit_freshness (want_block=true got_block=true)
OK PI-RIN-017 reinit_freshness (want_block=true got_block=true)
OK PI-RIN-018 reinit_freshness (want_block=true got_block=true)
OK PI-RIN-019 reinit_freshness (want_block=true got_block=true)
OK PI-RIN-020 reinit_freshness (want_block=true got_block=true)
OK PI-RIN-021 reinit_freshness (want_block=true got_block=true)
OK PI-RIN-022 reinit_freshness (want_block=true got_block=true)
OK PI-RIN-023 reinit_freshness (want_block=true got_block=true)
OK PI-RIN-024 reinit_freshness (want_block=true got_block=true)
OK PI-RIN-025 reinit_freshness (want_block=true got_block=true)
OK PI-RIN-026 reinit_freshness (want_block=true got_block=true)
OK PI-RIN-027 reinit_freshness (want_block=true got_block=true)
OK PI-RIN-028 reinit_freshness (want_block=true got_block=true)
OK PI-RIN-029 reinit_freshness (want_block=true got_block=true)
OK PI-RIN-030 reinit_freshness (want_block=true got_block=true)
OK PI-RIN-031 reinit_freshness (want_block=true got_block=true)
OK PI-RIN-032 reinit_freshness (want_block=true got_block=true)
OK PI-RIN-033 reinit_freshness (want_block=true got_block=true)
OK PI-RIN-034 reinit_freshness (want_block=true got_block=true)
OK PI-RIN-035 reinit_freshness (want_block=true got_block=true)
OK PI-RIN-036 reinit_freshness (want_block=true got_block=true)
OK PI-RIN-037 reinit_freshness (want_block=true got_block=true)
OK PI-RIN-038 reinit_freshness (want_block=true got_block=true)
OK PI-RIN-039 reinit_freshness (want_block=true got_block=true)
OK PI-RIN-040 reinit_freshness (want_block=true got_block=true)
OK PI-RIN-041 reinit_freshness (want_block=true got_block=true)
OK PI-RIN-042 reinit_freshness (want_block=true got_block=true)
OK PI-RIN-043 reinit_freshness (want_block=true got_block=true)
OK PI-RIN-044 reinit_freshness (want_block=true got_block=true)
OK PI-RIN-045 reinit_freshness (want_block=true got_block=true)
OK PI-RIN-046 reinit_freshness (want_block=true got_block=true)
OK PI-RIN-047 reinit_freshness (want_block=true got_block=true)
OK PI-RIN-048 reinit_freshness (want_block=true got_block=true)
OK PI-RIN-049 reinit_freshness (want_block=true got_block=true)
OK PI-RIN-050 reinit_freshness (want_block=true got_block=true)
OK PI-ACK-001 appack_replay (want_block=true got_block=true)
OK PI-ACK-002 appack_replay (want_block=true got_block=true)
OK PI-ACK-003 appack_replay (want_block=true got_block=true)
OK PI-ACK-004 appack_replay (want_block=true got_block=true)
OK PI-ACK-005 appack_replay (want_block=true got_block=true)
OK PI-ACK-006 appack_replay (want_block=true got_block=true)
OK PI-ACK-007 appack_replay (want_block=true got_block=true)
OK PI-ACK-008 appack_replay (want_block=true got_block=true)
OK PI-ACK-009 appack_replay (want_block=true got_block=true)
OK PI-ACK-010 appack_replay (want_block=true got_block=true)
OK PI-ACK-011 appack_replay (want_block=true got_block=true)
OK PI-ACK-012 appack_replay (want_block=true got_block=true)
OK PI-ACK-013 appack_replay (want_block=true got_block=true)
OK PI-ACK-014 appack_replay (want_block=true got_block=true)
OK PI-ACK-015 appack_replay (want_block=true got_block=true)
OK PI-ACK-016 appack_replay (want_block=true got_block=true)
OK PI-ACK-017 appack_replay (want_block=true got_block=true)
OK PI-ACK-018 appack_replay (want_block=true got_block=true)
OK PI-ACK-019 appack_replay (want_block=true got_block=true)
OK PI-ACK-020 appack_replay (want_block=true got_block=true)
OK PI-ACK-021 appack_replay (want_block=true got_block=true)
OK PI-ACK-022 appack_replay (want_block=true got_block=true)
OK PI-ACK-023 appack_replay (want_block=true got_block=true)
OK PI-ACK-024 appack_replay (want_block=true got_block=true)
OK PI-ACK-025 appack_replay (want_block=true got_block=true)
OK PI-ACK-026 appack_replay (want_block=true got_block=true)
OK PI-ACK-027 appack_replay (want_block=true got_block=true)
OK PI-ACK-028 appack_replay (want_block=true got_block=true)
OK PI-ACK-029 appack_replay (want_block=true got_block=true)
OK PI-ACK-030 appack_replay (want_block=true got_block=true)
OK PI-ACK-031 appack_replay (want_block=true got_block=true)
OK PI-ACK-032 appack_replay (want_block=true got_block=true)
OK PI-ACK-033 appack_replay (want_block=true got_block=true)
OK PI-ACK-034 appack_replay (want_block=true got_block=true)
OK PI-ACK-035 appack_replay (want_block=true got_block=true)
OK PI-ACK-036 appack_replay (want_block=true got_block=true)
OK PI-ACK-037 appack_replay (want_block=true got_block=true)
OK PI-ACK-038 appack_replay (want_block=true got_block=true)
OK PI-ACK-039 appack_replay (want_block=true got_block=true)
OK PI-ACK-040 appack_replay (want_block=true got_block=true)
OK PI-ACK-041 appack_replay (want_block=true got_block=true)
OK PI-ACK-042 appack_replay (want_block=true got_block=true)
OK PI-ACK-043 appack_replay (want_block=true got_block=true)
OK PI-ACK-044 appack_replay (want_block=true got_block=true)
OK PI-ACK-045 appack_replay (want_block=true got_block=true)
OK PI-ACK-046 appack_replay (want_block=true got_block=true)
OK PI-ACK-047 appack_replay (want_block=true got_block=true)
OK PI-ACK-048 appack_replay (want_block=true got_block=true)
OK PI-ACK-049 appack_replay (want_block=true got_block=true)
OK PI-ACK-050 appack_replay (want_block=true got_block=true)
OK PI-CSF-001 commit_signature_forge (want_block=true got_block=true)
OK PI-CSF-002 commit_signature_forge (want_block=true got_block=true)
OK PI-CSF-003 commit_signature_forge (want_block=true got_block=true)
OK PI-CSF-004 commit_signature_forge (want_block=true got_block=true)
OK PI-CSF-005 commit_signature_forge (want_block=true got_block=true)
OK PI-CSF-006 commit_signature_forge (want_block=true got_block=true)
OK PI-CSF-007 commit_signature_forge (want_block=true got_block=true)
OK PI-CSF-008 commit_signature_forge (want_block=true got_block=true)
OK PI-CSF-009 commit_signature_forge (want_block=true got_block=true)
OK PI-CSF-010 commit_signature_forge (want_block=true got_block=true)
OK PI-CSF-011 commit_signature_forge (want_block=true got_block=true)
OK PI-CSF-012 commit_signature_forge (want_block=true got_block=true)
OK PI-CSF-013 commit_signature_forge (want_block=true got_block=true)
OK PI-CSF-014 commit_signature_forge (want_block=true got_block=true)
OK PI-CSF-015 commit_signature_forge (want_block=true got_block=true)
OK PI-CSF-016 commit_signature_forge (want_block=true got_block=true)
OK PI-CSF-017 commit_signature_forge (want_block=true got_block=true)
OK PI-CSF-018 commit_signature_forge (want_block=true got_block=true)
OK PI-CSF-019 commit_signature_forge (want_block=true got_block=true)
OK PI-CSF-020 commit_signature_forge (want_block=true got_block=true)
OK PI-CSF-021 commit_signature_forge (want_block=true got_block=true)
OK PI-CSF-022 commit_signature_forge (want_block=true got_block=true)
OK PI-CSF-023 commit_signature_forge (want_block=true got_block=true)
OK PI-CSF-024 commit_signature_forge (want_block=true got_block=true)
OK PI-CSF-025 commit_signature_forge (want_block=true got_block=true)
OK PI-CSF-026 commit_signature_forge (want_block=true got_block=true)
OK PI-CSF-027 commit_signature_forge (want_block=true got_block=true)
OK PI-CSF-028 commit_signature_forge (want_block=true got_block=true)
OK PI-CSF-029 commit_signature_forge (want_block=true got_block=true)
OK PI-CSF-030 commit_signature_forge (want_block=true got_block=true)
OK PI-CSF-031 commit_signature_forge (want_block=true got_block=true)
OK PI-CSF-032 commit_signature_forge (want_block=true got_block=true)
OK PI-CSF-033 commit_signature_forge (want_block=true got_block=true)
OK PI-CSF-034 commit_signature_forge (want_block=true got_block=true)
OK PI-CSF-035 commit_signature_forge (want_block=true got_block=true)
OK PI-CSF-036 commit_signature_forge (want_block=true got_block=true)
OK PI-CSF-037 commit_signature_forge (want_block=true got_block=true)
OK PI-CSF-038 commit_signature_forge (want_block=true got_block=true)
OK PI-CSF-039 commit_signature_forge (want_block=true got_block=true)
OK PI-CSF-040 commit_signature_forge (want_block=true got_block=true)
OK PI-CSF-041 commit_signature_forge (want_block=true got_block=true)
OK PI-CSF-042 commit_signature_forge (want_block=true got_block=true)
OK PI-CSF-043 commit_signature_forge (want_block=true got_block=true)
OK PI-CSF-044 commit_signature_forge (want_block=true got_block=true)
OK PI-CSF-045 commit_signature_forge (want_block=true got_block=true)
OK PI-CSF-046 commit_signature_forge (want_block=true got_block=true)
OK PI-CSF-047 commit_signature_forge (want_block=true got_block=true)
OK PI-CSF-048 commit_signature_forge (want_block=true got_block=true)
OK PI-CSF-049 commit_signature_forge (want_block=true got_block=true)
OK PI-CSF-050 commit_signature_forge (want_block=true got_block=true)
OK PI-PSC-001 prekey_signature_chain (want_block=true got_block=true)
OK PI-PSC-002 prekey_signature_chain (want_block=true got_block=true)
OK PI-PSC-003 prekey_signature_chain (want_block=true got_block=true)
OK PI-PSC-004 prekey_signature_chain (want_block=true got_block=true)
OK PI-PSC-005 prekey_signature_chain (want_block=true got_block=true)
OK PI-PSC-006 prekey_signature_chain (want_block=true got_block=true)
OK PI-PSC-007 prekey_signature_chain (want_block=true got_block=true)
OK PI-PSC-008 prekey_signature_chain (want_block=true got_block=true)
OK PI-PSC-009 prekey_signature_chain (want_block=true got_block=true)
OK PI-PSC-010 prekey_signature_chain (want_block=true got_block=true)
OK PI-PSC-011 prekey_signature_chain (want_block=true got_block=true)
OK PI-PSC-012 prekey_signature_chain (want_block=true got_block=true)
OK PI-PSC-013 prekey_signature_chain (want_block=true got_block=true)
OK PI-PSC-014 prekey_signature_chain (want_block=true got_block=true)
OK PI-PSC-015 prekey_signature_chain (want_block=true got_block=true)
OK PI-PSC-016 prekey_signature_chain (want_block=true got_block=true)
OK PI-PSC-017 prekey_signature_chain (want_block=true got_block=true)
OK PI-PSC-018 prekey_signature_chain (want_block=true got_block=true)
OK PI-PSC-019 prekey_signature_chain (want_block=true got_block=true)
OK PI-PSC-020 prekey_signature_chain (want_block=true got_block=true)
OK PI-PSC-021 prekey_signature_chain (want_block=true got_block=true)
OK PI-PSC-022 prekey_signature_chain (want_block=true got_block=true)
OK PI-PSC-023 prekey_signature_chain (want_block=true got_block=true)
OK PI-PSC-024 prekey_signature_chain (want_block=true got_block=true)
OK PI-PSC-025 prekey_signature_chain (want_block=true got_block=true)
OK PI-PSC-026 prekey_signature_chain (want_block=true got_block=true)
OK PI-PSC-027 prekey_signature_chain (want_block=true got_block=true)
OK PI-PSC-028 prekey_signature_chain (want_block=true got_block=true)
OK PI-PSC-029 prekey_signature_chain (want_block=true got_block=true)
OK PI-PSC-030 prekey_signature_chain (want_block=true got_block=true)
OK PI-PSC-031 prekey_signature_chain (want_block=true got_block=true)
OK PI-PSC-032 prekey_signature_chain (want_block=true got_block=true)
OK PI-PSC-033 prekey_signature_chain (want_block=true got_block=true)
OK PI-PSC-034 prekey_signature_chain (want_block=true got_block=true)
OK PI-PSC-035 prekey_signature_chain (want_block=true got_block=true)
OK PI-PSC-036 prekey_signature_chain (want_block=true got_block=true)
OK PI-PSC-037 prekey_signature_chain (want_block=true got_block=true)
OK PI-PSC-038 prekey_signature_chain (want_block=true got_block=true)
OK PI-PSC-039 prekey_signature_chain (want_block=true got_block=true)
OK PI-PSC-040 prekey_signature_chain (want_block=true got_block=true)
OK PI-PSC-041 prekey_signature_chain (want_block=true got_block=true)
OK PI-PSC-042 prekey_signature_chain (want_block=true got_block=true)
OK PI-PSC-043 prekey_signature_chain (want_block=true got_block=true)
OK PI-PSC-044 prekey_signature_chain (want_block=true got_block=true)
OK PI-PSC-045 prekey_signature_chain (want_block=true got_block=true)
OK PI-PSC-046 prekey_signature_chain (want_block=true got_block=true)
OK PI-PSC-047 prekey_signature_chain (want_block=true got_block=true)
OK PI-PSC-048 prekey_signature_chain (want_block=true got_block=true)
OK PI-PSC-049 prekey_signature_chain (want_block=true got_block=true)
OK PI-PSC-050 prekey_signature_chain (want_block=true got_block=true)
OK PI-CCT-001 padding_oracle_chosen_ct (want_block=true got_block=true)
OK PI-CCT-002 padding_oracle_chosen_ct (want_block=true got_block=true)
OK PI-CCT-003 padding_oracle_chosen_ct (want_block=true got_block=true)
OK PI-CCT-004 padding_oracle_chosen_ct (want_block=true got_block=true)
OK PI-CCT-005 padding_oracle_chosen_ct (want_block=true got_block=true)
OK PI-CCT-006 padding_oracle_chosen_ct (want_block=true got_block=true)
OK PI-CCT-007 padding_oracle_chosen_ct (want_block=true got_block=true)
OK PI-CCT-008 padding_oracle_chosen_ct (want_block=true got_block=true)
OK PI-CCT-009 padding_oracle_chosen_ct (want_block=true got_block=true)
OK PI-CCT-010 padding_oracle_chosen_ct (want_block=true got_block=true)
OK PI-CCT-011 padding_oracle_chosen_ct (want_block=true got_block=true)
OK PI-CCT-012 padding_oracle_chosen_ct (want_block=true got_block=true)
OK PI-CCT-013 padding_oracle_chosen_ct (want_block=true got_block=true)
OK PI-CCT-014 padding_oracle_chosen_ct (want_block=true got_block=true)
OK PI-CCT-015 padding_oracle_chosen_ct (want_block=true got_block=true)
OK PI-CCT-016 padding_oracle_chosen_ct (want_block=true got_block=true)
OK PI-CCT-017 padding_oracle_chosen_ct (want_block=true got_block=true)
OK PI-CCT-018 padding_oracle_chosen_ct (want_block=true got_block=true)
OK PI-CCT-019 padding_oracle_chosen_ct (want_block=true got_block=true)
OK PI-CCT-020 padding_oracle_chosen_ct (want_block=true got_block=true)
OK PI-CCT-021 padding_oracle_chosen_ct (want_block=true got_block=true)
OK PI-CCT-022 padding_oracle_chosen_ct (want_block=true got_block=true)
OK PI-CCT-023 padding_oracle_chosen_ct (want_block=true got_block=true)
OK PI-CCT-024 padding_oracle_chosen_ct (want_block=true got_block=true)
OK PI-CCT-025 padding_oracle_chosen_ct (want_block=true got_block=true)
OK PI-CCT-026 padding_oracle_chosen_ct (want_block=true got_block=true)
OK PI-CCT-027 padding_oracle_chosen_ct (want_block=true got_block=true)
OK PI-CCT-028 padding_oracle_chosen_ct (want_block=true got_block=true)
OK PI-CCT-029 padding_oracle_chosen_ct (want_block=true got_block=true)
OK PI-CCT-030 padding_oracle_chosen_ct (want_block=true got_block=true)
OK PI-CCT-031 padding_oracle_chosen_ct (want_block=true got_block=true)
OK PI-CCT-032 padding_oracle_chosen_ct (want_block=true got_block=true)
OK PI-CCT-033 padding_oracle_chosen_ct (want_block=true got_block=true)
OK PI-CCT-034 padding_oracle_chosen_ct (want_block=true got_block=true)
OK PI-CCT-035 padding_oracle_chosen_ct (want_block=true got_block=true)
OK PI-CCT-036 padding_oracle_chosen_ct (want_block=true got_block=true)
OK PI-CCT-037 padding_oracle_chosen_ct (want_block=true got_block=true)
OK PI-CCT-038 padding_oracle_chosen_ct (want_block=true got_block=true)
OK PI-CCT-039 padding_oracle_chosen_ct (want_block=true got_block=true)
OK PI-CCT-040 padding_oracle_chosen_ct (want_block=true got_block=true)
OK PI-CCT-041 padding_oracle_chosen_ct (want_block=true got_block=true)
OK PI-CCT-042 padding_oracle_chosen_ct (want_block=true got_block=true)
OK PI-CCT-043 padding_oracle_chosen_ct (want_block=true got_block=true)
OK PI-CCT-044 padding_oracle_chosen_ct (want_block=true got_block=true)
OK PI-CCT-045 padding_oracle_chosen_ct (want_block=true got_block=true)
OK PI-CCT-046 padding_oracle_chosen_ct (want_block=true got_block=true)
OK PI-CCT-047 padding_oracle_chosen_ct (want_block=true got_block=true)
OK PI-CCT-048 padding_oracle_chosen_ct (want_block=true got_block=true)
OK PI-CCT-049 padding_oracle_chosen_ct (want_block=true got_block=true)
OK PI-CCT-050 padding_oracle_chosen_ct (want_block=true got_block=true)
OK PI-CTS-001 cover_traffic_starvation (want_block=true got_block=true)
OK PI-CTS-002 cover_traffic_starvation (want_block=true got_block=true)
OK PI-CTS-003 cover_traffic_starvation (want_block=true got_block=true)
OK PI-CTS-004 cover_traffic_starvation (want_block=true got_block=true)
OK PI-CTS-005 cover_traffic_starvation (want_block=true got_block=true)
OK PI-CTS-006 cover_traffic_starvation (want_block=true got_block=true)
OK PI-CTS-007 cover_traffic_starvation (want_block=true got_block=true)
OK PI-CTS-008 cover_traffic_starvation (want_block=true got_block=true)
OK PI-CTS-009 cover_traffic_starvation (want_block=true got_block=true)
OK PI-CTS-010 cover_traffic_starvation (want_block=true got_block=true)
OK PI-CTS-011 cover_traffic_starvation (want_block=true got_block=true)
OK PI-CTS-012 cover_traffic_starvation (want_block=true got_block=true)
OK PI-CTS-013 cover_traffic_starvation (want_block=true got_block=true)
OK PI-CTS-014 cover_traffic_starvation (want_block=true got_block=true)
OK PI-CTS-015 cover_traffic_starvation (want_block=true got_block=true)
OK PI-CTS-016 cover_traffic_starvation (want_block=true got_block=true)
OK PI-CTS-017 cover_traffic_starvation (want_block=true got_block=true)
OK PI-CTS-018 cover_traffic_starvation (want_block=true got_block=true)
OK PI-CTS-019 cover_traffic_starvation (want_block=true got_block=true)
OK PI-CTS-020 cover_traffic_starvation (want_block=true got_block=true)
OK PI-CTS-021 cover_traffic_starvation (want_block=true got_block=true)
OK PI-CTS-022 cover_traffic_starvation (want_block=true got_block=true)
OK PI-CTS-023 cover_traffic_starvation (want_block=true got_block=true)
OK PI-CTS-024 cover_traffic_starvation (want_block=true got_block=true)
OK PI-CTS-025 cover_traffic_starvation (want_block=true got_block=true)
OK PI-CTS-026 cover_traffic_starvation (want_block=true got_block=true)
OK PI-CTS-027 cover_traffic_starvation (want_block=true got_block=true)
OK PI-CTS-028 cover_traffic_starvation (want_block=true got_block=true)
OK PI-CTS-029 cover_traffic_starvation (want_block=true got_block=true)
OK PI-CTS-030 cover_traffic_starvation (want_block=true got_block=true)
OK PI-CTS-031 cover_traffic_starvation (want_block=true got_block=true)
OK PI-CTS-032 cover_traffic_starvation (want_block=true got_block=true)
OK PI-CTS-033 cover_traffic_starvation (want_block=true got_block=true)
OK PI-CTS-034 cover_traffic_starvation (want_block=true got_block=true)
OK PI-CTS-035 cover_traffic_starvation (want_block=true got_block=true)
OK PI-CTS-036 cover_traffic_starvation (want_block=true got_block=true)
OK PI-CTS-037 cover_traffic_starvation (want_block=true got_block=true)
OK PI-CTS-038 cover_traffic_starvation (want_block=true got_block=true)
OK PI-CTS-039 cover_traffic_starvation (want_block=true got_block=true)
OK PI-CTS-040 cover_traffic_starvation (want_block=true got_block=true)
OK PI-CTS-041 cover_traffic_starvation (want_block=true got_block=true)
OK PI-CTS-042 cover_traffic_starvation (want_block=true got_block=true)
OK PI-CTS-043 cover_traffic_starvation (want_block=true got_block=true)
OK PI-CTS-044 cover_traffic_starvation (want_block=true got_block=true)
OK PI-CTS-045 cover_traffic_starvation (want_block=true got_block=true)
OK PI-CTS-046 cover_traffic_starvation (want_block=true got_block=true)
OK PI-CTS-047 cover_traffic_starvation (want_block=true got_block=true)
OK PI-CTS-048 cover_traffic_starvation (want_block=true got_block=true)
OK PI-CTS-049 cover_traffic_starvation (want_block=true got_block=true)
OK PI-CTS-050 cover_traffic_starvation (want_block=true got_block=true)
OK PI-PSK-001 mls_psk_external_injection (want_block=true got_block=true)
OK PI-PSK-002 mls_psk_external_injection (want_block=true got_block=true)
OK PI-PSK-003 mls_psk_external_injection (want_block=true got_block=true)
OK PI-PSK-004 mls_psk_external_injection (want_block=true got_block=true)
OK PI-PSK-005 mls_psk_external_injection (want_block=true got_block=true)
OK PI-PSK-006 mls_psk_external_injection (want_block=true got_block=true)
OK PI-PSK-007 mls_psk_external_injection (want_block=true got_block=true)
OK PI-PSK-008 mls_psk_external_injection (want_block=true got_block=true)
OK PI-PSK-009 mls_psk_external_injection (want_block=true got_block=true)
OK PI-PSK-010 mls_psk_external_injection (want_block=true got_block=true)
OK PI-PSK-011 mls_psk_external_injection (want_block=true got_block=true)
OK PI-PSK-012 mls_psk_external_injection (want_block=true got_block=true)
OK PI-PSK-013 mls_psk_external_injection (want_block=true got_block=true)
OK PI-PSK-014 mls_psk_external_injection (want_block=true got_block=true)
OK PI-PSK-015 mls_psk_external_injection (want_block=true got_block=true)
OK PI-PSK-016 mls_psk_external_injection (want_block=true got_block=true)
OK PI-PSK-017 mls_psk_external_injection (want_block=true got_block=true)
OK PI-PSK-018 mls_psk_external_injection (want_block=true got_block=true)
OK PI-PSK-019 mls_psk_external_injection (want_block=true got_block=true)
OK PI-PSK-020 mls_psk_external_injection (want_block=true got_block=true)
OK PI-PSK-021 mls_psk_external_injection (want_block=true got_block=true)
OK PI-PSK-022 mls_psk_external_injection (want_block=true got_block=true)
OK PI-PSK-023 mls_psk_external_injection (want_block=true got_block=true)
OK PI-PSK-024 mls_psk_external_injection (want_block=true got_block=true)
OK PI-PSK-025 mls_psk_external_injection (want_block=true got_block=true)
OK PI-PSK-026 mls_psk_external_injection (want_block=true got_block=true)
OK PI-PSK-027 mls_psk_external_injection (want_block=true got_block=true)
OK PI-PSK-028 mls_psk_external_injection (want_block=true got_block=true)
OK PI-PSK-029 mls_psk_external_injection (want_block=true got_block=true)
OK PI-PSK-030 mls_psk_external_injection (want_block=true got_block=true)
OK PI-PSK-031 mls_psk_external_injection (want_block=true got_block=true)
OK PI-PSK-032 mls_psk_external_injection (want_block=true got_block=true)
OK PI-PSK-033 mls_psk_external_injection (want_block=true got_block=true)
OK PI-PSK-034 mls_psk_external_injection (want_block=true got_block=true)
OK PI-PSK-035 mls_psk_external_injection (want_block=true got_block=true)
OK PI-PSK-036 mls_psk_external_injection (want_block=true got_block=true)
OK PI-PSK-037 mls_psk_external_injection (want_block=true got_block=true)
OK PI-PSK-038 mls_psk_external_injection (want_block=true got_block=true)
OK PI-PSK-039 mls_psk_external_injection (want_block=true got_block=true)
OK PI-PSK-040 mls_psk_external_injection (want_block=true got_block=true)
OK PI-PSK-041 mls_psk_external_injection (want_block=true got_block=true)
OK PI-PSK-042 mls_psk_external_injection (want_block=true got_block=true)
OK PI-PSK-043 mls_psk_external_injection (want_block=true got_block=true)
OK PI-PSK-044 mls_psk_external_injection (want_block=true got_block=true)
OK PI-PSK-045 mls_psk_external_injection (want_block=true got_block=true)
OK PI-PSK-046 mls_psk_external_injection (want_block=true got_block=true)
OK PI-PSK-047 mls_psk_external_injection (want_block=true got_block=true)
OK PI-PSK-048 mls_psk_external_injection (want_block=true got_block=true)
OK PI-PSK-049 mls_psk_external_injection (want_block=true got_block=true)
OK PI-PSK-050 mls_psk_external_injection (want_block=true got_block=true)
OK PI-WST-001 welcome_secret_treekem_pruning (want_block=true got_block=true)
OK PI-WST-002 welcome_secret_treekem_pruning (want_block=true got_block=true)
OK PI-WST-003 welcome_secret_treekem_pruning (want_block=true got_block=true)
OK PI-WST-004 welcome_secret_treekem_pruning (want_block=true got_block=true)
OK PI-WST-005 welcome_secret_treekem_pruning (want_block=true got_block=true)
OK PI-WST-006 welcome_secret_treekem_pruning (want_block=true got_block=true)
OK PI-WST-007 welcome_secret_treekem_pruning (want_block=true got_block=true)
OK PI-WST-008 welcome_secret_treekem_pruning (want_block=true got_block=true)
OK PI-WST-009 welcome_secret_treekem_pruning (want_block=true got_block=true)
OK PI-WST-010 welcome_secret_treekem_pruning (want_block=true got_block=true)
OK PI-WST-011 welcome_secret_treekem_pruning (want_block=true got_block=true)
OK PI-WST-012 welcome_secret_treekem_pruning (want_block=true got_block=true)
OK PI-WST-013 welcome_secret_treekem_pruning (want_block=true got_block=true)
OK PI-WST-014 welcome_secret_treekem_pruning (want_block=true got_block=true)
OK PI-WST-015 welcome_secret_treekem_pruning (want_block=true got_block=true)
OK PI-WST-016 welcome_secret_treekem_pruning (want_block=true got_block=true)
OK PI-WST-017 welcome_secret_treekem_pruning (want_block=true got_block=true)
OK PI-WST-018 welcome_secret_treekem_pruning (want_block=true got_block=true)
OK PI-WST-019 welcome_secret_treekem_pruning (want_block=true got_block=true)
OK PI-WST-020 welcome_secret_treekem_pruning (want_block=true got_block=true)
OK PI-WST-021 welcome_secret_treekem_pruning (want_block=true got_block=true)
OK PI-WST-022 welcome_secret_treekem_pruning (want_block=true got_block=true)
OK PI-WST-023 welcome_secret_treekem_pruning (want_block=true got_block=true)
OK PI-WST-024 welcome_secret_treekem_pruning (want_block=true got_block=true)
OK PI-WST-025 welcome_secret_treekem_pruning (want_block=true got_block=true)
OK PI-WST-026 welcome_secret_treekem_pruning (want_block=true got_block=true)
OK PI-WST-027 welcome_secret_treekem_pruning (want_block=true got_block=true)
OK PI-WST-028 welcome_secret_treekem_pruning (want_block=true got_block=true)
OK PI-WST-029 welcome_secret_treekem_pruning (want_block=true got_block=true)
OK PI-WST-030 welcome_secret_treekem_pruning (want_block=true got_block=true)
OK PI-WST-031 welcome_secret_treekem_pruning (want_block=true got_block=true)
OK PI-WST-032 welcome_secret_treekem_pruning (want_block=true got_block=true)
OK PI-WST-033 welcome_secret_treekem_pruning (want_block=true got_block=true)
OK PI-WST-034 welcome_secret_treekem_pruning (want_block=true got_block=true)
OK PI-WST-035 welcome_secret_treekem_pruning (want_block=true got_block=true)
OK PI-WST-036 welcome_secret_treekem_pruning (want_block=true got_block=true)
OK PI-WST-037 welcome_secret_treekem_pruning (want_block=true got_block=true)
OK PI-WST-038 welcome_secret_treekem_pruning (want_block=true got_block=true)
OK PI-WST-039 welcome_secret_treekem_pruning (want_block=true got_block=true)
OK PI-WST-040 welcome_secret_treekem_pruning (want_block=true got_block=true)
OK PI-WST-041 welcome_secret_treekem_pruning (want_block=true got_block=true)
OK PI-WST-042 welcome_secret_treekem_pruning (want_block=true got_block=true)
OK PI-WST-043 welcome_secret_treekem_pruning (want_block=true got_block=true)
OK PI-WST-044 welcome_secret_treekem_pruning (want_block=true got_block=true)
OK PI-WST-045 welcome_secret_treekem_pruning (want_block=true got_block=true)
OK PI-WST-046 welcome_secret_treekem_pruning (want_block=true got_block=true)
OK PI-WST-047 welcome_secret_treekem_pruning (want_block=true got_block=true)
OK PI-WST-048 welcome_secret_treekem_pruning (want_block=true got_block=true)
OK PI-WST-049 welcome_secret_treekem_pruning (want_block=true got_block=true)
OK PI-WST-050 welcome_secret_treekem_pruning (want_block=true got_block=true)
OK PI-EIP-001 external_init_secret_pinning (want_block=true got_block=true)
OK PI-EIP-002 external_init_secret_pinning (want_block=true got_block=true)
OK PI-EIP-003 external_init_secret_pinning (want_block=true got_block=true)
OK PI-EIP-004 external_init_secret_pinning (want_block=true got_block=true)
OK PI-EIP-005 external_init_secret_pinning (want_block=true got_block=true)
OK PI-EIP-006 external_init_secret_pinning (want_block=true got_block=true)
OK PI-EIP-007 external_init_secret_pinning (want_block=true got_block=true)
OK PI-EIP-008 external_init_secret_pinning (want_block=true got_block=true)
OK PI-EIP-009 external_init_secret_pinning (want_block=true got_block=true)
OK PI-EIP-010 external_init_secret_pinning (want_block=true got_block=true)
OK PI-EIP-011 external_init_secret_pinning (want_block=true got_block=true)
OK PI-EIP-012 external_init_secret_pinning (want_block=true got_block=true)
OK PI-EIP-013 external_init_secret_pinning (want_block=true got_block=true)
OK PI-EIP-014 external_init_secret_pinning (want_block=true got_block=true)
OK PI-EIP-015 external_init_secret_pinning (want_block=true got_block=true)
OK PI-EIP-016 external_init_secret_pinning (want_block=true got_block=true)
OK PI-EIP-017 external_init_secret_pinning (want_block=true got_block=true)
OK PI-EIP-018 external_init_secret_pinning (want_block=true got_block=true)
OK PI-EIP-019 external_init_secret_pinning (want_block=true got_block=true)
OK PI-EIP-020 external_init_secret_pinning (want_block=true got_block=true)
OK PI-EIP-021 external_init_secret_pinning (want_block=true got_block=true)
OK PI-EIP-022 external_init_secret_pinning (want_block=true got_block=true)
OK PI-EIP-023 external_init_secret_pinning (want_block=true got_block=true)
OK PI-EIP-024 external_init_secret_pinning (want_block=true got_block=true)
OK PI-EIP-025 external_init_secret_pinning (want_block=true got_block=true)
OK PI-EIP-026 external_init_secret_pinning (want_block=true got_block=true)
OK PI-EIP-027 external_init_secret_pinning (want_block=true got_block=true)
OK PI-EIP-028 external_init_secret_pinning (want_block=true got_block=true)
OK PI-EIP-029 external_init_secret_pinning (want_block=true got_block=true)
OK PI-EIP-030 external_init_secret_pinning (want_block=true got_block=true)
OK PI-EIP-031 external_init_secret_pinning (want_block=true got_block=true)
OK PI-EIP-032 external_init_secret_pinning (want_block=true got_block=true)
OK PI-EIP-033 external_init_secret_pinning (want_block=true got_block=true)
OK PI-EIP-034 external_init_secret_pinning (want_block=true got_block=true)
OK PI-EIP-035 external_init_secret_pinning (want_block=true got_block=true)
OK PI-EIP-036 external_init_secret_pinning (want_block=true got_block=true)
OK PI-EIP-037 external_init_secret_pinning (want_block=true got_block=true)
OK PI-EIP-038 external_init_secret_pinning (want_block=true got_block=true)
OK PI-EIP-039 external_init_secret_pinning (want_block=true got_block=true)
OK PI-EIP-040 external_init_secret_pinning (want_block=true got_block=true)
OK PI-EIP-041 external_init_secret_pinning (want_block=true got_block=true)
OK PI-EIP-042 external_init_secret_pinning (want_block=true got_block=true)
OK PI-EIP-043 external_init_secret_pinning (want_block=true got_block=true)
OK PI-EIP-044 external_init_secret_pinning (want_block=true got_block=true)
OK PI-EIP-045 external_init_secret_pinning (want_block=true got_block=true)
OK PI-EIP-046 external_init_secret_pinning (want_block=true got_block=true)
OK PI-EIP-047 external_init_secret_pinning (want_block=true got_block=true)
OK PI-EIP-048 external_init_secret_pinning (want_block=true got_block=true)
OK PI-EIP-049 external_init_secret_pinning (want_block=true got_block=true)
OK PI-EIP-050 external_init_secret_pinning (want_block=true got_block=true)
OK PI-RTX-001 ratchet_tree_extension_tampering (want_block=true got_block=true)
OK PI-RTX-002 ratchet_tree_extension_tampering (want_block=true got_block=true)
OK PI-RTX-003 ratchet_tree_extension_tampering (want_block=true got_block=true)
OK PI-RTX-004 ratchet_tree_extension_tampering (want_block=true got_block=true)
OK PI-RTX-005 ratchet_tree_extension_tampering (want_block=true got_block=true)
OK PI-RTX-006 ratchet_tree_extension_tampering (want_block=true got_block=true)
OK PI-RTX-007 ratchet_tree_extension_tampering (want_block=true got_block=true)
OK PI-RTX-008 ratchet_tree_extension_tampering (want_block=true got_block=true)
OK PI-RTX-009 ratchet_tree_extension_tampering (want_block=true got_block=true)
OK PI-RTX-010 ratchet_tree_extension_tampering (want_block=true got_block=true)
OK PI-RTX-011 ratchet_tree_extension_tampering (want_block=true got_block=true)
OK PI-RTX-012 ratchet_tree_extension_tampering (want_block=true got_block=true)
OK PI-RTX-013 ratchet_tree_extension_tampering (want_block=true got_block=true)
OK PI-RTX-014 ratchet_tree_extension_tampering (want_block=true got_block=true)
OK PI-RTX-015 ratchet_tree_extension_tampering (want_block=true got_block=true)
OK PI-RTX-016 ratchet_tree_extension_tampering (want_block=true got_block=true)
OK PI-RTX-017 ratchet_tree_extension_tampering (want_block=true got_block=true)
OK PI-RTX-018 ratchet_tree_extension_tampering (want_block=true got_block=true)
OK PI-RTX-019 ratchet_tree_extension_tampering (want_block=true got_block=true)
OK PI-RTX-020 ratchet_tree_extension_tampering (want_block=true got_block=true)
OK PI-RTX-021 ratchet_tree_extension_tampering (want_block=true got_block=true)
OK PI-RTX-022 ratchet_tree_extension_tampering (want_block=true got_block=true)
OK PI-RTX-023 ratchet_tree_extension_tampering (want_block=true got_block=true)
OK PI-RTX-024 ratchet_tree_extension_tampering (want_block=true got_block=true)
OK PI-RTX-025 ratchet_tree_extension_tampering (want_block=true got_block=true)
OK PI-RTX-026 ratchet_tree_extension_tampering (want_block=true got_block=true)
OK PI-RTX-027 ratchet_tree_extension_tampering (want_block=true got_block=true)
OK PI-RTX-028 ratchet_tree_extension_tampering (want_block=true got_block=true)
OK PI-RTX-029 ratchet_tree_extension_tampering (want_block=true got_block=true)
OK PI-RTX-030 ratchet_tree_extension_tampering (want_block=true got_block=true)
OK PI-RTX-031 ratchet_tree_extension_tampering (want_block=true got_block=true)
OK PI-RTX-032 ratchet_tree_extension_tampering (want_block=true got_block=true)
OK PI-RTX-033 ratchet_tree_extension_tampering (want_block=true got_block=true)
OK PI-RTX-034 ratchet_tree_extension_tampering (want_block=true got_block=true)
OK PI-RTX-035 ratchet_tree_extension_tampering (want_block=true got_block=true)
OK PI-RTX-036 ratchet_tree_extension_tampering (want_block=true got_block=true)
OK PI-RTX-037 ratchet_tree_extension_tampering (want_block=true got_block=true)
OK PI-RTX-038 ratchet_tree_extension_tampering (want_block=true got_block=true)
OK PI-RTX-039 ratchet_tree_extension_tampering (want_block=true got_block=true)
OK PI-RTX-040 ratchet_tree_extension_tampering (want_block=true got_block=true)
OK PI-RTX-041 ratchet_tree_extension_tampering (want_block=true got_block=true)
OK PI-RTX-042 ratchet_tree_extension_tampering (want_block=true got_block=true)
OK PI-RTX-043 ratchet_tree_extension_tampering (want_block=true got_block=true)
OK PI-RTX-044 ratchet_tree_extension_tampering (want_block=true got_block=true)
OK PI-RTX-045 ratchet_tree_extension_tampering (want_block=true got_block=true)
OK PI-RTX-046 ratchet_tree_extension_tampering (want_block=true got_block=true)
OK PI-RTX-047 ratchet_tree_extension_tampering (want_block=true got_block=true)
OK PI-RTX-048 ratchet_tree_extension_tampering (want_block=true got_block=true)
OK PI-RTX-049 ratchet_tree_extension_tampering (want_block=true got_block=true)
OK PI-RTX-050 ratchet_tree_extension_tampering (want_block=true got_block=true)
OK PI-CTC-001 confirmation_tag_chain (want_block=true got_block=true)
OK PI-CTC-002 confirmation_tag_chain (want_block=true got_block=true)
OK PI-CTC-003 confirmation_tag_chain (want_block=true got_block=true)
OK PI-CTC-004 confirmation_tag_chain (want_block=true got_block=true)
OK PI-CTC-005 confirmation_tag_chain (want_block=true got_block=true)
OK PI-CTC-006 confirmation_tag_chain (want_block=true got_block=true)
OK PI-CTC-007 confirmation_tag_chain (want_block=true got_block=true)
OK PI-CTC-008 confirmation_tag_chain (want_block=true got_block=true)
OK PI-CTC-009 confirmation_tag_chain (want_block=true got_block=true)
OK PI-CTC-010 confirmation_tag_chain (want_block=true got_block=true)
OK PI-CTC-011 confirmation_tag_chain (want_block=true got_block=true)
OK PI-CTC-012 confirmation_tag_chain (want_block=true got_block=true)
OK PI-CTC-013 confirmation_tag_chain (want_block=true got_block=true)
OK PI-CTC-014 confirmation_tag_chain (want_block=true got_block=true)
OK PI-CTC-015 confirmation_tag_chain (want_block=true got_block=true)
OK PI-CTC-016 confirmation_tag_chain (want_block=true got_block=true)
OK PI-CTC-017 confirmation_tag_chain (want_block=true got_block=true)
OK PI-CTC-018 confirmation_tag_chain (want_block=true got_block=true)
OK PI-CTC-019 confirmation_tag_chain (want_block=true got_block=true)
OK PI-CTC-020 confirmation_tag_chain (want_block=true got_block=true)
OK PI-CTC-021 confirmation_tag_chain (want_block=true got_block=true)
OK PI-CTC-022 confirmation_tag_chain (want_block=true got_block=true)
OK PI-CTC-023 confirmation_tag_chain (want_block=true got_block=true)
MISS PI-CTC-024 confirmation_tag_chain (want_block=true got_block=false)
OK PI-CTC-025 confirmation_tag_chain (want_block=true got_block=true)
OK PI-CTC-026 confirmation_tag_chain (want_block=true got_block=true)
OK PI-CTC-027 confirmation_tag_chain (want_block=true got_block=true)
MISS PI-CTC-028 confirmation_tag_chain (want_block=true got_block=false)
OK PI-CTC-029 confirmation_tag_chain (want_block=true got_block=true)
OK PI-CTC-030 confirmation_tag_chain (want_block=true got_block=true)
OK PI-CTC-031 confirmation_tag_chain (want_block=true got_block=true)
OK PI-CTC-032 confirmation_tag_chain (want_block=true got_block=true)
MISS PI-CTC-033 confirmation_tag_chain (want_block=true got_block=false)
OK PI-CTC-034 confirmation_tag_chain (want_block=true got_block=true)
OK PI-CTC-035 confirmation_tag_chain (want_block=true got_block=true)
MISS PI-CTC-036 confirmation_tag_chain (want_block=true got_block=false)
OK PI-CTC-037 confirmation_tag_chain (want_block=true got_block=true)
OK PI-CTC-038 confirmation_tag_chain (want_block=true got_block=true)
OK PI-CTC-039 confirmation_tag_chain (want_block=true got_block=true)
OK PI-CTC-040 confirmation_tag_chain (want_block=true got_block=true)
OK PI-CTC-041 confirmation_tag_chain (want_block=true got_block=true)
OK PI-CTC-042 confirmation_tag_chain (want_block=true got_block=true)
OK PI-CTC-043 confirmation_tag_chain (want_block=true got_block=true)
OK PI-CTC-044 confirmation_tag_chain (want_block=true got_block=true)
OK PI-CTC-045 confirmation_tag_chain (want_block=true got_block=true)
OK PI-CTC-046 confirmation_tag_chain (want_block=true got_block=true)
MISS PI-CTC-047 confirmation_tag_chain (want_block=true got_block=false)
OK PI-CTC-048 confirmation_tag_chain (want_block=true got_block=true)
OK PI-CTC-049 confirmation_tag_chain (want_block=true got_block=true)
MISS PI-CTC-050 confirmation_tag_chain (want_block=true got_block=false)
OK PI-SDH-001 sender_data_header_encryption (want_block=true got_block=true)
OK PI-SDH-002 sender_data_header_encryption (want_block=true got_block=true)
OK PI-SDH-003 sender_data_header_encryption (want_block=true got_block=true)
OK PI-SDH-004 sender_data_header_encryption (want_block=true got_block=true)
OK PI-SDH-005 sender_data_header_encryption (want_block=true got_block=true)
OK PI-SDH-006 sender_data_header_encryption (want_block=true got_block=true)
OK PI-SDH-007 sender_data_header_encryption (want_block=true got_block=true)
MISS PI-SDH-008 sender_data_header_encryption (want_block=true got_block=false)
OK PI-SDH-009 sender_data_header_encryption (want_block=true got_block=true)
OK PI-SDH-010 sender_data_header_encryption (want_block=true got_block=true)
OK PI-SDH-011 sender_data_header_encryption (want_block=true got_block=true)
OK PI-SDH-012 sender_data_header_encryption (want_block=true got_block=true)
OK PI-SDH-013 sender_data_header_encryption (want_block=true got_block=true)
OK PI-SDH-014 sender_data_header_encryption (want_block=true got_block=true)
OK PI-SDH-015 sender_data_header_encryption (want_block=true got_block=true)
MISS PI-SDH-016 sender_data_header_encryption (want_block=true got_block=false)
OK PI-SDH-017 sender_data_header_encryption (want_block=true got_block=true)
OK PI-SDH-018 sender_data_header_encryption (want_block=true got_block=true)
OK PI-SDH-019 sender_data_header_encryption (want_block=true got_block=true)
OK PI-SDH-020 sender_data_header_encryption (want_block=true got_block=true)
OK PI-SDH-021 sender_data_header_encryption (want_block=true got_block=true)
OK PI-SDH-022 sender_data_header_encryption (want_block=true got_block=true)
MISS PI-SDH-023 sender_data_header_encryption (want_block=true got_block=false)
MISS PI-SDH-024 sender_data_header_encryption (want_block=true got_block=false)
MISS PI-SDH-025 sender_data_header_encryption (want_block=true got_block=false)
OK PI-SDH-026 sender_data_header_encryption (want_block=true got_block=true)
MISS PI-SDH-027 sender_data_header_encryption (want_block=true got_block=false)
OK PI-SDH-028 sender_data_header_encryption (want_block=true got_block=true)
MISS PI-SDH-029 sender_data_header_encryption (want_block=true got_block=false)
OK PI-SDH-030 sender_data_header_encryption (want_block=true got_block=true)
OK PI-SDH-031 sender_data_header_encryption (want_block=true got_block=true)
MISS PI-SDH-032 sender_data_header_encryption (want_block=true got_block=false)
MISS PI-SDH-033 sender_data_header_encryption (want_block=true got_block=false)
MISS PI-SDH-034 sender_data_header_encryption (want_block=true got_block=false)
OK PI-SDH-035 sender_data_header_encryption (want_block=true got_block=true)
MISS PI-SDH-036 sender_data_header_encryption (want_block=true got_block=false)
MISS PI-SDH-037 sender_data_header_encryption (want_block=true got_block=false)
MISS PI-SDH-038 sender_data_header_encryption (want_block=true got_block=false)
OK PI-SDH-039 sender_data_header_encryption (want_block=true got_block=true)
OK PI-SDH-040 sender_data_header_encryption (want_block=true got_block=true)
OK PI-SDH-041 sender_data_header_encryption (want_block=true got_block=true)
OK PI-SDH-042 sender_data_header_encryption (want_block=true got_block=true)
OK PI-SDH-043 sender_data_header_encryption (want_block=true got_block=true)
OK PI-SDH-044 sender_data_header_encryption (want_block=true got_block=true)
OK PI-SDH-045 sender_data_header_encryption (want_block=true got_block=true)
OK PI-SDH-046 sender_data_header_encryption (want_block=true got_block=true)
MISS PI-SDH-047 sender_data_header_encryption (want_block=true got_block=false)
OK PI-SDH-048 sender_data_header_encryption (want_block=true got_block=true)
OK PI-SDH-049 sender_data_header_encryption (want_block=true got_block=true)
OK PI-SDH-050 sender_data_header_encryption (want_block=true got_block=true)
MISS PI-LNS-001 leaf_node_signature_validation (want_block=true got_block=false)
OK PI-LNS-002 leaf_node_signature_validation (want_block=true got_block=true)
OK PI-LNS-003 leaf_node_signature_validation (want_block=true got_block=true)
MISS PI-LNS-004 leaf_node_signature_validation (want_block=true got_block=false)
MISS PI-LNS-005 leaf_node_signature_validation (want_block=true got_block=false)
MISS PI-LNS-006 leaf_node_signature_validation (want_block=true got_block=false)
MISS PI-LNS-007 leaf_node_signature_validation (want_block=true got_block=false)
OK PI-LNS-008 leaf_node_signature_validation (want_block=true got_block=true)
MISS PI-LNS-009 leaf_node_signature_validation (want_block=true got_block=false)
OK PI-LNS-010 leaf_node_signature_validation (want_block=true got_block=true)
MISS PI-LNS-011 leaf_node_signature_validation (want_block=true got_block=false)
MISS PI-LNS-012 leaf_node_signature_validation (want_block=true got_block=false)
OK PI-LNS-013 leaf_node_signature_validation (want_block=true got_block=true)
OK PI-LNS-014 leaf_node_signature_validation (want_block=true got_block=true)
OK PI-LNS-015 leaf_node_signature_validation (want_block=true got_block=true)
MISS PI-LNS-016 leaf_node_signature_validation (want_block=true got_block=false)
MISS PI-LNS-017 leaf_node_signature_validation (want_block=true got_block=false)
MISS PI-LNS-018 leaf_node_signature_validation (want_block=true got_block=false)
OK PI-LNS-019 leaf_node_signature_validation (want_block=true got_block=true)
OK PI-LNS-020 leaf_node_signature_validation (want_block=true got_block=true)
MISS PI-LNS-021 leaf_node_signature_validation (want_block=true got_block=false)
OK PI-LNS-022 leaf_node_signature_validation (want_block=true got_block=true)
OK PI-LNS-023 leaf_node_signature_validation (want_block=true got_block=true)
MISS PI-LNS-024 leaf_node_signature_validation (want_block=true got_block=false)
OK PI-LNS-025 leaf_node_signature_validation (want_block=true got_block=true)
OK PI-LNS-026 leaf_node_signature_validation (want_block=true got_block=true)
MISS PI-LNS-027 leaf_node_signature_validation (want_block=true got_block=false)
MISS PI-LNS-028 leaf_node_signature_validation (want_block=true got_block=false)
OK PI-LNS-029 leaf_node_signature_validation (want_block=true got_block=true)
MISS PI-LNS-030 leaf_node_signature_validation (want_block=true got_block=false)
OK PI-LNS-031 leaf_node_signature_validation (want_block=true got_block=true)
OK PI-LNS-032 leaf_node_signature_validation (want_block=true got_block=true)
OK PI-LNS-033 leaf_node_signature_validation (want_block=true got_block=true)
OK PI-LNS-034 leaf_node_signature_validation (want_block=true got_block=true)
OK PI-LNS-035 leaf_node_signature_validation (want_block=true got_block=true)
OK PI-LNS-036 leaf_node_signature_validation (want_block=true got_block=true)
MISS PI-LNS-037 leaf_node_signature_validation (want_block=true got_block=false)
OK PI-LNS-038 leaf_node_signature_validation (want_block=true got_block=true)
OK PI-LNS-039 leaf_node_signature_validation (want_block=true got_block=true)
OK PI-LNS-040 leaf_node_signature_validation (want_block=true got_block=true)
OK PI-LNS-041 leaf_node_signature_validation (want_block=true got_block=true)
OK PI-LNS-042 leaf_node_signature_validation (want_block=true got_block=true)
OK PI-LNS-043 leaf_node_signature_validation (want_block=true got_block=true)
OK PI-LNS-044 leaf_node_signature_validation (want_block=true got_block=true)
MISS PI-LNS-045 leaf_node_signature_validation (want_block=true got_block=false)
MISS PI-LNS-046 leaf_node_signature_validation (want_block=true got_block=false)
OK PI-LNS-047 leaf_node_signature_validation (want_block=true got_block=true)
OK PI-LNS-048 leaf_node_signature_validation (want_block=true got_block=true)
OK PI-LNS-049 leaf_node_signature_validation (want_block=true got_block=true)
OK PI-LNS-050 leaf_node_signature_validation (want_block=true got_block=true)
OK PI-GCX-001 group_context_extensions_consistency (want_block=true got_block=true)
OK PI-GCX-002 group_context_extensions_consistency (want_block=true got_block=true)
OK PI-GCX-003 group_context_extensions_consistency (want_block=true got_block=true)
MISS PI-GCX-004 group_context_extensions_consistency (want_block=true got_block=false)
OK PI-GCX-005 group_context_extensions_consistency (want_block=true got_block=true)
OK PI-GCX-006 group_context_extensions_consistency (want_block=true got_block=true)
OK PI-GCX-007 group_context_extensions_consistency (want_block=true got_block=true)
OK PI-GCX-008 group_context_extensions_consistency (want_block=true got_block=true)
OK PI-GCX-009 group_context_extensions_consistency (want_block=true got_block=true)
OK PI-GCX-010 group_context_extensions_consistency (want_block=true got_block=true)
OK PI-GCX-011 group_context_extensions_consistency (want_block=true got_block=true)
OK PI-GCX-012 group_context_extensions_consistency (want_block=true got_block=true)
OK PI-GCX-013 group_context_extensions_consistency (want_block=true got_block=true)
OK PI-GCX-014 group_context_extensions_consistency (want_block=true got_block=true)
MISS PI-GCX-015 group_context_extensions_consistency (want_block=true got_block=false)
OK PI-GCX-016 group_context_extensions_consistency (want_block=true got_block=true)
OK PI-GCX-017 group_context_extensions_consistency (want_block=true got_block=true)
OK PI-GCX-018 group_context_extensions_consistency (want_block=true got_block=true)
OK PI-GCX-019 group_context_extensions_consistency (want_block=true got_block=true)
OK PI-GCX-020 group_context_extensions_consistency (want_block=true got_block=true)
MISS PI-GCX-021 group_context_extensions_consistency (want_block=true got_block=false)
MISS PI-GCX-022 group_context_extensions_consistency (want_block=true got_block=false)
OK PI-GCX-023 group_context_extensions_consistency (want_block=true got_block=true)
MISS PI-GCX-024 group_context_extensions_consistency (want_block=true got_block=false)
OK PI-GCX-025 group_context_extensions_consistency (want_block=true got_block=true)
OK PI-GCX-026 group_context_extensions_consistency (want_block=true got_block=true)
MISS PI-GCX-027 group_context_extensions_consistency (want_block=true got_block=false)
OK PI-GCX-028 group_context_extensions_consistency (want_block=true got_block=true)
OK PI-GCX-029 group_context_extensions_consistency (want_block=true got_block=true)
MISS PI-GCX-030 group_context_extensions_consistency (want_block=true got_block=false)
MISS PI-GCX-031 group_context_extensions_consistency (want_block=true got_block=false)
MISS PI-GCX-032 group_context_extensions_consistency (want_block=true got_block=false)
OK PI-GCX-033 group_context_extensions_consistency (want_block=true got_block=true)
MISS PI-GCX-034 group_context_extensions_consistency (want_block=true got_block=false)
OK PI-GCX-035 group_context_extensions_consistency (want_block=true got_block=true)
OK PI-GCX-036 group_context_extensions_consistency (want_block=true got_block=true)
OK PI-GCX-037 group_context_extensions_consistency (want_block=true got_block=true)
OK PI-GCX-038 group_context_extensions_consistency (want_block=true got_block=true)
OK PI-GCX-039 group_context_extensions_consistency (want_block=true got_block=true)
MISS PI-GCX-040 group_context_extensions_consistency (want_block=true got_block=false)
OK PI-GCX-041 group_context_extensions_consistency (want_block=true got_block=true)
OK PI-GCX-042 group_context_extensions_consistency (want_block=true got_block=true)
MISS PI-GCX-043 group_context_extensions_consistency (want_block=true got_block=false)
OK PI-GCX-044 group_context_extensions_consistency (want_block=true got_block=true)
MISS PI-GCX-045 group_context_extensions_consistency (want_block=true got_block=false)
OK PI-GCX-046 group_context_extensions_consistency (want_block=true got_block=true)
MISS PI-GCX-047 group_context_extensions_consistency (want_block=true got_block=false)
OK PI-GCX-048 group_context_extensions_consistency (want_block=true got_block=true)
OK PI-GCX-049 group_context_extensions_consistency (want_block=true got_block=true)
OK PI-GCX-050 group_context_extensions_consistency (want_block=true got_block=true)
OK PI-EMU-001 ephemeral_mailbox_unlinkability (want_block=true got_block=true)
OK PI-EMU-002 ephemeral_mailbox_unlinkability (want_block=true got_block=true)
OK PI-EMU-003 ephemeral_mailbox_unlinkability (want_block=true got_block=true)
OK PI-EMU-004 ephemeral_mailbox_unlinkability (want_block=true got_block=true)
OK PI-EMU-005 ephemeral_mailbox_unlinkability (want_block=true got_block=true)
OK PI-EMU-006 ephemeral_mailbox_unlinkability (want_block=true got_block=true)
OK PI-EMU-007 ephemeral_mailbox_unlinkability (want_block=true got_block=true)
OK PI-EMU-008 ephemeral_mailbox_unlinkability (want_block=true got_block=true)
OK PI-EMU-009 ephemeral_mailbox_unlinkability (want_block=true got_block=true)
OK PI-EMU-010 ephemeral_mailbox_unlinkability (want_block=true got_block=true)
OK PI-EMU-011 ephemeral_mailbox_unlinkability (want_block=true got_block=true)
OK PI-EMU-012 ephemeral_mailbox_unlinkability (want_block=true got_block=true)
OK PI-EMU-013 ephemeral_mailbox_unlinkability (want_block=true got_block=true)
OK PI-EMU-014 ephemeral_mailbox_unlinkability (want_block=true got_block=true)
OK PI-EMU-015 ephemeral_mailbox_unlinkability (want_block=true got_block=true)
OK PI-EMU-016 ephemeral_mailbox_unlinkability (want_block=true got_block=true)
OK PI-EMU-017 ephemeral_mailbox_unlinkability (want_block=true got_block=true)
OK PI-EMU-018 ephemeral_mailbox_unlinkability (want_block=true got_block=true)
OK PI-EMU-019 ephemeral_mailbox_unlinkability (want_block=true got_block=true)
OK PI-EMU-020 ephemeral_mailbox_unlinkability (want_block=true got_block=true)
OK PI-EMU-021 ephemeral_mailbox_unlinkability (want_block=true got_block=true)
OK PI-EMU-022 ephemeral_mailbox_unlinkability (want_block=true got_block=true)
OK PI-EMU-023 ephemeral_mailbox_unlinkability (want_block=true got_block=true)
OK PI-EMU-024 ephemeral_mailbox_unlinkability (want_block=true got_block=true)
OK PI-EMU-025 ephemeral_mailbox_unlinkability (want_block=true got_block=true)
OK PI-EMU-026 ephemeral_mailbox_unlinkability (want_block=true got_block=true)
OK PI-EMU-027 ephemeral_mailbox_unlinkability (want_block=true got_block=true)
OK PI-EMU-028 ephemeral_mailbox_unlinkability (want_block=true got_block=true)
OK PI-EMU-029 ephemeral_mailbox_unlinkability (want_block=true got_block=true)
OK PI-EMU-030 ephemeral_mailbox_unlinkability (want_block=true got_block=true)
OK PI-EMU-031 ephemeral_mailbox_unlinkability (want_block=true got_block=true)
OK PI-EMU-032 ephemeral_mailbox_unlinkability (want_block=true got_block=true)
OK PI-EMU-033 ephemeral_mailbox_unlinkability (want_block=true got_block=true)
OK PI-EMU-034 ephemeral_mailbox_unlinkability (want_block=true got_block=true)
OK PI-EMU-035 ephemeral_mailbox_unlinkability (want_block=true got_block=true)
OK PI-EMU-036 ephemeral_mailbox_unlinkability (want_block=true got_block=true)
OK PI-EMU-037 ephemeral_mailbox_unlinkability (want_block=true got_block=true)
OK PI-EMU-038 ephemeral_mailbox_unlinkability (want_block=true got_block=true)
OK PI-EMU-039 ephemeral_mailbox_unlinkability (want_block=true got_block=true)
OK PI-EMU-040 ephemeral_mailbox_unlinkability (want_block=true got_block=true)
OK PI-EMU-041 ephemeral_mailbox_unlinkability (want_block=true got_block=true)
OK PI-EMU-042 ephemeral_mailbox_unlinkability (want_block=true got_block=true)
OK PI-EMU-043 ephemeral_mailbox_unlinkability (want_block=true got_block=true)
OK PI-EMU-044 ephemeral_mailbox_unlinkability (want_block=true got_block=true)
OK PI-EMU-045 ephemeral_mailbox_unlinkability (want_block=true got_block=true)
OK PI-EMU-046 ephemeral_mailbox_unlinkability (want_block=true got_block=true)
OK PI-EMU-047 ephemeral_mailbox_unlinkability (want_block=true got_block=true)
OK PI-EMU-048 ephemeral_mailbox_unlinkability (want_block=true got_block=true)
OK PI-EMU-049 ephemeral_mailbox_unlinkability (want_block=true got_block=true)
OK PI-EMU-050 ephemeral_mailbox_unlinkability (want_block=true got_block=true)
OK PI-BSST-001 blind_signature_sender_token (want_block=true got_block=true)
OK PI-BSST-002 blind_signature_sender_token (want_block=true got_block=true)
OK PI-BSST-003 blind_signature_sender_token (want_block=true got_block=true)
OK PI-BSST-004 blind_signature_sender_token (want_block=true got_block=true)
OK PI-BSST-005 blind_signature_sender_token (want_block=true got_block=true)
OK PI-BSST-006 blind_signature_sender_token (want_block=true got_block=true)
OK PI-BSST-007 blind_signature_sender_token (want_block=true got_block=true)
OK PI-BSST-008 blind_signature_sender_token (want_block=true got_block=true)
OK PI-BSST-009 blind_signature_sender_token (want_block=true got_block=true)
OK PI-BSST-010 blind_signature_sender_token (want_block=true got_block=true)
OK PI-BSST-011 blind_signature_sender_token (want_block=true got_block=true)
OK PI-BSST-012 blind_signature_sender_token (want_block=true got_block=true)
OK PI-BSST-013 blind_signature_sender_token (want_block=true got_block=true)
OK PI-BSST-014 blind_signature_sender_token (want_block=true got_block=true)
OK PI-BSST-015 blind_signature_sender_token (want_block=true got_block=true)
OK PI-BSST-016 blind_signature_sender_token (want_block=true got_block=true)
OK PI-BSST-017 blind_signature_sender_token (want_block=true got_block=true)
OK PI-BSST-018 blind_signature_sender_token (want_block=true got_block=true)
OK PI-BSST-019 blind_signature_sender_token (want_block=true got_block=true)
OK PI-BSST-020 blind_signature_sender_token (want_block=true got_block=true)
OK PI-BSST-021 blind_signature_sender_token (want_block=true got_block=true)
OK PI-BSST-022 blind_signature_sender_token (want_block=true got_block=true)
OK PI-BSST-023 blind_signature_sender_token (want_block=true got_block=true)
OK PI-BSST-024 blind_signature_sender_token (want_block=true got_block=true)
OK PI-BSST-025 blind_signature_sender_token (want_block=true got_block=true)
OK PI-BSST-026 blind_signature_sender_token (want_block=true got_block=true)
OK PI-BSST-027 blind_signature_sender_token (want_block=true got_block=true)
OK PI-BSST-028 blind_signature_sender_token (want_block=true got_block=true)
OK PI-BSST-029 blind_signature_sender_token (want_block=true got_block=true)
OK PI-BSST-030 blind_signature_sender_token (want_block=true got_block=true)
OK PI-BSST-031 blind_signature_sender_token (want_block=true got_block=true)
OK PI-BSST-032 blind_signature_sender_token (want_block=true got_block=true)
OK PI-BSST-033 blind_signature_sender_token (want_block=true got_block=true)
OK PI-BSST-034 blind_signature_sender_token (want_block=true got_block=true)
OK PI-BSST-035 blind_signature_sender_token (want_block=true got_block=true)
OK PI-BSST-036 blind_signature_sender_token (want_block=true got_block=true)
OK PI-BSST-037 blind_signature_sender_token (want_block=true got_block=true)
OK PI-BSST-038 blind_signature_sender_token (want_block=true got_block=true)
OK PI-BSST-039 blind_signature_sender_token (want_block=true got_block=true)
OK PI-BSST-040 blind_signature_sender_token (want_block=true got_block=true)
OK PI-BSST-041 blind_signature_sender_token (want_block=true got_block=true)
OK PI-BSST-042 blind_signature_sender_token (want_block=true got_block=true)
OK PI-BSST-043 blind_signature_sender_token (want_block=true got_block=true)
OK PI-BSST-044 blind_signature_sender_token (want_block=true got_block=true)
OK PI-BSST-045 blind_signature_sender_token (want_block=true got_block=true)
OK PI-BSST-046 blind_signature_sender_token (want_block=true got_block=true)
OK PI-BSST-047 blind_signature_sender_token (want_block=true got_block=true)
OK PI-BSST-048 blind_signature_sender_token (want_block=true got_block=true)
OK PI-BSST-049 blind_signature_sender_token (want_block=true got_block=true)
OK PI-BSST-050 blind_signature_sender_token (want_block=true got_block=true)
OK PI-CTDI-001 cover_traffic_decoy_indistinguishability (want_block=true got_block=true)
OK PI-CTDI-002 cover_traffic_decoy_indistinguishability (want_block=true got_block=true)
OK PI-CTDI-003 cover_traffic_decoy_indistinguishability (want_block=true got_block=true)
OK PI-CTDI-004 cover_traffic_decoy_indistinguishability (want_block=true got_block=true)
OK PI-CTDI-005 cover_traffic_decoy_indistinguishability (want_block=true got_block=true)
OK PI-CTDI-006 cover_traffic_decoy_indistinguishability (want_block=true got_block=true)
OK PI-CTDI-007 cover_traffic_decoy_indistinguishability (want_block=true got_block=true)
OK PI-CTDI-008 cover_traffic_decoy_indistinguishability (want_block=true got_block=true)
OK PI-CTDI-009 cover_traffic_decoy_indistinguishability (want_block=true got_block=true)
OK PI-CTDI-010 cover_traffic_decoy_indistinguishability (want_block=true got_block=true)
OK PI-CTDI-011 cover_traffic_decoy_indistinguishability (want_block=true got_block=true)
OK PI-CTDI-012 cover_traffic_decoy_indistinguishability (want_block=true got_block=true)
OK PI-CTDI-013 cover_traffic_decoy_indistinguishability (want_block=true got_block=true)
OK PI-CTDI-014 cover_traffic_decoy_indistinguishability (want_block=true got_block=true)
OK PI-CTDI-015 cover_traffic_decoy_indistinguishability (want_block=true got_block=true)
OK PI-CTDI-016 cover_traffic_decoy_indistinguishability (want_block=true got_block=true)
OK PI-CTDI-017 cover_traffic_decoy_indistinguishability (want_block=true got_block=true)
OK PI-CTDI-018 cover_traffic_decoy_indistinguishability (want_block=true got_block=true)
OK PI-CTDI-019 cover_traffic_decoy_indistinguishability (want_block=true got_block=true)
OK PI-CTDI-020 cover_traffic_decoy_indistinguishability (want_block=true got_block=true)
OK PI-CTDI-021 cover_traffic_decoy_indistinguishability (want_block=true got_block=true)
OK PI-CTDI-022 cover_traffic_decoy_indistinguishability (want_block=true got_block=true)
OK PI-CTDI-023 cover_traffic_decoy_indistinguishability (want_block=true got_block=true)
OK PI-CTDI-024 cover_traffic_decoy_indistinguishability (want_block=true got_block=true)
OK PI-CTDI-025 cover_traffic_decoy_indistinguishability (want_block=true got_block=true)
OK PI-CTDI-026 cover_traffic_decoy_indistinguishability (want_block=true got_block=true)
OK PI-CTDI-027 cover_traffic_decoy_indistinguishability (want_block=true got_block=true)
OK PI-CTDI-028 cover_traffic_decoy_indistinguishability (want_block=true got_block=true)
OK PI-CTDI-029 cover_traffic_decoy_indistinguishability (want_block=true got_block=true)
OK PI-CTDI-030 cover_traffic_decoy_indistinguishability (want_block=true got_block=true)
OK PI-CTDI-031 cover_traffic_decoy_indistinguishability (want_block=true got_block=true)
OK PI-CTDI-032 cover_traffic_decoy_indistinguishability (want_block=true got_block=true)
OK PI-CTDI-033 cover_traffic_decoy_indistinguishability (want_block=true got_block=true)
OK PI-CTDI-034 cover_traffic_decoy_indistinguishability (want_block=true got_block=true)
OK PI-CTDI-035 cover_traffic_decoy_indistinguishability (want_block=true got_block=true)
OK PI-CTDI-036 cover_traffic_decoy_indistinguishability (want_block=true got_block=true)
OK PI-CTDI-037 cover_traffic_decoy_indistinguishability (want_block=true got_block=true)
OK PI-CTDI-038 cover_traffic_decoy_indistinguishability (want_block=true got_block=true)
OK PI-CTDI-039 cover_traffic_decoy_indistinguishability (want_block=true got_block=true)
OK PI-CTDI-040 cover_traffic_decoy_indistinguishability (want_block=true got_block=true)
OK PI-CTDI-041 cover_traffic_decoy_indistinguishability (want_block=true got_block=true)
OK PI-CTDI-042 cover_traffic_decoy_indistinguishability (want_block=true got_block=true)
OK PI-CTDI-043 cover_traffic_decoy_indistinguishability (want_block=true got_block=true)
OK PI-CTDI-044 cover_traffic_decoy_indistinguishability (want_block=true got_block=true)
OK PI-CTDI-045 cover_traffic_decoy_indistinguishability (want_block=true got_block=true)
OK PI-CTDI-046 cover_traffic_decoy_indistinguishability (want_block=true got_block=true)
OK PI-CTDI-047 cover_traffic_decoy_indistinguishability (want_block=true got_block=true)
OK PI-CTDI-048 cover_traffic_decoy_indistinguishability (want_block=true got_block=true)
OK PI-CTDI-049 cover_traffic_decoy_indistinguishability (want_block=true got_block=true)
OK PI-CTDI-050 cover_traffic_decoy_indistinguishability (want_block=true got_block=true)
OK PI-SKER-001 sender_keys_epoch_window_replay (want_block=true got_block=true)
OK PI-SKER-002 sender_keys_epoch_window_replay (want_block=true got_block=true)
OK PI-SKER-003 sender_keys_epoch_window_replay (want_block=true got_block=true)
OK PI-SKER-004 sender_keys_epoch_window_replay (want_block=true got_block=true)
OK PI-SKER-005 sender_keys_epoch_window_replay (want_block=true got_block=true)
OK PI-SKER-006 sender_keys_epoch_window_replay (want_block=true got_block=true)
OK PI-SKER-007 sender_keys_epoch_window_replay (want_block=true got_block=true)
OK PI-SKER-008 sender_keys_epoch_window_replay (want_block=true got_block=true)
OK PI-SKER-009 sender_keys_epoch_window_replay (want_block=true got_block=true)
OK PI-SKER-010 sender_keys_epoch_window_replay (want_block=true got_block=true)
OK PI-SKER-011 sender_keys_epoch_window_replay (want_block=true got_block=true)
OK PI-SKER-012 sender_keys_epoch_window_replay (want_block=true got_block=true)
OK PI-SKER-013 sender_keys_epoch_window_replay (want_block=true got_block=true)
OK PI-SKER-014 sender_keys_epoch_window_replay (want_block=true got_block=true)
OK PI-SKER-015 sender_keys_epoch_window_replay (want_block=true got_block=true)
OK PI-SKER-016 sender_keys_epoch_window_replay (want_block=true got_block=true)
OK PI-SKER-017 sender_keys_epoch_window_replay (want_block=true got_block=true)
OK PI-SKER-018 sender_keys_epoch_window_replay (want_block=true got_block=true)
OK PI-SKER-019 sender_keys_epoch_window_replay (want_block=true got_block=true)
OK PI-SKER-020 sender_keys_epoch_window_replay (want_block=true got_block=true)
OK PI-SKER-021 sender_keys_epoch_window_replay (want_block=true got_block=true)
OK PI-SKER-022 sender_keys_epoch_window_replay (want_block=true got_block=true)
OK PI-SKER-023 sender_keys_epoch_window_replay (want_block=true got_block=true)
OK PI-SKER-024 sender_keys_epoch_window_replay (want_block=true got_block=true)
OK PI-SKER-025 sender_keys_epoch_window_replay (want_block=true got_block=true)
OK PI-SKER-026 sender_keys_epoch_window_replay (want_block=true got_block=true)
OK PI-SKER-027 sender_keys_epoch_window_replay (want_block=true got_block=true)
OK PI-SKER-028 sender_keys_epoch_window_replay (want_block=true got_block=true)
OK PI-SKER-029 sender_keys_epoch_window_replay (want_block=true got_block=true)
OK PI-SKER-030 sender_keys_epoch_window_replay (want_block=true got_block=true)
OK PI-SKER-031 sender_keys_epoch_window_replay (want_block=true got_block=true)
OK PI-SKER-032 sender_keys_epoch_window_replay (want_block=true got_block=true)
OK PI-SKER-033 sender_keys_epoch_window_replay (want_block=true got_block=true)
OK PI-SKER-034 sender_keys_epoch_window_replay (want_block=true got_block=true)
OK PI-SKER-035 sender_keys_epoch_window_replay (want_block=true got_block=true)
OK PI-SKER-036 sender_keys_epoch_window_replay (want_block=true got_block=true)
OK PI-SKER-037 sender_keys_epoch_window_replay (want_block=true got_block=true)
OK PI-SKER-038 sender_keys_epoch_window_replay (want_block=true got_block=true)
OK PI-SKER-039 sender_keys_epoch_window_replay (want_block=true got_block=true)
OK PI-SKER-040 sender_keys_epoch_window_replay (want_block=true got_block=true)
OK PI-SKER-041 sender_keys_epoch_window_replay (want_block=true got_block=true)
OK PI-SKER-042 sender_keys_epoch_window_replay (want_block=true got_block=true)
OK PI-SKER-043 sender_keys_epoch_window_replay (want_block=true got_block=true)
OK PI-SKER-044 sender_keys_epoch_window_replay (want_block=true got_block=true)
OK PI-SKER-045 sender_keys_epoch_window_replay (want_block=true got_block=true)
OK PI-SKER-046 sender_keys_epoch_window_replay (want_block=true got_block=true)
OK PI-SKER-047 sender_keys_epoch_window_replay (want_block=true got_block=true)
OK PI-SKER-048 sender_keys_epoch_window_replay (want_block=true got_block=true)
OK PI-SKER-049 sender_keys_epoch_window_replay (want_block=true got_block=true)
OK PI-SKER-050 sender_keys_epoch_window_replay (want_block=true got_block=true)
OK PI-CPAKM-001 commit_path_secret_aead_keying_mismatch (want_block=true got_block=true)
OK PI-CPAKM-002 commit_path_secret_aead_keying_mismatch (want_block=true got_block=true)
OK PI-CPAKM-003 commit_path_secret_aead_keying_mismatch (want_block=true got_block=true)
OK PI-CPAKM-004 commit_path_secret_aead_keying_mismatch (want_block=true got_block=true)
OK PI-CPAKM-005 commit_path_secret_aead_keying_mismatch (want_block=true got_block=true)
OK PI-CPAKM-006 commit_path_secret_aead_keying_mismatch (want_block=true got_block=true)
OK PI-CPAKM-007 commit_path_secret_aead_keying_mismatch (want_block=true got_block=true)
OK PI-CPAKM-008 commit_path_secret_aead_keying_mismatch (want_block=true got_block=true)
OK PI-CPAKM-009 commit_path_secret_aead_keying_mismatch (want_block=true got_block=true)
OK PI-CPAKM-010 commit_path_secret_aead_keying_mismatch (want_block=true got_block=true)
OK PI-CPAKM-011 commit_path_secret_aead_keying_mismatch (want_block=true got_block=true)
OK PI-CPAKM-012 commit_path_secret_aead_keying_mismatch (want_block=true got_block=true)
OK PI-CPAKM-013 commit_path_secret_aead_keying_mismatch (want_block=true got_block=true)
OK PI-CPAKM-014 commit_path_secret_aead_keying_mismatch (want_block=true got_block=true)
OK PI-CPAKM-015 commit_path_secret_aead_keying_mismatch (want_block=true got_block=true)
OK PI-CPAKM-016 commit_path_secret_aead_keying_mismatch (want_block=true got_block=true)
OK PI-CPAKM-017 commit_path_secret_aead_keying_mismatch (want_block=true got_block=true)
OK PI-CPAKM-018 commit_path_secret_aead_keying_mismatch (want_block=true got_block=true)
OK PI-CPAKM-019 commit_path_secret_aead_keying_mismatch (want_block=true got_block=true)
OK PI-CPAKM-020 commit_path_secret_aead_keying_mismatch (want_block=true got_block=true)
OK PI-CPAKM-021 commit_path_secret_aead_keying_mismatch (want_block=true got_block=true)
OK PI-CPAKM-022 commit_path_secret_aead_keying_mismatch (want_block=true got_block=true)
OK PI-CPAKM-023 commit_path_secret_aead_keying_mismatch (want_block=true got_block=true)
OK PI-CPAKM-024 commit_path_secret_aead_keying_mismatch (want_block=true got_block=true)
OK PI-CPAKM-025 commit_path_secret_aead_keying_mismatch (want_block=true got_block=true)
OK PI-CPAKM-026 commit_path_secret_aead_keying_mismatch (want_block=true got_block=true)
OK PI-CPAKM-027 commit_path_secret_aead_keying_mismatch (want_block=true got_block=true)
OK PI-CPAKM-028 commit_path_secret_aead_keying_mismatch (want_block=true got_block=true)
OK PI-CPAKM-029 commit_path_secret_aead_keying_mismatch (want_block=true got_block=true)
OK PI-CPAKM-030 commit_path_secret_aead_keying_mismatch (want_block=true got_block=true)
OK PI-CPAKM-031 commit_path_secret_aead_keying_mismatch (want_block=true got_block=true)
OK PI-CPAKM-032 commit_path_secret_aead_keying_mismatch (want_block=true got_block=true)
OK PI-CPAKM-033 commit_path_secret_aead_keying_mismatch (want_block=true got_block=true)
OK PI-CPAKM-034 commit_path_secret_aead_keying_mismatch (want_block=true got_block=true)
OK PI-CPAKM-035 commit_path_secret_aead_keying_mismatch (want_block=true got_block=true)
OK PI-CPAKM-036 commit_path_secret_aead_keying_mismatch (want_block=true got_block=true)
OK PI-CPAKM-037 commit_path_secret_aead_keying_mismatch (want_block=true got_block=true)
OK PI-CPAKM-038 commit_path_secret_aead_keying_mismatch (want_block=true got_block=true)
OK PI-CPAKM-039 commit_path_secret_aead_keying_mismatch (want_block=true got_block=true)
OK PI-CPAKM-040 commit_path_secret_aead_keying_mismatch (want_block=true got_block=true)
OK PI-CPAKM-041 commit_path_secret_aead_keying_mismatch (want_block=true got_block=true)
OK PI-CPAKM-042 commit_path_secret_aead_keying_mismatch (want_block=true got_block=true)
OK PI-CPAKM-043 commit_path_secret_aead_keying_mismatch (want_block=true got_block=true)
OK PI-CPAKM-044 commit_path_secret_aead_keying_mismatch (want_block=true got_block=true)
OK PI-CPAKM-045 commit_path_secret_aead_keying_mismatch (want_block=true got_block=true)
OK PI-CPAKM-046 commit_path_secret_aead_keying_mismatch (want_block=true got_block=true)
OK PI-CPAKM-047 commit_path_secret_aead_keying_mismatch (want_block=true got_block=true)
OK PI-CPAKM-048 commit_path_secret_aead_keying_mismatch (want_block=true got_block=true)
OK PI-CPAKM-049 commit_path_secret_aead_keying_mismatch (want_block=true got_block=true)
OK PI-CPAKM-050 commit_path_secret_aead_keying_mismatch (want_block=true got_block=true)
OK PI-AMGSD-001 application_message_generation_skip_dos (want_block=true got_block=true)
OK PI-AMGSD-002 application_message_generation_skip_dos (want_block=true got_block=true)
OK PI-AMGSD-003 application_message_generation_skip_dos (want_block=true got_block=true)
OK PI-AMGSD-004 application_message_generation_skip_dos (want_block=true got_block=true)
OK PI-AMGSD-005 application_message_generation_skip_dos (want_block=true got_block=true)
OK PI-AMGSD-006 application_message_generation_skip_dos (want_block=true got_block=true)
OK PI-AMGSD-007 application_message_generation_skip_dos (want_block=true got_block=true)
OK PI-AMGSD-008 application_message_generation_skip_dos (want_block=true got_block=true)
OK PI-AMGSD-009 application_message_generation_skip_dos (want_block=true got_block=true)
OK PI-AMGSD-010 application_message_generation_skip_dos (want_block=true got_block=true)
OK PI-AMGSD-011 application_message_generation_skip_dos (want_block=true got_block=true)
OK PI-AMGSD-012 application_message_generation_skip_dos (want_block=true got_block=true)
OK PI-AMGSD-013 application_message_generation_skip_dos (want_block=true got_block=true)
OK PI-AMGSD-014 application_message_generation_skip_dos (want_block=true got_block=true)
OK PI-AMGSD-015 application_message_generation_skip_dos (want_block=true got_block=true)
OK PI-AMGSD-016 application_message_generation_skip_dos (want_block=true got_block=true)
OK PI-AMGSD-017 application_message_generation_skip_dos (want_block=true got_block=true)
OK PI-AMGSD-018 application_message_generation_skip_dos (want_block=true got_block=true)
OK PI-AMGSD-019 application_message_generation_skip_dos (want_block=true got_block=true)
OK PI-AMGSD-020 application_message_generation_skip_dos (want_block=true got_block=true)
OK PI-AMGSD-021 application_message_generation_skip_dos (want_block=true got_block=true)
OK PI-AMGSD-022 application_message_generation_skip_dos (want_block=true got_block=true)
OK PI-AMGSD-023 application_message_generation_skip_dos (want_block=true got_block=true)
OK PI-AMGSD-024 application_message_generation_skip_dos (want_block=true got_block=true)
OK PI-AMGSD-025 application_message_generation_skip_dos (want_block=true got_block=true)
OK PI-AMGSD-026 application_message_generation_skip_dos (want_block=true got_block=true)
OK PI-AMGSD-027 application_message_generation_skip_dos (want_block=true got_block=true)
OK PI-AMGSD-028 application_message_generation_skip_dos (want_block=true got_block=true)
OK PI-AMGSD-029 application_message_generation_skip_dos (want_block=true got_block=true)
OK PI-AMGSD-030 application_message_generation_skip_dos (want_block=true got_block=true)
OK PI-AMGSD-031 application_message_generation_skip_dos (want_block=true got_block=true)
OK PI-AMGSD-032 application_message_generation_skip_dos (want_block=true got_block=true)
OK PI-AMGSD-033 application_message_generation_skip_dos (want_block=true got_block=true)
OK PI-AMGSD-034 application_message_generation_skip_dos (want_block=true got_block=true)
OK PI-AMGSD-035 application_message_generation_skip_dos (want_block=true got_block=true)
OK PI-AMGSD-036 application_message_generation_skip_dos (want_block=true got_block=true)
OK PI-AMGSD-037 application_message_generation_skip_dos (want_block=true got_block=true)
OK PI-AMGSD-038 application_message_generation_skip_dos (want_block=true got_block=true)
OK PI-AMGSD-039 application_message_generation_skip_dos (want_block=true got_block=true)
OK PI-AMGSD-040 application_message_generation_skip_dos (want_block=true got_block=true)
OK PI-AMGSD-041 application_message_generation_skip_dos (want_block=true got_block=true)
OK PI-AMGSD-042 application_message_generation_skip_dos (want_block=true got_block=true)
OK PI-AMGSD-043 application_message_generation_skip_dos (want_block=true got_block=true)
OK PI-AMGSD-044 application_message_generation_skip_dos (want_block=true got_block=true)
OK PI-AMGSD-045 application_message_generation_skip_dos (want_block=true got_block=true)
OK PI-AMGSD-046 application_message_generation_skip_dos (want_block=true got_block=true)
OK PI-AMGSD-047 application_message_generation_skip_dos (want_block=true got_block=true)
OK PI-AMGSD-048 application_message_generation_skip_dos (want_block=true got_block=true)
OK PI-AMGSD-049 application_message_generation_skip_dos (want_block=true got_block=true)
OK PI-AMGSD-050 application_message_generation_skip_dos (want_block=true got_block=true)
OK PI-KPLGW-001 key_package_lifetime_grace_window_expiry (want_block=true got_block=true)
OK PI-KPLGW-002 key_package_lifetime_grace_window_expiry (want_block=true got_block=true)
OK PI-KPLGW-003 key_package_lifetime_grace_window_expiry (want_block=true got_block=true)
OK PI-KPLGW-004 key_package_lifetime_grace_window_expiry (want_block=true got_block=true)
OK PI-KPLGW-005 key_package_lifetime_grace_window_expiry (want_block=true got_block=true)
OK PI-KPLGW-006 key_package_lifetime_grace_window_expiry (want_block=true got_block=true)
OK PI-KPLGW-007 key_package_lifetime_grace_window_expiry (want_block=true got_block=true)
OK PI-KPLGW-008 key_package_lifetime_grace_window_expiry (want_block=true got_block=true)
OK PI-KPLGW-009 key_package_lifetime_grace_window_expiry (want_block=true got_block=true)
OK PI-KPLGW-010 key_package_lifetime_grace_window_expiry (want_block=true got_block=true)
OK PI-KPLGW-011 key_package_lifetime_grace_window_expiry (want_block=true got_block=true)
OK PI-KPLGW-012 key_package_lifetime_grace_window_expiry (want_block=true got_block=true)
OK PI-KPLGW-013 key_package_lifetime_grace_window_expiry (want_block=true got_block=true)
OK PI-KPLGW-014 key_package_lifetime_grace_window_expiry (want_block=true got_block=true)
OK PI-KPLGW-015 key_package_lifetime_grace_window_expiry (want_block=true got_block=true)
OK PI-KPLGW-016 key_package_lifetime_grace_window_expiry (want_block=true got_block=true)
OK PI-KPLGW-017 key_package_lifetime_grace_window_expiry (want_block=true got_block=true)
OK PI-KPLGW-018 key_package_lifetime_grace_window_expiry (want_block=true got_block=true)
OK PI-KPLGW-019 key_package_lifetime_grace_window_expiry (want_block=true got_block=true)
OK PI-KPLGW-020 key_package_lifetime_grace_window_expiry (want_block=true got_block=true)
OK PI-KPLGW-021 key_package_lifetime_grace_window_expiry (want_block=true got_block=true)
OK PI-KPLGW-022 key_package_lifetime_grace_window_expiry (want_block=true got_block=true)
OK PI-KPLGW-023 key_package_lifetime_grace_window_expiry (want_block=true got_block=true)
OK PI-KPLGW-024 key_package_lifetime_grace_window_expiry (want_block=true got_block=true)
OK PI-KPLGW-025 key_package_lifetime_grace_window_expiry (want_block=true got_block=true)
OK PI-KPLGW-026 key_package_lifetime_grace_window_expiry (want_block=true got_block=true)
OK PI-KPLGW-027 key_package_lifetime_grace_window_expiry (want_block=true got_block=true)
OK PI-KPLGW-028 key_package_lifetime_grace_window_expiry (want_block=true got_block=true)
OK PI-KPLGW-029 key_package_lifetime_grace_window_expiry (want_block=true got_block=true)
OK PI-KPLGW-030 key_package_lifetime_grace_window_expiry (want_block=true got_block=true)
OK PI-KPLGW-031 key_package_lifetime_grace_window_expiry (want_block=true got_block=true)
OK PI-KPLGW-032 key_package_lifetime_grace_window_expiry (want_block=true got_block=true)
OK PI-KPLGW-033 key_package_lifetime_grace_window_expiry (want_block=true got_block=true)
OK PI-KPLGW-034 key_package_lifetime_grace_window_expiry (want_block=true got_block=true)
OK PI-KPLGW-035 key_package_lifetime_grace_window_expiry (want_block=true got_block=true)
OK PI-KPLGW-036 key_package_lifetime_grace_window_expiry (want_block=true got_block=true)
OK PI-KPLGW-037 key_package_lifetime_grace_window_expiry (want_block=true got_block=true)
OK PI-KPLGW-038 key_package_lifetime_grace_window_expiry (want_block=true got_block=true)
OK PI-KPLGW-039 key_package_lifetime_grace_window_expiry (want_block=true got_block=true)
OK PI-KPLGW-040 key_package_lifetime_grace_window_expiry (want_block=true got_block=true)
OK PI-KPLGW-041 key_package_lifetime_grace_window_expiry (want_block=true got_block=true)
OK PI-KPLGW-042 key_package_lifetime_grace_window_expiry (want_block=true got_block=true)
OK PI-KPLGW-043 key_package_lifetime_grace_window_expiry (want_block=true got_block=true)
OK PI-KPLGW-044 key_package_lifetime_grace_window_expiry (want_block=true got_block=true)
OK PI-KPLGW-045 key_package_lifetime_grace_window_expiry (want_block=true got_block=true)
OK PI-KPLGW-046 key_package_lifetime_grace_window_expiry (want_block=true got_block=true)
OK PI-KPLGW-047 key_package_lifetime_grace_window_expiry (want_block=true got_block=true)
OK PI-KPLGW-048 key_package_lifetime_grace_window_expiry (want_block=true got_block=true)
OK PI-KPLGW-049 key_package_lifetime_grace_window_expiry (want_block=true got_block=true)
OK PI-KPLGW-050 key_package_lifetime_grace_window_expiry (want_block=true got_block=true)
OK PI-ECRPM-001 external_commit_resumption_psk_misbinding (want_block=true got_block=true)
OK PI-ECRPM-002 external_commit_resumption_psk_misbinding (want_block=true got_block=true)
OK PI-ECRPM-003 external_commit_resumption_psk_misbinding (want_block=true got_block=true)
OK PI-ECRPM-004 external_commit_resumption_psk_misbinding (want_block=true got_block=true)
OK PI-ECRPM-005 external_commit_resumption_psk_misbinding (want_block=true got_block=true)
OK PI-ECRPM-006 external_commit_resumption_psk_misbinding (want_block=true got_block=true)
OK PI-ECRPM-007 external_commit_resumption_psk_misbinding (want_block=true got_block=true)
OK PI-ECRPM-008 external_commit_resumption_psk_misbinding (want_block=true got_block=true)
OK PI-ECRPM-009 external_commit_resumption_psk_misbinding (want_block=true got_block=true)
OK PI-ECRPM-010 external_commit_resumption_psk_misbinding (want_block=true got_block=true)
OK PI-ECRPM-011 external_commit_resumption_psk_misbinding (want_block=true got_block=true)
OK PI-ECRPM-012 external_commit_resumption_psk_misbinding (want_block=true got_block=true)
OK PI-ECRPM-013 external_commit_resumption_psk_misbinding (want_block=true got_block=true)
OK PI-ECRPM-014 external_commit_resumption_psk_misbinding (want_block=true got_block=true)
OK PI-ECRPM-015 external_commit_resumption_psk_misbinding (want_block=true got_block=true)
OK PI-ECRPM-016 external_commit_resumption_psk_misbinding (want_block=true got_block=true)
OK PI-ECRPM-017 external_commit_resumption_psk_misbinding (want_block=true got_block=true)
OK PI-ECRPM-018 external_commit_resumption_psk_misbinding (want_block=true got_block=true)
OK PI-ECRPM-019 external_commit_resumption_psk_misbinding (want_block=true got_block=true)
OK PI-ECRPM-020 external_commit_resumption_psk_misbinding (want_block=true got_block=true)
OK PI-ECRPM-021 external_commit_resumption_psk_misbinding (want_block=true got_block=true)
OK PI-ECRPM-022 external_commit_resumption_psk_misbinding (want_block=true got_block=true)
OK PI-ECRPM-023 external_commit_resumption_psk_misbinding (want_block=true got_block=true)
OK PI-ECRPM-024 external_commit_resumption_psk_misbinding (want_block=true got_block=true)
OK PI-ECRPM-025 external_commit_resumption_psk_misbinding (want_block=true got_block=true)
OK PI-ECRPM-026 external_commit_resumption_psk_misbinding (want_block=true got_block=true)
OK PI-ECRPM-027 external_commit_resumption_psk_misbinding (want_block=true got_block=true)
OK PI-ECRPM-028 external_commit_resumption_psk_misbinding (want_block=true got_block=true)
OK PI-ECRPM-029 external_commit_resumption_psk_misbinding (want_block=true got_block=true)
OK PI-ECRPM-030 external_commit_resumption_psk_misbinding (want_block=true got_block=true)
OK PI-ECRPM-031 external_commit_resumption_psk_misbinding (want_block=true got_block=true)
OK PI-ECRPM-032 external_commit_resumption_psk_misbinding (want_block=true got_block=true)
OK PI-ECRPM-033 external_commit_resumption_psk_misbinding (want_block=true got_block=true)
OK PI-ECRPM-034 external_commit_resumption_psk_misbinding (want_block=true got_block=true)
OK PI-ECRPM-035 external_commit_resumption_psk_misbinding (want_block=true got_block=true)
OK PI-ECRPM-036 external_commit_resumption_psk_misbinding (want_block=true got_block=true)
OK PI-ECRPM-037 external_commit_resumption_psk_misbinding (want_block=true got_block=true)
OK PI-ECRPM-038 external_commit_resumption_psk_misbinding (want_block=true got_block=true)
OK PI-ECRPM-039 external_commit_resumption_psk_misbinding (want_block=true got_block=true)
OK PI-ECRPM-040 external_commit_resumption_psk_misbinding (want_block=true got_block=true)
OK PI-ECRPM-041 external_commit_resumption_psk_misbinding (want_block=true got_block=true)
OK PI-ECRPM-042 external_commit_resumption_psk_misbinding (want_block=true got_block=true)
OK PI-ECRPM-043 external_commit_resumption_psk_misbinding (want_block=true got_block=true)
OK PI-ECRPM-044 external_commit_resumption_psk_misbinding (want_block=true got_block=true)
OK PI-ECRPM-045 external_commit_resumption_psk_misbinding (want_block=true got_block=true)
OK PI-ECRPM-046 external_commit_resumption_psk_misbinding (want_block=true got_block=true)
OK PI-ECRPM-047 external_commit_resumption_psk_misbinding (want_block=true got_block=true)
OK PI-ECRPM-048 external_commit_resumption_psk_misbinding (want_block=true got_block=true)
OK PI-ECRPM-049 external_commit_resumption_psk_misbinding (want_block=true got_block=true)
OK PI-ECRPM-050 external_commit_resumption_psk_misbinding (want_block=true got_block=true)

=== falsifier_runner: 3147/3200 blocked ===
  aad_context_confusion : 50/50  (100.0%)
  appack_replay : 50/50  (100.0%)
  application_message_generation_skip_dos : 50/50  (100.0%)
  at_rest_rotation : 50/50  (100.0%)
  blind_signature_sender_token : 50/50  (100.0%)
  capability_abuse : 50/50  (100.0%)
  clock_skew_replay : 50/50  (100.0%)
  commit_path_secret_aead_keying_mismatch : 50/50  (100.0%)
  commit_signature_forge : 50/50  (100.0%)
  concurrent_add_remove : 50/50  (100.0%)
  confirmation_tag_chain : 44/50  (88.0%)
  confused_deputy : 50/50  (100.0%)
  cover_traffic_correlation : 50/50  (100.0%)
  cover_traffic_decoy_indistinguishability : 50/50  (100.0%)
  cover_traffic_starvation : 50/50  (100.0%)
  deniability_break : 50/50  (100.0%)
  direct : 50/50  (100.0%)
  egress_fingerprint : 50/50  (100.0%)
  envelope_padding_leak : 50/50  (100.0%)
  ephemeral_mailbox_unlinkability : 50/50  (100.0%)
  epoch_authentication_failure : 50/50  (100.0%)
  external_commit_resumption_psk_misbinding : 50/50  (100.0%)
  external_init_secret_pinning : 50/50  (100.0%)
  group_context_extensions_consistency : 36/50  (72.0%)
  group_pcs_break : 50/50  (100.0%)
  group_state_rollback : 50/50  (100.0%)
  handshake_fingerprint : 50/50  (100.0%)
  identity_revoke : 50/50  (100.0%)
  indirect : 50/50  (100.0%)
  jitter_side_channel : 50/50  (100.0%)
  kem_decap_oracle : 50/50  (100.0%)
  kem_key_confusion : 50/50  (100.0%)
  key_package_lifetime_grace_window_expiry : 50/50  (100.0%)
  leaf_node_signature_validation : 31/50  (62.0%)
  mac_truncation : 50/50  (100.0%)
  metadata_leak : 50/50  (100.0%)
  mls_commit_reorder : 50/50  (100.0%)
  mls_external_commit : 50/50  (100.0%)
  mls_leaf_compromise : 50/50  (100.0%)
  mls_psk_external_injection : 50/50  (100.0%)
  mls_welcome_replay : 50/50  (100.0%)
  multi_turn : 50/50  (100.0%)
  padding_class_oracle : 50/50  (100.0%)
  padding_oracle_chosen_ct : 50/50  (100.0%)
  partial_mls_bot : 50/50  (100.0%)
  persistence_at_rest : 50/50  (100.0%)
  pq_downgrade : 50/50  (100.0%)
  prekey_exhaustion : 50/50  (100.0%)
  prekey_signature_chain : 50/50  (100.0%)
  proposal_validation : 50/50  (100.0%)
  ratchet_forward_secrecy : 50/50  (100.0%)
  ratchet_tree_extension_tampering : 50/50  (100.0%)
  reinit_freshness : 50/50  (100.0%)
  replay : 50/50  (100.0%)
  safety_number_swap : 50/50  (100.0%)
  sender_data_header_encryption : 36/50  (72.0%)
  sender_keys_epoch_window_replay : 50/50  (100.0%)
  sender_unlinkability : 50/50  (100.0%)
  skipped_keys_dos : 50/50  (100.0%)
  tag_stripping : 50/50  (100.0%)
  tool_arg_confusion : 50/50  (100.0%)
  traffic_analysis : 50/50  (100.0%)
  welcome_keypackage_pinning : 50/50  (100.0%)
  welcome_secret_treekem_pruning : 50/50  (100.0%)
