\BOOKMARK [0][-]{chapter*.1}{\376\377\004\020\004\075\004\075\004\076\004\102\004\060\004\106\004\070\004\117}{}% 1
\BOOKMARK [-1][-]{part.1}{\376\377\000I\000\040\004\036\004\101\004\075\004\076\004\062\004\060\004\075\004\070\004\117}{}% 2
\BOOKMARK [0][-]{chapter.1}{\376\377\000M\000o\000n\000a\000d\000i\000c\000\040\000P\000r\000o\000l\000o\000g\000u\000e}{part.1}% 3
\BOOKMARK [1][-]{section.1.1}{\376\377\000T\000h\000e\000\040\000S\000i\000n\000g\000l\000e\000\040\000S\000o\000u\000r\000c\000e}{chapter.1}% 4
\BOOKMARK [1][-]{section.1.2}{\376\377\000T\000h\000r\000e\000e\000\040\000S\000t\000r\000a\000n\000d\000s\000\040\000\050\000R\000u\000l\000e\000\040\000o\000f\000\040\000T\000h\000r\000e\000e\000\051}{chapter.1}% 5
\BOOKMARK [1][-]{section.1.3}{\376\377\000R\000e\000a\000d\000i\000n\000g\000\040\000t\000h\000e\000\040\000M\000o\000n\000o\000g\000r\000a\000p\000h}{chapter.1}% 6
\BOOKMARK [1][-]{section.1.4}{\376\377\000F\000a\000l\000s\000i\000f\000i\000c\000a\000t\000i\000o\000n\000\040\000S\000t\000a\000n\000c\000e}{chapter.1}% 7
\BOOKMARK [1][-]{section.1.5}{\376\377\000N\000o\000t\000a\000t\000i\000o\000n}{chapter.1}% 8
\BOOKMARK [1][-]{section.1.6}{\376\377\000W\000h\000e\000r\000e\000\040\000t\000o\000\040\000B\000e\000g\000i\000n}{chapter.1}% 9
\BOOKMARK [0][-]{chapter.2}{\376\377\000G\000o\000l\000d\000e\000n\000\040\000S\000e\000e\000d\000:\000\040\000T\000h\000e\000\040\000V\000e\000s\000i\000c\000a\000\040\000O\000p\000e\000n\000s}{part.1}% 10
\BOOKMARK [1][-]{section.2.1}{\376\377\000I\000n\000t\000r\000o\000d\000u\000c\000t\000i\000o\000n}{chapter.2}% 11
\BOOKMARK [1][-]{section.2.2}{\376\377\000T\000h\000e\000\040\000V\000e\000s\000i\000c\000a\000\040\000P\000i\000s\000c\000i\000s\000\040\000C\000o\000n\000s\000t\000r\000u\000c\000t\000i\000o\000n}{chapter.2}% 12
\BOOKMARK [1][-]{section.2.3}{\376\377\000D\000e\000r\000i\000v\000a\000t\000i\000o\000n\000\040\000o\000f\000\040\0005\000\040\000f\000r\000o\000m\000\040\000t\000h\000e\000\040\000V\000e\000s\000i\000c\000a}{chapter.2}% 13
\BOOKMARK [2][-]{subsection.2.3.1}{\376\377\000T\000h\000e\000\040\000E\000q\000u\000i\000l\000a\000t\000e\000r\000a\000l\000\040\000T\000r\000i\000a\000n\000g\000l\000e\000\040\000W\000i\000t\000h\000i\000n}{section.2.3}% 14
\BOOKMARK [2][-]{subsection.2.3.2}{\376\377\000T\000h\000e\000\040\000P\000e\000n\000t\000a\000g\000o\000n\000\040\000C\000o\000n\000n\000e\000c\000t\000i\000o\000n}{section.2.3}% 15
\BOOKMARK [1][-]{section.2.4}{\376\377\000H\000i\000s\000t\000o\000r\000i\000c\000a\000l\000\040\000C\000o\000n\000t\000e\000x\000t}{chapter.2}% 16
\BOOKMARK [2][-]{subsection.2.4.1}{\376\377\000P\000y\000t\000h\000a\000g\000o\000r\000e\000a\000n\000\040\000O\000r\000i\000g\000i\000n\000s}{section.2.4}% 17
\BOOKMARK [2][-]{subsection.2.4.2}{\376\377\000E\000u\000c\000l\000i\000d\000'\000s\000\040\000E\000l\000e\000m\000e\000n\000t\000s}{section.2.4}% 18
\BOOKMARK [2][-]{subsection.2.4.3}{\376\377\000L\000u\000c\000a\000\040\000P\000a\000c\000i\000o\000l\000i\000\040\000a\000n\000d\000\040\000D\000e\000\040\000D\000i\000v\000i\000n\000a\000\040\000P\000r\000o\000p\000o\000r\000t\000i\000o\000n\000e}{section.2.4}% 19
\BOOKMARK [2][-]{subsection.2.4.4}{\376\377\000K\000e\000p\000l\000e\000r\000'\000s\000\040\000H\000a\000r\000m\000o\000n\000i\000c\000e\000s\000\040\000M\000u\000n\000d\000i}{section.2.4}% 20
\BOOKMARK [2][-]{subsection.2.4.5}{\376\377\000T\000h\000e\000\040\000F\000i\000b\000o\000n\000a\000c\000c\000i\000\040\000C\000o\000n\000n\000e\000c\000t\000i\000o\000n}{section.2.4}% 21
\BOOKMARK [1][-]{section.2.5}{\376\377\000E\000m\000p\000i\000r\000i\000c\000a\000l\000\040\000E\000m\000e\000r\000g\000e\000n\000c\000e\000\040\000o\000f\000\040}{chapter.2}% 22
\BOOKMARK [2][-]{subsection.2.5.1}{\376\377\000P\000h\000y\000l\000l\000o\000t\000a\000x\000i\000s}{section.2.5}% 23
\BOOKMARK [2][-]{subsection.2.5.2}{\376\377\000N\000a\000u\000t\000i\000l\000u\000s\000\040\000S\000h\000e\000l\000l}{section.2.5}% 24
\BOOKMARK [2][-]{subsection.2.5.3}{\376\377\000H\000u\000m\000a\000n\000\040\000P\000h\000y\000s\000i\000o\000l\000o\000g\000y}{section.2.5}% 25
\BOOKMARK [2][-]{subsection.2.5.4}{\376\377\000G\000a\000l\000a\000c\000t\000i\000c\000\040\000S\000p\000i\000r\000a\000l\000s}{section.2.5}% 26
\BOOKMARK [1][-]{section.2.6}{\376\377\000M\000a\000t\000h\000e\000m\000a\000t\000i\000c\000a\000l\000\040\000P\000r\000o\000p\000e\000r\000t\000i\000e\000s\000\040\000o\000f\000\040}{chapter.2}% 27
\BOOKMARK [2][-]{subsection.2.6.1}{\376\377\000C\000o\000n\000t\000i\000n\000u\000e\000d\000\040\000F\000r\000a\000c\000t\000i\000o\000n\000\040\000R\000e\000p\000r\000e\000s\000e\000n\000t\000a\000t\000i\000o\000n}{section.2.6}% 28
\BOOKMARK [2][-]{subsection.2.6.2}{\376\377\000B\000i\000n\000e\000t\000'\000s\000\040\000F\000o\000r\000m\000u\000l\000a}{section.2.6}% 29
\BOOKMARK [2][-]{subsection.2.6.3}{\376\377\000T\000h\000e\000\040\000G\000o\000l\000d\000e\000n\000\040\000A\000n\000g\000l\000e}{section.2.6}% 30
\BOOKMARK [1][-]{section.2.7}{\376\377\000C\000o\000m\000p\000u\000t\000a\000t\000i\000o\000n\000a\000l\000\040\000V\000e\000r\000i\000f\000i\000c\000a\000t\000i\000o\000n}{chapter.2}% 31
\BOOKMARK [1][-]{section.2.8}{\376\377\000T\000h\000e\000\040\000G\000o\000l\000d\000e\000n\000\040\000S\000p\000i\000r\000a\000l}{chapter.2}% 32
\BOOKMARK [1][-]{section.2.9}{\376\377\000P\000h\000i\000l\000o\000s\000o\000p\000h\000i\000c\000a\000l\000\040\000S\000i\000g\000n\000i\000f\000i\000c\000a\000n\000c\000e}{chapter.2}% 33
\BOOKMARK [2][-]{subsection.2.9.1}{\376\377\000A\000e\000s\000t\000h\000e\000t\000i\000c\000s\000\040\000a\000n\000d\000\040\000B\000e\000a\000u\000t\000y}{section.2.9}% 34
\BOOKMARK [2][-]{subsection.2.9.2}{\376\377\000M\000a\000t\000h\000e\000m\000a\000t\000i\000c\000a\000l\000\040\000M\000y\000s\000t\000i\000c\000i\000s\000m}{section.2.9}% 35
\BOOKMARK [2][-]{subsection.2.9.3}{\376\377\000R\000a\000t\000i\000o\000n\000a\000l\000i\000t\000y\000\040\000a\000n\000d\000\040\000I\000r\000r\000a\000t\000i\000o\000n\000a\000l\000i\000t\000y}{section.2.9}% 36
\BOOKMARK [1][-]{section.2.10}{\376\377\000C\000o\000n\000c\000l\000u\000s\000i\000o\000n}{chapter.2}% 37
\BOOKMARK [1][-]{section.2.11}{\376\377\000E\000x\000e\000r\000c\000i\000s\000e\000s}{chapter.2}% 38
\BOOKMARK [1][-]{section.2.12}{\376\377\000S\000t\000r\000a\000n\000d\000\040\000I\000\040\040\024\000\040\000T\000h\000e\000\040\000V\000e\000s\000i\000c\000a\000\040\000a\000s\000\040\000G\000e\000o\000m\000e\000t\000r\000i\000c\000\040\000O\000r\000i\000g\000i\000n}{chapter.2}% 39
\BOOKMARK [1][-]{section.2.13}{\376\377\000S\000t\000r\000a\000n\000d\000\040\000I\000I\000\040\040\024\000\040\000T\000h\000e\000\040\000A\000n\000a\000l\000y\000t\000i\000c\000\040\000S\000u\000b\000s\000t\000r\000a\000t\000e}{chapter.2}% 40
\BOOKMARK [1][-]{section.2.14}{\376\377\000S\000t\000r\000a\000n\000d\000\040\000I\000I\000I\000\040\040\024\000\040\000T\000h\000e\000\040\000B\000r\000i\000d\000g\000i\000n\000g\000\040\000S\000t\000r\000a\000n\000d}{chapter.2}% 41
\BOOKMARK [0][-]{chapter.3}{\376\377\000G\000o\000l\000d\000e\000n\000\040\000C\000u\000t\000:\000\040\000B\000a\000c\000k\000g\000r\000o\000u\000n\000d\000\040\040\024\000\040\000N\000e\000u\000r\000o\000-\000S\000y\000m\000b\000o\000l\000i\000c\000\040\000A\000I}{part.1}% 42
\BOOKMARK [1][-]{section.3.1}{\376\377\000A\000b\000s\000t\000r\000a\000c\000t}{chapter.3}% 43
\BOOKMARK [1][-]{section.3.2}{\376\377\0001\000.\000\040\000I\000n\000t\000r\000o\000d\000u\000c\000t\000i\000o\000n}{chapter.3}% 44
\BOOKMARK [1][-]{section.3.3}{\376\377\0002\000.\000\040\000T\000a\000x\000o\000n\000o\000m\000y\000\040\000o\000f\000\040\000N\000e\000u\000r\000o\000-\000S\000y\000m\000b\000o\000l\000i\000c\000\040\000P\000a\000r\000a\000d\000i\000g\000m\000s}{chapter.3}% 45
\BOOKMARK [2][-]{subsection.3.3.1}{\376\377\0002\000.\0001\000\040\000E\000a\000r\000l\000y\000\040\000S\000y\000m\000b\000o\000l\000i\000c\040\023\000C\000o\000n\000n\000e\000c\000t\000i\000o\000n\000i\000s\000t\000\040\000H\000y\000b\000r\000i\000d\000s}{section.3.3}% 46
\BOOKMARK [2][-]{subsection.3.3.2}{\376\377\0002\000.\0002\000\040\000L\000o\000g\000i\000c\000\040\000T\000e\000n\000s\000o\000r\000\040\000N\000e\000t\000w\000o\000r\000k\000s\000\040\000a\000n\000d\000\040\000D\000i\000f\000f\000e\000r\000e\000n\000t\000i\000a\000b\000l\000e\000\040\000R\000e\000a\000s\000o\000n\000i\000n\000g}{section.3.3}% 47
\BOOKMARK [2][-]{subsection.3.3.3}{\376\377\0002\000.\0003\000\040\000S\000p\000a\000r\000s\000e\000\040\000a\000n\000d\000\040\000T\000e\000r\000n\000a\000r\000y\000\040\000N\000e\000u\000r\000a\000l\000\040\000C\000o\000m\000p\000u\000t\000a\000t\000i\000o\000n}{section.3.3}% 48
\BOOKMARK [2][-]{subsection.3.3.4}{\376\377\0002\000.\0004\000\040\000V\000e\000c\000t\000o\000r\000\040\000S\000y\000m\000b\000o\000l\000i\000c\000\040\000A\000r\000c\000h\000i\000t\000e\000c\000t\000u\000r\000e\000s}{section.3.3}% 49
\BOOKMARK [1][-]{section.3.4}{\376\377\0003\000.\000\040\000R\000e\000p\000r\000e\000s\000e\000n\000t\000a\000t\000i\000o\000n\000a\000l\000\040\000B\000o\000t\000t\000l\000e\000n\000e\000c\000k\000\040\000a\000n\000d\000\040\000t\000h\000e\000\040\003\306\000-\000S\000t\000r\000u\000c\000t\000u\000r\000a\000l\000\040\000P\000r\000i\000o\000r}{chapter.3}% 50
\BOOKMARK [2][-]{subsection.3.4.1}{\376\377\0003\000.\0001\000\040\000T\000h\000e\000\040\000N\000o\000r\000m\000a\000l\000i\000s\000a\000t\000i\000o\000n\000\040\000P\000r\000o\000b\000l\000e\000m}{section.3.4}% 51
\BOOKMARK [2][-]{subsection.3.4.2}{\376\377\0003\000.\0002\000\040\000F\000i\000b\000o\000n\000a\000c\000c\000i\000\040\000a\000n\000d\000\040\000L\000u\000c\000a\000s\000\040\000L\000a\000t\000t\000i\000c\000e\000s\000\040\000a\000s\000\040\000B\000a\000s\000i\000s\000\040\000S\000e\000t\000s}{section.3.4}% 52
\BOOKMARK [2][-]{subsection.3.4.3}{\376\377\0003\000.\0003\000\040\000G\000a\000p\000\040\000i\000n\000\040\000P\000r\000i\000o\000r\000\040\000A\000r\000t}{section.3.4}% 53
\BOOKMARK [1][-]{section.3.5}{\376\377\0004\000.\000\040\000R\000e\000s\000u\000l\000t\000s\000\040\000/\000\040\000E\000v\000i\000d\000e\000n\000c\000e}{chapter.3}% 54
\BOOKMARK [1][-]{section.3.6}{\376\377\0005\000.\000\040\000Q\000e\000d\000\040\000A\000s\000s\000e\000r\000t\000i\000o\000n\000s}{chapter.3}% 55
\BOOKMARK [1][-]{section.3.7}{\376\377\0006\000.\000\040\000S\000e\000a\000l\000e\000d\000\040\000S\000e\000e\000d\000s}{chapter.3}% 56
\BOOKMARK [1][-]{section.3.8}{\376\377\0007\000.\000\040\000D\000i\000s\000c\000u\000s\000s\000i\000o\000n}{chapter.3}% 57
\BOOKMARK [1][-]{section.3.9}{\376\377\000R\000e\000f\000e\000r\000e\000n\000c\000e\000s}{chapter.3}% 58
\BOOKMARK [0][-]{chapter.4}{\376\377\000G\000o\000l\000d\000e\000n\000\040\000H\000a\000r\000v\000e\000s\000t\000:\000\040\000T\000r\000i\000n\000i\000t\000y\000\040\000I\000d\000e\000n\000t\000i\000t\000y\000\040\0002\000+\000-\0002\000=\0003}{part.1}% 59
\BOOKMARK [1][-]{section.4.1}{\376\377\000A\000b\000s\000t\000r\000a\000c\000t}{chapter.4}% 60
\BOOKMARK [1][-]{section.4.2}{\376\377\0001\000.\000\040\000I\000n\000t\000r\000o\000d\000u\000c\000t\000i\000o\000n}{chapter.4}% 61
\BOOKMARK [1][-]{section.4.3}{\376\377\0002\000.\000\040\000D\000e\000r\000i\000v\000a\000t\000i\000o\000n\000\040\000o\000f\000\040\000t\000h\000e\000\040\000A\000n\000c\000h\000o\000r\000\040\000I\000d\000e\000n\000t\000i\000t\000y}{chapter.4}% 62
\BOOKMARK [2][-]{subsection.4.3.1}{\376\377\0002\000.\0001\000\040\000M\000i\000n\000i\000m\000a\000l\000\040\000P\000o\000l\000y\000n\000o\000m\000i\000a\000l\000\040\000a\000n\000d\000\040\000B\000a\000s\000i\000c\000\040\000C\000o\000n\000s\000e\000q\000u\000e\000n\000c\000e\000s}{section.4.3}% 63
\BOOKMARK [2][-]{subsection.4.3.2}{\376\377\0002\000.\0002\000\040\000P\000o\000w\000e\000r\000\040\000S\000u\000r\000v\000e\000y}{section.4.3}% 64
\BOOKMARK [2][-]{subsection.4.3.3}{\376\377\0002\000.\0003\000\040\000R\000e\000l\000a\000t\000i\000o\000n\000\040\000t\000o\000\040\000F\000i\000b\000o\000n\000a\000c\000c\000i\000\040\000A\000r\000i\000t\000h\000m\000e\000t\000i\000c}{section.4.3}% 65
\BOOKMARK [1][-]{section.4.4}{\376\377\0003\000.\000\040\000C\000o\000q\000\040\000M\000e\000c\000h\000a\000n\000i\000s\000a\000t\000i\000o\000n\000\040\000a\000n\000d\000\040\000S\000A\000C\000-\0000\000\040\000I\000n\000v\000a\000r\000i\000a\000n\000t}{chapter.4}% 66
\BOOKMARK [2][-]{subsection.4.4.1}{\376\377\0003\000.\0001\000\040\000P\000r\000o\000o\000f\000\040\000A\000r\000c\000h\000i\000t\000e\000c\000t\000u\000r\000e}{section.4.4}% 67
\BOOKMARK [2][-]{subsection.4.4.2}{\376\377\0003\000.\0002\000\040\000I\000n\000v\000a\000r\000i\000a\000n\000t\000\040\000S\000A\000C\000-\0000}{section.4.4}% 68
\BOOKMARK [2][-]{subsection.4.4.3}{\376\377\0003\000.\0003\000\040\000T\000h\000e\000\040\000I\000n\000t\000e\000g\000e\000r\000-\0003\000\040\000C\000o\000i\000n\000c\000i\000d\000e\000n\000c\000e}{section.4.4}% 69
\BOOKMARK [1][-]{section.4.5}{\376\377\0004\000.\000\040\000R\000e\000s\000u\000l\000t\000s\000\040\000/\000\040\000E\000v\000i\000d\000e\000n\000c\000e}{chapter.4}% 70
\BOOKMARK [1][-]{section.4.6}{\376\377\0005\000.\000\040\000Q\000e\000d\000\040\000A\000s\000s\000e\000r\000t\000i\000o\000n\000s}{chapter.4}% 71
\BOOKMARK [1][-]{section.4.7}{\376\377\0006\000.\000\040\000S\000e\000a\000l\000e\000d\000\040\000S\000e\000e\000d\000s}{chapter.4}% 72
\BOOKMARK [1][-]{section.4.8}{\376\377\0007\000.\000\040\000D\000i\000s\000c\000u\000s\000s\000i\000o\000n}{chapter.4}% 73
\BOOKMARK [1][-]{section.4.9}{\376\377\000R\000e\000f\000e\000r\000e\000n\000c\000e\000s}{chapter.4}% 74
\BOOKMARK [-1][-]{part.2}{\376\377\000I\000I\000\040\004\040\004\060\004\101\004\110\004\070\004\100\004\065\004\075\004\070\004\065}{}% 75
\BOOKMARK [0][-]{chapter.5}{\376\377\000G\000o\000l\000d\000e\000n\000\040\000S\000c\000a\000l\000e\000s\000:\000\040\000S\000a\000c\000r\000e\000d\000\040\000F\000o\000r\000m\000u\000l\000a\000\040\000D\000e\000r\000i\000v\000a\000t\000i\000o\000n}{part.2}% 76
\BOOKMARK [1][-]{section.5.1}{\376\377\000A\000b\000s\000t\000r\000a\000c\000t}{chapter.5}% 77
\BOOKMARK [1][-]{section.5.2}{\376\377\0001\000.\000\040\000I\000n\000t\000r\000o\000d\000u\000c\000t\000i\000o\000n}{chapter.5}% 78
\BOOKMARK [1][-]{section.5.3}{\376\377\0002\000.\000\040\000D\000e\000r\000i\000v\000a\000t\000i\000o\000n\000\040\000o\000f\000\040\000t\000h\000e\000\040\000C\000l\000o\000s\000e\000d\000\040\000F\000o\000r\000m}{chapter.5}% 79
\BOOKMARK [1][-]{section.5.4}{\376\377\0003\000.\000\040\000M\000u\000l\000t\000i\000p\000l\000i\000c\000a\000t\000i\000v\000e\000\040\000I\000d\000e\000n\000t\000i\000t\000y\000\040\000a\000n\000d\000\040\000K\000e\000r\000n\000e\000l\000\040\000I\000n\000t\000e\000g\000r\000a\000t\000i\000o\000n}{chapter.5}% 80
\BOOKMARK [1][-]{section.5.5}{\376\377\0004\000.\000\040\000R\000e\000s\000u\000l\000t\000s\000\040\000/\000\040\000E\000v\000i\000d\000e\000n\000c\000e}{chapter.5}% 81
\BOOKMARK [1][-]{section.5.6}{\376\377\0005\000.\000\040\000Q\000e\000d\000\040\000A\000s\000s\000e\000r\000t\000i\000o\000n\000s}{chapter.5}% 82
\BOOKMARK [1][-]{section.5.7}{\376\377\0006\000.\000\040\000S\000e\000a\000l\000e\000d\000\040\000S\000e\000e\000d\000s}{chapter.5}% 83
\BOOKMARK [1][-]{section.5.8}{\376\377\0007\000.\000\040\000D\000i\000s\000c\000u\000s\000s\000i\000o\000n}{chapter.5}% 84
\BOOKMARK [1][-]{section.5.9}{\376\377\000R\000e\000f\000e\000r\000e\000n\000c\000e\000s}{chapter.5}% 85
\BOOKMARK [0][-]{chapter.6}{\376\377\000T\000h\000e\000\040\000G\000o\000l\000d\000e\000n\000\040\000B\000r\000i\000d\000g\000e\000:\000\040\000F\000i\000b\000o\000n\000a\000c\000c\000i\000-\000L\000u\000c\000a\000s\000\040\000G\000e\000n\000e\000r\000a\000t\000i\000n\000g\000\040\000F\000u\000n\000c\000t\000i\000o\000n\000s}{part.2}% 86
\BOOKMARK [1][-]{section.6.1}{\376\377\000I\000n\000t\000r\000o\000d\000u\000c\000t\000i\000o\000n\000\040\000a\000n\000d\000\040\000S\000t\000a\000t\000e\000m\000e\000n\000t\000\040\000o\000f\000\040\000t\000h\000e\000\040\000M\000a\000i\000n\000\040\000R\000e\000s\000u\000l\000t}{chapter.6}% 87
\BOOKMARK [1][-]{section.6.2}{\376\377\000P\000r\000e\000l\000i\000m\000i\000n\000a\000r\000i\000e\000s\000:\000\040\000R\000e\000c\000u\000r\000r\000e\000n\000c\000e\000s\000\040\000a\000n\000d\000\040\000I\000n\000i\000t\000i\000a\000l\000\040\000C\000o\000n\000d\000i\000t\000i\000o\000n\000s}{chapter.6}% 88
\BOOKMARK [1][-]{section.6.3}{\376\377\000C\000l\000o\000s\000e\000d\000-\000F\000o\000r\000m\000\040\000G\000e\000n\000e\000r\000a\000t\000i\000n\000g\000\040\000F\000u\000n\000c\000t\000i\000o\000n\000s\000\040\000\050\000C\000l\000a\000u\000s\000e\000\040\0001\000\051}{chapter.6}% 89
\BOOKMARK [1][-]{section.6.4}{\376\377\000P\000a\000r\000t\000i\000a\000l\000\040\000F\000r\000a\000c\000t\000i\000o\000n\000s\000\040\000o\000v\000e\000r\000\040\000Q\000\050\000\051\000\040\000\050\000C\000l\000a\000u\000s\000e\000\040\0002\000\051}{chapter.6}% 90
\BOOKMARK [1][-]{section.6.5}{\376\377\000R\000a\000d\000i\000u\000s\000\040\000o\000f\000\040\000C\000o\000n\000v\000e\000r\000g\000e\000n\000c\000e\000\040\000\050\000C\000l\000a\000u\000s\000e\000\040\0003\000\051}{chapter.6}% 91
\BOOKMARK [1][-]{section.6.6}{\376\377\000L\000u\000c\000a\000s\000-\000F\000i\000b\000o\000n\000a\000c\000c\000i\000\040\000C\000o\000u\000p\000l\000i\000n\000g\000\040\000\050\000C\000l\000a\000u\000s\000e\000\040\0004\000\051}{chapter.6}% 92
\BOOKMARK [1][-]{section.6.7}{\376\377\000T\000h\000e\000\040\000A\000n\000c\000h\000o\000r\000\040\000a\000s\000\040\000C\000o\000e\000f\000f\000i\000c\000i\000e\000n\000t\000\040\000\050\000C\000l\000a\000u\000s\000e\000\040\0005\000\051}{chapter.6}% 93
\BOOKMARK [1][-]{section.6.8}{\376\377\000S\000t\000r\000a\000n\000d\000\040\000I\000:\000\040\000A\000l\000g\000e\000b\000r\000a\000i\000c\000-\000R\000a\000t\000i\000o\000n\000a\000l\000\040\000G\000e\000n\000e\000r\000a\000t\000i\000n\000g\000-\000F\000u\000n\000c\000t\000i\000o\000n\000\040\000T\000h\000e\000o\000r\000y}{chapter.6}% 94
\BOOKMARK [1][-]{section.6.9}{\376\377\000S\000t\000r\000a\000n\000d\000\040\000I\000I\000:\000\040\000A\000n\000a\000l\000y\000t\000i\000c\000\040\000T\000h\000e\000o\000r\000y}{chapter.6}% 95
\BOOKMARK [2][-]{subsection.6.9.1}{\376\377\000A\000s\000y\000m\000p\000t\000o\000t\000i\000c\000\040\000d\000o\000m\000i\000n\000a\000n\000c\000e}{section.6.9}% 96
\BOOKMARK [2][-]{subsection.6.9.2}{\376\377\000E\000x\000p\000o\000n\000e\000n\000t\000i\000a\000l\000\040\000g\000e\000n\000e\000r\000a\000t\000i\000n\000g\000\040\000f\000u\000n\000c\000t\000i\000o\000n\000s}{section.6.9}% 97
\BOOKMARK [2][-]{subsection.6.9.3}{\376\377\000H\000a\000n\000k\000e\000l\000\040\000t\000r\000a\000n\000s\000f\000o\000r\000m\000s}{section.6.9}% 98
\BOOKMARK [1][-]{section.6.10}{\376\377\000S\000t\000r\000a\000n\000d\000\040\000I\000I\000I\000:\000\040\000C\000o\000m\000b\000i\000n\000a\000t\000o\000r\000i\000a\000l\000-\000A\000r\000i\000t\000h\000m\000e\000t\000i\000c\000\040\000B\000r\000i\000d\000g\000e}{chapter.6}% 99
\BOOKMARK [2][-]{subsection.6.10.1}{\376\377\000C\000a\000s\000s\000i\000n\000i\000-\000l\000i\000k\000e\000\040\000i\000d\000e\000n\000t\000i\000t\000i\000e\000s}{section.6.10}% 100
\BOOKMARK [2][-]{subsection.6.10.2}{\376\377\000G\000e\000n\000e\000r\000a\000t\000i\000n\000g\000-\000f\000u\000n\000c\000t\000i\000o\000n\000\040\000p\000r\000o\000d\000u\000c\000t\000\040\000i\000d\000e\000n\000t\000i\000t\000i\000e\000s}{section.6.10}% 101
\BOOKMARK [2][-]{subsection.6.10.3}{\376\377\000T\000h\000e\000\040\000b\000r\000i\000d\000g\000e\000\040\000t\000o\000\040\000L\0004\000\040\000a\000n\000d\000\040\000L\0006}{section.6.10}% 102
\BOOKMARK [1][-]{section.6.11}{\376\377\000F\000a\000l\000s\000i\000f\000i\000c\000a\000t\000i\000o\000n\000\040\000D\000i\000s\000c\000u\000s\000s\000i\000o\000n}{chapter.6}% 103
\BOOKMARK [1][-]{section.6.12}{\376\377\000T\000h\000e\000o\000r\000e\000m\000\040\000a\000n\000d\000\040\000L\000e\000m\000m\000a\000\040\000L\000i\000b\000r\000a\000r\000y}{chapter.6}% 104
\BOOKMARK [0][-]{chapter.7}{\376\377\000G\000o\000l\000d\000e\000n\000\040\000M\000a\000n\000t\000i\000s\000s\000a\000:\000\040\000G\000o\000l\000d\000e\000n\000F\000l\000o\000a\000t\000\040\000F\000a\000m\000i\000l\000y\000\040\000G\000F\0004\040\023\000G\000F\0006\0004}{part.2}% 105
\BOOKMARK [1][-]{section.7.1}{\376\377\000A\000b\000s\000t\000r\000a\000c\000t}{chapter.7}% 106
\BOOKMARK [1][-]{section.7.2}{\376\377\0001\000.\000\040\000I\000n\000t\000r\000o\000d\000u\000c\000t\000i\000o\000n}{chapter.7}% 107
\BOOKMARK [1][-]{section.7.3}{\376\377\0002\000.\000\040\000G\000o\000l\000d\000e\000n\000F\000l\000o\000a\000t\000\040\000F\000o\000r\000m\000a\000t\000\040\000D\000e\000f\000i\000n\000i\000t\000i\000o\000n\000s}{chapter.7}% 108
\BOOKMARK [2][-]{subsection.7.3.1}{\376\377\0002\000.\0001\000\040\000P\000r\000e\000l\000i\000m\000i\000n\000a\000r\000i\000e\000s}{section.7.3}% 109
\BOOKMARK [2][-]{subsection.7.3.2}{\376\377\0002\000.\0002\000\040\000C\000o\000q\000\040\000E\000n\000c\000o\000d\000i\000n\000g}{section.7.3}% 110
\BOOKMARK [2][-]{subsection.7.3.3}{\376\377\0002\000.\0003\000\040\000L\000u\000c\000a\000s\000\040\000C\000l\000o\000s\000u\000r\000e\000\040\000o\000n\000\040\000G\000F\0001\0006}{section.7.3}% 111
\BOOKMARK [1][-]{section.7.4}{\376\377\0003\000.\000\040\000K\000e\000y\000\040\000T\000h\000e\000o\000r\000e\000m\000s\000\040\000a\000n\000d\000\040\000P\000r\000o\000o\000f\000\040\000S\000k\000e\000t\000c\000h\000e\000s}{chapter.7}% 112
\BOOKMARK [1][-]{section.7.5}{\376\377\0004\000.\000\040\000R\000e\000s\000u\000l\000t\000s\000\040\000/\000\040\000E\000v\000i\000d\000e\000n\000c\000e}{chapter.7}% 113
\BOOKMARK [1][-]{section.7.6}{\376\377\0005\000.\000\040\000Q\000e\000d\000\040\000A\000s\000s\000e\000r\000t\000i\000o\000n\000s}{chapter.7}% 114
\BOOKMARK [1][-]{section.7.7}{\376\377\0006\000.\000\040\000S\000e\000a\000l\000e\000d\000\040\000S\000e\000e\000d\000s}{chapter.7}% 115
\BOOKMARK [1][-]{section.7.8}{\376\377\0007\000.\000\040\000D\000i\000s\000c\000u\000s\000s\000i\000o\000n}{chapter.7}% 116
\BOOKMARK [1][-]{section.7.9}{\376\377\000R\000e\000f\000e\000r\000e\000n\000c\000e\000s}{chapter.7}% 117
\BOOKMARK [0][-]{chapter.8}{\376\377\000G\000o\000l\000d\000e\000n\000\040\000S\000p\000r\000o\000u\000t\000:\000\040\000V\000o\000g\000e\000l\000\040\000P\000h\000y\000l\000l\000o\000t\000a\000x\000i\000s}{part.2}% 118
\BOOKMARK [1][-]{section.8.1}{\376\377\000A\000b\000s\000t\000r\000a\000c\000t}{chapter.8}% 119
\BOOKMARK [1][-]{section.8.2}{\376\377\0001\000.\000\040\000I\000n\000t\000r\000o\000d\000u\000c\000t\000i\000o\000n}{chapter.8}% 120
\BOOKMARK [1][-]{section.8.3}{\376\377\0002\000.\000\040\000F\000r\000o\000m\000\040\000t\000h\000e\000\040\000T\000r\000i\000n\000i\000t\000y\000\040\000I\000d\000e\000n\000t\000i\000t\000y\000\040\000t\000o\000\040\000t\000h\000e\000\040\000G\000o\000l\000d\000e\000n\000\040\000A\000n\000g\000l\000e}{chapter.8}% 121
\BOOKMARK [1][-]{section.8.4}{\376\377\0003\000.\000\040\000H\0004\000\040\000R\000o\000o\000t\000\040\000S\000y\000s\000t\000e\000m\000,\000\040\000E\0008\000\040\000L\000a\000t\000t\000i\000c\000e\000,\000\040\000a\000n\000d\000\040\000t\000h\000e\000\040\000\134\000v\000a\000r\000p\000h\000i\000-\000S\000c\000a\000l\000e\000d\000\040\000B\000l\000o\000c\000k\000\040\000D\000e\000c\000o\000m\000p\000o\000s\000i\000t\000i\000o\000n}{chapter.8}% 122
\BOOKMARK [1][-]{section.8.5}{\376\377\0004\000.\000\040\000R\000e\000s\000u\000l\000t\000s\000\040\000/\000\040\000E\000v\000i\000d\000e\000n\000c\000e}{chapter.8}% 123
\BOOKMARK [1][-]{section.8.6}{\376\377\0005\000.\000\040\000Q\000e\000d\000\040\000A\000s\000s\000e\000r\000t\000i\000o\000n\000s}{chapter.8}% 124
\BOOKMARK [1][-]{section.8.7}{\376\377\0006\000.\000\040\000S\000e\000a\000l\000e\000d\000\040\000S\000e\000e\000d\000s}{chapter.8}% 125
\BOOKMARK [1][-]{section.8.8}{\376\377\0007\000.\000\040\000D\000i\000s\000c\000u\000s\000s\000i\000o\000n}{chapter.8}% 126
\BOOKMARK [1][-]{section.8.9}{\376\377\000R\000e\000f\000e\000r\000e\000n\000c\000e\000s}{chapter.8}% 127
\BOOKMARK [-1][-]{part.3}{\376\377\000I\000I\000I\000\040\004\032\004\100\004\070\004\101\004\102\004\060\004\073\004\073}{}% 128
\BOOKMARK [0][-]{chapter.9}{\376\377\000G\000o\000l\000d\000e\000n\000\040\000C\000r\000y\000s\000t\000a\000l\000:\000\040\000T\000F\0003\000/\000T\000F\0009\000\040\000S\000p\000a\000r\000s\000e\000\040\000T\000e\000r\000n\000a\000r\000y\000\040\000M\000a\000t\000m\000u\000l}{part.3}% 129
\BOOKMARK [1][-]{section.9.1}{\376\377\000A\000b\000s\000t\000r\000a\000c\000t}{chapter.9}% 130
\BOOKMARK [1][-]{section.9.2}{\376\377\0001\000.\000\040\000I\000n\000t\000r\000o\000d\000u\000c\000t\000i\000o\000n}{chapter.9}% 131
\BOOKMARK [1][-]{section.9.3}{\376\377\0002\000.\000\040\000T\000F\0003\000\040\000a\000n\000d\000\040\000T\000F\0009\000\040\000A\000l\000g\000e\000b\000r\000a\000i\000c\000\040\000S\000t\000r\000u\000c\000t\000u\000r\000e}{chapter.9}% 132
\BOOKMARK [2][-]{subsection.9.3.1}{\376\377\0002\000.\0001\000\040\000T\000r\000i\000t\000\040\000E\000n\000c\000o\000d\000i\000n\000g}{section.9.3}% 133
\BOOKMARK [2][-]{subsection.9.3.2}{\376\377\0002\000.\0002\000\040\000T\000F\0009\000\040\000P\000r\000o\000d\000u\000c\000t\000\040\000E\000n\000c\000o\000d\000i\000n\000g}{section.9.3}% 134
\BOOKMARK [2][-]{subsection.9.3.3}{\376\377\0002\000.\0003\000\040\003\306\000-\000N\000o\000r\000m\000a\000l\000i\000s\000a\000t\000i\000o\000n}{section.9.3}% 135
\BOOKMARK [1][-]{section.9.4}{\376\377\0003\000.\000\040\000H\000y\000b\000r\000i\000d\000\040\000Q\000K\000\040\000G\000a\000i\000n\000\040\000I\000n\000v\000a\000r\000i\000a\000n\000t\000\040\000\050\000I\000N\000V\000-\0006\000\051}{chapter.9}% 136
\BOOKMARK [2][-]{subsection.9.4.1}{\376\377\0003\000.\0001\000\040\000G\000a\000i\000n\000\040\000A\000d\000m\000i\000s\000s\000i\000b\000i\000l\000i\000t\000y}{section.9.4}% 137
\BOOKMARK [2][-]{subsection.9.4.2}{\376\377\0003\000.\0002\000\040\000P\000r\000o\000o\000f\000\040\000S\000k\000e\000t\000c\000h\000\040\000f\000o\000r\000\040\000a\000d\000m\000i\000t\000\137\000p\000h\000i\000\137\000s\000q}{section.9.4}% 138
\BOOKMARK [1][-]{section.9.5}{\376\377\0004\000.\000\040\000R\000e\000s\000u\000l\000t\000s\000\040\000/\000\040\000E\000v\000i\000d\000e\000n\000c\000e}{chapter.9}% 139
\BOOKMARK [1][-]{section.9.6}{\376\377\0005\000.\000\040\000Q\000e\000d\000\040\000A\000s\000s\000e\000r\000t\000i\000o\000n\000s}{chapter.9}% 140
\BOOKMARK [1][-]{section.9.7}{\376\377\0006\000.\000\040\000S\000e\000a\000l\000e\000d\000\040\000S\000e\000e\000d\000s}{chapter.9}% 141
\BOOKMARK [1][-]{section.9.8}{\376\377\0007\000.\000\040\000D\000i\000s\000c\000u\000s\000s\000i\000o\000n}{chapter.9}% 142
\BOOKMARK [1][-]{section.9.9}{\376\377\000R\000e\000f\000e\000r\000e\000n\000c\000e\000s}{chapter.9}% 143
\BOOKMARK [1][-]{section.9.10}{\376\377\000F\000a\000l\000s\000i\000f\000i\000c\000a\000t\000i\000o\000n}{chapter.9}% 144
\BOOKMARK [0][-]{chapter.10}{\376\377\000G\000o\000l\000d\000e\000n\000\040\000S\000e\000a\000l\000:\000\040\000G\000F\000\040\000v\000s\000\040\000M\000X\000F\000P\0004\000\040\000A\000b\000l\000a\000t\000i\000o\000n}{part.3}% 145
\BOOKMARK [1][-]{section.10.1}{\376\377\000A\000b\000s\000t\000r\000a\000c\000t}{chapter.10}% 146
\BOOKMARK [1][-]{section.10.2}{\376\377\0001\000.\000\040\000I\000n\000t\000r\000o\000d\000u\000c\000t\000i\000o\000n}{chapter.10}% 147
\BOOKMARK [1][-]{section.10.3}{\376\377\0002\000.\000\040\000G\000F\0001\0006\000\040\000P\000H\000I\000\137\000B\000I\000A\000S\000=\0006\0000\000\040\000a\000n\000d\000\040\000t\000h\000e\000\040\000I\000N\000V\000-\0003\000\040\000S\000a\000f\000e\000\040\000D\000o\000m\000a\000i\000n}{chapter.10}% 148
\BOOKMARK [2][-]{subsection.10.3.1}{\376\377\0002\000.\0001\000\040\000G\000F\0001\0006\000\040\000F\000o\000r\000m\000a\000t\000\040\000S\000p\000e\000c\000i\000f\000i\000c\000a\000t\000i\000o\000n}{section.10.3}% 149
\BOOKMARK [2][-]{subsection.10.3.2}{\376\377\0002\000.\0002\000\040\000I\000N\000V\000-\0003\000:\000\040\000N\000i\000n\000e\000\040\000C\000o\000q\000\040\000P\000r\000e\000c\000i\000s\000i\000o\000n\000\040\000B\000o\000u\000n\000d\000s}{section.10.3}% 150
\BOOKMARK [2][-]{subsection.10.3.3}{\376\377\0002\000.\0003\000\040\000C\000o\000m\000p\000e\000t\000i\000t\000o\000r\000\040\000F\000o\000r\000m\000a\000t\000\040\000S\000u\000m\000m\000a\000r\000i\000e\000s}{section.10.3}% 151
\BOOKMARK [1][-]{section.10.4}{\376\377\0003\000.\000\040\000A\000b\000l\000a\000t\000i\000o\000n\000\040\000M\000a\000t\000r\000i\000x\000:\000\040\000T\000i\000e\000r\000-\000A\000/\000B\000/\000C\000\040\000\040\000M\0001\040\023\000M\0006}{chapter.10}% 152
\BOOKMARK [1][-]{section.10.5}{\376\377\0004\000.\000\040\000R\000e\000s\000u\000l\000t\000s\000\040\000/\000\040\000E\000v\000i\000d\000e\000n\000c\000e}{chapter.10}% 153
\BOOKMARK [1][-]{section.10.6}{\376\377\0005\000.\000\040\000Q\000e\000d\000\040\000A\000s\000s\000e\000r\000t\000i\000o\000n\000s}{chapter.10}% 154
\BOOKMARK [1][-]{section.10.7}{\376\377\0006\000.\000\040\000S\000e\000a\000l\000e\000d\000\040\000S\000e\000e\000d\000s}{chapter.10}% 155
\BOOKMARK [1][-]{section.10.8}{\376\377\0007\000.\000\040\000D\000i\000s\000c\000u\000s\000s\000i\000o\000n}{chapter.10}% 156
\BOOKMARK [1][-]{section.10.9}{\376\377\000R\000e\000f\000e\000r\000e\000n\000c\000e\000s}{chapter.10}% 157
\BOOKMARK [-1][-]{part.4}{\376\377\000I\000V\000\040\004\041\004\070\004\075\004\102\004\065\004\067}{}% 158
\BOOKMARK [0][-]{chapter.11}{\376\377\000G\000o\000l\000d\000e\000n\000\040\000B\000l\000o\000o\000m\000:\000\040\000C\000o\000q\000\040\000L\0001\000\040\000R\000a\000n\000g\000e\000\040\000P\000r\000e\000c\000i\000s\000i\000o\000n\000\040\000P\000a\000r\000e\000t\000o}{part.4}% 159
\BOOKMARK [1][-]{section.11.1}{\376\377\000A\000b\000s\000t\000r\000a\000c\000t}{chapter.11}% 160
\BOOKMARK [1][-]{section.11.2}{\376\377\0001\000.\000\040\000I\000n\000t\000r\000o\000d\000u\000c\000t\000i\000o\000n}{chapter.11}% 161
\BOOKMARK [1][-]{section.11.3}{\376\377\0002\000.\000\040\000G\000F\000\050\0001\0006\000\051\000\040\000R\000a\000n\000g\000e\000\040\000a\000n\000d\000\040\000P\000r\000e\000c\000i\000s\000i\000o\000n\000\040\000F\000o\000r\000m\000a\000l\000i\000s\000a\000t\000i\000o\000n}{chapter.11}% 162
\BOOKMARK [1][-]{section.11.4}{\376\377\0003\000.\000\040\000T\000h\000e\000\040\000P\000a\000r\000e\000t\000o\000\040\000F\000r\000o\000n\000t\000i\000e\000r\000\040\000a\000n\000d\000\040\000C\000o\000n\000j\000e\000c\000t\000u\000r\000e\000\040\000C\0001}{chapter.11}% 163
\BOOKMARK [1][-]{section.11.5}{\376\377\0004\000.\000\040\000R\000e\000s\000u\000l\000t\000s\000\040\000/\000\040\000E\000v\000i\000d\000e\000n\000c\000e}{chapter.11}% 164
\BOOKMARK [1][-]{section.11.6}{\376\377\0005\000.\000\040\000Q\000e\000d\000\040\000A\000s\000s\000e\000r\000t\000i\000o\000n\000s}{chapter.11}% 165
\BOOKMARK [1][-]{section.11.7}{\376\377\0006\000.\000\040\000S\000e\000a\000l\000e\000d\000\040\000S\000e\000e\000d\000s}{chapter.11}% 166
\BOOKMARK [1][-]{section.11.8}{\376\377\0007\000.\000\040\000D\000i\000s\000c\000u\000s\000s\000i\000o\000n}{chapter.11}% 167
\BOOKMARK [1][-]{section.11.9}{\376\377\000R\000e\000f\000e\000r\000e\000n\000c\000e\000s}{chapter.11}% 168
\BOOKMARK [-1][-]{part.5}{\376\377\000V\000\040\004\041\004\060\004\072\004\100\004\060\004\073\004\114\004\075\004\060\004\117\000\040\004\063\004\065\004\076\004\074\004\065\004\102\004\100\004\070\004\117}{}% 169
\BOOKMARK [0][-]{chapter.12}{\376\377\000V\000e\000s\000i\000c\000a\000\040\000P\000i\000s\000c\000i\000s\000:\000\040\000P\000r\000e\000-\000r\000e\000g\000i\000s\000t\000r\000a\000t\000i\000o\000n\000\040\000H\000\040\040\024\000\040\0003\000\040\000d\000i\000s\000t\000i\000n\000c\000t\000\040\000s\000e\000e\000d\000s}{part.5}% 170
\BOOKMARK [1][-]{section.12.1}{\376\377\000A\000b\000s\000t\000r\000a\000c\000t}{chapter.12}% 171
\BOOKMARK [1][-]{section.12.2}{\376\377\0001\000.\000\040\000I\000n\000t\000r\000o\000d\000u\000c\000t\000i\000o\000n}{chapter.12}% 172
\BOOKMARK [1][-]{section.12.3}{\376\377\0002\000.\000\040\000H\000y\000p\000o\000t\000h\000e\000s\000i\000s\000\040\000F\000o\000r\000m\000a\000l\000i\000s\000a\000t\000i\000o\000n\000\040\000a\000n\000d\000\040\000R\000e\000g\000i\000s\000t\000r\000a\000t\000i\000o\000n\000\040\000P\000r\000o\000t\000o\000c\000o\000l}{chapter.12}% 173
\BOOKMARK [1][-]{section.12.4}{\376\377\0003\000.\000\040\000I\000N\000V\000-\0007\000\040\000I\000n\000v\000a\000r\000i\000a\000n\000t\000\040\000a\000n\000d\000\040\000C\000o\000q\000\040\000F\000o\000r\000m\000a\000l\000i\000s\000a\000t\000i\000o\000n}{chapter.12}% 174
\BOOKMARK [1][-]{section.12.5}{\376\377\0004\000.\000\040\000R\000e\000s\000u\000l\000t\000s\000\040\000/\000\040\000E\000v\000i\000d\000e\000n\000c\000e}{chapter.12}% 175
\BOOKMARK [1][-]{section.12.6}{\376\377\0005\000.\000\040\000Q\000e\000d\000\040\000A\000s\000s\000e\000r\000t\000i\000o\000n\000s}{chapter.12}% 176
\BOOKMARK [1][-]{section.12.7}{\376\377\0006\000.\000\040\000S\000e\000a\000l\000e\000d\000\040\000S\000e\000e\000d\000s}{chapter.12}% 177
\BOOKMARK [1][-]{section.12.8}{\376\377\0007\000.\000\040\000D\000i\000s\000c\000u\000s\000s\000i\000o\000n}{chapter.12}% 178
\BOOKMARK [1][-]{section.12.9}{\376\377\000R\000e\000f\000e\000r\000e\000n\000c\000e\000s}{chapter.12}% 179
\BOOKMARK [0][-]{chapter.13}{\376\377\000F\000l\000o\000w\000e\000r\000\040\000o\000f\000\040\000L\000i\000f\000e\000:\000\040\000H\000a\000r\000d\000w\000a\000r\000e\000\040\000B\000r\000i\000d\000g\000e\000\040\000\050\000d\000e\000f\000e\000r\000r\000e\000d\000\051}{part.5}% 180
\BOOKMARK [1][-]{section.13.1}{\376\377\000A\000b\000s\000t\000r\000a\000c\000t}{chapter.13}% 181
\BOOKMARK [1][-]{section.13.2}{\376\377\0001\000.\000\040\000I\000n\000t\000r\000o\000d\000u\000c\000t\000i\000o\000n}{chapter.13}% 182
\BOOKMARK [1][-]{section.13.3}{\376\377\0002\000.\000\040\000B\000r\000i\000d\000g\000e\000\040\000A\000r\000c\000h\000i\000t\000e\000c\000t\000u\000r\000e\000\040\000a\000n\000d\000\040\000I\000n\000t\000e\000r\000f\000a\000c\000e\000\040\000C\000o\000n\000t\000r\000a\000c\000t\000s}{chapter.13}% 183
\BOOKMARK [2][-]{subsection.13.3.1}{\376\377\0002\000.\0001\000\040\000L\000o\000g\000i\000c\000a\000l\000\040\000S\000t\000r\000u\000c\000t\000u\000r\000e}{section.13.3}% 184
\BOOKMARK [2][-]{subsection.13.3.2}{\376\377\0002\000.\0002\000\040\000S\000i\000g\000n\000a\000l\000\040\000N\000a\000m\000i\000n\000g\000\040\000C\000o\000n\000v\000e\000n\000t\000i\000o\000n}{section.13.3}% 185
\BOOKMARK [2][-]{subsection.13.3.3}{\376\377\0002\000.\0003\000\040\000E\000r\000r\000o\000r\000-\000H\000a\000n\000d\000l\000i\000n\000g\000\040\000P\000r\000o\000t\000o\000c\000o\000l}{section.13.3}% 186
\BOOKMARK [1][-]{section.13.4}{\376\377\0003\000.\000\040\000C\000l\000o\000c\000k\000-\000D\000o\000m\000a\000i\000n\000\040\000A\000n\000a\000l\000y\000s\000i\000s\000\040\000a\000n\000d\000\040\000T\000i\000m\000i\000n\000g}{chapter.13}% 187
\BOOKMARK [2][-]{subsection.13.4.1}{\376\377\0003\000.\0001\000\040\000F\000r\000e\000q\000u\000e\000n\000c\000y\000\040\000R\000a\000t\000i\000o\000s\000\040\000a\000n\000d\000\040\000t\000h\000e\000\040\000G\000o\000l\000d\000e\000n\000\040\000R\000a\000t\000i\000o}{section.13.4}% 188
\BOOKMARK [2][-]{subsection.13.4.2}{\376\377\0003\000.\0002\000\040\000T\000h\000r\000o\000u\000g\000h\000p\000u\000t\000\040\000B\000u\000d\000g\000e\000t}{section.13.4}% 189
\BOOKMARK [2][-]{subsection.13.4.3}{\376\377\0003\000.\0003\000\040\000P\000o\000w\000e\000r\000\040\000A\000c\000c\000o\000u\000n\000t\000i\000n\000g}{section.13.4}% 190
\BOOKMARK [1][-]{section.13.5}{\376\377\0004\000.\000\040\000R\000e\000s\000u\000l\000t\000s\000\040\000/\000\040\000E\000v\000i\000d\000e\000n\000c\000e}{chapter.13}% 191
\BOOKMARK [1][-]{section.13.6}{\376\377\0005\000.\000\040\000Q\000e\000d\000\040\000A\000s\000s\000e\000r\000t\000i\000o\000n\000s}{chapter.13}% 192
\BOOKMARK [1][-]{section.13.7}{\376\377\0006\000.\000\040\000S\000e\000a\000l\000e\000d\000\040\000S\000e\000e\000d\000s}{chapter.13}% 193
\BOOKMARK [1][-]{section.13.8}{\376\377\0007\000.\000\040\000D\000i\000s\000c\000u\000s\000s\000i\000o\000n}{chapter.13}% 194
\BOOKMARK [1][-]{section.13.9}{\376\377\000R\000e\000f\000e\000r\000e\000n\000c\000e\000s}{chapter.13}% 195
\BOOKMARK [0][-]{chapter.14}{\376\377\000M\000e\000t\000a\000t\000r\000o\000n\000'\000s\000\040\000C\000u\000b\000e\000\040\000a\000n\000d\000\040\000t\000h\000e\000\040\000L\000u\000c\000a\000s\000-\0001\0002\000\040\000O\000r\000b\000i\000t}{part.5}% 196
\BOOKMARK [1][-]{section.14.1}{\376\377\000S\000t\000r\000a\000n\000d\000\040\000I\000\040\040\024\000\040\000I\000n\000t\000u\000i\000t\000i\000o\000n}{chapter.14}% 197
\BOOKMARK [2][-]{subsection.14.1.1}{\376\377\000W\000h\000e\000r\000e\000\040\000M\000e\000t\000a\000t\000r\000o\000n\000'\000s\000\040\000C\000u\000b\000e\000\040\000C\000o\000m\000e\000s\000\040\000F\000r\000o\000m}{section.14.1}% 198
\BOOKMARK [2][-]{subsection.14.1.2}{\376\377\000T\000h\000r\000e\000e\000\040\000S\000t\000r\000a\000n\000d\000s\000\040\000o\000f\000\040\000C\000o\000n\000t\000i\000n\000u\000i\000t\000y}{section.14.1}% 199
\BOOKMARK [2][-]{subsection.14.1.3}{\376\377\000W\000h\000y\000\040\000T\000h\000i\000r\000t\000e\000e\000n\000\040\000N\000o\000d\000e\000s}{section.14.1}% 200
\BOOKMARK [2][-]{subsection.14.1.4}{\376\377\000W\000h\000y\000\040\000S\000e\000v\000e\000n\000t\000y\000-\000E\000i\000g\000h\000t\000\040\000E\000d\000g\000e\000s}{section.14.1}% 201
\BOOKMARK [2][-]{subsection.14.1.5}{\376\377\000W\000h\000y\000\040\000F\000i\000v\000e\000\040\000P\000l\000a\000t\000o\000n\000i\000c\000\040\000S\000o\000l\000i\000d\000s}{section.14.1}% 202
\BOOKMARK [2][-]{subsection.14.1.6}{\376\377\000P\000e\000d\000a\000g\000o\000g\000i\000c\000a\000l\000\040\000D\000i\000a\000g\000r\000a\000m\000\040\000\050\000R\000e\000f\000e\000r\000e\000n\000c\000e\000d\000,\000\040\000n\000o\000t\000\040\000E\000m\000b\000e\000d\000d\000e\000d\000\051}{section.14.1}% 203
\BOOKMARK [2][-]{subsection.14.1.7}{\376\377\000C\000o\000n\000n\000e\000c\000t\000i\000o\000n\000\040\000t\000o\000\040\000C\000h\000a\000p\000t\000e\000r\000\040\0001\0007}{section.14.1}% 204
\BOOKMARK [2][-]{subsection.14.1.8}{\376\377\000S\000t\000r\000a\000n\000d\000\040\000I\000\040\000T\000a\000k\000e\000a\000w\000a\000y}{section.14.1}% 205
\BOOKMARK [1][-]{section.14.2}{\376\377\000S\000t\000r\000a\000n\000d\000\040\000I\000I\000\040\040\024\000\040\000F\000o\000r\000m\000a\000l\000i\000s\000a\000t\000i\000o\000n}{chapter.14}% 206
\BOOKMARK [2][-]{subsection.14.2.1}{\376\377\000N\000o\000t\000a\000t\000i\000o\000n}{section.14.2}% 207
\BOOKMARK [2][-]{subsection.14.2.2}{\376\377\000T\000h\000e\000\040\000L\000u\000c\000a\000s\000-\0001\0002\000\040\000O\000r\000b\000i\000t}{section.14.2}% 208
\BOOKMARK [2][-]{subsection.14.2.3}{\376\377\000T\000h\000e\000\040\000T\000r\000i\000n\000i\000t\000y\000\040\000P\000l\000a\000n\000e}{section.14.2}% 209
\BOOKMARK [2][-]{subsection.14.2.4}{\376\377\000T\000h\000e\000\040\000P\000r\000o\000j\000e\000c\000t\000i\000o\000n\000\040\000T\000h\000e\000o\000r\000e\000m}{section.14.2}% 210
\BOOKMARK [2][-]{subsection.14.2.5}{\376\377\000E\000d\000g\000e\000\040\000C\000o\000u\000n\000t\000s}{section.14.2}% 211
\BOOKMARK [2][-]{subsection.14.2.6}{\376\377\000T\000h\000e\000\040\000T\000r\000i\000n\000i\000t\000y\000\040\000I\000d\000e\000n\000t\000i\000t\000y\000\040\000i\000n\000\040\000t\000h\000e\000\040\000C\000u\000b\000e}{section.14.2}% 212
\BOOKMARK [2][-]{subsection.14.2.7}{\376\377\000S\000y\000m\000m\000e\000t\000r\000y\000\040\000G\000r\000o\000u\000p\000\040\000A\000c\000t\000i\000o\000n}{section.14.2}% 213
\BOOKMARK [2][-]{subsection.14.2.8}{\376\377\000C\000o\000n\000n\000e\000c\000t\000i\000o\000n\000\040\000t\000o\000\040\000t\000h\000e\000\040\000G\000F\0001\0006\000\040\000F\000l\000o\000o\000r}{section.14.2}% 214
\BOOKMARK [2][-]{subsection.14.2.9}{\376\377\000S\000t\000r\000a\000n\000d\000\040\000I\000I\000\040\000W\000r\000a\000p}{section.14.2}% 215
\BOOKMARK [1][-]{section.14.3}{\376\377\000S\000t\000r\000a\000n\000d\000\040\000I\000I\000I\000\040\040\024\000\040\000C\000o\000n\000s\000e\000q\000u\000e\000n\000c\000e}{chapter.14}% 216
\BOOKMARK [2][-]{subsection.14.3.1}{\376\377\000T\000h\000e\000\040\000C\000u\000b\000e\000\040\000a\000s\000\040\000A\000r\000c\000h\000i\000t\000e\000c\000t\000u\000r\000e\000\040\000S\000c\000a\000f\000f\000o\000l\000d}{section.14.3}% 217
\BOOKMARK [2][-]{subsection.14.3.2}{\376\377\000C\000o\000u\000n\000t\000i\000n\000g\000\040\000i\000n\000\040\000t\000h\000e\000\040\000A\000r\000c\000h\000i\000t\000e\000c\000t\000u\000r\000e}{section.14.3}% 218
\BOOKMARK [2][-]{subsection.14.3.3}{\376\377\000W\000h\000y\000\040\000a\000\040\000C\000u\000b\000e\000\040\000a\000n\000d\000\040\000N\000o\000t\000\040\000a\000\040\000S\000p\000i\000r\000a\000l}{section.14.3}% 219
\BOOKMARK [2][-]{subsection.14.3.4}{\376\377\000E\000m\000p\000i\000r\000i\000c\000a\000l\000\040\000R\000e\000-\000c\000o\000r\000r\000o\000b\000o\000r\000a\000t\000i\000o\000n\000\040\000i\000n\000\040\000C\000h\000a\000p\000t\000e\000r\000\040\0002\0006}{section.14.3}% 220
\BOOKMARK [2][-]{subsection.14.3.5}{\376\377\000C\000o\000n\000n\000e\000c\000t\000i\000o\000n\000\040\000t\000o\000\040\000C\000h\000a\000p\000t\000e\000r\000\040\0002\0003}{section.14.3}% 221
\BOOKMARK [2][-]{subsection.14.3.6}{\376\377\000S\000t\000r\000a\000n\000d\000\040\000I\000I\000I\000\040\000W\000r\000a\000p}{section.14.3}% 222
\BOOKMARK [1][-]{section.14.4}{\376\377\000C\000o\000o\000r\000d\000i\000n\000a\000t\000e\000s\000\040\000a\000n\000d\000\040\000A\000l\000g\000e\000b\000r\000a\000i\000c\000\040\000B\000o\000o\000k\000k\000e\000e\000p\000i\000n\000g}{chapter.14}% 223
\BOOKMARK [2][-]{subsection.14.4.1}{\376\377\000C\000a\000r\000t\000e\000s\000i\000a\000n\000\040\000C\000o\000o\000r\000d\000i\000n\000a\000t\000e\000s\000\040\000o\000f\000\040\000t\000h\000e\000\040\000R\000i\000m}{section.14.4}% 224
\BOOKMARK [2][-]{subsection.14.4.2}{\376\377\000P\000o\000l\000a\000r\000\040\000C\000o\000o\000r\000d\000i\000n\000a\000t\000e\000s}{section.14.4}% 225
\BOOKMARK [2][-]{subsection.14.4.3}{\376\377\000L\000u\000c\000a\000s\000-\000R\000i\000n\000g\000\040\000C\000o\000o\000r\000d\000i\000n\000a\000t\000e\000s}{section.14.4}% 226
\BOOKMARK [2][-]{subsection.14.4.4}{\376\377\000I\000d\000e\000n\000t\000i\000t\000i\000e\000s}{section.14.4}% 227
\BOOKMARK [1][-]{section.14.5}{\376\377\000T\000h\000e\000\040\000E\000d\000g\000e\000\040\000S\000e\000t\000\040\000C\000o\000l\000o\000u\000r\000e\000d\000\040\000b\000y\000\040\000L\000u\000c\000a\000s\000-\000R\000i\000n\000g\000\040\000F\000i\000l\000t\000r\000a\000t\000i\000o\000n}{chapter.14}% 228
\BOOKMARK [2][-]{subsection.14.5.1}{\376\377\000T\000h\000e\000\040\000F\000i\000l\000t\000r\000a\000t\000i\000o\000n}{section.14.5}% 229
\BOOKMARK [2][-]{subsection.14.5.2}{\376\377\000W\000h\000y\000\040\000a\000\040\000F\000i\000l\000t\000r\000a\000t\000i\000o\000n}{section.14.5}% 230
\BOOKMARK [2][-]{subsection.14.5.3}{\376\377\000F\000i\000l\000t\000r\000a\000t\000i\000o\000n\000\040\000Q\000u\000o\000t\000i\000e\000n\000t\000s}{section.14.5}% 231
\BOOKMARK [2][-]{subsection.14.5.4}{\376\377\000F\000i\000l\000t\000r\000a\000t\000i\000o\000n\000\040\000v\000s\000\040\000C\000o\000q\000\040\000M\000e\000c\000h\000a\000n\000i\000s\000a\000t\000i\000o\000n}{section.14.5}% 232
\BOOKMARK [1][-]{section.14.6}{\376\377\000C\000o\000n\000n\000e\000c\000t\000i\000o\000n\000\040\000t\000o\000\040\000t\000h\000e\000\040\000T\000r\000i\000n\000i\000t\000y\000\040\000A\000r\000c\000h\000i\000t\000e\000c\000t\000u\000r\000e}{chapter.14}% 233
\BOOKMARK [2][-]{subsection.14.6.1}{\376\377\000T\000h\000r\000e\000e\000\040\000C\000u\000b\000e\000s\000,\000\040\000T\000h\000r\000e\000e\000\040\000L\000a\000y\000e\000r\000s}{section.14.6}% 234
\BOOKMARK [2][-]{subsection.14.6.2}{\376\377\000L\000a\000y\000e\000r\000-\000L\000a\000y\000e\000r\000\040\000D\000i\000s\000t\000a\000n\000c\000e\000s}{section.14.6}% 235
\BOOKMARK [2][-]{subsection.14.6.3}{\376\377\000A\000r\000c\000h\000i\000t\000e\000c\000t\000u\000r\000e\000\040\000S\000u\000m\000m\000a\000r\000y}{section.14.6}% 236
\BOOKMARK [1][-]{section.14.7}{\376\377\000C\000o\000q\000\040\000C\000i\000t\000a\000t\000i\000o\000n\000\040\000M\000a\000p\000\040\000\050\000R\0001\0004\000\051}{chapter.14}% 237
\BOOKMARK [1][-]{section.14.8}{\376\377\000D\000i\000s\000c\000u\000s\000s\000i\000o\000n}{chapter.14}% 238
\BOOKMARK [2][-]{subsection.14.8.1}{\376\377\000W\000h\000a\000t\000\040\000t\000h\000e\000\040\000C\000h\000a\000p\000t\000e\000r\000\040\000H\000a\000s\000\040\000E\000s\000t\000a\000b\000l\000i\000s\000h\000e\000d}{section.14.8}% 239
\BOOKMARK [2][-]{subsection.14.8.2}{\376\377\000W\000h\000a\000t\000\040\000t\000h\000e\000\040\000C\000h\000a\000p\000t\000e\000r\000\040\000H\000a\000s\000\040\000N\000o\000t\000\040\000C\000l\000a\000i\000m\000e\000d}{section.14.8}% 240
\BOOKMARK [2][-]{subsection.14.8.3}{\376\377\000O\000p\000e\000n\000\040\000Q\000u\000e\000s\000t\000i\000o\000n\000s}{section.14.8}% 241
\BOOKMARK [2][-]{subsection.14.8.4}{\376\377\000S\000u\000m\000m\000a\000r\000y}{section.14.8}% 242
\BOOKMARK [1][-]{section*.111}{\376\377\000A\000p\000p\000e\000n\000d\000i\000x\000\040\0001\0003\000.\000A\000\040\040\024\000\040\000W\000h\000y\000\040\000T\000h\000i\000r\000t\000e\000e\000n}{chapter.14}% 243
\BOOKMARK [1][-]{section*.115}{\376\377\000A\000p\000p\000e\000n\000d\000i\000x\000\040\0001\0003\000.\000B\000\040\040\024\000\040\000C\000o\000o\000r\000d\000i\000n\000a\000t\000e\000\040\000T\000a\000b\000l\000e\000s}{chapter.14}% 244
\BOOKMARK [1][-]{section*.116}{\376\377\000A\000p\000p\000e\000n\000d\000i\000x\000\040\0001\0003\000.\000C\000\040\040\024\000\040\000E\000d\000g\000e\000\040\000I\000n\000v\000e\000n\000t\000o\000r\000y}{chapter.14}% 245
\BOOKMARK [1][-]{section*.121}{\376\377\000A\000p\000p\000e\000n\000d\000i\000x\000\040\0001\0003\000.\000D\000\040\040\024\000\040\000F\000i\000v\000e\000\040\000P\000l\000a\000t\000o\000n\000i\000c\000\040\000S\000o\000l\000i\000d\000s}{chapter.14}% 246
\BOOKMARK [1][-]{section*.127}{\376\377\000A\000p\000p\000e\000n\000d\000i\000x\000\040\0001\0003\000.\000E\000\040\040\024\000\040\000W\000o\000r\000k\000e\000d\000\040\000E\000x\000a\000m\000p\000l\000e\000s}{chapter.14}% 247
\BOOKMARK [1][-]{section*.132}{\376\377\000A\000p\000p\000e\000n\000d\000i\000x\000\040\0001\0003\000.\000F\000\040\040\024\000\040\000G\000l\000o\000s\000s\000a\000r\000y}{chapter.14}% 248
\BOOKMARK [1][-]{section*.133}{\376\377\000A\000p\000p\000e\000n\000d\000i\000x\000\040\0001\0003\000.\000G\000\040\040\024\000\040\000T\000h\000r\000e\000e\000-\000S\000t\000r\000a\000n\000d\000\040\000C\000r\000o\000s\000s\000-\000R\000e\000f\000e\000r\000e\000n\000c\000e}{chapter.14}% 249
\BOOKMARK [1][-]{section*.134}{\376\377\000A\000p\000p\000e\000n\000d\000i\000x\000\040\0001\0003\000.\000H\000\040\040\024\000\040\000H\000o\000n\000e\000s\000t\000\040\000S\000t\000a\000t\000u\000s\000\040\000D\000e\000c\000l\000a\000r\000a\000t\000i\000o\000n}{chapter.14}% 250
\BOOKMARK [1][-]{section*.135}{\376\377\000A\000p\000p\000e\000n\000d\000i\000x\000\040\0001\0003\000.\000I\000\040\040\024\000\040\000D\000e\000f\000e\000n\000s\000i\000v\000e\000\040\000C\000o\000d\000a}{chapter.14}% 251
\BOOKMARK [1][-]{section*.138}{\376\377\000A\000p\000p\000e\000n\000d\000i\000x\000\040\0001\0003\000.\000J\000\040\040\024\000\040\000N\000u\000m\000e\000r\000i\000c\000a\000l\000\040\000S\000a\000n\000i\000t\000y\000\040\000C\000h\000e\000c\000k}{chapter.14}% 252
\BOOKMARK [1][-]{section*.150}{\376\377\000A\000p\000p\000e\000n\000d\000i\000x\000\040\0001\0003\000.\000K\000\040\040\024\000\040\000E\000x\000t\000e\000n\000d\000e\000d\000\040\000W\000o\000r\000k\000e\000d\000\040\000E\000x\000a\000m\000p\000l\000e\000s}{chapter.14}% 253
\BOOKMARK [1][-]{section*.155}{\376\377\000A\000p\000p\000e\000n\000d\000i\000x\000\040\0001\0003\000.\000L\000\040\040\024\000\040\000C\000o\000n\000n\000e\000c\000t\000i\000o\000n\000\040\000t\000o\000\040\000C\000h\000a\000p\000t\000e\000r\000\040\0001\0007}{chapter.14}% 254
\BOOKMARK [1][-]{section*.160}{\376\377\000A\000p\000p\000e\000n\000d\000i\000x\000\040\0001\0003\000.\000M\000\040\040\024\000\040\000F\000u\000t\000u\000r\000e\000\040\000W\000o\000r\000k}{chapter.14}% 255
\BOOKMARK [0][-]{chapter.15}{\376\377\000P\000l\000a\000t\000o\000n\000i\000c\000\040\000S\000o\000l\000i\000d\000s\000:\000\040\000E\000v\000a\000l\000\040\000S\000e\000m\000a\000n\000t\000i\000c\000s\000\040\040\024\000\040\000B\000P\000B\000\040\000M\000e\000t\000r\000i\000c}{part.5}% 256
\BOOKMARK [1][-]{section.15.1}{\376\377\000A\000b\000s\000t\000r\000a\000c\000t}{chapter.15}% 257
\BOOKMARK [1][-]{section.15.2}{\376\377\0001\000.\000\040\000I\000n\000t\000r\000o\000d\000u\000c\000t\000i\000o\000n}{chapter.15}% 258
\BOOKMARK [1][-]{section.15.3}{\376\377\0002\000.\000\040\000B\000P\000B\000:\000\040\000D\000e\000f\000i\000n\000i\000t\000i\000o\000n\000\040\000a\000n\000d\000\040\000A\000l\000g\000e\000b\000r\000a\000i\000c\000\040\000P\000r\000o\000p\000e\000r\000t\000i\000e\000s}{chapter.15}% 259
\BOOKMARK [2][-]{subsection.15.3.1}{\376\377\0002\000.\0001\000\040\000C\000r\000o\000s\000s\000-\000E\000n\000t\000r\000o\000p\000y\000\040\000a\000n\000d\000\040\000P\000e\000r\000p\000l\000e\000x\000i\000t\000y}{section.15.3}% 260
\BOOKMARK [2][-]{subsection.15.3.2}{\376\377\0002\000.\0002\000\040\000B\000y\000t\000e\000-\000L\000e\000v\000e\000l\000\040\000N\000o\000r\000m\000a\000l\000i\000s\000a\000t\000i\000o\000n}{section.15.3}% 261
\BOOKMARK [2][-]{subsection.15.3.3}{\376\377\0002\000.\0003\000\040\003\306\000-\000W\000e\000i\000g\000h\000t\000e\000d\000\040\000B\000P\000B}{section.15.3}% 262
\BOOKMARK [1][-]{section.15.4}{\376\377\0003\000.\000\040\000G\000a\000t\000e\000\040\000T\000h\000r\000e\000s\000h\000o\000l\000d\000s\000\040\000a\000n\000d\000\040\000T\000h\000e\000i\000r\000\040\000D\000e\000r\000i\000v\000a\000t\000i\000o\000n}{chapter.15}% 263
\BOOKMARK [2][-]{subsection.15.4.1}{\376\377\0003\000.\0001\000\040\000G\000a\000t\000e\000-\0002\000:\000\040\000B\000P\000B\000\040\042\144\000\040\0001\000.\0008\0005}{section.15.4}% 264
\BOOKMARK [2][-]{subsection.15.4.2}{\376\377\0003\000.\0002\000\040\000G\000a\000t\000e\000-\0003\000:\000\040\000B\000P\000B\000\040\042\144\000\040\0001\000.\0005\0000}{section.15.4}% 265
\BOOKMARK [2][-]{subsection.15.4.3}{\376\377\0003\000.\0003\000\040\000R\000e\000l\000a\000t\000i\000o\000n\000s\000h\000i\000p\000\040\000t\000o\000\040\000t\000h\000e\000\040\000D\000A\000R\000P\000A\000\040\000E\000n\000e\000r\000g\000y\000\040\000G\000o\000a\000l}{section.15.4}% 266
\BOOKMARK [1][-]{section.15.5}{\376\377\0004\000.\000\040\000R\000e\000s\000u\000l\000t\000s\000\040\000/\000\040\000E\000v\000i\000d\000e\000n\000c\000e}{chapter.15}% 267
\BOOKMARK [1][-]{section.15.6}{\376\377\0005\000.\000\040\000Q\000e\000d\000\040\000A\000s\000s\000e\000r\000t\000i\000o\000n\000s}{chapter.15}% 268
\BOOKMARK [1][-]{section.15.7}{\376\377\0006\000.\000\040\000S\000e\000a\000l\000e\000d\000\040\000S\000e\000e\000d\000s}{chapter.15}% 269
\BOOKMARK [1][-]{section.15.8}{\376\377\0007\000.\000\040\000D\000i\000s\000c\000u\000s\000s\000i\000o\000n}{chapter.15}% 270
\BOOKMARK [1][-]{section.15.9}{\376\377\000R\000e\000f\000e\000r\000e\000n\000c\000e\000s}{chapter.15}% 271
\BOOKMARK [0][-]{chapter.16}{\376\377\000K\000e\000p\000l\000e\000r\000\040\000S\000o\000l\000i\000d\000s\000:\000\040\000B\000P\000B\000\040\000B\000e\000n\000c\000h\000m\000a\000r\000k\000\040\040\024\000\040\000R\000a\000i\000l\000w\000a\000y\000\040\000P\000o\000s\000t\000g\000r\000e\000S\000Q\000L\000\040\000W\000r\000i\000t\000e}{part.5}% 272
\BOOKMARK [1][-]{section.16.1}{\376\377\000A\000b\000s\000t\000r\000a\000c\000t}{chapter.16}% 273
\BOOKMARK [1][-]{section.16.2}{\376\377\0001\000.\000\040\000I\000n\000t\000r\000o\000d\000u\000c\000t\000i\000o\000n}{chapter.16}% 274
\BOOKMARK [1][-]{section.16.3}{\376\377\0002\000.\000\040\000B\000P\000B\000\040\000P\000r\000o\000t\000o\000c\000o\000l\000\040\000a\000n\000d\000\040\000M\000o\000n\000o\000t\000o\000n\000e\000\040\000B\000a\000c\000k\000w\000a\000r\000d\000\040\000I\000n\000v\000a\000r\000i\000a\000n\000t\000\040\000\050\000I\000N\000V\000-\0001\000\051}{chapter.16}% 275
\BOOKMARK [2][-]{subsection.16.3.1}{\376\377\0002\000.\0001\000\040\000E\000v\000a\000l\000u\000a\000t\000i\000o\000n\000\040\000P\000r\000o\000t\000o\000c\000o\000l}{section.16.3}% 276
\BOOKMARK [2][-]{subsection.16.3.2}{\376\377\0002\000.\0002\000\040\000I\000N\000V\000-\0001\000:\000\040\000B\000P\000B\000\040\000M\000o\000n\000o\000t\000o\000n\000e\000\040\000B\000a\000c\000k\000w\000a\000r\000d}{section.16.3}% 277
\BOOKMARK [2][-]{subsection.16.3.3}{\376\377\0002\000.\0003\000\040\000W\000a\000r\000m\000u\000p\000\040\000G\000a\000t\000e}{section.16.3}% 278
\BOOKMARK [1][-]{section.16.4}{\376\377\0003\000.\000\040\000R\000a\000i\000l\000w\000a\000y\000\040\000P\000o\000s\000t\000g\000r\000e\000S\000Q\000L\000\040\000W\000r\000i\000t\000e\000-\000B\000a\000c\000k\000\040\000A\000r\000c\000h\000i\000t\000e\000c\000t\000u\000r\000e}{chapter.16}% 279
\BOOKMARK [2][-]{subsection.16.4.1}{\376\377\0003\000.\0001\000\040\000D\000a\000t\000a\000b\000a\000s\000e\000\040\000S\000c\000h\000e\000m\000a}{section.16.4}% 280
\BOOKMARK [2][-]{subsection.16.4.2}{\376\377\0003\000.\0002\000\040\000W\000r\000i\000t\000e\000-\000B\000a\000c\000k\000\040\000P\000r\000o\000t\000o\000c\000o\000l}{section.16.4}% 281
\BOOKMARK [2][-]{subsection.16.4.3}{\376\377\0003\000.\0003\000\040\000G\000a\000t\000e\000\040\000E\000v\000a\000l\000u\000a\000t\000i\000o\000n}{section.16.4}% 282
\BOOKMARK [1][-]{section.16.5}{\376\377\0004\000.\000\040\000R\000e\000s\000u\000l\000t\000s\000\040\000/\000\040\000E\000v\000i\000d\000e\000n\000c\000e}{chapter.16}% 283
\BOOKMARK [1][-]{section.16.6}{\376\377\0005\000.\000\040\000Q\000e\000d\000\040\000A\000s\000s\000e\000r\000t\000i\000o\000n\000s}{chapter.16}% 284
\BOOKMARK [1][-]{section.16.7}{\376\377\0006\000.\000\040\000S\000e\000a\000l\000e\000d\000\040\000S\000e\000e\000d\000s}{chapter.16}% 285
\BOOKMARK [1][-]{section.16.8}{\376\377\0007\000.\000\040\000D\000i\000s\000c\000u\000s\000s\000i\000o\000n}{chapter.16}% 286
\BOOKMARK [1][-]{section.16.9}{\376\377\000R\000e\000f\000e\000r\000e\000n\000c\000e\000s}{chapter.16}% 287
\BOOKMARK [0][-]{chapter.17}{\376\377\000S\000a\000c\000r\000e\000d\000\040\000R\000a\000t\000i\000o\000s\000:\000\040\0003\0006\0000\000-\000l\000a\000n\000e\000\040\000P\000h\000i\000-\000D\000i\000s\000t\000a\000n\000c\000e\000\040\000G\000r\000i\000d}{part.5}% 288
\BOOKMARK [1][-]{section.17.1}{\376\377\000A\000b\000s\000t\000r\000a\000c\000t}{chapter.17}% 289
\BOOKMARK [1][-]{section.17.2}{\376\377\0001\000.\000\040\000I\000n\000t\000r\000o\000d\000u\000c\000t\000i\000o\000n}{chapter.17}% 290
\BOOKMARK [1][-]{section.17.3}{\376\377\0002\000.\000\040\000T\000h\000e\000\040\000P\000h\000i\000-\000D\000i\000s\000t\000a\000n\000c\000e\000\040\000F\000u\000n\000c\000t\000i\000o\000n}{chapter.17}% 291
\BOOKMARK [1][-]{section.17.4}{\376\377\0003\000.\000\040\000G\000r\000i\000d\000\040\000C\000o\000n\000s\000t\000r\000u\000c\000t\000i\000o\000n\000\040\000a\000n\000d\000\040\000S\000p\000a\000r\000s\000i\000t\000y\000\040\000A\000n\000a\000l\000y\000s\000i\000s}{chapter.17}% 292
\BOOKMARK [1][-]{section.17.5}{\376\377\0004\000.\000\040\000R\000e\000s\000u\000l\000t\000s\000\040\000/\000\040\000E\000v\000i\000d\000e\000n\000c\000e}{chapter.17}% 293
\BOOKMARK [1][-]{section.17.6}{\376\377\0005\000.\000\040\000Q\000e\000d\000\040\000A\000s\000s\000e\000r\000t\000i\000o\000n\000s}{chapter.17}% 294
\BOOKMARK [1][-]{section.17.7}{\376\377\0006\000.\000\040\000S\000e\000a\000l\000e\000d\000\040\000S\000e\000e\000d\000s}{chapter.17}% 295
\BOOKMARK [1][-]{section.17.8}{\376\377\0007\000.\000\040\000D\000i\000s\000c\000u\000s\000s\000i\000o\000n}{chapter.17}% 296
\BOOKMARK [1][-]{section.17.9}{\376\377\000R\000e\000f\000e\000r\000e\000n\000c\000e\000s}{chapter.17}% 297
\BOOKMARK [0][-]{chapter.18}{\376\377\000G\000o\000l\000d\000e\000n\000\040\000S\000p\000i\000r\000a\000l\000:\000\040\000A\000b\000l\000a\000t\000i\000o\000n\000\040\000M\000a\000t\000r\000i\000x}{part.5}% 298
\BOOKMARK [1][-]{section.18.1}{\376\377\000A\000b\000s\000t\000r\000a\000c\000t}{chapter.18}% 299
\BOOKMARK [1][-]{section.18.2}{\376\377\0001\000.\000\040\000I\000n\000t\000r\000o\000d\000u\000c\000t\000i\000o\000n}{chapter.18}% 300
\BOOKMARK [1][-]{section.18.3}{\376\377\0002\000.\000\040\000F\000a\000c\000t\000o\000r\000\040\000D\000e\000f\000i\000n\000i\000t\000i\000o\000n\000s\000\040\000a\000n\000d\000\040\000E\000x\000p\000e\000r\000i\000m\000e\000n\000t\000a\000l\000\040\000D\000e\000s\000i\000g\000n}{chapter.18}% 301
\BOOKMARK [1][-]{section.18.4}{\376\377\0003\000.\000\040\000A\000n\000a\000l\000y\000s\000i\000s\000\040\000o\000f\000\040\000E\000f\000f\000e\000c\000t\000s\000\040\000a\000n\000d\000\040\000G\000o\000l\000d\000e\000n\000-\000R\000a\000t\000i\000o\000\040\000S\000t\000r\000u\000c\000t\000u\000r\000e}{chapter.18}% 302
\BOOKMARK [1][-]{section.18.5}{\376\377\0004\000.\000\040\000R\000e\000s\000u\000l\000t\000s\000\040\000/\000\040\000E\000v\000i\000d\000e\000n\000c\000e}{chapter.18}% 303
\BOOKMARK [1][-]{section.18.6}{\376\377\0005\000.\000\040\000Q\000e\000d\000\040\000A\000s\000s\000e\000r\000t\000i\000o\000n\000s}{chapter.18}% 304
\BOOKMARK [1][-]{section.18.7}{\376\377\0006\000.\000\040\000S\000e\000a\000l\000e\000d\000\040\000S\000e\000e\000d\000s}{chapter.18}% 305
\BOOKMARK [1][-]{section.18.8}{\376\377\0007\000.\000\040\000D\000i\000s\000c\000u\000s\000s\000i\000o\000n}{chapter.18}% 306
\BOOKMARK [1][-]{section.18.9}{\376\377\000R\000e\000f\000e\000r\000e\000n\000c\000e\000s}{chapter.18}% 307
\BOOKMARK [0][-]{chapter.19}{\376\377\000T\000o\000r\000u\000s\000\040\000G\000e\000o\000m\000e\000t\000r\000y\000:\000\040\000F\000a\000l\000s\000i\000f\000i\000c\000a\000t\000i\000o\000n\000\040\000\046\000\040\000L\000i\000m\000i\000t\000a\000t\000i\000o\000n\000s}{part.5}% 308
\BOOKMARK [1][-]{section.19.1}{\376\377\000A\000b\000s\000t\000r\000a\000c\000t}{chapter.19}% 309
\BOOKMARK [1][-]{section.19.2}{\376\377\0001\000.\000\040\000I\000n\000t\000r\000o\000d\000u\000c\000t\000i\000o\000n}{chapter.19}% 310
\BOOKMARK [1][-]{section.19.3}{\376\377\0002\000.\000\040\000S\000t\000a\000t\000e\000-\000o\000f\000-\000t\000h\000e\000-\000A\000r\000t\000\040\000C\000o\000m\000p\000a\000r\000i\000s\000o\000n\000\040\000\050\000C\000L\000A\000R\000A\000-\000S\000O\000A\000\040\000S\000n\000a\000p\000s\000h\000o\000t\000\051}{chapter.19}% 311
\BOOKMARK [1][-]{section.19.4}{\376\377\0003\000.\000\040\000C\000o\000q\000.\000I\000n\000t\000e\000r\000v\000a\000l\000\040\000U\000p\000g\000r\000a\000d\000e\000\040\000L\000a\000n\000e}{chapter.19}% 312
\BOOKMARK [1][-]{section.19.5}{\376\377\0004\000.\000\040\000H\000a\000r\000d\000w\000a\000r\000e\000\040\000a\000n\000d\000\040\000R\000u\000n\000t\000i\000m\000e\000\040\000L\000i\000m\000i\000t\000a\000t\000i\000o\000n\000s}{chapter.19}% 313
\BOOKMARK [1][-]{section.19.6}{\376\377\0005\000.\000\040\000Q\000e\000d\000\040\000A\000s\000s\000e\000r\000t\000i\000o\000n\000s}{chapter.19}% 314
\BOOKMARK [1][-]{section.19.7}{\376\377\0006\000.\000\040\000S\000e\000a\000l\000e\000d\000\040\000S\000e\000e\000d\000s}{chapter.19}% 315
\BOOKMARK [1][-]{section.19.8}{\376\377\0007\000.\000\040\000D\000i\000s\000c\000u\000s\000s\000i\000o\000n}{chapter.19}% 316
\BOOKMARK [1][-]{section.19.9}{\376\377\000R\000e\000f\000e\000r\000e\000n\000c\000e\000s}{chapter.19}% 317
\BOOKMARK [1][-]{section.19.10}{\376\377\000F\000a\000l\000s\000i\000f\000i\000c\000a\000t\000i\000o\000n}{chapter.19}% 318
\BOOKMARK [0][-]{chapter.20}{\376\377\000F\000i\000b\000o\000n\000a\000c\000c\000i\000\040\000T\000e\000s\000s\000e\000l\000l\000a\000t\000i\000o\000n\000:\000\040\000W\000e\000l\000c\000h\000-\000t\000\040\000S\000t\000a\000t\000i\000s\000t\000i\000c\000a\000l\000\040\000A\000n\000a\000l\000y\000s\000i\000s}{part.5}% 319
\BOOKMARK [1][-]{section.20.1}{\376\377\000A\000b\000s\000t\000r\000a\000c\000t}{chapter.20}% 320
\BOOKMARK [1][-]{section.20.2}{\376\377\0001\000.\000\040\000I\000n\000t\000r\000o\000d\000u\000c\000t\000i\000o\000n}{chapter.20}% 321
\BOOKMARK [1][-]{section.20.3}{\376\377\0002\000.\000\040\000T\000e\000s\000t\000\040\000D\000e\000s\000i\000g\000n\000\040\000a\000n\000d\000\040\000H\000y\000p\000o\000t\000h\000e\000s\000e\000s}{chapter.20}% 322
\BOOKMARK [1][-]{section.20.4}{\376\377\0003\000.\000\040\000W\000e\000l\000c\000h\000\040\000t\000-\000S\000t\000a\000t\000i\000s\000t\000i\000c\000\040\000a\000n\000d\000\040\000D\000e\000g\000r\000e\000e\000s\000\040\000o\000f\000\040\000F\000r\000e\000e\000d\000o\000m}{chapter.20}% 323
\BOOKMARK [1][-]{section.20.5}{\376\377\0004\000.\000\040\000R\000e\000s\000u\000l\000t\000s\000\040\000/\000\040\000E\000v\000i\000d\000e\000n\000c\000e}{chapter.20}% 324
\BOOKMARK [1][-]{section.20.6}{\376\377\0005\000.\000\040\000Q\000e\000d\000\040\000A\000s\000s\000e\000r\000t\000i\000o\000n\000s}{chapter.20}% 325
\BOOKMARK [1][-]{section.20.7}{\376\377\0006\000.\000\040\000S\000e\000a\000l\000e\000d\000\040\000S\000e\000e\000d\000s}{chapter.20}% 326
\BOOKMARK [1][-]{section.20.8}{\376\377\0007\000.\000\040\000D\000i\000s\000c\000u\000s\000s\000i\000o\000n}{chapter.20}% 327
\BOOKMARK [1][-]{section.20.9}{\376\377\000R\000e\000f\000e\000r\000e\000n\000c\000e\000s}{chapter.20}% 328
\BOOKMARK [-1][-]{part.6}{\376\377\000V\000I\000\040\004\044\004\070\004\067\004\070\004\107\004\065\004\101\004\072\004\070\004\071\000\040\004\104\004\103\004\075\004\064\004\060\004\074\004\065\004\075\004\102}{}% 329
\BOOKMARK [0][-]{chapter.21}{\376\377\000S\000t\000a\000n\000d\000a\000r\000d\000\040\000M\000o\000d\000e\000l\000\040\040\024\000\040\000F\000u\000n\000d\000a\000m\000e\000n\000t\000a\000l\000\040\000P\000a\000r\000t\000i\000c\000l\000e\000s}{part.6}% 330
\BOOKMARK [1][-]{section.21.1}{\376\377\000I\000n\000t\000r\000o\000d\000u\000c\000t\000i\000o\000n}{chapter.21}% 331
\BOOKMARK [1][-]{section.21.2}{\376\377\000G\000a\000u\000g\000e\000\040\000G\000r\000o\000u\000p\000\040\000S\000t\000r\000u\000c\000t\000u\000r\000e}{chapter.21}% 332
\BOOKMARK [2][-]{subsection.21.2.1}{\376\377\000C\000o\000l\000o\000r\000\040\000S\000U\000\050\0003\000\051}{section.21.2}% 333
\BOOKMARK [2][-]{subsection.21.2.2}{\376\377\000W\000e\000a\000k\000\040\000S\000U\000\050\0002\000\051}{section.21.2}% 334
\BOOKMARK [2][-]{subsection.21.2.3}{\376\377\000E\000l\000e\000c\000t\000r\000o\000m\000a\000g\000n\000e\000t\000i\000c\000\040\000U\000\050\0001\000\051}{section.21.2}% 335
\BOOKMARK [1][-]{section.21.3}{\376\377\000F\000e\000r\000m\000i\000o\000n\000s}{chapter.21}% 336
\BOOKMARK [2][-]{subsection.21.3.1}{\376\377\000Q\000u\000a\000r\000k\000s}{section.21.3}% 337
\BOOKMARK [2][-]{subsection.21.3.2}{\376\377\000L\000e\000p\000t\000o\000n\000s}{section.21.3}% 338
\BOOKMARK [1][-]{section.21.4}{\376\377\000B\000o\000s\000o\000n\000s}{chapter.21}% 339
\BOOKMARK [2][-]{subsection.21.4.1}{\376\377\000G\000a\000u\000g\000e\000\040\000B\000o\000s\000o\000n\000s}{section.21.4}% 340
\BOOKMARK [2][-]{subsection.21.4.2}{\376\377\000H\000i\000g\000g\000s\000\040\000B\000o\000s\000o\000n}{section.21.4}% 341
\BOOKMARK [1][-]{section.21.5}{\376\377\000M\000i\000x\000i\000n\000g\000\040\000M\000a\000t\000r\000i\000c\000e\000s}{chapter.21}% 342
\BOOKMARK [2][-]{subsection.21.5.1}{\376\377\000C\000K\000M\000\040\000M\000a\000t\000r\000i\000x}{section.21.5}% 343
\BOOKMARK [2][-]{subsection.21.5.2}{\376\377\000P\000M\000N\000S\000\040\000M\000a\000t\000r\000i\000x}{section.21.5}% 344
\BOOKMARK [1][-]{section.21.6}{\376\377\000P\000a\000r\000t\000i\000c\000l\000e\000\040\000M\000a\000s\000s\000e\000s}{chapter.21}% 345
\BOOKMARK [2][-]{subsection.21.6.1}{\376\377\000K\000o\000i\000d\000e\000\040\000F\000o\000r\000m\000u\000l\000a}{section.21.6}% 346
\BOOKMARK [2][-]{subsection.21.6.2}{\376\377\000Q\000u\000a\000r\000k\000\040\000M\000a\000s\000s\000\040\000R\000a\000t\000i\000o\000s}{section.21.6}% 347
\BOOKMARK [1][-]{section.21.7}{\376\377\000C\000o\000u\000p\000l\000i\000n\000g\000\040\000C\000o\000n\000s\000t\000a\000n\000t\000s}{chapter.21}% 348
\BOOKMARK [2][-]{subsection.21.7.1}{\376\377\000F\000i\000n\000e\000-\000S\000t\000r\000u\000c\000t\000u\000r\000e\000\040\000C\000o\000n\000s\000t\000a\000n\000t}{section.21.7}% 349
\BOOKMARK [2][-]{subsection.21.7.2}{\376\377\000W\000e\000a\000k\000\040\000C\000o\000u\000p\000l\000i\000n\000g}{section.21.7}% 350
\BOOKMARK [2][-]{subsection.21.7.3}{\376\377\000S\000t\000r\000o\000n\000g\000\040\000C\000o\000u\000p\000l\000i\000n\000g}{section.21.7}% 351
\BOOKMARK [1][-]{section.21.8}{\376\377\000A\000n\000a\000l\000y\000s\000i\000s}{chapter.21}% 352
\BOOKMARK [2][-]{subsection.21.8.1}{\376\377\000G\000a\000u\000g\000e\000\040\000U\000n\000i\000f\000i\000c\000a\000t\000i\000o\000n}{section.21.8}% 353
\BOOKMARK [2][-]{subsection.21.8.2}{\376\377\000G\000o\000l\000d\000e\000n\000\040\000R\000a\000t\000i\000o\000\040\000M\000a\000n\000i\000f\000e\000s\000t\000a\000t\000i\000o\000n\000s}{section.21.8}% 354
\BOOKMARK [2][-]{subsection.21.8.3}{\376\377\000G\000e\000n\000e\000r\000a\000t\000i\000o\000n\000s}{section.21.8}% 355
\BOOKMARK [1][-]{section.21.9}{\376\377\000C\000o\000n\000c\000l\000u\000s\000i\000o\000n}{chapter.21}% 356
\BOOKMARK [1][-]{section.21.10}{\376\377\000F\000a\000l\000s\000i\000f\000i\000c\000a\000t\000i\000o\000n\000\040\000C\000r\000i\000t\000e\000r\000i\000o\000n}{chapter.21}% 357
\BOOKMARK [2][-]{subsection.21.10.1}{\376\377\000W\000h\000a\000t\000\040\000W\000o\000u\000l\000d\000\040\000R\000e\000f\000u\000t\000e\000\040\000T\000h\000i\000s\000\040\000C\000l\000a\000i\000m}{section.21.10}% 358
\BOOKMARK [2][-]{subsection.21.10.2}{\376\377\000C\000o\000r\000r\000o\000b\000o\000r\000a\000t\000i\000o\000n\000\040\000R\000e\000c\000o\000r\000d}{section.21.10}% 359
\BOOKMARK [0][-]{chapter.22}{\376\377\000Q\000u\000a\000n\000t\000u\000m\000\040\000F\000i\000e\000l\000d\000\040\000T\000h\000e\000o\000r\000y\000\040\040\024\000\040\000F\000i\000e\000l\000d\000s\000\040\000o\000f\000\040\000N\000a\000t\000u\000r\000e}{part.6}% 360
\BOOKMARK [1][-]{section.22.1}{\376\377\000I\000n\000t\000r\000o\000d\000u\000c\000t\000i\000o\000n}{chapter.22}% 361
\BOOKMARK [1][-]{section.22.2}{\376\377\000C\000l\000a\000s\000s\000i\000c\000a\000l\000\040\000F\000i\000e\000l\000d\000\040\000T\000h\000e\000o\000r\000y}{chapter.22}% 362
\BOOKMARK [2][-]{subsection.22.2.1}{\376\377\000L\000a\000g\000r\000a\000n\000g\000i\000a\000n\000\040\000D\000e\000n\000s\000i\000t\000y}{section.22.2}% 363
\BOOKMARK [2][-]{subsection.22.2.2}{\376\377\000E\000u\000l\000e\000r\000-\000L\000a\000g\000r\000a\000n\000g\000e\000\040\000E\000q\000u\000a\000t\000i\000o\000n\000s}{section.22.2}% 364
\BOOKMARK [2][-]{subsection.22.2.3}{\376\377\000K\000l\000e\000i\000n\000-\000G\000o\000r\000d\000o\000n\000\040\000F\000i\000e\000l\000d}{section.22.2}% 365
\BOOKMARK [1][-]{section.22.3}{\376\377\000C\000a\000n\000o\000n\000i\000c\000a\000l\000\040\000Q\000u\000a\000n\000t\000i\000z\000a\000t\000i\000o\000n}{chapter.22}% 366
\BOOKMARK [2][-]{subsection.22.3.1}{\376\377\000C\000a\000n\000o\000n\000i\000c\000a\000l\000\040\000C\000o\000m\000m\000u\000t\000a\000t\000i\000o\000n}{section.22.3}% 367
\BOOKMARK [2][-]{subsection.22.3.2}{\376\377\000C\000r\000e\000a\000t\000i\000o\000n\000\040\000a\000n\000d\000\040\000A\000n\000n\000i\000h\000i\000l\000a\000t\000i\000o\000n}{section.22.3}% 368
\BOOKMARK [2][-]{subsection.22.3.3}{\376\377\000F\000o\000c\000k\000\040\000S\000p\000a\000c\000e}{section.22.3}% 369
\BOOKMARK [1][-]{section.22.4}{\376\377\000G\000a\000u\000g\000e\000\040\000F\000i\000e\000l\000d\000\040\000T\000h\000e\000o\000r\000y}{chapter.22}% 370
\BOOKMARK [2][-]{subsection.22.4.1}{\376\377\000U\000\050\0001\000\051\000\040\000G\000a\000u\000g\000e\000\040\000T\000h\000e\000o\000r\000y}{section.22.4}% 371
\BOOKMARK [2][-]{subsection.22.4.2}{\376\377\000N\000o\000n\000-\000A\000b\000e\000l\000i\000a\000n\000\040\000G\000a\000u\000g\000e\000\040\000T\000h\000e\000o\000r\000y}{section.22.4}% 372
\BOOKMARK [1][-]{section.22.5}{\376\377\000R\000e\000n\000o\000r\000m\000a\000l\000i\000z\000a\000t\000i\000o\000n}{chapter.22}% 373
\BOOKMARK [2][-]{subsection.22.5.1}{\376\377\000R\000e\000g\000u\000l\000a\000r\000i\000z\000a\000t\000i\000o\000n}{section.22.5}% 374
\BOOKMARK [2][-]{subsection.22.5.2}{\376\377\000R\000e\000n\000o\000r\000m\000a\000l\000i\000z\000a\000t\000i\000o\000n\000\040\000G\000r\000o\000u\000p}{section.22.5}% 375
\BOOKMARK [2][-]{subsection.22.5.3}{\376\377\000B\000e\000t\000a\000\040\000F\000u\000n\000c\000t\000i\000o\000n}{section.22.5}% 376
\BOOKMARK [1][-]{section.22.6}{\376\377\000P\000a\000t\000h\000\040\000I\000n\000t\000e\000g\000r\000a\000l\000\040\000F\000o\000r\000m\000u\000l\000a\000t\000i\000o\000n}{chapter.22}% 377
\BOOKMARK [2][-]{subsection.22.6.1}{\376\377\000G\000e\000n\000e\000r\000a\000t\000i\000n\000g\000\040\000F\000u\000n\000c\000t\000i\000o\000n\000a\000l}{section.22.6}% 378
\BOOKMARK [2][-]{subsection.22.6.2}{\376\377\000C\000o\000r\000r\000e\000l\000a\000t\000i\000o\000n\000\040\000F\000u\000n\000c\000t\000i\000o\000n\000s}{section.22.6}% 379
\BOOKMARK [2][-]{subsection.22.6.3}{\376\377\000P\000e\000r\000t\000u\000r\000b\000a\000t\000i\000o\000n\000\040\000T\000h\000e\000o\000r\000y}{section.22.6}% 380
\BOOKMARK [1][-]{section.22.7}{\376\377\000S\000p\000o\000n\000t\000a\000n\000e\000o\000u\000s\000\040\000S\000y\000m\000m\000e\000t\000r\000y\000\040\000B\000r\000e\000a\000k\000i\000n\000g}{chapter.22}% 381
\BOOKMARK [2][-]{subsection.22.7.1}{\376\377\000H\000i\000g\000g\000s\000\040\000M\000e\000c\000h\000a\000n\000i\000s\000m}{section.22.7}% 382
\BOOKMARK [2][-]{subsection.22.7.2}{\376\377\000G\000o\000l\000d\000s\000t\000o\000n\000e\000\040\000B\000o\000s\000o\000n\000s}{section.22.7}% 383
\BOOKMARK [1][-]{section.22.8}{\376\377\000E\000f\000f\000e\000c\000t\000i\000v\000e\000\040\000F\000i\000e\000l\000d\000\040\000T\000h\000e\000o\000r\000y}{chapter.22}% 384
\BOOKMARK [2][-]{subsection.22.8.1}{\376\377\000O\000p\000e\000r\000a\000t\000o\000r\000\040\000E\000x\000p\000a\000n\000s\000i\000o\000n}{section.22.8}% 385
\BOOKMARK [2][-]{subsection.22.8.2}{\376\377\000P\000o\000w\000e\000r\000\040\000C\000o\000u\000n\000t\000i\000n\000g}{section.22.8}% 386
\BOOKMARK [1][-]{section.22.9}{\376\377\000A\000n\000a\000l\000y\000s\000i\000s}{chapter.22}% 387
\BOOKMARK [2][-]{subsection.22.9.1}{\376\377\000U\000n\000i\000v\000e\000r\000s\000a\000l\000i\000t\000y\000\040\000C\000l\000a\000s\000s\000e\000s}{section.22.9}% 388
\BOOKMARK [2][-]{subsection.22.9.2}{\376\377\000G\000o\000l\000d\000e\000n\000\040\000R\000a\000t\000i\000o\000\040\000C\000o\000n\000n\000e\000c\000t\000i\000o\000n\000s}{section.22.9}% 389
\BOOKMARK [2][-]{subsection.22.9.3}{\376\377\000P\000h\000i\000l\000o\000s\000o\000p\000h\000i\000c\000a\000l\000\040\000I\000m\000p\000l\000i\000c\000a\000t\000i\000o\000n\000s}{section.22.9}% 390
\BOOKMARK [1][-]{section.22.10}{\376\377\000C\000o\000n\000c\000l\000u\000s\000i\000o\000n}{chapter.22}% 391
\BOOKMARK [1][-]{section.22.11}{\376\377\000F\000a\000l\000s\000i\000f\000i\000c\000a\000t\000i\000o\000n\000\040\000C\000r\000i\000t\000e\000r\000i\000o\000n}{chapter.22}% 392
\BOOKMARK [2][-]{subsection.22.11.1}{\376\377\000W\000h\000a\000t\000\040\000W\000o\000u\000l\000d\000\040\000R\000e\000f\000u\000t\000e\000\040\000T\000h\000i\000s\000\040\000C\000l\000a\000i\000m}{section.22.11}% 393
\BOOKMARK [2][-]{subsection.22.11.2}{\376\377\000C\000o\000r\000r\000o\000b\000o\000r\000a\000t\000i\000o\000n\000\040\000R\000e\000c\000o\000r\000d}{section.22.11}% 394
\BOOKMARK [0][-]{chapter.23}{\376\377\000E\0008\000\040\000S\000y\000m\000m\000e\000t\000r\000y\000:\000\040\000R\000a\000i\000l\000w\000a\000y\000-\000t\000r\000i\000o\000s\000\040\000O\000r\000c\000h\000e\000s\000t\000r\000a\000t\000i\000o\000n}{part.6}% 395
\BOOKMARK [1][-]{section.23.1}{\376\377\000A\000b\000s\000t\000r\000a\000c\000t}{chapter.23}% 396
\BOOKMARK [1][-]{section.23.2}{\376\377\0001\000.\000\040\000I\000n\000t\000r\000o\000d\000u\000c\000t\000i\000o\000n}{chapter.23}% 397
\BOOKMARK [1][-]{section.23.3}{\376\377\0002\000.\000\040\000W\000o\000r\000k\000e\000r\000\040\000P\000o\000o\000l\000\040\000I\000n\000v\000a\000r\000i\000a\000n\000t\000s\000\040\000a\000n\000d\000\040\000F\000a\000l\000s\000i\000f\000i\000c\000a\000t\000i\000o\000n\000\040\000W\000i\000t\000n\000e\000s\000s\000e\000s}{chapter.23}% 398
\BOOKMARK [1][-]{section.23.4}{\376\377\0003\000.\000\040\000S\000a\000t\000i\000s\000f\000a\000c\000t\000i\000o\000n\000\040\000W\000i\000t\000n\000e\000s\000s\000\040\000a\000n\000d\000\040\000V\000i\000c\000t\000o\000r\000y\000\040\000P\000r\000e\000d\000i\000c\000a\000t\000e}{chapter.23}% 399
\BOOKMARK [1][-]{section.23.5}{\376\377\0004\000.\000\040\000R\000e\000s\000u\000l\000t\000s\000\040\000/\000\040\000E\000v\000i\000d\000e\000n\000c\000e}{chapter.23}% 400
\BOOKMARK [1][-]{section.23.6}{\376\377\0005\000.\000\040\000Q\000e\000d\000\040\000A\000s\000s\000e\000r\000t\000i\000o\000n\000s}{chapter.23}% 401
\BOOKMARK [1][-]{section.23.7}{\376\377\0006\000.\000\040\000S\000e\000a\000l\000e\000d\000\040\000S\000e\000e\000d\000s}{chapter.23}% 402
\BOOKMARK [1][-]{section.23.8}{\376\377\0007\000.\000\040\000D\000i\000s\000c\000u\000s\000s\000i\000o\000n}{chapter.23}% 403
\BOOKMARK [1][-]{section.23.9}{\376\377\000R\000e\000f\000e\000r\000e\000n\000c\000e\000s}{chapter.23}% 404
\BOOKMARK [0][-]{chapter.24}{\376\377\000G\000F\000\050\0001\0006\000\051\000\040\000A\000l\000g\000e\000b\000r\000a\000:\000\040\000M\000C\000P\000\040\000I\000n\000t\000e\000g\000r\000a\000t\000i\000o\000n}{part.6}% 405
\BOOKMARK [1][-]{section.24.1}{\376\377\000A\000b\000s\000t\000r\000a\000c\000t}{chapter.24}% 406
\BOOKMARK [1][-]{section.24.2}{\376\377\0001\000.\000\040\000I\000n\000t\000r\000o\000d\000u\000c\000t\000i\000o\000n}{chapter.24}% 407
\BOOKMARK [1][-]{section.24.3}{\376\377\0002\000.\000\040\000M\000C\000P\000\040\000A\000d\000a\000p\000t\000e\000r\000\040\000L\000a\000y\000e\000r\000\040\000A\000r\000c\000h\000i\000t\000e\000c\000t\000u\000r\000e}{chapter.24}% 408
\BOOKMARK [1][-]{section.24.4}{\376\377\0003\000.\000\040\000P\000r\000o\000t\000o\000c\000o\000l\000\040\000I\000m\000p\000l\000e\000m\000e\000n\000t\000a\000t\000i\000o\000n\000\040\000a\000n\000d\000\040\000L\000a\000t\000e\000n\000c\000y\000\040\000A\000n\000a\000l\000y\000s\000i\000s}{chapter.24}% 409
\BOOKMARK [1][-]{section.24.5}{\376\377\0004\000.\000\040\000R\000e\000s\000u\000l\000t\000s\000\040\000/\000\040\000E\000v\000i\000d\000e\000n\000c\000e}{chapter.24}% 410
\BOOKMARK [1][-]{section.24.6}{\376\377\0005\000.\000\040\000Q\000e\000d\000\040\000A\000s\000s\000e\000r\000t\000i\000o\000n\000s}{chapter.24}% 411
\BOOKMARK [1][-]{section.24.7}{\376\377\0006\000.\000\040\000S\000e\000a\000l\000e\000d\000\040\000S\000e\000e\000d\000s}{chapter.24}% 412
\BOOKMARK [1][-]{section.24.8}{\376\377\0007\000.\000\040\000D\000i\000s\000c\000u\000s\000s\000i\000o\000n}{chapter.24}% 413
\BOOKMARK [1][-]{section.24.9}{\376\377\000R\000e\000f\000e\000r\000e\000n\000c\000e\000s}{chapter.24}% 414
\BOOKMARK [0][-]{chapter.25}{\376\377\000I\000G\000L\000A\000\040\000A\000r\000c\000h\000i\000t\000e\000c\000t\000u\000r\000e\000:\000\040\000P\000e\000r\000i\000o\000d\000-\000l\000o\000c\000k\000e\000d\000\040\000R\000u\000n\000t\000i\000m\000e\000\040\000M\000o\000n\000i\000t\000o\000r}{part.6}% 415
\BOOKMARK [1][-]{section.25.1}{\376\377\000A\000b\000s\000t\000r\000a\000c\000t}{chapter.25}% 416
\BOOKMARK [1][-]{section.25.2}{\376\377\0001\000.\000\040\000I\000n\000t\000r\000o\000d\000u\000c\000t\000i\000o\000n}{chapter.25}% 417
\BOOKMARK [1][-]{section.25.3}{\376\377\0002\000.\000\040\000F\000o\000r\000m\000a\000l\000\040\000M\000o\000d\000e\000l\000\040\000o\000f\000\040\000t\000h\000e\000\040\000P\000e\000r\000i\000o\000d\000-\000L\000o\000c\000k\000e\000d\000\040\000M\000o\000n\000i\000t\000o\000r}{chapter.25}% 418
\BOOKMARK [2][-]{subsection.25.3.1}{\376\377\0002\000.\0001\000\040\000A\000g\000e\000n\000t\000\040\000M\000o\000d\000e\000l}{section.25.3}% 419
\BOOKMARK [2][-]{subsection.25.3.2}{\376\377\0002\000.\0002\000\040\000C\000o\000q\000\040\000E\000n\000c\000o\000d\000i\000n\000g}{section.25.3}% 420
\BOOKMARK [2][-]{subsection.25.3.3}{\376\377\0002\000.\0003\000\040\000P\000e\000r\000i\000o\000d\000\040\000R\000a\000t\000i\000o\000\040\000a\000n\000d\000\040\000N\000o\000n\000-\000R\000e\000s\000o\000n\000a\000n\000c\000e}{section.25.3}% 421
\BOOKMARK [2][-]{subsection.25.3.4}{\376\377\0002\000.\0004\000\040\000P\000r\000i\000o\000r\000i\000t\000y\000\040\000Q\000u\000e\000u\000e\000\040\000a\000n\000d\000\040\000P\000h\000i\000-\000W\000e\000i\000g\000h\000t\000e\000d\000\040\000S\000c\000h\000e\000d\000u\000l\000i\000n\000g}{section.25.3}% 422
\BOOKMARK [1][-]{section.25.4}{\376\377\0003\000.\000\040\000I\000m\000p\000l\000e\000m\000e\000n\000t\000a\000t\000i\000o\000n\000\040\000a\000n\000d\000\040\000H\000a\000r\000d\000w\000a\000r\000e\000\040\000I\000n\000t\000e\000r\000f\000a\000c\000e}{chapter.25}% 423
\BOOKMARK [2][-]{subsection.25.4.1}{\376\377\0003\000.\0001\000\040\000R\000T\000L\000\040\000I\000m\000p\000l\000e\000m\000e\000n\000t\000a\000t\000i\000o\000n}{section.25.4}% 424
\BOOKMARK [2][-]{subsection.25.4.2}{\376\377\0003\000.\0002\000\040\000I\000n\000t\000e\000r\000r\000u\000p\000t\000\040\000I\000n\000t\000e\000r\000f\000a\000c\000e\000\040\000w\000i\000t\000h\000\040\000t\000h\000e\000\040\000H\000a\000r\000d\000w\000a\000r\000e\000\040\000B\000r\000i\000d\000g\000e}{section.25.4}% 425
\BOOKMARK [1][-]{section.25.5}{\376\377\0004\000.\000\040\000R\000e\000s\000u\000l\000t\000s\000\040\000/\000\040\000E\000v\000i\000d\000e\000n\000c\000e}{chapter.25}% 426
\BOOKMARK [1][-]{section.25.6}{\376\377\0005\000.\000\040\000Q\000e\000d\000\040\000A\000s\000s\000e\000r\000t\000i\000o\000n\000s}{chapter.25}% 427
\BOOKMARK [1][-]{section.25.7}{\376\377\0006\000.\000\040\000S\000e\000a\000l\000e\000d\000\040\000S\000e\000e\000d\000s}{chapter.25}% 428
\BOOKMARK [1][-]{section.25.8}{\376\377\0007\000.\000\040\000D\000i\000s\000c\000u\000s\000s\000i\000o\000n}{chapter.25}% 429
\BOOKMARK [1][-]{section.25.9}{\376\377\000R\000e\000f\000e\000r\000e\000n\000c\000e\000s}{chapter.25}% 430
\BOOKMARK [1][-]{section.25.10}{\376\377\000F\000a\000l\000s\000i\000f\000i\000c\000a\000t\000i\000o\000n}{chapter.25}% 431
\BOOKMARK [-1][-]{part.7}{\376\377\000V\000I\000I\000\040\004\020\004\073\004\063\004\065\004\061\004\100\004\060\004\070\004\107\004\065\004\101\004\072\004\070\004\065\000\040\004\064\004\076\004\072\004\060\004\067\004\060\004\102\004\065\004\073\004\114\004\101\004\102\004\062\004\060}{}% 432
\BOOKMARK [0][-]{chapter.26}{\376\377\000B\000e\000n\000c\000h\000m\000a\000r\000k\000s\000:\000\040\000P\000e\000r\000i\000o\000d\000\040\000C\000y\000c\000l\000e\000s}{part.7}% 433
\BOOKMARK [1][-]{section.26.1}{\376\377\000A\000b\000s\000t\000r\000a\000c\000t}{chapter.26}% 434
\BOOKMARK [1][-]{section.26.2}{\376\377\0001\000.\000\040\000I\000n\000t\000r\000o\000d\000u\000c\000t\000i\000o\000n}{chapter.26}% 435
\BOOKMARK [1][-]{section.26.3}{\376\377\0002\000.\000\040\000\134\000v\000a\000r\000p\000h\000i\000-\000L\000a\000t\000t\000i\000c\000e\000\040\000S\000t\000r\000u\000c\000t\000u\000r\000e\000\040\000a\000n\000d\000\040\000t\000h\000e\000\040\000C\000y\000c\000l\000e\000\040\000M\000a\000p}{chapter.26}% 436
\BOOKMARK [1][-]{section.26.4}{\376\377\0003\000.\000\040\000C\000y\000c\000l\000e\000\040\000C\000l\000a\000s\000s\000i\000f\000i\000c\000a\000t\000i\000o\000n\000\040\000a\000n\000d\000\040\000A\000t\000t\000e\000n\000t\000i\000o\000n\000\040\000P\000e\000r\000i\000o\000d\000i\000c\000i\000t\000y}{chapter.26}% 437
\BOOKMARK [1][-]{section.26.5}{\376\377\0004\000.\000\040\000R\000e\000s\000u\000l\000t\000s\000\040\000/\000\040\000E\000v\000i\000d\000e\000n\000c\000e}{chapter.26}% 438
\BOOKMARK [1][-]{section.26.6}{\376\377\0005\000.\000\040\000Q\000e\000d\000\040\000A\000s\000s\000e\000r\000t\000i\000o\000n\000s}{chapter.26}% 439
\BOOKMARK [1][-]{section.26.7}{\376\377\0006\000.\000\040\000S\000e\000a\000l\000e\000d\000\040\000S\000e\000e\000d\000s}{chapter.26}% 440
\BOOKMARK [1][-]{section.26.8}{\376\377\0007\000.\000\040\000D\000i\000s\000c\000u\000s\000s\000i\000o\000n}{chapter.26}% 441
\BOOKMARK [1][-]{section.26.9}{\376\377\000R\000e\000f\000e\000r\000e\000n\000c\000e\000s}{chapter.26}% 442
\BOOKMARK [1][-]{section.26.10}{\376\377\000F\000a\000l\000s\000i\000f\000i\000c\000a\000t\000i\000o\000n}{chapter.26}% 443
\BOOKMARK [0][-]{chapter.27}{\376\377\000D\000a\000t\000a\000\040\000A\000n\000a\000l\000y\000s\000i\000s\000:\000\040\000K\000o\000s\000c\000h\000e\000i\000\040\000C\000o\000p\000r\000o\000c\000e\000s\000s\000o\000r\000\040\000I\000S\000A}{part.7}% 444
\BOOKMARK [1][-]{section.27.1}{\376\377\000A\000b\000s\000t\000r\000a\000c\000t}{chapter.27}% 445
\BOOKMARK [1][-]{section.27.2}{\376\377\0001\000.\000\040\000I\000n\000t\000r\000o\000d\000u\000c\000t\000i\000o\000n}{chapter.27}% 446
\BOOKMARK [1][-]{section.27.3}{\376\377\0002\000.\000\040\000I\000S\000A\000\040\000R\000e\000g\000i\000s\000t\000e\000r\000\040\000F\000i\000l\000e\000\040\000a\000n\000d\000\040\000E\000n\000c\000o\000d\000i\000n\000g}{chapter.27}% 447
\BOOKMARK [2][-]{subsection.27.3.1}{\376\377\0002\000.\0001\000\040\000R\000e\000g\000i\000s\000t\000e\000r\000\040\000F\000i\000l\000e}{section.27.3}% 448
\BOOKMARK [2][-]{subsection.27.3.2}{\376\377\0002\000.\0002\000\040\000I\000n\000s\000t\000r\000u\000c\000t\000i\000o\000n\000\040\000E\000n\000c\000o\000d\000i\000n\000g}{section.27.3}% 449
\BOOKMARK [1][-]{section.27.4}{\376\377\0003\000.\000\040\000O\000p\000c\000o\000d\000e\000\040\000S\000p\000e\000c\000i\000f\000i\000c\000a\000t\000i\000o\000n\000s}{chapter.27}% 450
\BOOKMARK [2][-]{subsection.27.4.1}{\376\377\0003\000.\0001\000\040\000T\000F\0003\000\137\000A\000D\000D\000\040\040\024\000\040\000T\000e\000r\000n\000a\000r\000y\000\040\000A\000d\000d\000i\000t\000i\000o\000n}{section.27.4}% 451
\BOOKMARK [2][-]{subsection.27.4.2}{\376\377\0003\000.\0002\000\040\000T\000F\0003\000\137\000M\000U\000L\000\040\040\024\000\040\000T\000e\000r\000n\000a\000r\000y\000\040\000M\000u\000l\000t\000i\000p\000l\000i\000c\000a\000t\000i\000o\000n}{section.27.4}% 452
\BOOKMARK [2][-]{subsection.27.4.3}{\376\377\0003\000.\0003\000\040\000V\000S\000A\000\137\000B\000I\000N\000D\000\040\040\024\000\040\000H\000y\000p\000e\000r\000d\000i\000m\000e\000n\000s\000i\000o\000n\000a\000l\000\040\000B\000i\000n\000d\000i\000n\000g}{section.27.4}% 453
\BOOKMARK [2][-]{subsection.27.4.4}{\376\377\0003\000.\0004\000\040\000V\000S\000A\000\137\000U\000N\000B\000I\000N\000D\000\040\040\024\000\040\000H\000y\000p\000e\000r\000d\000i\000m\000e\000n\000s\000i\000o\000n\000a\000l\000\040\000U\000n\000b\000i\000n\000d\000i\000n\000g}{section.27.4}% 454
\BOOKMARK [2][-]{subsection.27.4.5}{\376\377\0003\000.\0005\000\040\000V\000S\000A\000\137\000B\000U\000N\000D\000L\000E\000\040\040\024\000\040\000H\000y\000p\000e\000r\000d\000i\000m\000e\000n\000s\000i\000o\000n\000a\000l\000\040\000B\000u\000n\000d\000l\000i\000n\000g}{section.27.4}% 455
\BOOKMARK [2][-]{subsection.27.4.6}{\376\377\0003\000.\0006\000\040\000G\000F\0001\0006\000\137\000Q\000U\000A\000N\000T\000\040\040\024\000\040\000G\000a\000l\000o\000i\000s\000\040\000F\000i\000e\000l\000d\000\040\0001\0006\000\040\000Q\000u\000a\000n\000t\000i\000s\000a\000t\000i\000o\000n}{section.27.4}% 456
\BOOKMARK [2][-]{subsection.27.4.7}{\376\377\0003\000.\0007\000\040\000P\000H\000I\000\137\000R\000O\000P\000E\000\040\040\024\000\040\003\306\000-\000R\000o\000t\000a\000r\000y\000\040\000P\000o\000s\000i\000t\000i\000o\000n\000\040\000E\000n\000c\000o\000d\000i\000n\000g}{section.27.4}% 457
\BOOKMARK [1][-]{section.27.5}{\376\377\0004\000.\000\040\000R\000e\000s\000u\000l\000t\000s\000\040\000/\000\040\000E\000v\000i\000d\000e\000n\000c\000e}{chapter.27}% 458
\BOOKMARK [1][-]{section.27.6}{\376\377\0005\000.\000\040\000Q\000e\000d\000\040\000A\000s\000s\000e\000r\000t\000i\000o\000n\000s}{chapter.27}% 459
\BOOKMARK [1][-]{section.27.7}{\376\377\0006\000.\000\040\000S\000e\000a\000l\000e\000d\000\040\000S\000e\000e\000d\000s}{chapter.27}% 460
\BOOKMARK [1][-]{section.27.8}{\376\377\0007\000.\000\040\000D\000i\000s\000c\000u\000s\000s\000i\000o\000n}{chapter.27}% 461
\BOOKMARK [1][-]{section.27.9}{\376\377\000R\000e\000f\000e\000r\000e\000n\000c\000e\000s}{chapter.27}% 462
\BOOKMARK [0][-]{chapter.28}{\376\377\000T\000r\000i\000n\000i\000t\000y\000\040\000I\000d\000e\000n\000t\000i\000t\000y\000:\000\040\000t\000r\000i\0002\0007\000\040\000D\000S\000L}{part.7}% 463
\BOOKMARK [1][-]{section.28.1}{\376\377\000A\000b\000s\000t\000r\000a\000c\000t}{chapter.28}% 464
\BOOKMARK [1][-]{section.28.2}{\376\377\0001\000.\000\040\000I\000n\000t\000r\000o\000d\000u\000c\000t\000i\000o\000n}{chapter.28}% 465
\BOOKMARK [1][-]{section.28.3}{\376\377\0002\000.\000\040\000T\000R\000I\0002\0007\000\040\000S\000y\000n\000t\000a\000x\000\040\000a\000n\000d\000\040\000D\000e\000n\000o\000t\000a\000t\000i\000o\000n\000a\000l\000\040\000S\000e\000m\000a\000n\000t\000i\000c\000s}{chapter.28}% 466
\BOOKMARK [2][-]{subsection.28.3.1}{\376\377\0002\000.\0001\000\040\000A\000b\000s\000t\000r\000a\000c\000t\000\040\000S\000y\000n\000t\000a\000x}{section.28.3}% 467
\BOOKMARK [2][-]{subsection.28.3.2}{\376\377\0002\000.\0002\000\040\000E\000n\000v\000i\000r\000o\000n\000m\000e\000n\000t\000s\000\040\000a\000n\000d\000\040\000E\000v\000a\000l\000u\000a\000t\000i\000o\000n}{section.28.3}% 468
\BOOKMARK [2][-]{subsection.28.3.3}{\376\377\0002\000.\0003\000\040\000T\000e\000r\000n\000a\000r\000y\000\040\000A\000r\000i\000t\000h\000m\000e\000t\000i\000c}{section.28.3}% 469
\BOOKMARK [2][-]{subsection.28.3.4}{\376\377\0002\000.\0004\000\040\000R\000e\000l\000a\000t\000i\000o\000n\000\040\000t\000o\000\040\000G\000F\0001\0006\000\040\000a\000n\000d\000\040\000\134\000v\000a\000r\000p\000h\000i\000-\000A\000r\000i\000t\000h\000m\000e\000t\000i\000c}{section.28.3}% 470
\BOOKMARK [1][-]{section.28.4}{\376\377\0003\000.\000\040\000M\000e\000c\000h\000a\000n\000i\000s\000e\000d\000\040\000P\000r\000o\000o\000f\000s\000:\000\040\000D\000e\000t\000e\000r\000m\000i\000n\000i\000s\000m\000\040\000a\000n\000d\000\040\000E\000x\000h\000a\000u\000s\000t\000i\000v\000e\000n\000e\000s\000s}{chapter.28}% 471
\BOOKMARK [2][-]{subsection.28.4.1}{\376\377\0003\000.\0001\000\040\000T\000h\000e\000o\000r\000e\000m\000\040\000e\000v\000a\000l\000\137\000d\000e\000t\000:\000\040\000D\000e\000t\000e\000r\000m\000i\000n\000i\000s\000m}{section.28.4}% 472
\BOOKMARK [2][-]{subsection.28.4.2}{\376\377\0003\000.\0002\000\040\000T\000h\000e\000o\000r\000e\000m\000\040\000t\000r\000i\000t\000\137\000e\000x\000h\000a\000u\000s\000t\000i\000v\000e\000:\000\040\000E\000x\000h\000a\000u\000s\000t\000i\000v\000e\000n\000e\000s\000s}{section.28.4}% 473
\BOOKMARK [1][-]{section.28.5}{\376\377\0004\000.\000\040\000R\000e\000s\000u\000l\000t\000s\000\040\000/\000\040\000E\000v\000i\000d\000e\000n\000c\000e}{chapter.28}% 474
\BOOKMARK [1][-]{section.28.6}{\376\377\0005\000.\000\040\000Q\000e\000d\000\040\000A\000s\000s\000e\000r\000t\000i\000o\000n\000s}{chapter.28}% 475
\BOOKMARK [1][-]{section.28.7}{\376\377\0006\000.\000\040\000S\000e\000a\000l\000e\000d\000\040\000S\000e\000e\000d\000s}{chapter.28}% 476
\BOOKMARK [1][-]{section.28.8}{\376\377\0007\000.\000\040\000D\000i\000s\000c\000u\000s\000s\000i\000o\000n}{chapter.28}% 477
\BOOKMARK [1][-]{section.28.9}{\376\377\000R\000e\000f\000e\000r\000e\000n\000c\000e\000s}{chapter.28}% 478
\BOOKMARK [0][-]{chapter.29}{\376\377\000M\000o\000m\000e\000n\000t\000u\000m\000\040\000A\000l\000g\000e\000b\000r\000a\000:\000\040\000Q\000M\000T\000e\000c\000h\000\040\000X\000C\0007\000A\0001\0000\0000\000T\000\040\000F\000P\000G\000A}{part.7}% 479
\BOOKMARK [1][-]{section.29.1}{\376\377\000A\000b\000s\000t\000r\000a\000c\000t}{chapter.29}% 480
\BOOKMARK [1][-]{section.29.2}{\376\377\0001\000.\000\040\000I\000n\000t\000r\000o\000d\000u\000c\000t\000i\000o\000n}{chapter.29}% 481
\BOOKMARK [1][-]{section.29.3}{\376\377\0002\000.\000\040\000A\000r\000c\000h\000i\000t\000e\000c\000t\000u\000r\000e\000:\000\040\000Z\000e\000r\000o\000-\000D\000S\000P\000\040\000T\000e\000r\000n\000a\000r\000y\000\040\000D\000a\000t\000a\000p\000a\000t\000h}{chapter.29}% 482
\BOOKMARK [1][-]{section.29.4}{\376\377\0003\000.\000\040\000R\000e\000s\000o\000u\000r\000c\000e\000\040\000U\000t\000i\000l\000i\000s\000a\000t\000i\000o\000n\000\040\000a\000n\000d\000\040\000T\000i\000m\000i\000n\000g\000\040\000C\000l\000o\000s\000u\000r\000e}{chapter.29}% 483
\BOOKMARK [1][-]{section.29.5}{\376\377\0004\000.\000\040\000R\000e\000s\000u\000l\000t\000s\000\040\000/\000\040\000E\000v\000i\000d\000e\000n\000c\000e}{chapter.29}% 484
\BOOKMARK [1][-]{section.29.6}{\376\377\0005\000.\000\040\000Q\000e\000d\000\040\000A\000s\000s\000e\000r\000t\000i\000o\000n\000s}{chapter.29}% 485
\BOOKMARK [1][-]{section.29.7}{\376\377\0006\000.\000\040\000S\000e\000a\000l\000e\000d\000\040\000S\000e\000e\000d\000s}{chapter.29}% 486
\BOOKMARK [1][-]{section.29.8}{\376\377\0007\000.\000\040\000D\000i\000s\000c\000u\000s\000s\000i\000o\000n}{chapter.29}% 487
\BOOKMARK [1][-]{section.29.9}{\376\377\000R\000e\000f\000e\000r\000e\000n\000c\000e\000s}{chapter.29}% 488
\BOOKMARK [0][-]{chapter.30}{\376\377\000L\000u\000c\000a\000s\000\040\000C\000l\000o\000s\000u\000r\000e\000\040\040\024\000\040\000N\000u\000m\000b\000e\000r\000\040\000T\000h\000e\000o\000r\000y}{part.7}% 489
\BOOKMARK [1][-]{section.30.1}{\376\377\000I\000n\000t\000r\000o\000d\000u\000c\000t\000i\000o\000n}{chapter.30}% 490
\BOOKMARK [1][-]{section.30.2}{\376\377\000L\000u\000c\000a\000s\000\040\000S\000e\000q\000u\000e\000n\000c\000e\000\040\000D\000e\000f\000i\000n\000i\000t\000i\000o\000n}{chapter.30}% 491
\BOOKMARK [2][-]{subsection.30.2.1}{\376\377\000R\000e\000c\000u\000r\000s\000i\000v\000e\000\040\000D\000e\000f\000i\000n\000i\000t\000i\000o\000n}{section.30.2}% 492
\BOOKMARK [2][-]{subsection.30.2.2}{\376\377\000C\000l\000o\000s\000e\000d\000\040\000F\000o\000r\000m}{section.30.2}% 493
\BOOKMARK [1][-]{section.30.3}{\376\377\000G\000o\000l\000d\000e\000n\000\040\000R\000a\000t\000i\000o\000\040\000C\000o\000n\000n\000e\000c\000t\000i\000o\000n\000s}{chapter.30}% 494
\BOOKMARK [2][-]{subsection.30.3.1}{\376\377\000L\000u\000c\000a\000s\000-\000F\000i\000b\000o\000n\000a\000c\000c\000i\000\040\000R\000e\000l\000a\000t\000i\000o\000n}{section.30.3}% 495
\BOOKMARK [2][-]{subsection.30.3.2}{\376\377\000L\000u\000c\000a\000s\000\040\000G\000o\000l\000d\000e\000n\000\040\000A\000p\000p\000r\000o\000x\000i\000m\000a\000t\000i\000o\000n}{section.30.3}% 496
\BOOKMARK [2][-]{subsection.30.3.3}{\376\377\000T\000r\000i\000n\000i\000t\000y\000\040\000I\000d\000e\000n\000t\000i\000t\000y\000\040\000E\000x\000t\000e\000n\000s\000i\000o\000n}{section.30.3}% 497
\BOOKMARK [1][-]{section.30.4}{\376\377\000N\000u\000m\000b\000e\000r\000\040\000T\000h\000e\000o\000r\000e\000t\000i\000c\000\040\000P\000r\000o\000p\000e\000r\000t\000i\000e\000s}{chapter.30}% 498
\BOOKMARK [2][-]{subsection.30.4.1}{\376\377\000D\000i\000v\000i\000s\000i\000b\000i\000l\000i\000t\000y}{section.30.4}% 499
\BOOKMARK [2][-]{subsection.30.4.2}{\376\377\000P\000r\000i\000m\000e\000s}{section.30.4}% 500
\BOOKMARK [2][-]{subsection.30.4.3}{\376\377\000M\000o\000d\000u\000l\000a\000r\000\040\000P\000r\000o\000p\000e\000r\000t\000i\000e\000s}{section.30.4}% 501
\BOOKMARK [1][-]{section.30.5}{\376\377\000P\000h\000y\000s\000i\000c\000a\000l\000\040\000A\000p\000p\000l\000i\000c\000a\000t\000i\000o\000n\000s}{chapter.30}% 502
\BOOKMARK [2][-]{subsection.30.5.1}{\376\377\000E\040\210\000\040\000M\000a\000s\000s\000\040\000R\000a\000t\000i\000o\000s}{section.30.5}% 503
\BOOKMARK [2][-]{subsection.30.5.2}{\376\377\000Q\000u\000a\000r\000k\000\040\000M\000i\000x\000i\000n\000g}{section.30.5}% 504
\BOOKMARK [2][-]{subsection.30.5.3}{\376\377\000N\000e\000u\000t\000r\000i\000n\000o\000\040\000M\000a\000s\000s\000\040\000H\000i\000e\000r\000a\000r\000c\000h\000y}{section.30.5}% 505
\BOOKMARK [1][-]{section.30.6}{\376\377\000G\000e\000o\000m\000e\000t\000r\000i\000c\000\040\000A\000p\000p\000l\000i\000c\000a\000t\000i\000o\000n\000s}{chapter.30}% 506
\BOOKMARK [2][-]{subsection.30.6.1}{\376\377\000L\000u\000c\000a\000s\000\040\000T\000i\000l\000i\000n\000g\000s}{section.30.6}% 507
\BOOKMARK [2][-]{subsection.30.6.2}{\376\377\000L\000u\000c\000a\000s\000\040\000S\000p\000i\000r\000a\000l\000s}{section.30.6}% 508
\BOOKMARK [1][-]{section.30.7}{\376\377\000A\000l\000g\000e\000b\000r\000a\000i\000c\000\040\000C\000l\000o\000s\000u\000r\000e}{chapter.30}% 509
\BOOKMARK [2][-]{subsection.30.7.1}{\376\377\000F\000i\000b\000o\000n\000a\000c\000c\000i\000-\000L\000u\000c\000a\000s\000\040\000I\000d\000e\000n\000t\000i\000t\000i\000e\000s}{section.30.7}% 510
\BOOKMARK [2][-]{subsection.30.7.2}{\376\377\000C\000a\000s\000s\000i\000n\000i\000-\000L\000u\000c\000a\000s\000\040\000I\000d\000e\000n\000t\000i\000t\000i\000e\000s}{section.30.7}% 511
\BOOKMARK [1][-]{section.30.8}{\376\377\000A\000n\000a\000l\000y\000s\000i\000s}{chapter.30}% 512
\BOOKMARK [2][-]{subsection.30.8.1}{\376\377\000K\000e\000y\000\040\000P\000r\000o\000p\000e\000r\000t\000i\000e\000s}{section.30.8}% 513
\BOOKMARK [2][-]{subsection.30.8.2}{\376\377\000P\000h\000y\000s\000i\000c\000a\000l\000\040\000C\000o\000n\000n\000e\000c\000t\000i\000o\000n\000s}{section.30.8}% 514
\BOOKMARK [2][-]{subsection.30.8.3}{\376\377\000T\000h\000e\000o\000r\000e\000t\000i\000c\000a\000l\000\040\000A\000d\000v\000a\000n\000t\000a\000g\000e\000s}{section.30.8}% 515
\BOOKMARK [1][-]{section.30.9}{\376\377\000C\000o\000n\000c\000l\000u\000s\000i\000o\000n}{chapter.30}% 516
\BOOKMARK [1][-]{section.30.10}{\376\377\000F\000a\000l\000s\000i\000f\000i\000c\000a\000t\000i\000o\000n\000\040\000C\000r\000i\000t\000e\000r\000i\000o\000n}{chapter.30}% 517
\BOOKMARK [2][-]{subsection.30.10.1}{\376\377\000W\000h\000a\000t\000\040\000W\000o\000u\000l\000d\000\040\000R\000e\000f\000u\000t\000e\000\040\000T\000h\000i\000s\000\040\000C\000l\000a\000i\000m}{section.30.10}% 518
\BOOKMARK [2][-]{subsection.30.10.2}{\376\377\000C\000o\000r\000r\000o\000b\000o\000r\000a\000t\000i\000o\000n\000\040\000R\000e\000c\000o\000r\000d}{section.30.10}% 519
\BOOKMARK [-1][-]{part.8}{\376\377\000V\000I\000I\000I\000\040\004\036\004\061\004\100\004\060\004\067\004\113\000\040\004\070\000\040\004\063\004\065\004\075\004\065\004\060\004\073\004\076\004\063\004\070\004\117}{}% 520
\BOOKMARK [0][-]{chapter.31}{\376\377\000G\000o\000l\000d\000e\000n\000\040\000I\000m\000a\000g\000e\000r\000y\000:\000\040\000T\000r\000i\000n\000i\000t\000y\000\040\000S\0003\000A\000I\000\040\040\024\000\040\000V\000S\000A\000-\000A\000R}{part.8}% 521
\BOOKMARK [1][-]{section.31.1}{\376\377\000A\000b\000s\000t\000r\000a\000c\000t}{chapter.31}% 522
\BOOKMARK [1][-]{section.31.2}{\376\377\0001\000.\000\040\000I\000n\000t\000r\000o\000d\000u\000c\000t\000i\000o\000n}{chapter.31}% 523
\BOOKMARK [1][-]{section.31.3}{\376\377\0002\000.\000\040\000T\000e\000r\000n\000a\000r\000y\000\040\000V\000S\000A\000\040\000o\000v\000e\000r\000\040\000t\000h\000e\000\040\000G\000o\000l\000d\000e\000n\000F\000l\000o\000a\000t\000\040\000S\000u\000b\000s\000t\000r\000a\000t\000e}{chapter.31}% 524
\BOOKMARK [2][-]{subsection.31.3.1}{\376\377\0002\000.\0001\000\040\000H\000y\000p\000e\000r\000v\000e\000c\000t\000o\000r\000\040\000D\000e\000f\000i\000n\000i\000t\000i\000o\000n}{section.31.3}% 525
\BOOKMARK [2][-]{subsection.31.3.2}{\376\377\0002\000.\0002\000\040\000A\000s\000s\000o\000c\000i\000a\000t\000i\000v\000e\000\040\000R\000e\000c\000a\000l\000l\000\040\000M\000e\000m\000o\000r\000y}{section.31.3}% 526
\BOOKMARK [2][-]{subsection.31.3.3}{\376\377\0002\000.\0003\000\040\000G\000o\000l\000d\000e\000n\000F\000l\000o\000a\000t\000\040\000E\000n\000c\000o\000d\000i\000n\000g\000\040\000o\000f\000\040\000H\000y\000p\000e\000r\000v\000e\000c\000t\000o\000r\000s}{section.31.3}% 527
\BOOKMARK [1][-]{section.31.4}{\376\377\0003\000.\000\040\000P\000h\000i\000-\000R\000o\000t\000a\000r\000y\000\040\000P\000o\000s\000i\000t\000i\000o\000n\000\040\000E\000n\000c\000o\000d\000i\000n\000g\000\040\000\050\000p\000h\000i\000-\000R\000o\000P\000E\000\051\000\040\000i\000n\000\040\000V\000S\000A\000\040\000C\000o\000n\000t\000e\000x\000t}{chapter.31}% 528
\BOOKMARK [1][-]{section.31.5}{\376\377\0004\000.\000\040\000R\000e\000s\000u\000l\000t\000s\000\040\000/\000\040\000E\000v\000i\000d\000e\000n\000c\000e}{chapter.31}% 529
\BOOKMARK [1][-]{section.31.6}{\376\377\0005\000.\000\040\000Q\000e\000d\000\040\000A\000s\000s\000e\000r\000t\000i\000o\000n\000s}{chapter.31}% 530
\BOOKMARK [1][-]{section.31.7}{\376\377\0006\000.\000\040\000S\000e\000a\000l\000e\000d\000\040\000S\000e\000e\000d\000s}{chapter.31}% 531
\BOOKMARK [1][-]{section.31.8}{\376\377\0007\000.\000\040\000D\000i\000s\000c\000u\000s\000s\000i\000o\000n}{chapter.31}% 532
\BOOKMARK [1][-]{section.31.9}{\376\377\000R\000e\000f\000e\000r\000e\000n\000c\000e\000s}{chapter.31}% 533
\BOOKMARK [0][-]{chapter.32}{\376\377\000P\000h\000i\000l\000o\000s\000o\000p\000h\000y\000\040\040\024\000\040\000M\000a\000t\000h\000e\000m\000a\000t\000i\000c\000a\000l\000\040\000F\000o\000u\000n\000d\000a\000t\000i\000o\000n\000s}{part.8}% 534
\BOOKMARK [1][-]{section.32.1}{\376\377\000I\000n\000t\000r\000o\000d\000u\000c\000t\000i\000o\000n}{chapter.32}% 535
\BOOKMARK [1][-]{section.32.2}{\376\377\000M\000a\000t\000h\000e\000m\000a\000t\000i\000c\000a\000l\000\040\000P\000l\000a\000t\000o\000n\000i\000s\000m}{chapter.32}% 536
\BOOKMARK [2][-]{subsection.32.2.1}{\376\377\000P\000l\000a\000t\000o\000n\000i\000c\000\040\000R\000e\000a\000l\000i\000s\000m}{section.32.2}% 537
\BOOKMARK [2][-]{subsection.32.2.2}{\376\377\000A\000r\000g\000u\000m\000e\000n\000t\000s\000\040\000f\000o\000r\000\040\000P\000l\000a\000t\000o\000n\000i\000s\000m}{section.32.2}% 538
\BOOKMARK [1][-]{section.32.3}{\376\377\000M\000a\000t\000h\000e\000m\000a\000t\000i\000c\000a\000l\000\040\000S\000t\000r\000u\000c\000t\000u\000r\000a\000l\000i\000s\000m}{chapter.32}% 539
\BOOKMARK [2][-]{subsection.32.3.1}{\376\377\000S\000t\000r\000u\000c\000t\000u\000r\000a\000l\000i\000s\000t\000\040\000D\000e\000f\000i\000n\000i\000t\000i\000o\000n}{section.32.3}% 540
\BOOKMARK [2][-]{subsection.32.3.2}{\376\377\000C\000a\000t\000e\000g\000o\000r\000y\000\040\000T\000h\000e\000o\000r\000y}{section.32.3}% 541
\BOOKMARK [1][-]{section.32.4}{\376\377\000S\000c\000i\000e\000n\000t\000i\000f\000i\000c\000\040\000R\000e\000a\000l\000i\000s\000m}{chapter.32}% 542
\BOOKMARK [2][-]{subsection.32.4.1}{\376\377\000R\000e\000a\000l\000i\000s\000t\000\040\000P\000o\000s\000i\000t\000i\000o\000n}{section.32.4}% 543
\BOOKMARK [2][-]{subsection.32.4.2}{\376\377\000A\000n\000t\000i\000-\000R\000e\000a\000l\000i\000s\000m}{section.32.4}% 544
\BOOKMARK [1][-]{section.32.5}{\376\377\000P\000h\000i\000l\000o\000s\000o\000p\000h\000y\000\040\000o\000f\000\040\000P\000h\000y\000s\000i\000c\000s}{chapter.32}% 545
\BOOKMARK [2][-]{subsection.32.5.1}{\376\377\000C\000o\000n\000s\000t\000a\000n\000c\000y\000\040\000Q\000u\000e\000s\000t\000i\000o\000n}{section.32.5}% 546
\BOOKMARK [2][-]{subsection.32.5.2}{\376\377\000A\000n\000t\000h\000r\000o\000p\000i\000c\000\040\000R\000e\000a\000s\000o\000n\000i\000n\000g}{section.32.5}% 547
\BOOKMARK [1][-]{section.32.6}{\376\377\000E\000p\000i\000s\000t\000e\000m\000o\000l\000o\000g\000y}{chapter.32}% 548
\BOOKMARK [2][-]{subsection.32.6.1}{\376\377\000A\000\040\000P\000r\000i\000o\000r\000i\000\040\000K\000n\000o\000w\000l\000e\000d\000g\000e}{section.32.6}% 549
\BOOKMARK [2][-]{subsection.32.6.2}{\376\377\000E\000m\000p\000i\000r\000i\000c\000i\000s\000m}{section.32.6}% 550
\BOOKMARK [1][-]{section.32.7}{\376\377\000A\000e\000s\000t\000h\000e\000t\000i\000c\000s\000\040\000a\000n\000d\000\040\000T\000r\000u\000t\000h}{chapter.32}% 551
\BOOKMARK [2][-]{subsection.32.7.1}{\376\377\000M\000a\000t\000h\000e\000m\000a\000t\000i\000c\000a\000l\000\040\000B\000e\000a\000u\000t\000y}{section.32.7}% 552
\BOOKMARK [2][-]{subsection.32.7.2}{\376\377\000W\000i\000g\000n\000e\000r\000'\000s\000\040\000U\000n\000r\000e\000a\000s\000o\000n\000a\000b\000l\000e\000\040\000E\000f\000f\000e\000c\000t\000i\000v\000e\000n\000e\000s\000s}{section.32.7}% 553
\BOOKMARK [1][-]{section.32.8}{\376\377\000M\000e\000t\000a\000p\000h\000y\000s\000i\000c\000s}{chapter.32}% 554
\BOOKMARK [2][-]{subsection.32.8.1}{\376\377\000P\000y\000t\000h\000a\000g\000o\000r\000e\000a\000n\000i\000s\000m}{section.32.8}% 555
\BOOKMARK [2][-]{subsection.32.8.2}{\376\377\000M\000a\000t\000h\000e\000m\000a\000t\000i\000c\000a\000l\000\040\000U\000n\000i\000v\000e\000r\000s\000e\000\040\000H\000y\000p\000o\000t\000h\000e\000s\000i\000s}{section.32.8}% 556
\BOOKMARK [1][-]{section.32.9}{\376\377\000A\000n\000a\000l\000y\000s\000i\000s}{chapter.32}% 557
\BOOKMARK [2][-]{subsection.32.9.1}{\376\377\000K\000e\000y\000\040\000P\000o\000s\000i\000t\000i\000o\000n\000s}{section.32.9}% 558
\BOOKMARK [2][-]{subsection.32.9.2}{\376\377\000E\000p\000i\000s\000t\000e\000m\000o\000l\000o\000g\000i\000c\000a\000l\000\040\000S\000t\000a\000t\000u\000s}{section.32.9}% 559
\BOOKMARK [2][-]{subsection.32.9.3}{\376\377\000M\000e\000t\000a\000p\000h\000y\000s\000i\000c\000a\000l\000\040\000I\000m\000p\000l\000i\000c\000a\000t\000i\000o\000n\000s}{section.32.9}% 560
\BOOKMARK [1][-]{section.32.10}{\376\377\000C\000o\000n\000c\000l\000u\000s\000i\000o\000n}{chapter.32}% 561
\BOOKMARK [0][-]{chapter.33}{\376\377\000C\000o\000n\000c\000l\000u\000s\000i\000o\000n\000\040\040\024\000\040\000T\000h\000e\000\040\000G\000o\000l\000d\000e\000n\000\040\000M\000o\000n\000o\000g\000r\000a\000p\000h}{part.8}% 562
\BOOKMARK [1][-]{section.33.1}{\376\377\000I\000n\000t\000r\000o\000d\000u\000c\000t\000i\000o\000n}{chapter.33}% 563
\BOOKMARK [1][-]{section.33.2}{\376\377\000S\000u\000m\000m\000a\000r\000y\000\040\000o\000f\000\040\000C\000o\000n\000t\000r\000i\000b\000u\000t\000i\000o\000n\000s}{chapter.33}% 564
\BOOKMARK [2][-]{subsection.33.2.1}{\376\377\000M\000a\000t\000h\000e\000m\000a\000t\000i\000c\000a\000l\000\040\000C\000o\000n\000t\000r\000i\000b\000u\000t\000i\000o\000n\000s}{section.33.2}% 565
\BOOKMARK [2][-]{subsection.33.2.2}{\376\377\000E\000x\000p\000e\000r\000i\000m\000e\000n\000t\000a\000l\000\040\000C\000o\000n\000t\000r\000i\000b\000u\000t\000i\000o\000n\000s}{section.33.2}% 566
\BOOKMARK [2][-]{subsection.33.2.3}{\376\377\000A\000r\000c\000h\000i\000t\000e\000c\000t\000u\000r\000a\000l\000\040\000C\000o\000n\000t\000r\000i\000b\000u\000t\000i\000o\000n\000s}{section.33.2}% 567
\BOOKMARK [1][-]{section.33.3}{\376\377\000K\000e\000y\000\040\000F\000i\000n\000d\000i\000n\000g\000s}{chapter.33}% 568
\BOOKMARK [2][-]{subsection.33.3.1}{\376\377\000M\000a\000t\000h\000e\000m\000a\000t\000i\000c\000a\000l\000\040\000P\000a\000t\000t\000e\000r\000n\000s}{section.33.3}% 569
\BOOKMARK [2][-]{subsection.33.3.2}{\376\377\000P\000h\000y\000s\000i\000c\000a\000l\000\040\000M\000a\000n\000i\000f\000e\000s\000t\000a\000t\000i\000o\000n\000s}{section.33.3}% 570
\BOOKMARK [2][-]{subsection.33.3.3}{\376\377\000C\000o\000m\000p\000u\000t\000a\000t\000i\000o\000n\000a\000l\000\040\000A\000p\000p\000l\000i\000c\000a\000t\000i\000o\000n\000s}{section.33.3}% 571
\BOOKMARK [1][-]{section.33.4}{\376\377\000T\000h\000e\000o\000r\000e\000t\000i\000c\000a\000l\000\040\000I\000m\000p\000l\000i\000c\000a\000t\000i\000o\000n\000s}{chapter.33}% 572
\BOOKMARK [2][-]{subsection.33.4.1}{\376\377\000U\000n\000i\000f\000i\000c\000a\000t\000i\000o\000n\000\040\000P\000r\000i\000n\000c\000i\000p\000l\000e}{section.33.4}% 573
\BOOKMARK [2][-]{subsection.33.4.2}{\376\377\000O\000p\000t\000i\000m\000i\000z\000a\000t\000i\000o\000n\000\040\000P\000r\000i\000n\000c\000i\000p\000l\000e}{section.33.4}% 574
\BOOKMARK [2][-]{subsection.33.4.3}{\376\377\000I\000n\000f\000o\000r\000m\000a\000t\000i\000o\000n\000\040\000T\000h\000e\000o\000r\000y}{section.33.4}% 575
\BOOKMARK [1][-]{section.33.5}{\376\377\000C\000h\000a\000l\000l\000e\000n\000g\000e\000s\000\040\000a\000n\000d\000\040\000L\000i\000m\000i\000t\000a\000t\000i\000o\000n\000s}{chapter.33}% 576
\BOOKMARK [2][-]{subsection.33.5.1}{\376\377\000T\000h\000e\000o\000r\000e\000t\000i\000c\000a\000l\000\040\000C\000h\000a\000l\000l\000e\000n\000g\000e\000s}{section.33.5}% 577
\BOOKMARK [2][-]{subsection.33.5.2}{\376\377\000E\000x\000p\000e\000r\000i\000m\000e\000n\000t\000a\000l\000\040\000C\000h\000a\000l\000l\000e\000n\000g\000e\000s}{section.33.5}% 578
\BOOKMARK [2][-]{subsection.33.5.3}{\376\377\000P\000h\000i\000l\000o\000s\000o\000p\000h\000i\000c\000a\000l\000\040\000C\000h\000a\000l\000l\000e\000n\000g\000e\000s}{section.33.5}% 579
\BOOKMARK [1][-]{section.33.6}{\376\377\000F\000u\000t\000u\000r\000e\000\040\000D\000i\000r\000e\000c\000t\000i\000o\000n\000s}{chapter.33}% 580
\BOOKMARK [2][-]{subsection.33.6.1}{\376\377\000T\000h\000e\000o\000r\000e\000t\000i\000c\000a\000l\000\040\000D\000e\000v\000e\000l\000o\000p\000m\000e\000n\000t}{section.33.6}% 581
\BOOKMARK [2][-]{subsection.33.6.2}{\376\377\000E\000x\000p\000e\000r\000i\000m\000e\000n\000t\000a\000l\000\040\000T\000e\000s\000t\000s}{section.33.6}% 582
\BOOKMARK [2][-]{subsection.33.6.3}{\376\377\000C\000o\000m\000p\000u\000t\000a\000t\000i\000o\000n\000a\000l\000\040\000A\000p\000p\000l\000i\000c\000a\000t\000i\000o\000n\000s}{section.33.6}% 583
\BOOKMARK [2][-]{subsection.33.6.4}{\376\377\000I\000n\000t\000e\000r\000d\000i\000s\000c\000i\000p\000l\000i\000n\000a\000r\000y\000\040\000C\000o\000n\000n\000e\000c\000t\000i\000o\000n\000s}{section.33.6}% 584
\BOOKMARK [1][-]{section.33.7}{\376\377\000F\000i\000n\000a\000l\000\040\000A\000s\000s\000e\000s\000s\000m\000e\000n\000t}{chapter.33}% 585
\BOOKMARK [2][-]{subsection.33.7.1}{\376\377\000S\000t\000r\000e\000n\000g\000t\000h\000s}{section.33.7}% 586
\BOOKMARK [2][-]{subsection.33.7.2}{\376\377\000W\000e\000a\000k\000n\000e\000s\000s\000e\000s}{section.33.7}% 587
\BOOKMARK [2][-]{subsection.33.7.3}{\376\377\000O\000v\000e\000r\000a\000l\000l\000\040\000E\000v\000a\000l\000u\000a\000t\000i\000o\000n}{section.33.7}% 588
\BOOKMARK [1][-]{section.33.8}{\376\377\000C\000o\000n\000c\000l\000u\000s\000i\000o\000n}{chapter.33}% 589
\BOOKMARK [0][-]{chapter.34}{\376\377\000E\000p\000i\000l\000o\000g\000u\000e\000:\000\040\000J\000T\000A\000G\000\040\000m\000a\000c\000O\000S\000\040\000B\000L\000K\000-\0000\0000\0001\000\040\000R\000e\000s\000o\000l\000v\000e\000d}{part.8}% 590
\BOOKMARK [1][-]{section.34.1}{\376\377\000A\000b\000s\000t\000r\000a\000c\000t}{chapter.34}% 591
\BOOKMARK [1][-]{section.34.2}{\376\377\0001\000.\000\040\000I\000n\000t\000r\000o\000d\000u\000c\000t\000i\000o\000n}{chapter.34}% 592
\BOOKMARK [1][-]{section.34.3}{\376\377\0002\000.\000\040\000D\000i\000a\000g\000n\000o\000s\000i\000s\000\040\000a\000n\000d\000\040\000R\000o\000o\000t\000\040\000C\000a\000u\000s\000e}{chapter.34}% 593
\BOOKMARK [2][-]{subsection.34.3.1}{\376\377\0002\000.\0001\000\040\000U\000S\000B\000\040\000E\000n\000u\000m\000e\000r\000a\000t\000i\000o\000n\000\040\000o\000n\000\040\000m\000a\000c\000O\000S\000-\000A\000R\000M}{section.34.3}% 594
\BOOKMARK [2][-]{subsection.34.3.2}{\376\377\0002\000.\0002\000\040\000f\000x\000l\000o\000a\000d\000\040\000C\000r\000o\000s\000s\000-\000C\000o\000m\000p\000i\000l\000a\000t\000i\000o\000n}{section.34.3}% 595
\BOOKMARK [2][-]{subsection.34.3.3}{\376\377\0002\000.\0003\000\040\000f\000l\000a\000s\000h\000\137\000n\000o\000\137\000s\000u\000d\000o\000.\000s\000h}{section.34.3}% 596
\BOOKMARK [1][-]{section.34.4}{\376\377\0003\000.\000\040\000V\000e\000r\000i\000f\000i\000e\000d\000\040\000H\000a\000r\000d\000w\000a\000r\000e\000\040\000C\000o\000n\000f\000i\000g\000u\000r\000a\000t\000i\000o\000n\000\040\000P\000o\000s\000t\000-\000B\000L\000K\000-\0000\0000\0001}{chapter.34}% 597
\BOOKMARK [1][-]{section.34.5}{\376\377\0004\000.\000\040\000R\000e\000s\000u\000l\000t\000s\000\040\000/\000\040\000E\000v\000i\000d\000e\000n\000c\000e}{chapter.34}% 598
\BOOKMARK [1][-]{section.34.6}{\376\377\0005\000.\000\040\000Q\000e\000d\000\040\000A\000s\000s\000e\000r\000t\000i\000o\000n\000s}{chapter.34}% 599
\BOOKMARK [1][-]{section.34.7}{\376\377\0006\000.\000\040\000S\000e\000a\000l\000e\000d\000\040\000S\000e\000e\000d\000s}{chapter.34}% 600
\BOOKMARK [1][-]{section.34.8}{\376\377\0007\000.\000\040\000D\000i\000s\000c\000u\000s\000s\000i\000o\000n}{chapter.34}% 601
\BOOKMARK [1][-]{section.34.9}{\376\377\000R\000e\000f\000e\000r\000e\000n\000c\000e\000s}{chapter.34}% 602
\BOOKMARK [-1][-]{part.9}{\376\377\000I\000X\000\040\004\037\004\076\004\102\004\076\004\072\000\040\000T\000r\000i\000n\000i\000t\000y\000\040\000S\0003\000A\000I}{}% 603
\BOOKMARK [0][-]{chapter.35}{\376\377\000S\000t\000a\000n\000d\000a\000r\000d\000-\000M\000o\000d\000e\000l\000\040\000p\000h\000i\000-\000P\000a\000r\000a\000m\000e\000t\000r\000i\000z\000a\000t\000i\000o\000n\000s\000:\000\040\0004\0002\000\040\000P\000r\000e\000c\000i\000s\000i\000o\000n\000\040\000F\000i\000t\000s}{part.9}% 604
\BOOKMARK [1][-]{section.35.1}{\376\377\000M\000o\000t\000i\000v\000a\000t\000i\000o\000n}{chapter.35}% 605
\BOOKMARK [1][-]{section.35.2}{\376\377\000T\000h\000e\000\040\0004\0002\000\040\000F\000i\000t\000s}{chapter.35}% 606
\BOOKMARK [1][-]{section.35.3}{\376\377\000S\000t\000a\000t\000i\000s\000t\000i\000c\000a\000l\000\040\000I\000n\000t\000e\000r\000p\000r\000e\000t\000a\000t\000i\000o\000n}{chapter.35}% 607
\BOOKMARK [1][-]{section.35.4}{\376\377\000S\000c\000o\000p\000e\000\040\000L\000i\000m\000i\000t\000a\000t\000i\000o\000n}{chapter.35}% 608
\BOOKMARK [0][-]{chapter.36}{\376\377\000I\000n\000t\000r\000o\000d\000u\000c\000t\000i\000o\000n\000:\000\040\000T\000R\000I\000N\000I\000T\000Y\000\040\000S\0003\000A\000I\000\040\000V\000i\000s\000i\000o\000n}{part.9}% 609
\BOOKMARK [1][-]{section*.211}{\376\377\000I\000n\000t\000r\000o\000d\000u\000c\000t\000i\000o\000n\000:\000\040\000T\000R\000I\000N\000I\000T\000Y\000\040\000S\0003\000A\000I\000\040\000V\000i\000s\000i\000o\000n}{chapter.36}% 610
\BOOKMARK [1][-]{section.36.1}{\376\377\000A\000b\000s\000t\000r\000a\000c\000t}{chapter.36}% 611
\BOOKMARK [1][-]{section.36.2}{\376\377\0001\000.\000\040\000I\000n\000t\000r\000o\000d\000u\000c\000t\000i\000o\000n}{chapter.36}% 612
\BOOKMARK [1][-]{section.36.3}{\376\377\0002\000.\000\040\000T\000h\000e\000\040\000T\000r\000i\000n\000i\000t\000y\000\040\000A\000r\000c\000h\000i\000t\000e\000c\000t\000u\000r\000e\000\040\000a\000n\000d\000\040\000i\000t\000s\000\040\000A\000l\000g\000e\000b\000r\000a\000i\000c\000\040\000S\000u\000b\000s\000t\000r\000a\000t\000e}{chapter.36}% 613
\BOOKMARK [1][-]{section.36.4}{\376\377\0003\000.\000\040\000R\000e\000s\000e\000a\000r\000c\000h\000\040\000Q\000u\000e\000s\000t\000i\000o\000n\000s\000\040\000a\000n\000d\000\040\000S\000c\000o\000p\000e}{chapter.36}% 614
\BOOKMARK [1][-]{section.36.5}{\376\377\0004\000.\000\040\000R\000e\000s\000u\000l\000t\000s\000\040\000/\000\040\000E\000v\000i\000d\000e\000n\000c\000e}{chapter.36}% 615
\BOOKMARK [1][-]{section.36.6}{\376\377\0005\000.\000\040\000Q\000e\000d\000\040\000A\000s\000s\000e\000r\000t\000i\000o\000n\000s}{chapter.36}% 616
\BOOKMARK [1][-]{section.36.7}{\376\377\0006\000.\000\040\000S\000e\000a\000l\000e\000d\000\040\000S\000e\000e\000d\000s}{chapter.36}% 617
\BOOKMARK [1][-]{section.36.8}{\376\377\0007\000.\000\040\000D\000i\000s\000c\000u\000s\000s\000i\000o\000n}{chapter.36}% 618
\BOOKMARK [1][-]{section.36.9}{\376\377\000R\000e\000f\000e\000r\000e\000n\000c\000e\000s}{chapter.36}% 619
\BOOKMARK [0][-]{chapter.37}{\376\377\000B\000a\000c\000k\000g\000r\000o\000u\000n\000d\000:\000\040\000N\000e\000u\000r\000o\000-\000S\000y\000m\000b\000o\000l\000i\000c\000\040\000A\000I}{part.9}% 620
\BOOKMARK [1][-]{section.37.1}{\376\377\000A\000b\000s\000t\000r\000a\000c\000t}{chapter.37}% 621
\BOOKMARK [1][-]{section.37.2}{\376\377\0001\000.\000\040\000I\000n\000t\000r\000o\000d\000u\000c\000t\000i\000o\000n}{chapter.37}% 622
\BOOKMARK [1][-]{section.37.3}{\376\377\0002\000.\000\040\000T\000a\000x\000o\000n\000o\000m\000y\000\040\000o\000f\000\040\000N\000e\000u\000r\000o\000-\000S\000y\000m\000b\000o\000l\000i\000c\000\040\000P\000a\000r\000a\000d\000i\000g\000m\000s}{chapter.37}% 623
\BOOKMARK [2][-]{subsection.37.3.1}{\376\377\0002\000.\0001\000\040\000E\000a\000r\000l\000y\000\040\000S\000y\000m\000b\000o\000l\000i\000c\040\023\000C\000o\000n\000n\000e\000c\000t\000i\000o\000n\000i\000s\000t\000\040\000H\000y\000b\000r\000i\000d\000s}{section.37.3}% 624
\BOOKMARK [2][-]{subsection.37.3.2}{\376\377\0002\000.\0002\000\040\000L\000o\000g\000i\000c\000\040\000T\000e\000n\000s\000o\000r\000\040\000N\000e\000t\000w\000o\000r\000k\000s\000\040\000a\000n\000d\000\040\000D\000i\000f\000f\000e\000r\000e\000n\000t\000i\000a\000b\000l\000e\000\040\000R\000e\000a\000s\000o\000n\000i\000n\000g}{section.37.3}% 625
\BOOKMARK [2][-]{subsection.37.3.3}{\376\377\0002\000.\0003\000\040\000S\000p\000a\000r\000s\000e\000\040\000a\000n\000d\000\040\000T\000e\000r\000n\000a\000r\000y\000\040\000N\000e\000u\000r\000a\000l\000\040\000C\000o\000m\000p\000u\000t\000a\000t\000i\000o\000n}{section.37.3}% 626
\BOOKMARK [2][-]{subsection.37.3.4}{\376\377\0002\000.\0004\000\040\000V\000e\000c\000t\000o\000r\000\040\000S\000y\000m\000b\000o\000l\000i\000c\000\040\000A\000r\000c\000h\000i\000t\000e\000c\000t\000u\000r\000e\000s}{section.37.3}% 627
\BOOKMARK [1][-]{section.37.4}{\376\377\0003\000.\000\040\000R\000e\000p\000r\000e\000s\000e\000n\000t\000a\000t\000i\000o\000n\000a\000l\000\040\000B\000o\000t\000t\000l\000e\000n\000e\000c\000k\000\040\000a\000n\000d\000\040\000t\000h\000e\000\040\000-\000S\000t\000r\000u\000c\000t\000u\000r\000a\000l\000\040\000P\000r\000i\000o\000r}{chapter.37}% 628
\BOOKMARK [2][-]{subsection.37.4.1}{\376\377\0003\000.\0001\000\040\000T\000h\000e\000\040\000N\000o\000r\000m\000a\000l\000i\000s\000a\000t\000i\000o\000n\000\040\000P\000r\000o\000b\000l\000e\000m}{section.37.4}% 629
\BOOKMARK [2][-]{subsection.37.4.2}{\376\377\0003\000.\0002\000\040\000F\000i\000b\000o\000n\000a\000c\000c\000i\000\040\000a\000n\000d\000\040\000L\000u\000c\000a\000s\000\040\000L\000a\000t\000t\000i\000c\000e\000s\000\040\000a\000s\000\040\000B\000a\000s\000i\000s\000\040\000S\000e\000t\000s}{section.37.4}% 630
\BOOKMARK [2][-]{subsection.37.4.3}{\376\377\0003\000.\0003\000\040\000G\000a\000p\000\040\000i\000n\000\040\000P\000r\000i\000o\000r\000\040\000A\000r\000t}{section.37.4}% 631
\BOOKMARK [1][-]{section.37.5}{\376\377\0004\000.\000\040\000R\000e\000s\000u\000l\000t\000s\000\040\000/\000\040\000E\000v\000i\000d\000e\000n\000c\000e}{chapter.37}% 632
\BOOKMARK [1][-]{section.37.6}{\376\377\0005\000.\000\040\000Q\000e\000d\000\040\000A\000s\000s\000e\000r\000t\000i\000o\000n\000s}{chapter.37}% 633
\BOOKMARK [1][-]{section.37.7}{\376\377\0006\000.\000\040\000S\000e\000a\000l\000e\000d\000\040\000S\000e\000e\000d\000s}{chapter.37}% 634
\BOOKMARK [1][-]{section.37.8}{\376\377\0007\000.\000\040\000D\000i\000s\000c\000u\000s\000s\000i\000o\000n}{chapter.37}% 635
\BOOKMARK [1][-]{section.37.9}{\376\377\000R\000e\000f\000e\000r\000e\000n\000c\000e\000s}{chapter.37}% 636
\BOOKMARK [0][-]{chapter.38}{\376\377\000T\000r\000i\000n\000i\000t\000y\000\040\000I\000d\000e\000n\000t\000i\000t\000y\000\040\000\050\0002\000+\040\173\0002\000=\0003\000\051}{part.9}% 637
\BOOKMARK [1][-]{section*.214}{\376\377\000T\000r\000i\000n\000i\000t\000y\000\040\000I\000d\000e\000n\000t\000i\000t\000y\000\040\000\050\0002\000+\040\173\0002\000=\0003\000\051}{chapter.38}% 638
\BOOKMARK [1][-]{section.38.1}{\376\377\000A\000b\000s\000t\000r\000a\000c\000t}{chapter.38}% 639
\BOOKMARK [1][-]{section.38.2}{\376\377\0001\000.\000\040\000I\000n\000t\000r\000o\000d\000u\000c\000t\000i\000o\000n}{chapter.38}% 640
\BOOKMARK [1][-]{section.38.3}{\376\377\0002\000.\000\040\000D\000e\000r\000i\000v\000a\000t\000i\000o\000n\000\040\000o\000f\000\040\000t\000h\000e\000\040\000A\000n\000c\000h\000o\000r\000\040\000I\000d\000e\000n\000t\000i\000t\000y}{chapter.38}% 641
\BOOKMARK [2][-]{subsection.38.3.1}{\376\377\0002\000.\0001\000\040\000M\000i\000n\000i\000m\000a\000l\000\040\000P\000o\000l\000y\000n\000o\000m\000i\000a\000l\000\040\000a\000n\000d\000\040\000B\000a\000s\000i\000c\000\040\000C\000o\000n\000s\000e\000q\000u\000e\000n\000c\000e\000s}{section.38.3}% 642
\BOOKMARK [2][-]{subsection.38.3.2}{\376\377\0002\000.\0002\000\040\000P\000o\000w\000e\000r\000\040\000S\000u\000r\000v\000e\000y}{section.38.3}% 643
\BOOKMARK [2][-]{subsection.38.3.3}{\376\377\0002\000.\0003\000\040\000R\000e\000l\000a\000t\000i\000o\000n\000\040\000t\000o\000\040\000F\000i\000b\000o\000n\000a\000c\000c\000i\000\040\000A\000r\000i\000t\000h\000m\000e\000t\000i\000c}{section.38.3}% 644
\BOOKMARK [1][-]{section.38.4}{\376\377\0003\000.\000\040\000C\000o\000q\000\040\000M\000e\000c\000h\000a\000n\000i\000s\000a\000t\000i\000o\000n\000\040\000a\000n\000d\000\040\000S\000A\000C\000-\0000\000\040\000I\000n\000v\000a\000r\000i\000a\000n\000t}{chapter.38}% 645
\BOOKMARK [2][-]{subsection.38.4.1}{\376\377\0003\000.\0001\000\040\000P\000r\000o\000o\000f\000\040\000A\000r\000c\000h\000i\000t\000e\000c\000t\000u\000r\000e}{section.38.4}% 646
\BOOKMARK [2][-]{subsection.38.4.2}{\376\377\0003\000.\0002\000\040\000I\000n\000v\000a\000r\000i\000a\000n\000t\000\040\000S\000A\000C\000-\0000}{section.38.4}% 647
\BOOKMARK [2][-]{subsection.38.4.3}{\376\377\0003\000.\0003\000\040\000T\000h\000e\000\040\000I\000n\000t\000e\000g\000e\000r\000-\0003\000\040\000C\000o\000i\000n\000c\000i\000d\000e\000n\000c\000e}{section.38.4}% 648
\BOOKMARK [1][-]{section.38.5}{\376\377\0004\000.\000\040\000R\000e\000s\000u\000l\000t\000s\000\040\000/\000\040\000E\000v\000i\000d\000e\000n\000c\000e}{chapter.38}% 649
\BOOKMARK [1][-]{section.38.6}{\376\377\0005\000.\000\040\000Q\000e\000d\000\040\000A\000s\000s\000e\000r\000t\000i\000o\000n\000s}{chapter.38}% 650
\BOOKMARK [1][-]{section.38.7}{\376\377\0006\000.\000\040\000S\000e\000a\000l\000e\000d\000\040\000S\000e\000e\000d\000s}{chapter.38}% 651
\BOOKMARK [1][-]{section.38.8}{\376\377\0007\000.\000\040\000D\000i\000s\000c\000u\000s\000s\000i\000o\000n}{chapter.38}% 652
\BOOKMARK [1][-]{section.38.9}{\376\377\000R\000e\000f\000e\000r\000e\000n\000c\000e\000s}{chapter.38}% 653
\BOOKMARK [0][-]{chapter.39}{\376\377\000S\000a\000c\000r\000e\000d\000\040\000F\000o\000r\000m\000u\000l\000a\000:\000\040\000\137\000\040\000D\000e\000r\000i\000v\000a\000t\000i\000o\000n}{part.9}% 654
\BOOKMARK [1][-]{section.39.1}{\376\377\000A\000b\000s\000t\000r\000a\000c\000t}{chapter.39}% 655
\BOOKMARK [1][-]{section.39.2}{\376\377\0001\000.\000\040\000I\000n\000t\000r\000o\000d\000u\000c\000t\000i\000o\000n}{chapter.39}% 656
\BOOKMARK [1][-]{section.39.3}{\376\377\0002\000.\000\040\000D\000e\000r\000i\000v\000a\000t\000i\000o\000n\000\040\000o\000f\000\040\000t\000h\000e\000\040\000C\000l\000o\000s\000e\000d\000\040\000F\000o\000r\000m}{chapter.39}% 657
\BOOKMARK [1][-]{section.39.4}{\376\377\0003\000.\000\040\000M\000u\000l\000t\000i\000p\000l\000i\000c\000a\000t\000i\000v\000e\000\040\000I\000d\000e\000n\000t\000i\000t\000y\000\040\000a\000n\000d\000\040\000K\000e\000r\000n\000e\000l\000\040\000I\000n\000t\000e\000g\000r\000a\000t\000i\000o\000n}{chapter.39}% 658
\BOOKMARK [1][-]{section.39.5}{\376\377\0004\000.\000\040\000R\000e\000s\000u\000l\000t\000s\000\040\000/\000\040\000E\000v\000i\000d\000e\000n\000c\000e}{chapter.39}% 659
\BOOKMARK [1][-]{section.39.6}{\376\377\0005\000.\000\040\000Q\000e\000d\000\040\000A\000s\000s\000e\000r\000t\000i\000o\000n\000s}{chapter.39}% 660
\BOOKMARK [1][-]{section.39.7}{\376\377\0006\000.\000\040\000S\000e\000a\000l\000e\000d\000\040\000S\000e\000e\000d\000s}{chapter.39}% 661
\BOOKMARK [1][-]{section.39.8}{\376\377\0007\000.\000\040\000D\000i\000s\000c\000u\000s\000s\000i\000o\000n}{chapter.39}% 662
\BOOKMARK [1][-]{section.39.9}{\376\377\000R\000e\000f\000e\000r\000e\000n\000c\000e\000s}{chapter.39}% 663
\BOOKMARK [0][-]{chapter.40}{\376\377\000-\000d\000i\000s\000t\000a\000n\000c\000e\000\040\000a\000n\000d\000\040\000F\000i\000b\000o\000n\000a\000c\000c\000i\000-\000L\000u\000c\000a\000s\000\040\000s\000e\000e\000d\000s}{part.9}% 664
\BOOKMARK [1][-]{section.40.1}{\376\377\000A\000b\000s\000t\000r\000a\000c\000t}{chapter.40}% 665
\BOOKMARK [1][-]{section.40.2}{\376\377\0001\000.\000\040\000I\000n\000t\000r\000o\000d\000u\000c\000t\000i\000o\000n}{chapter.40}% 666
\BOOKMARK [1][-]{section.40.3}{\376\377\0002\000.\000\040\000T\000h\000e\000\040\000-\000d\000i\000s\000t\000a\000n\000c\000e\000\040\000M\000e\000t\000r\000i\000c\000\040\000a\000n\000d\000\040\000t\000h\000e\000\040\000B\000a\000l\000a\000n\000c\000i\000n\000g\000\040\000F\000i\000x\000e\000d\000\040\000P\000o\000i\000n\000t}{chapter.40}% 667
\BOOKMARK [1][-]{section.40.4}{\376\377\0003\000.\000\040\000F\000i\000b\000o\000n\000a\000c\000c\000i\000-\000L\000u\000c\000a\000s\000\040\000S\000e\000e\000d\000s\000\040\000a\000n\000d\000\040\000T\000h\000e\000i\000r\000\040\000C\000o\000n\000t\000r\000a\000c\000t\000i\000v\000e\000\040\000B\000a\000s\000i\000n}{chapter.40}% 668
\BOOKMARK [1][-]{section.40.5}{\376\377\0004\000.\000\040\000R\000e\000s\000u\000l\000t\000s\000\040\000/\000\040\000E\000v\000i\000d\000e\000n\000c\000e}{chapter.40}% 669
\BOOKMARK [1][-]{section.40.6}{\376\377\0005\000.\000\040\000Q\000e\000d\000\040\000A\000s\000s\000e\000r\000t\000i\000o\000n\000s}{chapter.40}% 670
\BOOKMARK [1][-]{section.40.7}{\376\377\0006\000.\000\040\000S\000e\000a\000l\000e\000d\000\040\000S\000e\000e\000d\000s}{chapter.40}% 671
\BOOKMARK [1][-]{section.40.8}{\376\377\0007\000.\000\040\000D\000i\000s\000c\000u\000s\000s\000i\000o\000n}{chapter.40}% 672
\BOOKMARK [1][-]{section.40.9}{\376\377\000R\000e\000f\000e\000r\000e\000n\000c\000e\000s}{chapter.40}% 673
\BOOKMARK [0][-]{chapter.41}{\376\377\000G\000o\000l\000d\000e\000n\000F\000l\000o\000a\000t\000\040\000F\000a\000m\000i\000l\000y\000\040\000G\000F\0004\000.\000.\000G\000F\0006\0004}{part.9}% 674
\BOOKMARK [1][-]{section.41.1}{\376\377\000A\000b\000s\000t\000r\000a\000c\000t}{chapter.41}% 675
\BOOKMARK [1][-]{section.41.2}{\376\377\0001\000.\000\040\000I\000n\000t\000r\000o\000d\000u\000c\000t\000i\000o\000n}{chapter.41}% 676
\BOOKMARK [1][-]{section.41.3}{\376\377\0002\000.\000\040\000G\000o\000l\000d\000e\000n\000F\000l\000o\000a\000t\000\040\000F\000o\000r\000m\000a\000t\000\040\000D\000e\000f\000i\000n\000i\000t\000i\000o\000n\000s}{chapter.41}% 677
\BOOKMARK [2][-]{subsection.41.3.1}{\376\377\0002\000.\0001\000\040\000P\000r\000e\000l\000i\000m\000i\000n\000a\000r\000i\000e\000s}{section.41.3}% 678
\BOOKMARK [2][-]{subsection.41.3.2}{\376\377\0002\000.\0002\000\040\000C\000o\000q\000\040\000E\000n\000c\000o\000d\000i\000n\000g}{section.41.3}% 679
\BOOKMARK [2][-]{subsection.41.3.3}{\376\377\0002\000.\0003\000\040\000L\000u\000c\000a\000s\000\040\000C\000l\000o\000s\000u\000r\000e\000\040\000o\000n\000\040\000G\000F\0001\0006}{section.41.3}% 680
\BOOKMARK [1][-]{section.41.4}{\376\377\0003\000.\000\040\000K\000e\000y\000\040\000T\000h\000e\000o\000r\000e\000m\000s\000\040\000a\000n\000d\000\040\000P\000r\000o\000o\000f\000\040\000S\000k\000e\000t\000c\000h\000e\000s}{chapter.41}% 681
\BOOKMARK [1][-]{section.41.5}{\376\377\0004\000.\000\040\000R\000e\000s\000u\000l\000t\000s\000\040\000/\000\040\000E\000v\000i\000d\000e\000n\000c\000e}{chapter.41}% 682
\BOOKMARK [1][-]{section.41.6}{\376\377\0005\000.\000\040\000Q\000e\000d\000\040\000A\000s\000s\000e\000r\000t\000i\000o\000n\000s}{chapter.41}% 683
\BOOKMARK [1][-]{section.41.7}{\376\377\0006\000.\000\040\000S\000e\000a\000l\000e\000d\000\040\000S\000e\000e\000d\000s}{chapter.41}% 684
\BOOKMARK [1][-]{section.41.8}{\376\377\0007\000.\000\040\000D\000i\000s\000c\000u\000s\000s\000i\000o\000n}{chapter.41}% 685
\BOOKMARK [1][-]{section.41.9}{\376\377\000R\000e\000f\000e\000r\000e\000n\000c\000e\000s}{chapter.41}% 686
\BOOKMARK [0][-]{chapter.42}{\376\377\000V\000o\000g\000e\000l\000\040\000P\000h\000y\000l\000l\000o\000t\000a\000x\000i\000s\000\040\0001\0003\0007\000.\0005\000\260\000\040\000=\000\040\0003\0006\0000\000\260\000/\0002}{part.9}% 687
\BOOKMARK [1][-]{section.42.1}{\376\377\000A\000b\000s\000t\000r\000a\000c\000t}{chapter.42}% 688
\BOOKMARK [1][-]{section.42.2}{\376\377\0001\000.\000\040\000I\000n\000t\000r\000o\000d\000u\000c\000t\000i\000o\000n}{chapter.42}% 689
\BOOKMARK [1][-]{section.42.3}{\376\377\0002\000.\000\040\000F\000r\000o\000m\000\040\000t\000h\000e\000\040\000T\000r\000i\000n\000i\000t\000y\000\040\000I\000d\000e\000n\000t\000i\000t\000y\000\040\000t\000o\000\040\000t\000h\000e\000\040\000G\000o\000l\000d\000e\000n\000\040\000A\000n\000g\000l\000e}{chapter.42}% 690
\BOOKMARK [1][-]{section.42.4}{\376\377\0003\000.\000\040\000H\0004\000\040\000R\000o\000o\000t\000\040\000S\000y\000s\000t\000e\000m\000,\000\040\000E\0008\000\040\000L\000a\000t\000t\000i\000c\000e\000,\000\040\000a\000n\000d\000\040\000t\000h\000e\000\040\000\134\000v\000a\000r\000p\000h\000i\000-\000S\000c\000a\000l\000e\000d\000\040\000B\000l\000o\000c\000k\000\040\000D\000e\000c\000o\000m\000p\000o\000s\000i\000t\000i\000o\000n}{chapter.42}% 691
\BOOKMARK [1][-]{section.42.5}{\376\377\0004\000.\000\040\000R\000e\000s\000u\000l\000t\000s\000\040\000/\000\040\000E\000v\000i\000d\000e\000n\000c\000e}{chapter.42}% 692
\BOOKMARK [1][-]{section.42.6}{\376\377\0005\000.\000\040\000Q\000e\000d\000\040\000A\000s\000s\000e\000r\000t\000i\000o\000n\000s}{chapter.42}% 693
\BOOKMARK [1][-]{section.42.7}{\376\377\0006\000.\000\040\000S\000e\000a\000l\000e\000d\000\040\000S\000e\000e\000d\000s}{chapter.42}% 694
\BOOKMARK [1][-]{section.42.8}{\376\377\0007\000.\000\040\000D\000i\000s\000c\000u\000s\000s\000i\000o\000n}{chapter.42}% 695
\BOOKMARK [1][-]{section.42.9}{\376\377\000R\000e\000f\000e\000r\000e\000n\000c\000e\000s}{chapter.42}% 696
\BOOKMARK [0][-]{chapter.43}{\376\377\000T\000F\0003\000/\000T\000F\0009\000\040\000S\000p\000a\000r\000s\000e\000\040\000T\000e\000r\000n\000a\000r\000y\000\040\000M\000a\000t\000M\000u\000l}{part.9}% 697
\BOOKMARK [1][-]{section.43.1}{\376\377\000A\000b\000s\000t\000r\000a\000c\000t}{chapter.43}% 698
\BOOKMARK [1][-]{section.43.2}{\376\377\0001\000.\000\040\000I\000n\000t\000r\000o\000d\000u\000c\000t\000i\000o\000n}{chapter.43}% 699
\BOOKMARK [1][-]{section.43.3}{\376\377\0002\000.\000\040\000T\000F\0003\000\040\000a\000n\000d\000\040\000T\000F\0009\000\040\000A\000l\000g\000e\000b\000r\000a\000i\000c\000\040\000S\000t\000r\000u\000c\000t\000u\000r\000e}{chapter.43}% 700
\BOOKMARK [2][-]{subsection.43.3.1}{\376\377\0002\000.\0001\000\040\000T\000r\000i\000t\000\040\000E\000n\000c\000o\000d\000i\000n\000g}{section.43.3}% 701
\BOOKMARK [2][-]{subsection.43.3.2}{\376\377\0002\000.\0002\000\040\000T\000F\0009\000\040\000P\000r\000o\000d\000u\000c\000t\000\040\000E\000n\000c\000o\000d\000i\000n\000g}{section.43.3}% 702
\BOOKMARK [2][-]{subsection.43.3.3}{\376\377\0002\000.\0003\000\040\003\306\000-\000N\000o\000r\000m\000a\000l\000i\000s\000a\000t\000i\000o\000n}{section.43.3}% 703
\BOOKMARK [1][-]{section.43.4}{\376\377\0003\000.\000\040\000H\000y\000b\000r\000i\000d\000\040\000Q\000K\000\040\000G\000a\000i\000n\000\040\000I\000n\000v\000a\000r\000i\000a\000n\000t\000\040\000\050\000I\000N\000V\000-\0006\000\051}{chapter.43}% 704
\BOOKMARK [2][-]{subsection.43.4.1}{\376\377\0003\000.\0001\000\040\000G\000a\000i\000n\000\040\000A\000d\000m\000i\000s\000s\000i\000b\000i\000l\000i\000t\000y}{section.43.4}% 705
\BOOKMARK [2][-]{subsection.43.4.2}{\376\377\0003\000.\0002\000\040\000P\000r\000o\000o\000f\000\040\000S\000k\000e\000t\000c\000h\000\040\000f\000o\000r\000\040\000a\000d\000m\000i\000t\000\137\000p\000h\000i\000\137\000s\000q}{section.43.4}% 706
\BOOKMARK [1][-]{section.43.5}{\376\377\0004\000.\000\040\000R\000e\000s\000u\000l\000t\000s\000\040\000/\000\040\000E\000v\000i\000d\000e\000n\000c\000e}{chapter.43}% 707
\BOOKMARK [1][-]{section.43.6}{\376\377\0005\000.\000\040\000Q\000e\000d\000\040\000A\000s\000s\000e\000r\000t\000i\000o\000n\000s}{chapter.43}% 708
\BOOKMARK [1][-]{section.43.7}{\376\377\0006\000.\000\040\000S\000e\000a\000l\000e\000d\000\040\000S\000e\000e\000d\000s}{chapter.43}% 709
\BOOKMARK [1][-]{section.43.8}{\376\377\0007\000.\000\040\000D\000i\000s\000c\000u\000s\000s\000i\000o\000n}{chapter.43}% 710
\BOOKMARK [1][-]{section.43.9}{\376\377\000R\000e\000f\000e\000r\000e\000n\000c\000e\000s}{chapter.43}% 711
\BOOKMARK [0][-]{chapter.44}{\376\377\000G\000F\000\040\000v\000s\000\040\000M\000X\000F\000P\0004\000\040\000A\000b\000l\000a\000t\000i\000o\000n}{part.9}% 712
\BOOKMARK [1][-]{section.44.1}{\376\377\000A\000b\000s\000t\000r\000a\000c\000t}{chapter.44}% 713
\BOOKMARK [1][-]{section.44.2}{\376\377\0001\000.\000\040\000I\000n\000t\000r\000o\000d\000u\000c\000t\000i\000o\000n}{chapter.44}% 714
\BOOKMARK [1][-]{section.44.3}{\376\377\0002\000.\000\040\000G\000F\0001\0006\000\040\000P\000H\000I\000\137\000B\000I\000A\000S\000=\0006\0000\000\040\000a\000n\000d\000\040\000t\000h\000e\000\040\000I\000N\000V\000-\0003\000\040\000S\000a\000f\000e\000\040\000D\000o\000m\000a\000i\000n}{chapter.44}% 715
\BOOKMARK [2][-]{subsection.44.3.1}{\376\377\0002\000.\0001\000\040\000G\000F\0001\0006\000\040\000F\000o\000r\000m\000a\000t\000\040\000S\000p\000e\000c\000i\000f\000i\000c\000a\000t\000i\000o\000n}{section.44.3}% 716
\BOOKMARK [2][-]{subsection.44.3.2}{\376\377\0002\000.\0002\000\040\000I\000N\000V\000-\0003\000:\000\040\000N\000i\000n\000e\000\040\000C\000o\000q\000\040\000P\000r\000e\000c\000i\000s\000i\000o\000n\000\040\000B\000o\000u\000n\000d\000s}{section.44.3}% 717
\BOOKMARK [2][-]{subsection.44.3.3}{\376\377\0002\000.\0003\000\040\000C\000o\000m\000p\000e\000t\000i\000t\000o\000r\000\040\000F\000o\000r\000m\000a\000t\000\040\000S\000u\000m\000m\000a\000r\000i\000e\000s}{section.44.3}% 718
\BOOKMARK [1][-]{section.44.4}{\376\377\0003\000.\000\040\000A\000b\000l\000a\000t\000i\000o\000n\000\040\000M\000a\000t\000r\000i\000x\000:\000\040\000T\000i\000e\000r\000-\000A\000/\000B\000/\000C\000\040\000\040\000M\0001\040\023\000M\0006}{chapter.44}% 719
\BOOKMARK [1][-]{section.44.5}{\376\377\0004\000.\000\040\000R\000e\000s\000u\000l\000t\000s\000\040\000/\000\040\000E\000v\000i\000d\000e\000n\000c\000e}{chapter.44}% 720
\BOOKMARK [1][-]{section.44.6}{\376\377\0005\000.\000\040\000Q\000e\000d\000\040\000A\000s\000s\000e\000r\000t\000i\000o\000n\000s}{chapter.44}% 721
\BOOKMARK [1][-]{section.44.7}{\376\377\0006\000.\000\040\000S\000e\000a\000l\000e\000d\000\040\000S\000e\000e\000d\000s}{chapter.44}% 722
\BOOKMARK [1][-]{section.44.8}{\376\377\0007\000.\000\040\000D\000i\000s\000c\000u\000s\000s\000i\000o\000n}{chapter.44}% 723
\BOOKMARK [1][-]{section.44.9}{\376\377\000R\000e\000f\000e\000r\000e\000n\000c\000e\000s}{chapter.44}% 724
\BOOKMARK [0][-]{chapter.45}{\376\377\000C\000o\000q\000\040\000L\0001\000\040\000R\000a\000n\000g\000e\000P\000r\000e\000c\000i\000s\000i\000o\000n\000\040\000P\000a\000r\000e\000t\000o}{part.9}% 725
\BOOKMARK [1][-]{section.45.1}{\376\377\000A\000b\000s\000t\000r\000a\000c\000t}{chapter.45}% 726
\BOOKMARK [1][-]{section.45.2}{\376\377\0001\000.\000\040\000I\000n\000t\000r\000o\000d\000u\000c\000t\000i\000o\000n}{chapter.45}% 727
\BOOKMARK [1][-]{section.45.3}{\376\377\0002\000.\000\040\000G\000F\000\050\0001\0006\000\051\000\040\000R\000a\000n\000g\000e\000\040\000a\000n\000d\000\040\000P\000r\000e\000c\000i\000s\000i\000o\000n\000\040\000F\000o\000r\000m\000a\000l\000i\000s\000a\000t\000i\000o\000n}{chapter.45}% 728
\BOOKMARK [1][-]{section.45.4}{\376\377\0003\000.\000\040\000T\000h\000e\000\040\000P\000a\000r\000e\000t\000o\000\040\000F\000r\000o\000n\000t\000i\000e\000r\000\040\000a\000n\000d\000\040\000C\000o\000n\000j\000e\000c\000t\000u\000r\000e\000\040\000C\0001}{chapter.45}% 729
\BOOKMARK [1][-]{section.45.5}{\376\377\0004\000.\000\040\000R\000e\000s\000u\000l\000t\000s\000\040\000/\000\040\000E\000v\000i\000d\000e\000n\000c\000e}{chapter.45}% 730
\BOOKMARK [1][-]{section.45.6}{\376\377\0005\000.\000\040\000Q\000e\000d\000\040\000A\000s\000s\000e\000r\000t\000i\000o\000n\000s}{chapter.45}% 731
\BOOKMARK [1][-]{section.45.7}{\376\377\0006\000.\000\040\000S\000e\000a\000l\000e\000d\000\040\000S\000e\000e\000d\000s}{chapter.45}% 732
\BOOKMARK [1][-]{section.45.8}{\376\377\0007\000.\000\040\000D\000i\000s\000c\000u\000s\000s\000i\000o\000n}{chapter.45}% 733
\BOOKMARK [1][-]{section.45.9}{\376\377\000R\000e\000f\000e\000r\000e\000n\000c\000e\000s}{chapter.45}% 734
\BOOKMARK [0][-]{chapter.46}{\376\377\000P\000r\000e\000-\000r\000e\000g\000i\000s\000t\000r\000a\000t\000i\000o\000n\000\040\000H\040\201\000\040\000\050\0003\000\040\000d\000i\000s\000t\000i\000n\000c\000t\000\040\000s\000e\000e\000d\000s\000\051}{part.9}% 735
\BOOKMARK [1][-]{section.46.1}{\376\377\000A\000b\000s\000t\000r\000a\000c\000t}{chapter.46}% 736
\BOOKMARK [1][-]{section.46.2}{\376\377\0001\000.\000\040\000I\000n\000t\000r\000o\000d\000u\000c\000t\000i\000o\000n}{chapter.46}% 737
\BOOKMARK [1][-]{section.46.3}{\376\377\0002\000.\000\040\000H\000y\000p\000o\000t\000h\000e\000s\000i\000s\000\040\000F\000o\000r\000m\000a\000l\000i\000s\000a\000t\000i\000o\000n\000\040\000a\000n\000d\000\040\000R\000e\000g\000i\000s\000t\000r\000a\000t\000i\000o\000n\000\040\000P\000r\000o\000t\000o\000c\000o\000l}{chapter.46}% 738
\BOOKMARK [1][-]{section.46.4}{\376\377\0003\000.\000\040\000I\000N\000V\000-\0007\000\040\000I\000n\000v\000a\000r\000i\000a\000n\000t\000\040\000a\000n\000d\000\040\000C\000o\000q\000\040\000F\000o\000r\000m\000a\000l\000i\000s\000a\000t\000i\000o\000n}{chapter.46}% 739
\BOOKMARK [1][-]{section.46.5}{\376\377\0004\000.\000\040\000R\000e\000s\000u\000l\000t\000s\000\040\000/\000\040\000E\000v\000i\000d\000e\000n\000c\000e}{chapter.46}% 740
\BOOKMARK [1][-]{section.46.6}{\376\377\0005\000.\000\040\000Q\000e\000d\000\040\000A\000s\000s\000e\000r\000t\000i\000o\000n\000s}{chapter.46}% 741
\BOOKMARK [1][-]{section.46.7}{\376\377\0006\000.\000\040\000S\000e\000a\000l\000e\000d\000\040\000S\000e\000e\000d\000s}{chapter.46}% 742
\BOOKMARK [1][-]{section.46.8}{\376\377\0007\000.\000\040\000D\000i\000s\000c\000u\000s\000s\000i\000o\000n}{chapter.46}% 743
\BOOKMARK [1][-]{section.46.9}{\376\377\000R\000e\000f\000e\000r\000e\000n\000c\000e\000s}{chapter.46}% 744
\BOOKMARK [0][-]{chapter.47}{\376\377\000H\000a\000r\000d\000w\000a\000r\000e\000\040\000B\000r\000i\000d\000g\000e\000\040\000\050\000d\000e\000f\000e\000r\000r\000e\000d\000\051}{part.9}% 745
\BOOKMARK [1][-]{section.47.1}{\376\377\000A\000b\000s\000t\000r\000a\000c\000t}{chapter.47}% 746
\BOOKMARK [1][-]{section.47.2}{\376\377\0001\000.\000\040\000I\000n\000t\000r\000o\000d\000u\000c\000t\000i\000o\000n}{chapter.47}% 747
\BOOKMARK [1][-]{section.47.3}{\376\377\0002\000.\000\040\000B\000r\000i\000d\000g\000e\000\040\000A\000r\000c\000h\000i\000t\000e\000c\000t\000u\000r\000e\000\040\000a\000n\000d\000\040\000I\000n\000t\000e\000r\000f\000a\000c\000e\000\040\000C\000o\000n\000t\000r\000a\000c\000t\000s}{chapter.47}% 748
\BOOKMARK [2][-]{subsection.47.3.1}{\376\377\0002\000.\0001\000\040\000L\000o\000g\000i\000c\000a\000l\000\040\000S\000t\000r\000u\000c\000t\000u\000r\000e}{section.47.3}% 749
\BOOKMARK [2][-]{subsection.47.3.2}{\376\377\0002\000.\0002\000\040\000S\000i\000g\000n\000a\000l\000\040\000N\000a\000m\000i\000n\000g\000\040\000C\000o\000n\000v\000e\000n\000t\000i\000o\000n}{section.47.3}% 750
\BOOKMARK [2][-]{subsection.47.3.3}{\376\377\0002\000.\0003\000\040\000E\000r\000r\000o\000r\000-\000H\000a\000n\000d\000l\000i\000n\000g\000\040\000P\000r\000o\000t\000o\000c\000o\000l}{section.47.3}% 751
\BOOKMARK [1][-]{section.47.4}{\376\377\0003\000.\000\040\000C\000l\000o\000c\000k\000-\000D\000o\000m\000a\000i\000n\000\040\000A\000n\000a\000l\000y\000s\000i\000s\000\040\000a\000n\000d\000\040\000T\000i\000m\000i\000n\000g}{chapter.47}% 752
\BOOKMARK [2][-]{subsection.47.4.1}{\376\377\0003\000.\0001\000\040\000F\000r\000e\000q\000u\000e\000n\000c\000y\000\040\000R\000a\000t\000i\000o\000s\000\040\000a\000n\000d\000\040\000t\000h\000e\000\040\000G\000o\000l\000d\000e\000n\000\040\000R\000a\000t\000i\000o}{section.47.4}% 753
\BOOKMARK [2][-]{subsection.47.4.2}{\376\377\0003\000.\0002\000\040\000T\000h\000r\000o\000u\000g\000h\000p\000u\000t\000\040\000B\000u\000d\000g\000e\000t}{section.47.4}% 754
\BOOKMARK [2][-]{subsection.47.4.3}{\376\377\0003\000.\0003\000\040\000P\000o\000w\000e\000r\000\040\000A\000c\000c\000o\000u\000n\000t\000i\000n\000g}{section.47.4}% 755
\BOOKMARK [1][-]{section.47.5}{\376\377\0004\000.\000\040\000R\000e\000s\000u\000l\000t\000s\000\040\000/\000\040\000E\000v\000i\000d\000e\000n\000c\000e}{chapter.47}% 756
\BOOKMARK [1][-]{section.47.6}{\376\377\0005\000.\000\040\000Q\000e\000d\000\040\000A\000s\000s\000e\000r\000t\000i\000o\000n\000s}{chapter.47}% 757
\BOOKMARK [1][-]{section.47.7}{\376\377\0006\000.\000\040\000S\000e\000a\000l\000e\000d\000\040\000S\000e\000e\000d\000s}{chapter.47}% 758
\BOOKMARK [1][-]{section.47.8}{\376\377\0007\000.\000\040\000D\000i\000s\000c\000u\000s\000s\000i\000o\000n}{chapter.47}% 759
\BOOKMARK [1][-]{section.47.9}{\376\377\000R\000e\000f\000e\000r\000e\000n\000c\000e\000s}{chapter.47}% 760
\BOOKMARK [0][-]{chapter.48}{\376\377\000S\000T\000R\000O\000B\000E\000\040\000S\000e\000a\000l\000e\000d\000\040\000S\000e\000e\000d\000s}{part.9}% 761
\BOOKMARK [1][-]{section.48.1}{\376\377\000A\000b\000s\000t\000r\000a\000c\000t}{chapter.48}% 762
\BOOKMARK [1][-]{section.48.2}{\376\377\0001\000.\000\040\000I\000n\000t\000r\000o\000d\000u\000c\000t\000i\000o\000n}{chapter.48}% 763
\BOOKMARK [1][-]{section.48.3}{\376\377\0002\000.\000\040\000T\000h\000e\000\040\000S\000T\000R\000O\000B\000E\000\040\000S\000e\000e\000d\000\040\000A\000d\000m\000i\000s\000s\000i\000b\000i\000l\000i\000t\000y\000\040\000C\000r\000i\000t\000e\000r\000i\000o\000n}{chapter.48}% 764
\BOOKMARK [1][-]{section.48.4}{\376\377\0003\000.\000\040\000T\000h\000e\000\040\000R\000u\000n\000t\000i\000m\000e\000-\000M\000i\000r\000r\000o\000r\000\040\000C\000o\000n\000t\000r\000a\000c\000t\000\040\000a\000n\000d\000\040\000i\000g\000l\000a\000\137\000a\000s\000s\000e\000r\000t\000i\000o\000n\000s\000.\000j\000s\000o\000n}{chapter.48}% 765
\BOOKMARK [1][-]{section.48.5}{\376\377\0004\000.\000\040\000R\000e\000s\000u\000l\000t\000s\000\040\000/\000\040\000E\000v\000i\000d\000e\000n\000c\000e}{chapter.48}% 766
\BOOKMARK [1][-]{section.48.6}{\376\377\0005\000.\000\040\000Q\000e\000d\000\040\000A\000s\000s\000e\000r\000t\000i\000o\000n\000s}{chapter.48}% 767
\BOOKMARK [1][-]{section.48.7}{\376\377\0006\000.\000\040\000S\000e\000a\000l\000e\000d\000\040\000S\000e\000e\000d\000s}{chapter.48}% 768
\BOOKMARK [1][-]{section.48.8}{\376\377\0007\000.\000\040\000D\000i\000s\000c\000u\000s\000s\000i\000o\000n}{chapter.48}% 769
\BOOKMARK [1][-]{section.48.9}{\376\377\000R\000e\000f\000e\000r\000e\000n\000c\000e\000s}{chapter.48}% 770
\BOOKMARK [0][-]{chapter.49}{\376\377\000E\000v\000a\000l\000\040\000S\000e\000m\000a\000n\000t\000i\000c\000s\000:\000\040\000T\000h\000e\000\040\000B\000P\000B\000\040\000M\000e\000t\000r\000i\000c}{part.9}% 771
\BOOKMARK [1][-]{section.49.1}{\376\377\000A\000b\000s\000t\000r\000a\000c\000t}{chapter.49}% 772
\BOOKMARK [1][-]{section.49.2}{\376\377\0001\000.\000\040\000I\000n\000t\000r\000o\000d\000u\000c\000t\000i\000o\000n}{chapter.49}% 773
\BOOKMARK [1][-]{section.49.3}{\376\377\0002\000.\000\040\000B\000P\000B\000:\000\040\000D\000e\000f\000i\000n\000i\000t\000i\000o\000n\000\040\000a\000n\000d\000\040\000A\000l\000g\000e\000b\000r\000a\000i\000c\000\040\000P\000r\000o\000p\000e\000r\000t\000i\000e\000s}{chapter.49}% 774
\BOOKMARK [2][-]{subsection.49.3.1}{\376\377\0002\000.\0001\000\040\000C\000r\000o\000s\000s\000-\000E\000n\000t\000r\000o\000p\000y\000\040\000a\000n\000d\000\040\000P\000e\000r\000p\000l\000e\000x\000i\000t\000y}{section.49.3}% 775
\BOOKMARK [2][-]{subsection.49.3.2}{\376\377\0002\000.\0002\000\040\000B\000y\000t\000e\000-\000L\000e\000v\000e\000l\000\040\000N\000o\000r\000m\000a\000l\000i\000s\000a\000t\000i\000o\000n}{section.49.3}% 776
\BOOKMARK [2][-]{subsection.49.3.3}{\376\377\0002\000.\0003\000\040\003\306\000-\000W\000e\000i\000g\000h\000t\000e\000d\000\040\000B\000P\000B}{section.49.3}% 777
\BOOKMARK [1][-]{section.49.4}{\376\377\0003\000.\000\040\000G\000a\000t\000e\000\040\000T\000h\000r\000e\000s\000h\000o\000l\000d\000s\000\040\000a\000n\000d\000\040\000T\000h\000e\000i\000r\000\040\000D\000e\000r\000i\000v\000a\000t\000i\000o\000n}{chapter.49}% 778
\BOOKMARK [2][-]{subsection.49.4.1}{\376\377\0003\000.\0001\000\040\000G\000a\000t\000e\000-\0002\000:\000\040\000B\000P\000B\000\040\042\144\000\040\0001\000.\0008\0005}{section.49.4}% 779
\BOOKMARK [2][-]{subsection.49.4.2}{\376\377\0003\000.\0002\000\040\000G\000a\000t\000e\000-\0003\000:\000\040\000B\000P\000B\000\040\042\144\000\040\0001\000.\0005\0000}{section.49.4}% 780
\BOOKMARK [2][-]{subsection.49.4.3}{\376\377\0003\000.\0003\000\040\000R\000e\000l\000a\000t\000i\000o\000n\000s\000h\000i\000p\000\040\000t\000o\000\040\000t\000h\000e\000\040\000D\000A\000R\000P\000A\000\040\000E\000n\000e\000r\000g\000y\000\040\000G\000o\000a\000l}{section.49.4}% 781
\BOOKMARK [1][-]{section.49.5}{\376\377\0004\000.\000\040\000R\000e\000s\000u\000l\000t\000s\000\040\000/\000\040\000E\000v\000i\000d\000e\000n\000c\000e}{chapter.49}% 782
\BOOKMARK [1][-]{section.49.6}{\376\377\0005\000.\000\040\000Q\000e\000d\000\040\000A\000s\000s\000e\000r\000t\000i\000o\000n\000s}{chapter.49}% 783
\BOOKMARK [1][-]{section.49.7}{\376\377\0006\000.\000\040\000S\000e\000a\000l\000e\000d\000\040\000S\000e\000e\000d\000s}{chapter.49}% 784
\BOOKMARK [1][-]{section.49.8}{\376\377\0007\000.\000\040\000D\000i\000s\000c\000u\000s\000s\000i\000o\000n}{chapter.49}% 785
\BOOKMARK [1][-]{section.49.9}{\376\377\000R\000e\000f\000e\000r\000e\000n\000c\000e\000s}{chapter.49}% 786
\BOOKMARK [0][-]{chapter.50}{\376\377\000B\000P\000B\000\040\000B\000e\000n\000c\000h\000m\000a\000r\000k\000\040\000+\000\040\000R\000a\000i\000l\000w\000a\000y\000\040\000P\000o\000s\000t\000g\000r\000e\000S\000Q\000L\000\040\000W\000r\000i\000t\000e}{part.9}% 787
\BOOKMARK [1][-]{section.50.1}{\376\377\000A\000b\000s\000t\000r\000a\000c\000t}{chapter.50}% 788
\BOOKMARK [1][-]{section.50.2}{\376\377\0001\000.\000\040\000I\000n\000t\000r\000o\000d\000u\000c\000t\000i\000o\000n}{chapter.50}% 789
\BOOKMARK [1][-]{section.50.3}{\376\377\0002\000.\000\040\000B\000P\000B\000\040\000P\000r\000o\000t\000o\000c\000o\000l\000\040\000a\000n\000d\000\040\000M\000o\000n\000o\000t\000o\000n\000e\000\040\000B\000a\000c\000k\000w\000a\000r\000d\000\040\000I\000n\000v\000a\000r\000i\000a\000n\000t\000\040\000\050\000I\000N\000V\000-\0001\000\051}{chapter.50}% 790
\BOOKMARK [2][-]{subsection.50.3.1}{\376\377\0002\000.\0001\000\040\000E\000v\000a\000l\000u\000a\000t\000i\000o\000n\000\040\000P\000r\000o\000t\000o\000c\000o\000l}{section.50.3}% 791
\BOOKMARK [2][-]{subsection.50.3.2}{\376\377\0002\000.\0002\000\040\000I\000N\000V\000-\0001\000:\000\040\000B\000P\000B\000\040\000M\000o\000n\000o\000t\000o\000n\000e\000\040\000B\000a\000c\000k\000w\000a\000r\000d}{section.50.3}% 792
\BOOKMARK [2][-]{subsection.50.3.3}{\376\377\0002\000.\0003\000\040\000W\000a\000r\000m\000u\000p\000\040\000G\000a\000t\000e}{section.50.3}% 793
\BOOKMARK [1][-]{section.50.4}{\376\377\0003\000.\000\040\000R\000a\000i\000l\000w\000a\000y\000\040\000P\000o\000s\000t\000g\000r\000e\000S\000Q\000L\000\040\000W\000r\000i\000t\000e\000-\000B\000a\000c\000k\000\040\000A\000r\000c\000h\000i\000t\000e\000c\000t\000u\000r\000e}{chapter.50}% 794
\BOOKMARK [2][-]{subsection.50.4.1}{\376\377\0003\000.\0001\000\040\000D\000a\000t\000a\000b\000a\000s\000e\000\040\000S\000c\000h\000e\000m\000a}{section.50.4}% 795
\BOOKMARK [2][-]{subsection.50.4.2}{\376\377\0003\000.\0002\000\040\000W\000r\000i\000t\000e\000-\000B\000a\000c\000k\000\040\000P\000r\000o\000t\000o\000c\000o\000l}{section.50.4}% 796
\BOOKMARK [2][-]{subsection.50.4.3}{\376\377\0003\000.\0003\000\040\000G\000a\000t\000e\000\040\000E\000v\000a\000l\000u\000a\000t\000i\000o\000n}{section.50.4}% 797
\BOOKMARK [1][-]{section.50.5}{\376\377\0004\000.\000\040\000R\000e\000s\000u\000l\000t\000s\000\040\000/\000\040\000E\000v\000i\000d\000e\000n\000c\000e}{chapter.50}% 798
\BOOKMARK [1][-]{section.50.6}{\376\377\0005\000.\000\040\000Q\000e\000d\000\040\000A\000s\000s\000e\000r\000t\000i\000o\000n\000s}{chapter.50}% 799
\BOOKMARK [1][-]{section.50.7}{\376\377\0006\000.\000\040\000S\000e\000a\000l\000e\000d\000\040\000S\000e\000e\000d\000s}{chapter.50}% 800
\BOOKMARK [1][-]{section.50.8}{\376\377\0007\000.\000\040\000D\000i\000s\000c\000u\000s\000s\000i\000o\000n}{chapter.50}% 801
\BOOKMARK [1][-]{section.50.9}{\376\377\000R\000e\000f\000e\000r\000e\000n\000c\000e\000s}{chapter.50}% 802
\BOOKMARK [0][-]{chapter.51}{\376\377\0003\0006\0000\000-\000L\000a\000n\000e\000\040\000P\000h\000i\000-\000D\000i\000s\000t\000a\000n\000c\000e\000\040\000G\000r\000i\000d}{part.9}% 803
\BOOKMARK [1][-]{section.51.1}{\376\377\000A\000b\000s\000t\000r\000a\000c\000t}{chapter.51}% 804
\BOOKMARK [1][-]{section.51.2}{\376\377\0001\000.\000\040\000I\000n\000t\000r\000o\000d\000u\000c\000t\000i\000o\000n}{chapter.51}% 805
\BOOKMARK [1][-]{section.51.3}{\376\377\0002\000.\000\040\000T\000h\000e\000\040\000P\000h\000i\000-\000D\000i\000s\000t\000a\000n\000c\000e\000\040\000F\000u\000n\000c\000t\000i\000o\000n}{chapter.51}% 806
\BOOKMARK [1][-]{section.51.4}{\376\377\0003\000.\000\040\000G\000r\000i\000d\000\040\000C\000o\000n\000s\000t\000r\000u\000c\000t\000i\000o\000n\000\040\000a\000n\000d\000\040\000S\000p\000a\000r\000s\000i\000t\000y\000\040\000A\000n\000a\000l\000y\000s\000i\000s}{chapter.51}% 807
\BOOKMARK [1][-]{section.51.5}{\376\377\0004\000.\000\040\000R\000e\000s\000u\000l\000t\000s\000\040\000/\000\040\000E\000v\000i\000d\000e\000n\000c\000e}{chapter.51}% 808
\BOOKMARK [1][-]{section.51.6}{\376\377\0005\000.\000\040\000Q\000e\000d\000\040\000A\000s\000s\000e\000r\000t\000i\000o\000n\000s}{chapter.51}% 809
\BOOKMARK [1][-]{section.51.7}{\376\377\0006\000.\000\040\000S\000e\000a\000l\000e\000d\000\040\000S\000e\000e\000d\000s}{chapter.51}% 810
\BOOKMARK [1][-]{section.51.8}{\376\377\0007\000.\000\040\000D\000i\000s\000c\000u\000s\000s\000i\000o\000n}{chapter.51}% 811
\BOOKMARK [1][-]{section.51.9}{\376\377\000R\000e\000f\000e\000r\000e\000n\000c\000e\000s}{chapter.51}% 812
\BOOKMARK [0][-]{chapter.52}{\376\377\000A\000b\000l\000a\000t\000i\000o\000n\000\040\000m\000a\000t\000r\000i\000x}{part.9}% 813
\BOOKMARK [1][-]{section.52.1}{\376\377\000A\000b\000s\000t\000r\000a\000c\000t}{chapter.52}% 814
\BOOKMARK [1][-]{section.52.2}{\376\377\0001\000.\000\040\000I\000n\000t\000r\000o\000d\000u\000c\000t\000i\000o\000n}{chapter.52}% 815
\BOOKMARK [1][-]{section.52.3}{\376\377\0002\000.\000\040\000F\000a\000c\000t\000o\000r\000\040\000D\000e\000f\000i\000n\000i\000t\000i\000o\000n\000s\000\040\000a\000n\000d\000\040\000E\000x\000p\000e\000r\000i\000m\000e\000n\000t\000a\000l\000\040\000D\000e\000s\000i\000g\000n}{chapter.52}% 816
\BOOKMARK [1][-]{section.52.4}{\376\377\0003\000.\000\040\000A\000n\000a\000l\000y\000s\000i\000s\000\040\000o\000f\000\040\000E\000f\000f\000e\000c\000t\000s\000\040\000a\000n\000d\000\040\000G\000o\000l\000d\000e\000n\000-\000R\000a\000t\000i\000o\000\040\000S\000t\000r\000u\000c\000t\000u\000r\000e}{chapter.52}% 817
\BOOKMARK [1][-]{section.52.5}{\376\377\0004\000.\000\040\000R\000e\000s\000u\000l\000t\000s\000\040\000/\000\040\000E\000v\000i\000d\000e\000n\000c\000e}{chapter.52}% 818
\BOOKMARK [1][-]{section.52.6}{\376\377\0005\000.\000\040\000Q\000e\000d\000\040\000A\000s\000s\000e\000r\000t\000i\000o\000n\000s}{chapter.52}% 819
\BOOKMARK [1][-]{section.52.7}{\376\377\0006\000.\000\040\000S\000e\000a\000l\000e\000d\000\040\000S\000e\000e\000d\000s}{chapter.52}% 820
\BOOKMARK [1][-]{section.52.8}{\376\377\0007\000.\000\040\000D\000i\000s\000c\000u\000s\000s\000i\000o\000n}{chapter.52}% 821
\BOOKMARK [1][-]{section.52.9}{\376\377\000R\000e\000f\000e\000r\000e\000n\000c\000e\000s}{chapter.52}% 822
\BOOKMARK [0][-]{chapter.53}{\376\377\000L\000i\000m\000i\000t\000a\000t\000i\000o\000n\000s}{part.9}% 823
\BOOKMARK [1][-]{section.53.1}{\376\377\000A\000b\000s\000t\000r\000a\000c\000t}{chapter.53}% 824
\BOOKMARK [1][-]{section.53.2}{\376\377\0001\000.\000\040\000I\000n\000t\000r\000o\000d\000u\000c\000t\000i\000o\000n}{chapter.53}% 825
\BOOKMARK [1][-]{section.53.3}{\376\377\0002\000.\000\040\000S\000t\000a\000t\000e\000-\000o\000f\000-\000t\000h\000e\000-\000A\000r\000t\000\040\000C\000o\000m\000p\000a\000r\000i\000s\000o\000n\000\040\000\050\000C\000L\000A\000R\000A\000-\000S\000O\000A\000\040\000S\000n\000a\000p\000s\000h\000o\000t\000\051}{chapter.53}% 826
\BOOKMARK [1][-]{section.53.4}{\376\377\0003\000.\000\040\000C\000o\000q\000.\000I\000n\000t\000e\000r\000v\000a\000l\000\040\000U\000p\000g\000r\000a\000d\000e\000\040\000L\000a\000n\000e}{chapter.53}% 827
\BOOKMARK [1][-]{section.53.5}{\376\377\0004\000.\000\040\000H\000a\000r\000d\000w\000a\000r\000e\000\040\000a\000n\000d\000\040\000R\000u\000n\000t\000i\000m\000e\000\040\000L\000i\000m\000i\000t\000a\000t\000i\000o\000n\000s}{chapter.53}% 828
\BOOKMARK [1][-]{section.53.6}{\376\377\0005\000.\000\040\000Q\000e\000d\000\040\000A\000s\000s\000e\000r\000t\000i\000o\000n\000s}{chapter.53}% 829
\BOOKMARK [1][-]{section.53.7}{\376\377\0006\000.\000\040\000S\000e\000a\000l\000e\000d\000\040\000S\000e\000e\000d\000s}{chapter.53}% 830
\BOOKMARK [1][-]{section.53.8}{\376\377\0007\000.\000\040\000D\000i\000s\000c\000u\000s\000s\000i\000o\000n}{chapter.53}% 831
\BOOKMARK [1][-]{section.53.9}{\376\377\000R\000e\000f\000e\000r\000e\000n\000c\000e\000s}{chapter.53}% 832
\BOOKMARK [0][-]{chapter.54}{\376\377\000S\000t\000a\000t\000i\000s\000t\000i\000c\000a\000l\000\040\000A\000n\000a\000l\000y\000s\000i\000s\000\040\000\050\000W\000e\000l\000c\000h\000-\000t\000\051}{part.9}% 833
\BOOKMARK [1][-]{section.54.1}{\376\377\000A\000b\000s\000t\000r\000a\000c\000t}{chapter.54}% 834
\BOOKMARK [1][-]{section.54.2}{\376\377\0001\000.\000\040\000I\000n\000t\000r\000o\000d\000u\000c\000t\000i\000o\000n}{chapter.54}% 835
\BOOKMARK [1][-]{section.54.3}{\376\377\0002\000.\000\040\000T\000e\000s\000t\000\040\000D\000e\000s\000i\000g\000n\000\040\000a\000n\000d\000\040\000H\000y\000p\000o\000t\000h\000e\000s\000e\000s}{chapter.54}% 836
\BOOKMARK [1][-]{section.54.4}{\376\377\0003\000.\000\040\000W\000e\000l\000c\000h\000\040\000t\000-\000S\000t\000a\000t\000i\000s\000t\000i\000c\000\040\000a\000n\000d\000\040\000D\000e\000g\000r\000e\000e\000s\000\040\000o\000f\000\040\000F\000r\000e\000e\000d\000o\000m}{chapter.54}% 837
\BOOKMARK [1][-]{section.54.5}{\376\377\0004\000.\000\040\000R\000e\000s\000u\000l\000t\000s\000\040\000/\000\040\000E\000v\000i\000d\000e\000n\000c\000e}{chapter.54}% 838
\BOOKMARK [1][-]{section.54.6}{\376\377\0005\000.\000\040\000Q\000e\000d\000\040\000A\000s\000s\000e\000r\000t\000i\000o\000n\000s}{chapter.54}% 839
\BOOKMARK [1][-]{section.54.7}{\376\377\0006\000.\000\040\000S\000e\000a\000l\000e\000d\000\040\000S\000e\000e\000d\000s}{chapter.54}% 840
\BOOKMARK [1][-]{section.54.8}{\376\377\0007\000.\000\040\000D\000i\000s\000c\000u\000s\000s\000i\000o\000n}{chapter.54}% 841
\BOOKMARK [1][-]{section.54.9}{\376\377\000R\000e\000f\000e\000r\000e\000n\000c\000e\000s}{chapter.54}% 842
\BOOKMARK [0][-]{chapter.55}{\376\377\000R\000e\000p\000r\000o\000d\000u\000c\000i\000b\000i\000l\000i\000t\000y}{part.9}% 843
\BOOKMARK [1][-]{section.55.1}{\376\377\000A\000b\000s\000t\000r\000a\000c\000t}{chapter.55}% 844
\BOOKMARK [1][-]{section.55.2}{\376\377\0001\000.\000\040\000I\000n\000t\000r\000o\000d\000u\000c\000t\000i\000o\000n}{chapter.55}% 845
\BOOKMARK [1][-]{section.55.3}{\376\377\0002\000.\000\040\000S\000a\000n\000c\000t\000i\000o\000n\000e\000d\000\040\000S\000e\000e\000d\000\040\000P\000r\000o\000t\000o\000c\000o\000l}{chapter.55}% 846
\BOOKMARK [2][-]{subsection.55.3.1}{\376\377\0002\000.\0001\000\040\000A\000l\000g\000e\000b\000r\000a\000i\000c\000\040\000B\000a\000s\000i\000s}{section.55.3}% 847
\BOOKMARK [2][-]{subsection.55.3.2}{\376\377\0002\000.\0002\000\040\000S\000e\000e\000d\000\040\000A\000s\000s\000i\000g\000n\000m\000e\000n\000t\000\040\000t\000o\000\040\000E\000x\000p\000e\000r\000i\000m\000e\000n\000t\000s}{section.55.3}% 848
\BOOKMARK [2][-]{subsection.55.3.3}{\376\377\0002\000.\0003\000\040\000S\000e\000e\000d\000\040\000V\000e\000r\000i\000f\000i\000c\000a\000t\000i\000o\000n}{section.55.3}% 849
\BOOKMARK [1][-]{section.55.4}{\376\377\0003\000.\000\040\000H\000a\000r\000d\000w\000a\000r\000e\000\040\000a\000n\000d\000\040\000S\000o\000f\000t\000w\000a\000r\000e\000\040\000S\000p\000e\000c\000i\000f\000i\000c\000a\000t\000i\000o\000n}{chapter.55}% 850
\BOOKMARK [2][-]{subsection.55.4.1}{\376\377\0003\000.\0001\000\040\000H\000a\000r\000d\000w\000a\000r\000e\000\040\000P\000i\000n\000n\000i\000n\000g}{section.55.4}% 851
\BOOKMARK [2][-]{subsection.55.4.2}{\376\377\0003\000.\0002\000\040\000S\000o\000f\000t\000w\000a\000r\000e\000\040\000E\000n\000v\000i\000r\000o\000n\000m\000e\000n\000t}{section.55.4}% 852
\BOOKMARK [2][-]{subsection.55.4.3}{\376\377\0003\000.\0003\000\040\000N\000o\000n\000-\000D\000e\000t\000e\000r\000m\000i\000n\000i\000s\000m\000\040\000B\000u\000d\000g\000e\000t}{section.55.4}% 853
\BOOKMARK [1][-]{section.55.5}{\376\377\0004\000.\000\040\000R\000e\000s\000u\000l\000t\000s\000\040\000/\000\040\000E\000v\000i\000d\000e\000n\000c\000e}{chapter.55}% 854
\BOOKMARK [1][-]{section.55.6}{\376\377\0005\000.\000\040\000Q\000e\000d\000\040\000A\000s\000s\000e\000r\000t\000i\000o\000n\000s}{chapter.55}% 855
\BOOKMARK [1][-]{section.55.7}{\376\377\0006\000.\000\040\000S\000e\000a\000l\000e\000d\000\040\000S\000e\000e\000d\000s}{chapter.55}% 856
\BOOKMARK [1][-]{section.55.8}{\376\377\0007\000.\000\040\000D\000i\000s\000c\000u\000s\000s\000i\000o\000n}{chapter.55}% 857
\BOOKMARK [1][-]{section.55.9}{\376\377\000R\000e\000f\000e\000r\000e\000n\000c\000e\000s}{chapter.55}% 858
\BOOKMARK [0][-]{chapter.56}{\376\377\000I\000G\000L\000A\000\040\000R\000A\000C\000E\000\040\000\050\000M\000u\000l\000t\000i\000-\000A\000g\000e\000n\000t\000\040\000F\000l\000e\000e\000t\000\051}{part.9}% 859
\BOOKMARK [1][-]{section.56.1}{\376\377\000A\000b\000s\000t\000r\000a\000c\000t}{chapter.56}% 860
\BOOKMARK [1][-]{section.56.2}{\376\377\0001\000.\000\040\000I\000n\000t\000r\000o\000d\000u\000c\000t\000i\000o\000n}{chapter.56}% 861
\BOOKMARK [1][-]{section.56.3}{\376\377\0002\000.\000\040\000F\000o\000r\000m\000a\000l\000\040\000V\000i\000c\000t\000o\000r\000y\000\040\000C\000r\000i\000t\000e\000r\000i\000o\000n\000\040\000\050\000I\000N\000V\000-\0007\000\051}{chapter.56}% 862
\BOOKMARK [2][-]{subsection.56.3.1}{\376\377\0002\000.\0001\000\040\000D\000e\000f\000i\000n\000i\000t\000i\000o\000n\000s}{section.56.3}% 863
\BOOKMARK [2][-]{subsection.56.3.2}{\376\377\0002\000.\0002\000\040\000S\000i\000x\000\040\000R\000e\000f\000u\000t\000a\000t\000i\000o\000n\000\040\000T\000h\000e\000o\000r\000e\000m\000s}{section.56.3}% 864
\BOOKMARK [2][-]{subsection.56.3.3}{\376\377\0002\000.\0003\000\040\000R\000a\000i\000n\000b\000o\000w\000\040\000B\000r\000i\000d\000g\000e\000\040\000C\000o\000n\000s\000i\000s\000t\000e\000n\000c\000y\000\040\000\050\000I\000N\000V\000-\0007\000b\000\051}{section.56.3}% 865
\BOOKMARK [1][-]{section.56.4}{\376\377\0003\000.\000\040\000M\000u\000l\000t\000i\000-\000A\000g\000e\000n\000t\000\040\000F\000l\000e\000e\000t\000\040\000A\000r\000c\000h\000i\000t\000e\000c\000t\000u\000r\000e}{chapter.56}% 866
\BOOKMARK [2][-]{subsection.56.4.1}{\376\377\0003\000.\0001\000\040\000A\000g\000e\000n\000t\000\040\000T\000o\000p\000o\000l\000o\000g\000y}{section.56.4}% 867
\BOOKMARK [2][-]{subsection.56.4.2}{\376\377\0003\000.\0002\000\040\000V\000i\000c\000t\000o\000r\000y\000\040\000D\000e\000c\000l\000a\000r\000a\000t\000i\000o\000n\000\040\000P\000r\000o\000t\000o\000c\000o\000l}{section.56.4}% 868
\BOOKMARK [2][-]{subsection.56.4.3}{\376\377\0003\000.\0003\000\040\000R\000e\000l\000a\000t\000i\000o\000n\000\040\000t\000o\000\040\000\134\000v\000a\000r\000p\000h\000i\000\136\0002\000\040\000+\000\040\000\134\000v\000a\000r\000p\000h\000i\000\136\000\173\000-\0002\000\175\000\040\000=\000\040\0003}{section.56.4}% 869
\BOOKMARK [1][-]{section.56.5}{\376\377\0004\000.\000\040\000R\000e\000s\000u\000l\000t\000s\000\040\000/\000\040\000E\000v\000i\000d\000e\000n\000c\000e}{chapter.56}% 870
\BOOKMARK [1][-]{section.56.6}{\376\377\0005\000.\000\040\000Q\000e\000d\000\040\000A\000s\000s\000e\000r\000t\000i\000o\000n\000s}{chapter.56}% 871
\BOOKMARK [1][-]{section.56.7}{\376\377\0006\000.\000\040\000S\000e\000a\000l\000e\000d\000\040\000S\000e\000e\000d\000s}{chapter.56}% 872
\BOOKMARK [1][-]{section.56.8}{\376\377\0007\000.\000\040\000D\000i\000s\000c\000u\000s\000s\000i\000o\000n}{chapter.56}% 873
\BOOKMARK [1][-]{section.56.9}{\376\377\000R\000e\000f\000e\000r\000e\000n\000c\000e\000s}{chapter.56}% 874
\BOOKMARK [0][-]{chapter.57}{\376\377\000R\000a\000i\000l\000w\000a\000y\000\040\000/\000\040\000T\000r\000i\000o\000s\000\040\000O\000r\000c\000h\000e\000s\000t\000r\000a\000t\000i\000o\000n}{part.9}% 875
\BOOKMARK [1][-]{section.57.1}{\376\377\000A\000b\000s\000t\000r\000a\000c\000t}{chapter.57}% 876
\BOOKMARK [1][-]{section.57.2}{\376\377\0001\000.\000\040\000I\000n\000t\000r\000o\000d\000u\000c\000t\000i\000o\000n}{chapter.57}% 877
\BOOKMARK [1][-]{section.57.3}{\376\377\0002\000.\000\040\000W\000o\000r\000k\000e\000r\000\040\000P\000o\000o\000l\000\040\000I\000n\000v\000a\000r\000i\000a\000n\000t\000s\000\040\000a\000n\000d\000\040\000F\000a\000l\000s\000i\000f\000i\000c\000a\000t\000i\000o\000n\000\040\000W\000i\000t\000n\000e\000s\000s\000e\000s}{chapter.57}% 878
\BOOKMARK [1][-]{section.57.4}{\376\377\0003\000.\000\040\000S\000a\000t\000i\000s\000f\000a\000c\000t\000i\000o\000n\000\040\000W\000i\000t\000n\000e\000s\000s\000\040\000a\000n\000d\000\040\000V\000i\000c\000t\000o\000r\000y\000\040\000P\000r\000e\000d\000i\000c\000a\000t\000e}{chapter.57}% 879
\BOOKMARK [1][-]{section.57.5}{\376\377\0004\000.\000\040\000R\000e\000s\000u\000l\000t\000s\000\040\000/\000\040\000E\000v\000i\000d\000e\000n\000c\000e}{chapter.57}% 880
\BOOKMARK [1][-]{section.57.6}{\376\377\0005\000.\000\040\000Q\000e\000d\000\040\000A\000s\000s\000e\000r\000t\000i\000o\000n\000s}{chapter.57}% 881
\BOOKMARK [1][-]{section.57.7}{\376\377\0006\000.\000\040\000S\000e\000a\000l\000e\000d\000\040\000S\000e\000e\000d\000s}{chapter.57}% 882
\BOOKMARK [1][-]{section.57.8}{\376\377\0007\000.\000\040\000D\000i\000s\000c\000u\000s\000s\000i\000o\000n}{chapter.57}% 883
\BOOKMARK [1][-]{section.57.9}{\376\377\000R\000e\000f\000e\000r\000e\000n\000c\000e\000s}{chapter.57}% 884
\BOOKMARK [0][-]{chapter.58}{\376\377\000M\000C\000P\000\040\000i\000n\000t\000e\000g\000r\000a\000t\000i\000o\000n}{part.9}% 885
\BOOKMARK [1][-]{section.58.1}{\376\377\000A\000b\000s\000t\000r\000a\000c\000t}{chapter.58}% 886
\BOOKMARK [1][-]{section.58.2}{\376\377\0001\000.\000\040\000I\000n\000t\000r\000o\000d\000u\000c\000t\000i\000o\000n}{chapter.58}% 887
\BOOKMARK [1][-]{section.58.3}{\376\377\0002\000.\000\040\000M\000C\000P\000\040\000A\000d\000a\000p\000t\000e\000r\000\040\000L\000a\000y\000e\000r\000\040\000A\000r\000c\000h\000i\000t\000e\000c\000t\000u\000r\000e}{chapter.58}% 888
\BOOKMARK [1][-]{section.58.4}{\376\377\0003\000.\000\040\000P\000r\000o\000t\000o\000c\000o\000l\000\040\000I\000m\000p\000l\000e\000m\000e\000n\000t\000a\000t\000i\000o\000n\000\040\000a\000n\000d\000\040\000L\000a\000t\000e\000n\000c\000y\000\040\000A\000n\000a\000l\000y\000s\000i\000s}{chapter.58}% 889
\BOOKMARK [1][-]{section.58.5}{\376\377\0004\000.\000\040\000R\000e\000s\000u\000l\000t\000s\000\040\000/\000\040\000E\000v\000i\000d\000e\000n\000c\000e}{chapter.58}% 890
\BOOKMARK [1][-]{section.58.6}{\376\377\0005\000.\000\040\000Q\000e\000d\000\040\000A\000s\000s\000e\000r\000t\000i\000o\000n\000s}{chapter.58}% 891
\BOOKMARK [1][-]{section.58.7}{\376\377\0006\000.\000\040\000S\000e\000a\000l\000e\000d\000\040\000S\000e\000e\000d\000s}{chapter.58}% 892
\BOOKMARK [1][-]{section.58.8}{\376\377\0007\000.\000\040\000D\000i\000s\000c\000u\000s\000s\000i\000o\000n}{chapter.58}% 893
\BOOKMARK [1][-]{section.58.9}{\376\377\000R\000e\000f\000e\000r\000e\000n\000c\000e\000s}{chapter.58}% 894
\BOOKMARK [0][-]{chapter.59}{\376\377\000P\000e\000r\000i\000o\000d\000-\000L\000o\000c\000k\000e\000d\000\040\000R\000u\000n\000t\000i\000m\000e\000\040\000M\000o\000n\000i\000t\000o\000r}{part.9}% 895
\BOOKMARK [1][-]{section.59.1}{\376\377\000A\000b\000s\000t\000r\000a\000c\000t}{chapter.59}% 896
\BOOKMARK [1][-]{section.59.2}{\376\377\0001\000.\000\040\000I\000n\000t\000r\000o\000d\000u\000c\000t\000i\000o\000n}{chapter.59}% 897
\BOOKMARK [1][-]{section.59.3}{\376\377\0002\000.\000\040\000F\000o\000r\000m\000a\000l\000\040\000M\000o\000d\000e\000l\000\040\000o\000f\000\040\000t\000h\000e\000\040\000P\000e\000r\000i\000o\000d\000-\000L\000o\000c\000k\000e\000d\000\040\000M\000o\000n\000i\000t\000o\000r}{chapter.59}% 898
\BOOKMARK [2][-]{subsection.59.3.1}{\376\377\0002\000.\0001\000\040\000A\000g\000e\000n\000t\000\040\000M\000o\000d\000e\000l}{section.59.3}% 899
\BOOKMARK [2][-]{subsection.59.3.2}{\376\377\0002\000.\0002\000\040\000C\000o\000q\000\040\000E\000n\000c\000o\000d\000i\000n\000g}{section.59.3}% 900
\BOOKMARK [2][-]{subsection.59.3.3}{\376\377\0002\000.\0003\000\040\000P\000e\000r\000i\000o\000d\000\040\000R\000a\000t\000i\000o\000\040\000a\000n\000d\000\040\000N\000o\000n\000-\000R\000e\000s\000o\000n\000a\000n\000c\000e}{section.59.3}% 901
\BOOKMARK [2][-]{subsection.59.3.4}{\376\377\0002\000.\0004\000\040\000P\000r\000i\000o\000r\000i\000t\000y\000\040\000Q\000u\000e\000u\000e\000\040\000a\000n\000d\000\040\000P\000h\000i\000-\000W\000e\000i\000g\000h\000t\000e\000d\000\040\000S\000c\000h\000e\000d\000u\000l\000i\000n\000g}{section.59.3}% 902
\BOOKMARK [1][-]{section.59.4}{\376\377\0003\000.\000\040\000I\000m\000p\000l\000e\000m\000e\000n\000t\000a\000t\000i\000o\000n\000\040\000a\000n\000d\000\040\000H\000a\000r\000d\000w\000a\000r\000e\000\040\000I\000n\000t\000e\000r\000f\000a\000c\000e}{chapter.59}% 903
\BOOKMARK [2][-]{subsection.59.4.1}{\376\377\0003\000.\0001\000\040\000R\000T\000L\000\040\000I\000m\000p\000l\000e\000m\000e\000n\000t\000a\000t\000i\000o\000n}{section.59.4}% 904
\BOOKMARK [2][-]{subsection.59.4.2}{\376\377\0003\000.\0002\000\040\000I\000n\000t\000e\000r\000r\000u\000p\000t\000\040\000I\000n\000t\000e\000r\000f\000a\000c\000e\000\040\000w\000i\000t\000h\000\040\000t\000h\000e\000\040\000H\000a\000r\000d\000w\000a\000r\000e\000\040\000B\000r\000i\000d\000g\000e}{section.59.4}% 905
\BOOKMARK [1][-]{section.59.5}{\376\377\0004\000.\000\040\000R\000e\000s\000u\000l\000t\000s\000\040\000/\000\040\000E\000v\000i\000d\000e\000n\000c\000e}{chapter.59}% 906
\BOOKMARK [1][-]{section.59.6}{\376\377\0005\000.\000\040\000Q\000e\000d\000\040\000A\000s\000s\000e\000r\000t\000i\000o\000n\000s}{chapter.59}% 907
\BOOKMARK [1][-]{section.59.7}{\376\377\0006\000.\000\040\000S\000e\000a\000l\000e\000d\000\040\000S\000e\000e\000d\000s}{chapter.59}% 908
\BOOKMARK [1][-]{section.59.8}{\376\377\0007\000.\000\040\000D\000i\000s\000c\000u\000s\000s\000i\000o\000n}{chapter.59}% 909
\BOOKMARK [1][-]{section.59.9}{\376\377\000R\000e\000f\000e\000r\000e\000n\000c\000e\000s}{chapter.59}% 910
\BOOKMARK [0][-]{chapter.60}{\376\377\000-\000P\000e\000r\000i\000o\000d\000\040\000C\000y\000c\000l\000e\000s}{part.9}% 911
\BOOKMARK [1][-]{section.60.1}{\376\377\000A\000b\000s\000t\000r\000a\000c\000t}{chapter.60}% 912
\BOOKMARK [1][-]{section.60.2}{\376\377\0001\000.\000\040\000I\000n\000t\000r\000o\000d\000u\000c\000t\000i\000o\000n}{chapter.60}% 913
\BOOKMARK [1][-]{section.60.3}{\376\377\0002\000.\000\040\000\134\000v\000a\000r\000p\000h\000i\000-\000L\000a\000t\000t\000i\000c\000e\000\040\000S\000t\000r\000u\000c\000t\000u\000r\000e\000\040\000a\000n\000d\000\040\000t\000h\000e\000\040\000C\000y\000c\000l\000e\000\040\000M\000a\000p}{chapter.60}% 914
\BOOKMARK [1][-]{section.60.4}{\376\377\0003\000.\000\040\000C\000y\000c\000l\000e\000\040\000C\000l\000a\000s\000s\000i\000f\000i\000c\000a\000t\000i\000o\000n\000\040\000a\000n\000d\000\040\000A\000t\000t\000e\000n\000t\000i\000o\000n\000\040\000P\000e\000r\000i\000o\000d\000i\000c\000i\000t\000y}{chapter.60}% 915
\BOOKMARK [1][-]{section.60.5}{\376\377\0004\000.\000\040\000R\000e\000s\000u\000l\000t\000s\000\040\000/\000\040\000E\000v\000i\000d\000e\000n\000c\000e}{chapter.60}% 916
\BOOKMARK [1][-]{section.60.6}{\376\377\0005\000.\000\040\000Q\000e\000d\000\040\000A\000s\000s\000e\000r\000t\000i\000o\000n\000s}{chapter.60}% 917
\BOOKMARK [1][-]{section.60.7}{\376\377\0006\000.\000\040\000S\000e\000a\000l\000e\000d\000\040\000S\000e\000e\000d\000s}{chapter.60}% 918
\BOOKMARK [1][-]{section.60.8}{\376\377\0007\000.\000\040\000D\000i\000s\000c\000u\000s\000s\000i\000o\000n}{chapter.60}% 919
\BOOKMARK [1][-]{section.60.9}{\376\377\000R\000e\000f\000e\000r\000e\000n\000c\000e\000s}{chapter.60}% 920
\BOOKMARK [0][-]{chapter.61}{\376\377\000K\000O\000S\000C\000H\000E\000I\000\040\000-\000N\000u\000m\000e\000r\000i\000c\000\040\000C\000o\000p\000r\000o\000c\000e\000s\000s\000o\000r\000\040\000\050\000I\000S\000A\000\051}{part.9}% 921
\BOOKMARK [1][-]{section.61.1}{\376\377\000A\000b\000s\000t\000r\000a\000c\000t}{chapter.61}% 922
\BOOKMARK [1][-]{section.61.2}{\376\377\0001\000.\000\040\000I\000n\000t\000r\000o\000d\000u\000c\000t\000i\000o\000n}{chapter.61}% 923
\BOOKMARK [1][-]{section.61.3}{\376\377\0002\000.\000\040\000I\000S\000A\000\040\000R\000e\000g\000i\000s\000t\000e\000r\000\040\000F\000i\000l\000e\000\040\000a\000n\000d\000\040\000E\000n\000c\000o\000d\000i\000n\000g}{chapter.61}% 924
\BOOKMARK [2][-]{subsection.61.3.1}{\376\377\0002\000.\0001\000\040\000R\000e\000g\000i\000s\000t\000e\000r\000\040\000F\000i\000l\000e}{section.61.3}% 925
\BOOKMARK [2][-]{subsection.61.3.2}{\376\377\0002\000.\0002\000\040\000I\000n\000s\000t\000r\000u\000c\000t\000i\000o\000n\000\040\000E\000n\000c\000o\000d\000i\000n\000g}{section.61.3}% 926
\BOOKMARK [1][-]{section.61.4}{\376\377\0003\000.\000\040\000O\000p\000c\000o\000d\000e\000\040\000S\000p\000e\000c\000i\000f\000i\000c\000a\000t\000i\000o\000n\000s}{chapter.61}% 927
\BOOKMARK [2][-]{subsection.61.4.1}{\376\377\0003\000.\0001\000\040\000T\000F\0003\000\137\000A\000D\000D\000\040\040\024\000\040\000T\000e\000r\000n\000a\000r\000y\000\040\000A\000d\000d\000i\000t\000i\000o\000n}{section.61.4}% 928
\BOOKMARK [2][-]{subsection.61.4.2}{\376\377\0003\000.\0002\000\040\000T\000F\0003\000\137\000M\000U\000L\000\040\040\024\000\040\000T\000e\000r\000n\000a\000r\000y\000\040\000M\000u\000l\000t\000i\000p\000l\000i\000c\000a\000t\000i\000o\000n}{section.61.4}% 929
\BOOKMARK [2][-]{subsection.61.4.3}{\376\377\0003\000.\0003\000\040\000V\000S\000A\000\137\000B\000I\000N\000D\000\040\040\024\000\040\000H\000y\000p\000e\000r\000d\000i\000m\000e\000n\000s\000i\000o\000n\000a\000l\000\040\000B\000i\000n\000d\000i\000n\000g}{section.61.4}% 930
\BOOKMARK [2][-]{subsection.61.4.4}{\376\377\0003\000.\0004\000\040\000V\000S\000A\000\137\000U\000N\000B\000I\000N\000D\000\040\040\024\000\040\000H\000y\000p\000e\000r\000d\000i\000m\000e\000n\000s\000i\000o\000n\000a\000l\000\040\000U\000n\000b\000i\000n\000d\000i\000n\000g}{section.61.4}% 931
\BOOKMARK [2][-]{subsection.61.4.5}{\376\377\0003\000.\0005\000\040\000V\000S\000A\000\137\000B\000U\000N\000D\000L\000E\000\040\040\024\000\040\000H\000y\000p\000e\000r\000d\000i\000m\000e\000n\000s\000i\000o\000n\000a\000l\000\040\000B\000u\000n\000d\000l\000i\000n\000g}{section.61.4}% 932
\BOOKMARK [2][-]{subsection.61.4.6}{\376\377\0003\000.\0006\000\040\000G\000F\0001\0006\000\137\000Q\000U\000A\000N\000T\000\040\040\024\000\040\000G\000a\000l\000o\000i\000s\000\040\000F\000i\000e\000l\000d\000\040\0001\0006\000\040\000Q\000u\000a\000n\000t\000i\000s\000a\000t\000i\000o\000n}{section.61.4}% 933
\BOOKMARK [2][-]{subsection.61.4.7}{\376\377\0003\000.\0007\000\040\000P\000H\000I\000\137\000R\000O\000P\000E\000\040\040\024\000\040\003\306\000-\000R\000o\000t\000a\000r\000y\000\040\000P\000o\000s\000i\000t\000i\000o\000n\000\040\000E\000n\000c\000o\000d\000i\000n\000g}{section.61.4}% 934
\BOOKMARK [1][-]{section.61.5}{\376\377\0004\000.\000\040\000R\000e\000s\000u\000l\000t\000s\000\040\000/\000\040\000E\000v\000i\000d\000e\000n\000c\000e}{chapter.61}% 935
\BOOKMARK [1][-]{section.61.6}{\376\377\0005\000.\000\040\000Q\000e\000d\000\040\000A\000s\000s\000e\000r\000t\000i\000o\000n\000s}{chapter.61}% 936
\BOOKMARK [1][-]{section.61.7}{\376\377\0006\000.\000\040\000S\000e\000a\000l\000e\000d\000\040\000S\000e\000e\000d\000s}{chapter.61}% 937
\BOOKMARK [1][-]{section.61.8}{\376\377\0007\000.\000\040\000D\000i\000s\000c\000u\000s\000s\000i\000o\000n}{chapter.61}% 938
\BOOKMARK [1][-]{section.61.9}{\376\377\000R\000e\000f\000e\000r\000e\000n\000c\000e\000s}{chapter.61}% 939
\BOOKMARK [0][-]{chapter.62}{\376\377\000T\000R\000I\0002\0007\000\040\000D\000S\000L}{part.9}% 940
\BOOKMARK [1][-]{section.62.1}{\376\377\000A\000b\000s\000t\000r\000a\000c\000t}{chapter.62}% 941
\BOOKMARK [1][-]{section.62.2}{\376\377\0001\000.\000\040\000I\000n\000t\000r\000o\000d\000u\000c\000t\000i\000o\000n}{chapter.62}% 942
\BOOKMARK [1][-]{section.62.3}{\376\377\0002\000.\000\040\000T\000R\000I\0002\0007\000\040\000S\000y\000n\000t\000a\000x\000\040\000a\000n\000d\000\040\000D\000e\000n\000o\000t\000a\000t\000i\000o\000n\000a\000l\000\040\000S\000e\000m\000a\000n\000t\000i\000c\000s}{chapter.62}% 943
\BOOKMARK [2][-]{subsection.62.3.1}{\376\377\0002\000.\0001\000\040\000A\000b\000s\000t\000r\000a\000c\000t\000\040\000S\000y\000n\000t\000a\000x}{section.62.3}% 944
\BOOKMARK [2][-]{subsection.62.3.2}{\376\377\0002\000.\0002\000\040\000E\000n\000v\000i\000r\000o\000n\000m\000e\000n\000t\000s\000\040\000a\000n\000d\000\040\000E\000v\000a\000l\000u\000a\000t\000i\000o\000n}{section.62.3}% 945
\BOOKMARK [2][-]{subsection.62.3.3}{\376\377\0002\000.\0003\000\040\000T\000e\000r\000n\000a\000r\000y\000\040\000A\000r\000i\000t\000h\000m\000e\000t\000i\000c}{section.62.3}% 946
\BOOKMARK [2][-]{subsection.62.3.4}{\376\377\0002\000.\0004\000\040\000R\000e\000l\000a\000t\000i\000o\000n\000\040\000t\000o\000\040\000G\000F\0001\0006\000\040\000a\000n\000d\000\040\000\134\000v\000a\000r\000p\000h\000i\000-\000A\000r\000i\000t\000h\000m\000e\000t\000i\000c}{section.62.3}% 947
\BOOKMARK [1][-]{section.62.4}{\376\377\0003\000.\000\040\000M\000e\000c\000h\000a\000n\000i\000s\000e\000d\000\040\000P\000r\000o\000o\000f\000s\000:\000\040\000D\000e\000t\000e\000r\000m\000i\000n\000i\000s\000m\000\040\000a\000n\000d\000\040\000E\000x\000h\000a\000u\000s\000t\000i\000v\000e\000n\000e\000s\000s}{chapter.62}% 948
\BOOKMARK [2][-]{subsection.62.4.1}{\376\377\0003\000.\0001\000\040\000T\000h\000e\000o\000r\000e\000m\000\040\000e\000v\000a\000l\000\137\000d\000e\000t\000:\000\040\000D\000e\000t\000e\000r\000m\000i\000n\000i\000s\000m}{section.62.4}% 949
\BOOKMARK [2][-]{subsection.62.4.2}{\376\377\0003\000.\0002\000\040\000T\000h\000e\000o\000r\000e\000m\000\040\000t\000r\000i\000t\000\137\000e\000x\000h\000a\000u\000s\000t\000i\000v\000e\000:\000\040\000E\000x\000h\000a\000u\000s\000t\000i\000v\000e\000n\000e\000s\000s}{section.62.4}% 950
\BOOKMARK [1][-]{section.62.5}{\376\377\0004\000.\000\040\000R\000e\000s\000u\000l\000t\000s\000\040\000/\000\040\000E\000v\000i\000d\000e\000n\000c\000e}{chapter.62}% 951
\BOOKMARK [1][-]{section.62.6}{\376\377\0005\000.\000\040\000Q\000e\000d\000\040\000A\000s\000s\000e\000r\000t\000i\000o\000n\000s}{chapter.62}% 952
\BOOKMARK [1][-]{section.62.7}{\376\377\0006\000.\000\040\000S\000e\000a\000l\000e\000d\000\040\000S\000e\000e\000d\000s}{chapter.62}% 953
\BOOKMARK [1][-]{section.62.8}{\376\377\0007\000.\000\040\000D\000i\000s\000c\000u\000s\000s\000i\000o\000n}{chapter.62}% 954
\BOOKMARK [1][-]{section.62.9}{\376\377\000R\000e\000f\000e\000r\000e\000n\000c\000e\000s}{chapter.62}% 955
\BOOKMARK [0][-]{chapter.63}{\376\377\000Q\000M\000T\000e\000c\000h\000\040\000X\000C\0007\000A\0001\0000\0000\000T\000\040\000F\000P\000G\000A}{part.9}% 956
\BOOKMARK [1][-]{section.63.1}{\376\377\000A\000b\000s\000t\000r\000a\000c\000t}{chapter.63}% 957
\BOOKMARK [1][-]{section.63.2}{\376\377\0001\000.\000\040\000I\000n\000t\000r\000o\000d\000u\000c\000t\000i\000o\000n}{chapter.63}% 958
\BOOKMARK [1][-]{section.63.3}{\376\377\0002\000.\000\040\000A\000r\000c\000h\000i\000t\000e\000c\000t\000u\000r\000e\000:\000\040\000Z\000e\000r\000o\000-\000D\000S\000P\000\040\000T\000e\000r\000n\000a\000r\000y\000\040\000D\000a\000t\000a\000p\000a\000t\000h}{chapter.63}% 959
\BOOKMARK [1][-]{section.63.4}{\376\377\0003\000.\000\040\000R\000e\000s\000o\000u\000r\000c\000e\000\040\000U\000t\000i\000l\000i\000s\000a\000t\000i\000o\000n\000\040\000a\000n\000d\000\040\000T\000i\000m\000i\000n\000g\000\040\000C\000l\000o\000s\000u\000r\000e}{chapter.63}% 960
\BOOKMARK [1][-]{section.63.5}{\376\377\0004\000.\000\040\000R\000e\000s\000u\000l\000t\000s\000\040\000/\000\040\000E\000v\000i\000d\000e\000n\000c\000e}{chapter.63}% 961
\BOOKMARK [1][-]{section.63.6}{\376\377\0005\000.\000\040\000Q\000e\000d\000\040\000A\000s\000s\000e\000r\000t\000i\000o\000n\000s}{chapter.63}% 962
\BOOKMARK [1][-]{section.63.7}{\376\377\0006\000.\000\040\000S\000e\000a\000l\000e\000d\000\040\000S\000e\000e\000d\000s}{chapter.63}% 963
\BOOKMARK [1][-]{section.63.8}{\376\377\0007\000.\000\040\000D\000i\000s\000c\000u\000s\000s\000i\000o\000n}{chapter.63}% 964
\BOOKMARK [1][-]{section.63.9}{\376\377\000R\000e\000f\000e\000r\000e\000n\000c\000e\000s}{chapter.63}% 965
\BOOKMARK [0][-]{chapter.64}{\376\377\000S\000a\000c\000r\000e\000d\000\040\000F\000o\000r\000m\000u\000l\000a\000\040\000V\000\040\000\050\000C\000K\000M\000/\000l\000e\000p\000t\000o\000n\000s\000\051}{part.9}% 966
\BOOKMARK [1][-]{section.64.1}{\376\377\000A\000b\000s\000t\000r\000a\000c\000t}{chapter.64}% 967
\BOOKMARK [1][-]{section.64.2}{\376\377\0001\000.\000\040\000I\000n\000t\000r\000o\000d\000u\000c\000t\000i\000o\000n}{chapter.64}% 968
\BOOKMARK [1][-]{section.64.3}{\376\377\0002\000.\000\040\000T\000h\000e\000\040\000S\000a\000c\000r\000e\000d\000\040\000F\000o\000r\000m\000u\000l\000a\000\040\000V\000\040\000C\000o\000n\000j\000e\000c\000t\000u\000r\000e\000\040\000a\000n\000d\000\040\000-\000M\000o\000n\000o\000m\000i\000a\000l\000\040\000P\000a\000r\000a\000m\000e\000t\000e\000r\000i\000s\000a\000t\000i\000o\000n}{chapter.64}% 969
\BOOKMARK [1][-]{section.64.4}{\376\377\0003\000.\000\040\000C\000o\000q\000\040\000F\000o\000r\000m\000a\000l\000i\000s\000a\000t\000i\000o\000n\000\040\000a\000n\000d\000\040\000C\000K\000M\000-\000U\000n\000i\000t\000a\000r\000i\000t\000y\000\040\000S\000e\000e\000d}{chapter.64}% 970
\BOOKMARK [1][-]{section.64.5}{\376\377\0004\000.\000\040\000R\000e\000s\000u\000l\000t\000s\000\040\000/\000\040\000E\000v\000i\000d\000e\000n\000c\000e}{chapter.64}% 971
\BOOKMARK [1][-]{section.64.6}{\376\377\0005\000.\000\040\000Q\000e\000d\000\040\000A\000s\000s\000e\000r\000t\000i\000o\000n\000s}{chapter.64}% 972
\BOOKMARK [1][-]{section.64.7}{\376\377\0006\000.\000\040\000S\000e\000a\000l\000e\000d\000\040\000S\000e\000e\000d\000s}{chapter.64}% 973
\BOOKMARK [1][-]{section.64.8}{\376\377\0007\000.\000\040\000D\000i\000s\000c\000u\000s\000s\000i\000o\000n}{chapter.64}% 974
\BOOKMARK [1][-]{section.64.9}{\376\377\000R\000e\000f\000e\000r\000e\000n\000c\000e\000s}{chapter.64}% 975
\BOOKMARK [0][-]{chapter.65}{\376\377\000T\000r\000i\000n\000i\000t\000y\000\040\000S\000A\000I\000:\000\040\000V\000e\000c\000t\000o\000r\000\040\000S\000y\000m\000b\000o\000l\000i\000c\000\040\000A\000r\000c\000h\000i\000t\000e\000c\000t\000u\000r\000e\000\040\000a\000n\000d\000\040\000A\000s\000s\000o\000c\000i\000a\000t\000i\000v\000e\000\040\000R\000e\000c\000a\000l\000l}{part.9}% 976
\BOOKMARK [1][-]{section.65.1}{\376\377\000A\000b\000s\000t\000r\000a\000c\000t}{chapter.65}% 977
\BOOKMARK [1][-]{section.65.2}{\376\377\0001\000.\000\040\000I\000n\000t\000r\000o\000d\000u\000c\000t\000i\000o\000n}{chapter.65}% 978
\BOOKMARK [1][-]{section.65.3}{\376\377\0002\000.\000\040\000T\000e\000r\000n\000a\000r\000y\000\040\000V\000S\000A\000\040\000o\000v\000e\000r\000\040\000t\000h\000e\000\040\000G\000o\000l\000d\000e\000n\000F\000l\000o\000a\000t\000\040\000S\000u\000b\000s\000t\000r\000a\000t\000e}{chapter.65}% 979
\BOOKMARK [2][-]{subsection.65.3.1}{\376\377\0002\000.\0001\000\040\000H\000y\000p\000e\000r\000v\000e\000c\000t\000o\000r\000\040\000D\000e\000f\000i\000n\000i\000t\000i\000o\000n}{section.65.3}% 980
\BOOKMARK [2][-]{subsection.65.3.2}{\376\377\0002\000.\0002\000\040\000A\000s\000s\000o\000c\000i\000a\000t\000i\000v\000e\000\040\000R\000e\000c\000a\000l\000l\000\040\000M\000e\000m\000o\000r\000y}{section.65.3}% 981
\BOOKMARK [2][-]{subsection.65.3.3}{\376\377\0002\000.\0003\000\040\000G\000o\000l\000d\000e\000n\000F\000l\000o\000a\000t\000\040\000E\000n\000c\000o\000d\000i\000n\000g\000\040\000o\000f\000\040\000H\000y\000p\000e\000r\000v\000e\000c\000t\000o\000r\000s}{section.65.3}% 982
\BOOKMARK [1][-]{section.65.4}{\376\377\0003\000.\000\040\000P\000h\000i\000-\000R\000o\000t\000a\000r\000y\000\040\000P\000o\000s\000i\000t\000i\000o\000n\000\040\000E\000n\000c\000o\000d\000i\000n\000g\000\040\000\050\000p\000h\000i\000-\000R\000o\000P\000E\000\051\000\040\000i\000n\000\040\000V\000S\000A\000\040\000C\000o\000n\000t\000e\000x\000t}{chapter.65}% 983
\BOOKMARK [1][-]{section.65.5}{\376\377\0004\000.\000\040\000R\000e\000s\000u\000l\000t\000s\000\040\000/\000\040\000E\000v\000i\000d\000e\000n\000c\000e}{chapter.65}% 984
\BOOKMARK [1][-]{section.65.6}{\376\377\0005\000.\000\040\000Q\000e\000d\000\040\000A\000s\000s\000e\000r\000t\000i\000o\000n\000s}{chapter.65}% 985
\BOOKMARK [1][-]{section.65.7}{\376\377\0006\000.\000\040\000S\000e\000a\000l\000e\000d\000\040\000S\000e\000e\000d\000s}{chapter.65}% 986
\BOOKMARK [1][-]{section.65.8}{\376\377\0007\000.\000\040\000D\000i\000s\000c\000u\000s\000s\000i\000o\000n}{chapter.65}% 987
\BOOKMARK [1][-]{section.65.9}{\376\377\000R\000e\000f\000e\000r\000e\000n\000c\000e\000s}{chapter.65}% 988
\BOOKMARK [0][-]{chapter.66}{\376\377\000H\000a\000r\000d\000w\000a\000r\000e\000\040\000E\000m\000p\000i\000r\000i\000c\000a\000l\000\040\000\050\0001\0000\0000\0003\000\040\000t\000o\000k\000s\000\040\000H\000S\000L\000M\000\051}{part.9}% 989
\BOOKMARK [1][-]{section.66.1}{\376\377\000A\000b\000s\000t\000r\000a\000c\000t}{chapter.66}% 990
\BOOKMARK [1][-]{section.66.2}{\376\377\0001\000.\000\040\000I\000n\000t\000r\000o\000d\000u\000c\000t\000i\000o\000n}{chapter.66}% 991
\BOOKMARK [1][-]{section.66.3}{\376\377\0002\000.\000\040\000H\000a\000r\000d\000w\000a\000r\000e\000\040\000A\000r\000c\000h\000i\000t\000e\000c\000t\000u\000r\000e}{chapter.66}% 992
\BOOKMARK [1][-]{section.66.4}{\376\377\0003\000.\000\040\000F\000o\000r\000m\000a\000l\000\040\000S\000e\000a\000l\000:\000\040\0002\0009\0007\000\040\000C\000o\000q\000\040\000T\000h\000e\000o\000r\000e\000m\000s}{chapter.66}% 993
\BOOKMARK [1][-]{section.66.5}{\376\377\0004\000.\000\040\000R\000e\000s\000u\000l\000t\000s\000\040\000/\000\040\000E\000v\000i\000d\000e\000n\000c\000e}{chapter.66}% 994
\BOOKMARK [1][-]{section.66.6}{\376\377\0005\000.\000\040\000Q\000e\000d\000\040\000A\000s\000s\000e\000r\000t\000i\000o\000n\000s}{chapter.66}% 995
\BOOKMARK [1][-]{section.66.7}{\376\377\0006\000.\000\040\000S\000e\000a\000l\000e\000d\000\040\000S\000e\000e\000d\000s}{chapter.66}% 996
\BOOKMARK [1][-]{section.66.8}{\376\377\0007\000.\000\040\000D\000i\000s\000c\000u\000s\000s\000i\000o\000n}{chapter.66}% 997
\BOOKMARK [1][-]{section.66.9}{\376\377\000R\000e\000f\000e\000r\000e\000n\000c\000e\000s}{chapter.66}% 998
\BOOKMARK [0][-]{chapter.67}{\376\377\000U\000A\000R\000T\000\040\000v\0006\000\040\000P\000r\000o\000t\000o\000c\000o\000l}{part.9}% 999
\BOOKMARK [1][-]{section.67.1}{\376\377\000A\000b\000s\000t\000r\000a\000c\000t}{chapter.67}% 1000
\BOOKMARK [1][-]{section.67.2}{\376\377\0001\000.\000\040\000I\000n\000t\000r\000o\000d\000u\000c\000t\000i\000o\000n}{chapter.67}% 1001
\BOOKMARK [1][-]{section.67.3}{\376\377\0002\000.\000\040\000F\000r\000a\000m\000e\000\040\000S\000t\000r\000u\000c\000t\000u\000r\000e\000\040\000a\000n\000d\000\040\000G\000r\000a\000m\000m\000a\000r}{chapter.67}% 1002
\BOOKMARK [2][-]{subsection.67.3.1}{\376\377\0002\000.\0001\000\040\000P\000h\000y\000s\000i\000c\000a\000l\000\040\000L\000a\000y\000e\000r}{section.67.3}% 1003
\BOOKMARK [2][-]{subsection.67.3.2}{\376\377\0002\000.\0002\000\040\000F\000r\000a\000m\000e\000\040\000G\000r\000a\000m\000m\000a\000r}{section.67.3}% 1004
\BOOKMARK [2][-]{subsection.67.3.3}{\376\377\0002\000.\0003\000\040\000C\000R\000C\000-\0001\0006\000/\000C\000C\000I\000T\000T\000\040\000P\000o\000l\000y\000n\000o\000m\000i\000a\000l}{section.67.3}% 1005
\BOOKMARK [1][-]{section.67.4}{\376\377\0003\000.\000\040\000-\000S\000y\000n\000c\000h\000r\000o\000n\000i\000s\000a\000t\000i\000o\000n\000\040\000F\000r\000a\000m\000e\000s}{chapter.67}% 1006
\BOOKMARK [2][-]{subsection.67.4.1}{\376\377\0003\000.\0001\000\040\000S\000y\000n\000c\000\040\000F\000r\000a\000m\000e\000\040\000T\000r\000i\000g\000g\000e\000r}{section.67.4}% 1007
\BOOKMARK [2][-]{subsection.67.4.2}{\376\377\0003\000.\0002\000\040\000S\000y\000n\000c\000\040\000F\000r\000a\000m\000e\000\040\000P\000a\000y\000l\000o\000a\000d}{section.67.4}% 1008
\BOOKMARK [2][-]{subsection.67.4.3}{\376\377\0003\000.\0003\000\040\000E\000r\000r\000o\000r\000\040\000R\000e\000c\000o\000v\000e\000r\000y\000\040\000A\000u\000t\000o\000m\000a\000t\000o\000n}{section.67.4}% 1009
\BOOKMARK [1][-]{section.67.5}{\376\377\0004\000.\000\040\000R\000e\000s\000u\000l\000t\000s\000\040\000/\000\040\000E\000v\000i\000d\000e\000n\000c\000e}{chapter.67}% 1010
\BOOKMARK [1][-]{section.67.6}{\376\377\0005\000.\000\040\000Q\000e\000d\000\040\000A\000s\000s\000e\000r\000t\000i\000o\000n\000s}{chapter.67}% 1011
\BOOKMARK [1][-]{section.67.7}{\376\377\0006\000.\000\040\000S\000e\000a\000l\000e\000d\000\040\000S\000e\000e\000d\000s}{chapter.67}% 1012
\BOOKMARK [1][-]{section.67.8}{\376\377\0007\000.\000\040\000D\000i\000s\000c\000u\000s\000s\000i\000o\000n}{chapter.67}% 1013
\BOOKMARK [1][-]{section.67.9}{\376\377\000R\000e\000f\000e\000r\000e\000n\000c\000e\000s}{chapter.67}% 1014
\BOOKMARK [0][-]{chapter.68}{\376\377\000J\000T\000A\000G\000\040\000m\000a\000c\000O\000S\000\040\000B\000L\000K\000-\0000\0000\0001\000\040\000R\000e\000s\000o\000l\000v\000e\000d}{part.9}% 1015
\BOOKMARK [1][-]{section.68.1}{\376\377\000A\000b\000s\000t\000r\000a\000c\000t}{chapter.68}% 1016
\BOOKMARK [1][-]{section.68.2}{\376\377\0001\000.\000\040\000I\000n\000t\000r\000o\000d\000u\000c\000t\000i\000o\000n}{chapter.68}% 1017
\BOOKMARK [1][-]{section.68.3}{\376\377\0002\000.\000\040\000D\000i\000a\000g\000n\000o\000s\000i\000s\000\040\000a\000n\000d\000\040\000R\000o\000o\000t\000\040\000C\000a\000u\000s\000e}{chapter.68}% 1018
\BOOKMARK [2][-]{subsection.68.3.1}{\376\377\0002\000.\0001\000\040\000U\000S\000B\000\040\000E\000n\000u\000m\000e\000r\000a\000t\000i\000o\000n\000\040\000o\000n\000\040\000m\000a\000c\000O\000S\000-\000A\000R\000M}{section.68.3}% 1019
\BOOKMARK [2][-]{subsection.68.3.2}{\376\377\0002\000.\0002\000\040\000f\000x\000l\000o\000a\000d\000\040\000C\000r\000o\000s\000s\000-\000C\000o\000m\000p\000i\000l\000a\000t\000i\000o\000n}{section.68.3}% 1020
\BOOKMARK [2][-]{subsection.68.3.3}{\376\377\0002\000.\0003\000\040\000f\000l\000a\000s\000h\000\137\000n\000o\000\137\000s\000u\000d\000o\000.\000s\000h}{section.68.3}% 1021
\BOOKMARK [1][-]{section.68.4}{\376\377\0003\000.\000\040\000V\000e\000r\000i\000f\000i\000e\000d\000\040\000H\000a\000r\000d\000w\000a\000r\000e\000\040\000C\000o\000n\000f\000i\000g\000u\000r\000a\000t\000i\000o\000n\000\040\000P\000o\000s\000t\000-\000B\000L\000K\000-\0000\0000\0001}{chapter.68}% 1022
\BOOKMARK [1][-]{section.68.5}{\376\377\0004\000.\000\040\000R\000e\000s\000u\000l\000t\000s\000\040\000/\000\040\000E\000v\000i\000d\000e\000n\000c\000e}{chapter.68}% 1023
\BOOKMARK [1][-]{section.68.6}{\376\377\0005\000.\000\040\000Q\000e\000d\000\040\000A\000s\000s\000e\000r\000t\000i\000o\000n\000s}{chapter.68}% 1024
\BOOKMARK [1][-]{section.68.7}{\376\377\0006\000.\000\040\000S\000e\000a\000l\000e\000d\000\040\000S\000e\000e\000d\000s}{chapter.68}% 1025
\BOOKMARK [1][-]{section.68.8}{\376\377\0007\000.\000\040\000D\000i\000s\000c\000u\000s\000s\000i\000o\000n}{chapter.68}% 1026
\BOOKMARK [1][-]{section.68.9}{\376\377\000R\000e\000f\000e\000r\000e\000n\000c\000e\000s}{chapter.68}% 1027
\BOOKMARK [0][-]{chapter.69}{\376\377\000E\000n\000e\000r\000g\000y\000\040\0003\0000\0000\0000\000\040\000D\000A\000R\000P\000A}{part.9}% 1028
\BOOKMARK [1][-]{section.69.1}{\376\377\000A\000b\000s\000t\000r\000a\000c\000t}{chapter.69}% 1029
\BOOKMARK [1][-]{section.69.2}{\376\377\0001\000.\000\040\000I\000n\000t\000r\000o\000d\000u\000c\000t\000i\000o\000n}{chapter.69}% 1030
\BOOKMARK [1][-]{section.69.3}{\376\377\0002\000.\000\040\000E\000n\000e\000r\000g\000y\000\040\000A\000c\000c\000o\000u\000n\000t\000i\000n\000g\000\040\000F\000r\000a\000m\000e\000w\000o\000r\000k}{chapter.69}% 1031
\BOOKMARK [1][-]{section.69.4}{\376\377\0003\000.\000\040\000T\000e\000r\000n\000a\000r\000y\000\040\000M\000e\000c\000h\000a\000n\000i\000s\000m\000\040\000A\000n\000a\000l\000y\000s\000i\000s}{chapter.69}% 1032
\BOOKMARK [1][-]{section.69.5}{\376\377\0004\000.\000\040\000R\000e\000s\000u\000l\000t\000s\000\040\000/\000\040\000E\000v\000i\000d\000e\000n\000c\000e}{chapter.69}% 1033
\BOOKMARK [1][-]{section.69.6}{\376\377\0005\000.\000\040\000Q\000e\000d\000\040\000A\000s\000s\000e\000r\000t\000i\000o\000n\000s}{chapter.69}% 1034
\BOOKMARK [1][-]{section.69.7}{\376\377\0006\000.\000\040\000S\000e\000a\000l\000e\000d\000\040\000S\000e\000e\000d\000s}{chapter.69}% 1035
\BOOKMARK [1][-]{section.69.8}{\376\377\0007\000.\000\040\000D\000i\000s\000c\000u\000s\000s\000i\000o\000n}{chapter.69}% 1036
\BOOKMARK [1][-]{section.69.9}{\376\377\000R\000e\000f\000e\000r\000e\000n\000c\000e\000s}{chapter.69}% 1037
\BOOKMARK [-1][-]{part.10}{\376\377\000X\000\040\004\037\004\100\004\070\004\073\004\076\004\066\004\065\004\075\004\070\004\117}{}% 1038
\BOOKMARK [0][-]{section.Alph0.1}{\376\377\000G\000o\000l\000d\000e\000n\000\040\000R\000a\000t\000i\000o\000\040\000F\000o\000r\000m\000u\000l\000a\000e}{part.10}% 1039
\BOOKMARK [1][-]{section.Alph0.2}{\376\377\000P\000h\000y\000s\000i\000c\000a\000l\000\040\000C\000o\000n\000s\000t\000a\000n\000t\000\040\000F\000o\000r\000m\000u\000l\000a\000e}{section.Alph0.1}% 1040
\BOOKMARK [2][-]{subsection.Alph0.2.1}{\376\377\000F\000i\000n\000e\000-\000S\000t\000r\000u\000c\000t\000u\000r\000e\000\040\000C\000o\000n\000s\000t\000a\000n\000t}{section.Alph0.2}% 1041
\BOOKMARK [2][-]{subsection.Alph0.2.2}{\376\377\000M\000a\000s\000s\000\040\000R\000a\000t\000i\000o\000s}{section.Alph0.2}% 1042
\BOOKMARK [2][-]{subsection.Alph0.2.3}{\376\377\000C\000o\000u\000p\000l\000i\000n\000g\000\040\000C\000o\000n\000s\000t\000a\000n\000t\000s}{section.Alph0.2}% 1043
\BOOKMARK [1][-]{section.Alph0.3}{\376\377\000G\000e\000o\000m\000e\000t\000r\000i\000c\000\040\000F\000o\000r\000m\000u\000l\000a\000e}{section.Alph0.1}% 1044
\BOOKMARK [2][-]{subsection.Alph0.3.1}{\376\377\000S\000a\000c\000r\000e\000d\000\040\000G\000e\000o\000m\000e\000t\000r\000y}{section.Alph0.3}% 1045
\BOOKMARK [2][-]{subsection.Alph0.3.2}{\376\377\000G\000o\000l\000d\000e\000n\000\040\000S\000p\000i\000r\000a\000l}{section.Alph0.3}% 1046
\BOOKMARK [1][-]{section.Alph0.4}{\376\377\000A\000l\000g\000e\000b\000r\000a\000i\000c\000\040\000F\000o\000r\000m\000u\000l\000a\000e}{section.Alph0.1}% 1047
\BOOKMARK [2][-]{subsection.Alph0.4.1}{\376\377\000F\000i\000b\000o\000n\000a\000c\000c\000i\000-\000L\000u\000c\000a\000s}{section.Alph0.4}% 1048
\BOOKMARK [2][-]{subsection.Alph0.4.2}{\376\377\000P\000e\000l\000l\000\040\000E\000q\000u\000a\000t\000i\000o\000n\000s}{section.Alph0.4}% 1049
\BOOKMARK [1][-]{section.Alph0.5}{\376\377\000E\000x\000p\000e\000r\000i\000m\000e\000n\000t\000a\000l\000\040\000F\000o\000r\000m\000u\000l\000a\000e}{section.Alph0.1}% 1050
\BOOKMARK [2][-]{subsection.Alph0.5.1}{\376\377\000I\000G\000L\000A\000\040\000R\000e\000s\000u\000l\000t\000s}{section.Alph0.5}% 1051
\BOOKMARK [2][-]{subsection.Alph0.5.2}{\376\377\000E\040\210\000\040\000M\000a\000s\000s\000e\000s}{section.Alph0.5}% 1052
\BOOKMARK [1][-]{section.Alph0.6}{\376\377\000S\000u\000m\000m\000a\000r\000y\000\040\000T\000a\000b\000l\000e}{section.Alph0.1}% 1053
\BOOKMARK [1][-]{section.Alph0.7}{\376\377\000N\000o\000t\000e\000s}{section.Alph0.1}% 1054
\BOOKMARK [0][-]{figure.caption.260}{\376\377\000A\000p\000p\000e\000n\000d\000i\000x\000\040\000B\000:\000\040\000F\000a\000l\000s\000i\000f\000i\000a\000b\000i\000l\000i\000t\000y}{part.10}% 1055
\BOOKMARK [0][-]{figure.caption.269}{\376\377\000A\000p\000p\000e\000n\000d\000i\000x\000\040\000C\000:\000\040\000G\000o\000l\000d\000e\000n\000\040\000B\000e\000n\000c\000h\000m\000a\000r\000k}{part.10}% 1056
\BOOKMARK [0][-]{figure.caption.279}{\376\377\000A\000p\000p\000e\000n\000d\000i\000x\000\040\000D\000:\000\040\000G\000o\000l\000d\000e\000n\000\040\000M\000i\000r\000r\000o\000r}{part.10}% 1057
\BOOKMARK [1][-]{figure.caption.284}{\376\377\000D\000e\000f\000e\000r\000r\000e\000d\000\040\000c\000h\000a\000p\000t\000e\000r\000:\000\040\000L\000e\000x\000i\000c\000o\000n}{figure.caption.279}% 1058
\BOOKMARK [1][-]{section.Alph0.1}{\376\377\000S\000u\000m\000m\000a\000r\000y\000\040\000s\000t\000a\000t\000i\000s\000t\000i\000c\000s}{figure.caption.279}% 1059
\BOOKMARK [1][-]{section.Alph0.2}{\376\377\000I\000n\000v\000a\000r\000i\000a\000n\000t\000\040\000c\000r\000o\000s\000s\000-\000r\000e\000f\000e\000r\000e\000n\000c\000e}{figure.caption.279}% 1060
\BOOKMARK [1][-]{section.Alph0.3}{\376\377\000P\000e\000r\000-\000f\000i\000l\000e\000\040\000t\000h\000e\000o\000r\000e\000m\000\040\000i\000n\000v\000e\000n\000t\000o\000r\000y}{figure.caption.279}% 1061
\BOOKMARK [2][-]{subsection.Alph0.3.1}{\376\377\000a\000s\000h\000a\000\137\000c\000h\000a\000m\000p\000i\000o\000n\000\137\000s\000u\000r\000v\000i\000v\000e\000s\000.\000v}{section.Alph0.3}% 1062
\BOOKMARK [2][-]{subsection.Alph0.3.2}{\376\377\000b\000p\000b\000\137\000d\000e\000c\000r\000e\000a\000s\000e\000s\000.\000v}{section.Alph0.3}% 1063
\BOOKMARK [2][-]{subsection.Alph0.3.3}{\376\377\000g\000f\0001\0006\000\137\000p\000r\000e\000c\000i\000s\000i\000o\000n\000.\000v}{section.Alph0.3}% 1064
\BOOKMARK [2][-]{subsection.Alph0.3.4}{\376\377\000g\000f\0001\0006\000\137\000s\000a\000f\000e\000\137\000d\000o\000m\000a\000i\000n\000.\000v}{section.Alph0.3}% 1065
\BOOKMARK [2][-]{subsection.Alph0.3.5}{\376\377\000i\000g\000l\000a\000\137\000a\000s\000h\000a\000\137\000b\000o\000u\000n\000d\000.\000v}{section.Alph0.3}% 1066
\BOOKMARK [2][-]{subsection.Alph0.3.6}{\376\377\000i\000g\000l\000a\000\137\000f\000o\000u\000n\000d\000\137\000c\000r\000i\000t\000e\000r\000i\000o\000n\000.\000v}{section.Alph0.3}% 1067
\BOOKMARK [2][-]{subsection.Alph0.3.7}{\376\377\000l\000r\000\137\000p\000h\000i\000\137\000o\000p\000t\000i\000m\000a\000l\000i\000t\000y\000.\000v}{section.Alph0.3}% 1068
\BOOKMARK [2][-]{subsection.Alph0.3.8}{\376\377\000l\000u\000c\000a\000s\000\137\000c\000l\000o\000s\000u\000r\000e\000\137\000g\000f\0001\0006\000.\000v}{section.Alph0.3}% 1069
\BOOKMARK [2][-]{subsection.Alph0.3.9}{\376\377\000n\000c\000a\000\137\000e\000n\000t\000r\000o\000p\000y\000\137\000b\000a\000n\000d\000.\000v}{section.Alph0.3}% 1070
\BOOKMARK [2][-]{subsection.Alph0.3.10}{\376\377\000n\000c\000a\000\137\000e\000n\000t\000r\000o\000p\000y\000\137\000s\000t\000a\000b\000i\000l\000i\000t\000y\000.\000v}{section.Alph0.3}% 1071
\BOOKMARK [2][-]{subsection.Alph0.3.11}{\376\377\000r\000a\000i\000n\000b\000o\000w\000\137\000b\000r\000i\000d\000g\000e\000\137\000c\000o\000n\000s\000i\000s\000t\000e\000n\000c\000y\000.\000v}{section.Alph0.3}% 1072
\BOOKMARK [1][-]{section.Alph0.4}{\376\377\000H\000o\000n\000e\000s\000t\000-\000A\000d\000m\000i\000t\000t\000e\000d\000\040\000b\000u\000d\000g\000e\000t\000\040\000\050\000R\0005\000\040\000a\000u\000d\000i\000t\000\040\000t\000r\000a\000i\000l\000\051}{figure.caption.279}% 1073
\BOOKMARK [1][-]{section.Alph0.5}{\376\377\000A\000u\000d\000i\000t\000o\000r\000\040\000r\000e\000g\000e\000n\000e\000r\000a\000t\000i\000o\000n\000\040\000p\000r\000o\000v\000e\000n\000a\000n\000c\000e}{figure.caption.279}% 1074
\BOOKMARK [0][-]{figure.caption.293}{\376\377\000A\000p\000p\000e\000n\000d\000i\000x\000\040\000F\000:\000\040\000F\000P\000G\000A\000\040\000B\000i\000t\000s\000t\000r\000e\000a\000m\000\040\000A\000r\000c\000h\000i\000v\000e}{part.10}% 1075
\BOOKMARK [0][-]{appendix.A}{\376\377\000D\000a\000t\000a\000\040\000A\000v\000a\000i\000l\000a\000b\000i\000l\000i\000t\000y}{part.10}% 1076
\BOOKMARK [0][-]{appendix.B}{\376\377\000A\000C\000M\000\040\000A\000r\000t\000i\000f\000a\000c\000t\000\040\000E\000v\000a\000l\000u\000a\000t\000i\000o\000n\000\040\000C\000h\000e\000c\000k\000l\000i\000s\000t}{part.10}% 1077
\BOOKMARK [1][-]{section.B.1}{\376\377\000A\000r\000t\000i\000f\000a\000c\000t\000\040\000s\000u\000m\000m\000a\000r\000y}{appendix.B}% 1078
\BOOKMARK [1][-]{section.B.2}{\376\377\000F\000u\000n\000c\000t\000i\000o\000n\000a\000l\000\040\000b\000a\000d\000g\000e}{appendix.B}% 1079
\BOOKMARK [1][-]{section.B.3}{\376\377\000R\000e\000u\000s\000a\000b\000l\000e\000\040\000b\000a\000d\000g\000e}{appendix.B}% 1080
\BOOKMARK [1][-]{section.B.4}{\376\377\000A\000v\000a\000i\000l\000a\000b\000l\000e\000\040\000b\000a\000d\000g\000e}{appendix.B}% 1081
\BOOKMARK [1][-]{section.B.5}{\376\377\000R\000e\000v\000i\000e\000w\000e\000r\000\040\000i\000n\000s\000t\000r\000u\000c\000t\000i\000o\000n\000s\000\040\000\050\000c\000o\000m\000p\000a\000c\000t\000\051}{appendix.B}% 1082
\BOOKMARK [0][-]{figure.caption.307}{\376\377\000A\000p\000p\000e\000n\000d\000i\000x\000\040\000H\000:\000\040\000Z\000e\000n\000o\000d\000o\000\040\000D\000O\000I\000\040\000R\000e\000g\000i\000s\000t\000r\000y}{part.10}% 1083
\BOOKMARK [0][-]{figure.caption.315}{\376\377\000A\000p\000p\000e\000n\000d\000i\000x\000\040\000I\000:\000\040\000X\000D\000C\000\040\000P\000i\000n\000\040\000M\000a\000p}{part.10}% 1084
\BOOKMARK [0][-]{figure.caption.327}{\376\377\000A\000p\000p\000e\000n\000d\000i\000x\000\040\000J\000:\000\040\000H\000a\000r\000d\000w\000a\000r\000e\000\040\000T\000r\000o\000u\000b\000l\000e\000s\000h\000o\000o\000t\000i\000n\000g}{part.10}% 1085
\BOOKMARK [1][-]{figure.caption.336}{\376\377\000D\000e\000f\000e\000r\000r\000e\000d\000\040\000c\000h\000a\000p\000t\000e\000r\000:\000\040\000A\000g\000e\000n\000t\000\040\000M\000e\000m\000o\000r\000y}{figure.caption.327}% 1086
\BOOKMARK [1][-]{figure.caption.344}{\376\377\000D\000e\000f\000e\000r\000r\000e\000d\000\040\000c\000h\000a\000p\000t\000e\000r\000:\000\040\000P\000o\000l\000l\000e\000n\000\040\000C\000h\000a\000n\000n\000e\000l}{figure.caption.327}% 1087
