[38;5;240m│[0m [38;5;245mwindow with no bee        [0m[38;5;167m93%[0m                                                [38;5;240m│[0m
[38;5;240m│[0m [38;5;245mrounds failed             [0m[38;5;245m-[0m                                                  [38;5;240m│[0m
[38;5;240m├─[0m [38;5;245mTREE[0m [38;5;240m───────────────────────────────────────────────────────────────────────┤[0m
[38;5;240m│[0m [38;5;245mbranch                    [0m[38;5;179mfeat/queen-supervisor[0m  [38;5;245mahead 127  behind 396[0m       [38;5;240m│[0m
[38;5;240m│[0m [38;5;245muncommitted source        [0m[38;5;179m10 mod / 49 new[0m  [38;5;245mgenerated files excluded[0m          [38;5;240m│[0m
[38;5;240m│[0m [38;5;245mworktrees                 [0m[1m19[0m                                                 [38;5;240m│[0m
[38;5;240m│[0m [38;5;245mvolume used               [0m[38;5;167m91%[0m         [38;5;245mbees die at 0s when this fills[0m         [38;5;240m│[0m
[38;5;240m│[0m [38;5;245mgates declared / wired    [0m[38;5;179m23 / 8[0m      [38;5;245m15 run only on a Mac[0m                   [38;5;240m│[0m
[38;5;240m├─[0m [38;5;245mANOMALIES   2 blocker  3 high  2 medium[0m [38;5;240m────────────────────────────────────┤[0m
[38;5;240m│[0m [38;5;167m![0m it closed 198.6 hours ago (8.3 days) and no iteration has opened since     [38;5;240m│[0m
[38;5;240m│[0m [38;5;167m![0m 449 of 488 skipped candidates (92%) were refused for missingBoundary - …   [38;5;240m│[0m
[38;5;240m│[0m [38;5;179m![0m they last wrote 3.8 min ago and are doing no-op work (author filed 0, l…   [38;5;240m│[0m
[38;5;240m│[0m [38;5;179m![0m the volume is 91% used; the loop's own worktrees are 2.5G of that, 0.7%…   [38;5;240m│[0m
[38;5;240m│[0m [38;5;179m![0m that branch is 396 commits behind its own remote and 127 ahead - measur…   [38;5;240m│[0m
[38;5;240m│[0m [38;5;245m●[0m 8 of them appear in a workflow CI will load; 15 run only on a developer…   [38;5;240m│[0m
[38;5;240m│[0m [38;5;245m●[0m 49 untracked source file(s) and 10 modified one(s) exist only on this d…   [38;5;240m│[0m
[38;5;240m╰──────────────────────────────────────────────────────────────────────────────╯[0m
cycle 84: 7 anomalies in 22.7s
cycle: skipped - lock heal.mjs is running (the lock is not proof on its own)
cycle: skipped - lock heal.mjs is running (the lock is not proof on its own)
[38;5;240m╭─[0m [38;5;173mTRIOS[0m [1mCONTINUOUS LOOP[0m  [38;5;167m● STOPPED[0m [38;5;240m───────────────────────────────────────────╮[0m
[38;5;240m│[0m [38;5;245mdrawn from a reading      [0m[38;5;245mjust now    [0m[38;5;245m2026-09-14 16:38:50Z[0m                   [38;5;240m│[0m
[38;5;240m├──────────────────────────────────────────────────────────────────────────────┤[0m
[38;5;240m│[0m [38;5;245miteration                 [0m[1m97[0m          [38;5;245mthe CLI that runs the loop was in no…[0m  [38;5;240m│[0m
[38;5;240m│[0m [38;5;245mlast advanced             [0m[38;5;167m8.3d ago[0m    [38;5;245mno driver; last iteration 8.3d ago[0m     [38;5;240m│[0m
[38;5;240m│[0m [38;5;245mdriver (iterations)       [0m[38;5;167mNONE[0m        [38;5;245mnothing schedules an iteration[0m         [38;5;240m│[0m
[38;5;240m│[0m [38;5;245mtimers (housekeeping)     [0m[38;5;71m4 launchd[0m   [38;5;245mheal wrote 3m ago[0m                      [38;5;240m│[0m
[38;5;240m│[0m [38;5;245mlock                      [0m[1mcycle 0m[0m                                           [38;5;240m│[0m
[38;5;240m├─[0m [38;5;245mSWARM   measured just now[0m [38;5;240m──────────────────────────────────────────────────┤[0m
[38;5;240m│[0m [38;5;245mbees running              [0m[38;5;167m0[0m           [38;5;245mnothing is being worked on[0m             [38;5;240m│[0m
[38;5;240m│[0m [38;5;245mdispatches finished       [0m[1m442[0m                                                [38;5;240m│[0m
[38;5;240m│[0m [38;5;245mtick refusal              [0m[1mnothing to choose[0m                                  [38;5;240m│[0m
[38;5;240m│[0m [38;5;245mcandidates skipped        [0m[1m488[0m                                                [38;5;240m│[0m
[38;5;240m│[0m [38;5;245m  missing boundary        [0m[38;5;167m449[0m         [38;5;245m92% of all skips[0m                       [38;5;240m│[0m
[38;5;240m│[0m [38;5;245m  claimed by a fence      [0m[1m12[0m                                                 [38;5;240m│[0m
[38;5;240m│[0m [38;5;245m  done but still open     [0m[1m27[0m                                                 [38;5;240m│[0m
[38;5;240m│[0m [38;5;245mavailable to a bee        [0m[38;5;245m-[0m           [38;5;245mneeds a deep cycle[0m                     [38;5;240m│[0m
[38;5;240m├─[0m [38;5;245mTREE[0m [38;5;240m───────────────────────────────────────────────────────────────────────┤[0m
[38;5;240m│[0m [38;5;245mbranch                    [0m[38;5;179mfeat/queen-supervisor[0m  [38;5;245mahead 127  behind 396[0m       [38;5;240m│[0m
[38;5;240m│[0m [38;5;245muncommitted source        [0m[38;5;179m10 mod / 49 new[0m  [38;5;245mgenerated files excluded[0m          [38;5;240m│[0m
[38;5;240m│[0m [38;5;245mworktrees                 [0m[1m19[0m                                                 [38;5;240m│[0m
[38;5;240m│[0m [38;5;245mvolume used               [0m[38;5;167m92%[0m         [38;5;245mbees die at 0s when this fills[0m         [38;5;240m│[0m
[38;5;240m│[0m [38;5;245mgates declared / wired    [0m[38;5;179m23 / 8[0m      [38;5;245m15 run only on a Mac[0m                   [38;5;240m│[0m
[38;5;240m├─[0m [38;5;245mANOMALIES   2 blocker  3 high  2 medium[0m [38;5;240m────────────────────────────────────┤[0m
[38;5;240m│[0m [38;5;167m![0m it closed 199.3 hours ago (8.3 days) and no iteration has opened since     [38;5;240m│[0m
[38;5;240m│[0m [38;5;167m![0m 449 of 488 skipped candidates (92%) were refused for missingBoundary - …   [38;5;240m│[0m
[38;5;240m│[0m [38;5;179m![0m they last wrote 2.8 min ago and are doing no-op work (author filed 0, l…   [38;5;240m│[0m
[38;5;240m│[0m [38;5;179m![0m the volume is 92% used; how much of it the loop owns was not measured t…   [38;5;240m│[0m
[38;5;240m│[0m [38;5;179m![0m that branch is 396 commits behind its own remote and 127 ahead - measur…   [38;5;240m│[0m
[38;5;240m│[0m [38;5;245m●[0m 8 of them appear in a workflow CI will load; 15 run only on a developer…   [38;5;240m│[0m
[38;5;240m│[0m [38;5;245m●[0m 49 untracked source file(s) and 10 modified one(s) exist only on this d…   [38;5;240m│[0m
[38;5;240m╰──────────────────────────────────────────────────────────────────────────────╯[0m
cycle 85: 7 anomalies in 0.9s
cycle: skipped - lock feed.mjs is running (the lock is not proof on its own)
cycle: skipped - lock feed.mjs is running (the lock is not proof on its own)
cycle: skipped - lock feed.mjs is running (the lock is not proof on its own)
cycle: skipped - lock heal.mjs is running (the lock is not proof on its own)
[38;5;240m╭─[0m [38;5;173mTRIOS[0m [1mCONTINUOUS LOOP[0m  [38;5;167m● STOPPED[0m [38;5;240m───────────────────────────────────────────╮[0m
[38;5;240m│[0m [38;5;245mdrawn from a reading      [0m[38;5;245mjust now    [0m[38;5;245m2026-09-15 11:00:51Z[0m                   [38;5;240m│[0m
[38;5;240m├──────────────────────────────────────────────────────────────────────────────┤[0m
[38;5;240m│[0m [38;5;245miteration                 [0m[1m97[0m          [38;5;245mthe CLI that runs the loop was in no…[0m  [38;5;240m│[0m
[38;5;240m│[0m [38;5;245mlast advanced             [0m[38;5;167m9.1d ago[0m    [38;5;245mno driver; last iteration 9.1d ago[0m     [38;5;240m│[0m
[38;5;240m│[0m [38;5;245mdriver (iterations)       [0m[38;5;167mNONE[0m        [38;5;245mnothing schedules an iteration[0m         [38;5;240m│[0m
[38;5;240m│[0m [38;5;245mtimers (housekeeping)     [0m[38;5;71m4 launchd[0m   [38;5;245mheal wrote 2m ago[0m                      [38;5;240m│[0m
[38;5;240m│[0m [38;5;245mlock                      [0m[1mcycle 0m[0m                                           [38;5;240m│[0m
[38;5;240m├─[0m [38;5;245mSWARM   measured just now[0m [38;5;240m──────────────────────────────────────────────────┤[0m
[38;5;240m│[0m [38;5;245mbees running              [0m[38;5;167m0[0m           [38;5;245mnothing is being worked on[0m             [38;5;240m│[0m
[38;5;240m│[0m [38;5;245mdispatches finished       [0m[1m442[0m                                                [38;5;240m│[0m
[38;5;240m│[0m [38;5;245mtick refusal              [0m[1mnothing to choose[0m                                  [38;5;240m│[0m
[38;5;240m│[0m [38;5;245mcandidates skipped        [0m[1m488[0m                                                [38;5;240m│[0m
[38;5;240m│[0m [38;5;245m  missing boundary        [0m[38;5;167m449[0m         [38;5;245m92% of all skips[0m                       [38;5;240m│[0m
[38;5;240m│[0m [38;5;245m  claimed by a fence      [0m[1m12[0m                                                 [38;5;240m│[0m
[38;5;240m│[0m [38;5;245m  done but still open     [0m[1m27[0m                                                 [38;5;240m│[0m
[38;5;240m│[0m [38;5;245mavailable to a bee        [0m[38;5;245m-[0m           [38;5;245mneeds a deep cycle[0m                     [38;5;240m│[0m
[38;5;240m├─[0m [38;5;245mTREE[0m [38;5;240m───────────────────────────────────────────────────────────────────────┤[0m
[38;5;240m│[0m [38;5;245mbranch                    [0m[38;5;179mfeat/queen-supervisor[0m  [38;5;245mahead 127  behind 396[0m       [38;5;240m│[0m
[38;5;240m│[0m [38;5;245muncommitted source        [0m[38;5;179m10 mod / 49 new[0m  [38;5;245mgenerated files excluded[0m          [38;5;240m│[0m
[38;5;240m│[0m [38;5;245mworktrees                 [0m[1m19[0m                                                 [38;5;240m│[0m
[38;5;240m│[0m [38;5;245mvolume used               [0m[38;5;167m92%[0m         [38;5;245mbees die at 0s when this fills[0m         [38;5;240m│[0m
[38;5;240m│[0m [38;5;245mgates declared / wired    [0m[38;5;179m23 / 8[0m      [38;5;245m15 run only on a Mac[0m                   [38;5;240m│[0m
[38;5;240m├─[0m [38;5;245mANOMALIES   2 blocker  3 high  2 medium[0m [38;5;240m────────────────────────────────────┤[0m
[38;5;240m│[0m [38;5;167m![0m it closed 217.7 hours ago (9.1 days) and no iteration has opened since     [38;5;240m│[0m
[38;5;240m│[0m [38;5;167m![0m 449 of 488 skipped candidates (92%) were refused for missingBoundary - …   [38;5;240m│[0m
[38;5;240m│[0m [38;5;179m![0m they last wrote 2.3 min ago and are doing no-op work (author filed 0, l…   [38;5;240m│[0m
[38;5;240m│[0m [38;5;179m![0m the volume is 92% used; how much of it the loop owns was not measured t…   [38;5;240m│[0m
[38;5;240m│[0m [38;5;179m![0m that branch is 396 commits behind its own remote and 127 ahead - measur…   [38;5;240m│[0m
[38;5;240m│[0m [38;5;245m●[0m 8 of them appear in a workflow CI will load; 15 run only on a developer…   [38;5;240m│[0m
[38;5;240m│[0m [38;5;245m●[0m 49 untracked source file(s) and 10 modified one(s) exist only on this d…   [38;5;240m│[0m
[38;5;240m╰──────────────────────────────────────────────────────────────────────────────╯[0m
cycle 86: 7 anomalies in 1s
cycle: skipped - lock heal.mjs is running (the lock is not proof on its own)
cycle: skipped - lock feed.mjs is running (the lock is not proof on its own)
cycle: skipped - lock heal.mjs is running (the lock is not proof on its own)
cycle: skipped - lock heal.mjs is running (the lock is not proof on its own)
cycle: skipped - lock feed.mjs is running (the lock is not proof on its own)
cycle: skipped - lock feed.mjs is running (the lock is not proof on its own)
cycle: skipped - lock heal.mjs is running (the lock is not proof on its own)
cycle: skipped - lock heal.mjs is running (the lock is not proof on its own)
cycle: skipped - lock feed.mjs is running (the lock is not proof on its own)
cycle: skipped - lock feed.mjs is running (the lock is not proof on its own)
cycle: skipped - lock feed.mjs is running (the lock is not proof on its own)
cycle: skipped - lock heal.mjs is running (the lock is not proof on its own)
[38;5;240m╭─[0m [38;5;173mTRIOS[0m [1mCONTINUOUS LOOP[0m  [38;5;167m● STOPPED[0m [38;5;240m───────────────────────────────────────────╮[0m
[38;5;240m│[0m [38;5;245mdrawn from a reading      [0m[38;5;245mjust now    [0m[38;5;245m2026-09-15 14:16:03Z[0m                   [38;5;240m│[0m
[38;5;240m├──────────────────────────────────────────────────────────────────────────────┤[0m
[38;5;240m│[0m [38;5;245miteration                 [0m[1m97[0m          [38;5;245mthe CLI that runs the loop was in no…[0m  [38;5;240m│[0m
[38;5;240m│[0m [38;5;245mlast advanced             [0m[38;5;167m9.2d ago[0m    [38;5;245mno driver; last iteration 9.2d ago[0m     [38;5;240m│[0m
[38;5;240m│[0m [38;5;245mdriver (iterations)       [0m[38;5;167mNONE[0m        [38;5;245mnothing schedules an iteration[0m         [38;5;240m│[0m
[38;5;240m│[0m [38;5;245mtimers (housekeeping)     [0m[38;5;71m4 launchd[0m   [38;5;245mheal wrote 7m ago[0m                      [38;5;240m│[0m
[38;5;240m│[0m [38;5;245mlock                      [0m[1mcycle 0m[0m                                           [38;5;240m│[0m
[38;5;240m├─[0m [38;5;245mSWARM   measured just now[0m [38;5;240m──────────────────────────────────────────────────┤[0m
[38;5;240m│[0m [38;5;245mbees running              [0m[38;5;71m2[0m                                                  [38;5;240m│[0m
[38;5;240m│[0m [38;5;245mdispatches finished       [0m[1m441[0m                                                [38;5;240m│[0m
[38;5;240m│[0m [38;5;245mtick refusal              [0m[1mnothing to choose[0m                                  [38;5;240m│[0m
[38;5;240m│[0m [38;5;245mcandidates skipped        [0m[1m82[0m                                                 [38;5;240m│[0m
[38;5;240m│[0m [38;5;245m  missing boundary        [0m[38;5;167m42[0m          [38;5;245m51% of all skips[0m                       [38;5;240m│[0m
[38;5;240m│[0m [38;5;245m  claimed by a fence      [0m[1m13[0m                                                 [38;5;240m│[0m
[38;5;240m│[0m [38;5;245m  done but still open     [0m[1m27[0m                                                 [38;5;240m│[0m
[38;5;240m│[0m [38;5;245mavailable to a bee        [0m[38;5;245m-[0m           [38;5;245mneeds a deep cycle[0m                     [38;5;240m│[0m
[38;5;240m├─[0m [38;5;245mTREE[0m [38;5;240m───────────────────────────────────────────────────────────────────────┤[0m
[38;5;240m│[0m [38;5;245mbranch                    [0m[38;5;179mfeat/queen-supervisor[0m  [38;5;245mahead 127  behind 396[0m       [38;5;240m│[0m
[38;5;240m│[0m [38;5;245muncommitted source        [0m[38;5;179m10 mod / 49 new[0m  [38;5;245mgenerated files excluded[0m          [38;5;240m│[0m
[38;5;240m│[0m [38;5;245mworktrees                 [0m[1m19[0m                                                 [38;5;240m│[0m
[38;5;240m│[0m [38;5;245mvolume used               [0m[38;5;167m92%[0m         [38;5;245mbees die at 0s when this fills[0m         [38;5;240m│[0m
[38;5;240m│[0m [38;5;245mgates declared / wired    [0m[38;5;179m23 / 8[0m      [38;5;245m15 run only on a Mac[0m                   [38;5;240m│[0m
[38;5;240m├─[0m [38;5;245mANOMALIES   2 blocker  3 high  2 medium[0m [38;5;240m────────────────────────────────────┤[0m
[38;5;240m│[0m [38;5;167m![0m it closed 220.9 hours ago (9.2 days) and no iteration has opened since     [38;5;240m│[0m
[38;5;240m│[0m [38;5;167m![0m 42 of 82 skipped candidates (51%) were refused for missingBoundary - th…   [38;5;240m│[0m
[38;5;240m│[0m [38;5;179m![0m they last wrote 7.3 min ago and are doing no-op work (author filed 0, l…   [38;5;240m│[0m
[38;5;240m│[0m [38;5;179m![0m the volume is 92% used; how much of it the loop owns was not measured t…   [38;5;240m│[0m
[38;5;240m│[0m [38;5;179m![0m that branch is 396 commits behind its own remote and 127 ahead - measur…   [38;5;240m│[0m
[38;5;240m│[0m [38;5;245m●[0m 8 of them appear in a workflow CI will load; 15 run only on a developer…   [38;5;240m│[0m
[38;5;240m│[0m [38;5;245m●[0m 49 untracked source file(s) and 10 modified one(s) exist only on this d…   [38;5;240m│[0m
[38;5;240m╰──────────────────────────────────────────────────────────────────────────────╯[0m
cycle 87: 7 anomalies in 2.6s
cycle: skipped - lock heal.mjs is running (the lock is not proof on its own)
cycle: skipped - lock heal.mjs is running (the lock is not proof on its own)
[38;5;240m╭─[0m [38;5;173mTRIOS[0m [1mCONTINUOUS LOOP[0m  [38;5;167m● STOPPED[0m [38;5;240m───────────────────────────────────────────╮[0m
[38;5;240m│[0m [38;5;245mdrawn from a reading      [0m[38;5;245mjust now    [0m[38;5;245m2026-09-15 15:01:07Z[0m                   [38;5;240m│[0m
[38;5;240m├──────────────────────────────────────────────────────────────────────────────┤[0m
[38;5;240m│[0m [38;5;245miteration                 [0m[1m97[0m          [38;5;245mthe CLI that runs the loop was in no…[0m  [38;5;240m│[0m
[38;5;240m│[0m [38;5;245mlast advanced             [0m[38;5;167m9.2d ago[0m    [38;5;245mno driver; last iteration 9.2d ago[0m     [38;5;240m│[0m
[38;5;240m│[0m [38;5;245mdriver (iterations)       [0m[38;5;167mNONE[0m        [38;5;245mnothing schedules an iteration[0m         [38;5;240m│[0m
[38;5;240m│[0m [38;5;245mtimers (housekeeping)     [0m[38;5;71m4 launchd[0m   [38;5;245mheal wrote 3m ago[0m                      [38;5;240m│[0m
[38;5;240m│[0m [38;5;245mlock                      [0m[1mcycle 0m[0m                                           [38;5;240m│[0m
[38;5;240m├─[0m [38;5;245mSWARM   measured just now[0m [38;5;240m──────────────────────────────────────────────────┤[0m
[38;5;240m│[0m [38;5;245mbees running              [0m[38;5;167m0[0m           [38;5;245mnothing is being worked on[0m             [38;5;240m│[0m
[38;5;240m│[0m [38;5;245mdispatches finished       [0m[1m443[0m                                                [38;5;240m│[0m
[38;5;240m│[0m [38;5;245mtick refusal              [0m[1mnothing to choose[0m                                  [38;5;240m│[0m
[38;5;240m│[0m [38;5;245mcandidates skipped        [0m[1m441[0m                                                [38;5;240m│[0m
[38;5;240m│[0m [38;5;245m  missing boundary        [0m[38;5;167m401[0m         [38;5;245m91% of all skips[0m                       [38;5;240m│[0m
[38;5;240m│[0m [38;5;245m  claimed by a fence      [0m[1m13[0m                                                 [38;5;240m│[0m
[38;5;240m│[0m [38;5;245m  done but still open     [0m[1m27[0m                                                 [38;5;240m│[0m
[38;5;240m│[0m [38;5;245mavailable to a bee        [0m[38;5;245m-[0m           [38;5;245mneeds a deep cycle[0m                     [38;5;240m│[0m
[38;5;240m│[0m [38;5;245mwindow with no bee        [0m[38;5;167m81%[0m                                                [38;5;240m│[0m
[38;5;240m│[0m [38;5;245mrounds failed             [0m[38;5;245m-[0m                                                  [38;5;240m│[0m
[38;5;240m├─[0m [38;5;245mTREE[0m [38;5;240m───────────────────────────────────────────────────────────────────────┤[0m
[38;5;240m│[0m [38;5;245mbranch                    [0m[38;5;179mfeat/queen-supervisor[0m  [38;5;245mahead 127  behind 396[0m       [38;5;240m│[0m
[38;5;240m│[0m [38;5;245muncommitted source        [0m[38;5;179m10 mod / 49 new[0m  [38;5;245mgenerated files excluded[0m          [38;5;240m│[0m
[38;5;240m│[0m [38;5;245mworktrees                 [0m[1m19[0m                                                 [38;5;240m│[0m
[38;5;240m│[0m [38;5;245mvolume used               [0m[38;5;167m94%[0m         [38;5;245mbees die at 0s when this fills[0m         [38;5;240m│[0m
[38;5;240m│[0m [38;5;245mgates declared / wired    [0m[38;5;179m23 / 8[0m      [38;5;245m15 run only on a Mac[0m                   [38;5;240m│[0m
[38;5;240m├─[0m [38;5;245mANOMALIES   2 blocker  4 high  2 medium[0m [38;5;240m────────────────────────────────────┤[0m
[38;5;240m│[0m [38;5;167m![0m it closed 221.7 hours ago (9.2 days) and no iteration has opened since     [38;5;240m│[0m
[38;5;240m│[0m [38;5;167m![0m 401 of 441 skipped candidates (91%) were refused for missingBoundary - …   [38;5;240m│[0m
[38;5;240m│[0m [38;5;179m![0m they last wrote 3.2 min ago and are doing no-op work (author filed 0, l…   [38;5;240m│[0m
[38;5;240m│[0m [38;5;179m![0m the Queen's board says running 0 right now; the dashboard file is 1h old   [38;5;240m│[0m
[38;5;240m│[0m [38;5;179m![0m the volume is 94% used; the loop's own worktrees are 2.5G of that, 0.6%…   [38;5;240m│[0m
[38;5;240m│[0m [38;5;179m![0m that branch is 396 commits behind its own remote and 127 ahead - measur…   [38;5;240m│[0m
[38;5;240m│[0m [38;5;245m●[0m 8 of them appear in a workflow CI will load; 15 run only on a developer…   [38;5;240m│[0m
[38;5;240m│[0m [38;5;245m  +1 more - tri cycle-anomalies[0m                                              [38;5;240m│[0m
[38;5;240m╰──────────────────────────────────────────────────────────────────────────────╯[0m
cycle 88: 8 anomalies in 23.4s
cycle: skipped - lock heal.mjs is running (the lock is not proof on its own)
[38;5;240m╭─[0m [38;5;173mTRIOS[0m [1mCONTINUOUS LOOP[0m  [38;5;167m● STOPPED[0m [38;5;240m───────────────────────────────────────────╮[0m
[38;5;240m│[0m [38;5;245mdrawn from a reading      [0m[38;5;245mjust now    [0m[38;5;245m2026-09-15 15:31:35Z[0m                   [38;5;240m│[0m
[38;5;240m├──────────────────────────────────────────────────────────────────────────────┤[0m
[38;5;240m│[0m [38;5;245miteration                 [0m[1m97[0m          [38;5;245mthe CLI that runs the loop was in no…[0m  [38;5;240m│[0m
[38;5;240m│[0m [38;5;245mlast advanced             [0m[38;5;167m9.3d ago[0m    [38;5;245mno driver; last iteration 9.3d ago[0m     [38;5;240m│[0m
[38;5;240m│[0m [38;5;245mdriver (iterations)       [0m[38;5;167mNONE[0m        [38;5;245mnothing schedules an iteration[0m         [38;5;240m│[0m
[38;5;240m│[0m [38;5;245mtimers (housekeeping)     [0m[38;5;71m4 launchd[0m   [38;5;245mheal wrote 10m ago[0m                     [38;5;240m│[0m
[38;5;240m│[0m [38;5;245mlock                      [0m[1mcycle 0m[0m                                           [38;5;240m│[0m
[38;5;240m├─[0m [38;5;245mSWARM   measured just now[0m [38;5;240m──────────────────────────────────────────────────┤[0m
[38;5;240m│[0m [38;5;245mbees running              [0m[38;5;71m1[0m                                                  [38;5;240m│[0m
[38;5;240m│[0m [38;5;245mdispatches finished       [0m[1m442[0m                                                [38;5;240m│[0m
[38;5;240m│[0m [38;5;245mtick refusal              [0m[1mDISPATCHED[0m                                         [38;5;240m│[0m
[38;5;240m│[0m [38;5;245mcandidates skipped        [0m[1m439[0m                                                [38;5;240m│[0m
[38;5;240m│[0m [38;5;245m  missing boundary        [0m[38;5;167m400[0m         [38;5;245m91% of all skips[0m                       [38;5;240m│[0m
[38;5;240m│[0m [38;5;245m  claimed by a fence      [0m[1m12[0m                                                 [38;5;240m│[0m
[38;5;240m│[0m [38;5;245m  done but still open     [0m[1m27[0m                                                 [38;5;240m│[0m
[38;5;240m│[0m [38;5;245mavailable to a bee        [0m[38;5;245m-[0m           [38;5;245mneeds a deep cycle[0m                     [38;5;240m│[0m
[38;5;240m├─[0m [38;5;245mTREE[0m [38;5;240m───────────────────────────────────────────────────────────────────────┤[0m
[38;5;240m│[0m [38;5;245mbranch                    [0m[38;5;179mfeat/queen-supervisor[0m  [38;5;245mahead 127  behind 396[0m       [38;5;240m│[0m
[38;5;240m│[0m [38;5;245muncommitted source        [0m[38;5;179m10 mod / 49 new[0m  [38;5;245mgenerated files excluded[0m          [38;5;240m│[0m
[38;5;240m│[0m [38;5;245mworktrees                 [0m[1m19[0m                                                 [38;5;240m│[0m
[38;5;240m│[0m [38;5;245mvolume used               [0m[38;5;167m94%[0m         [38;5;245mbees die at 0s when this fills[0m         [38;5;240m│[0m
[38;5;240m│[0m [38;5;245mgates declared / wired    [0m[38;5;179m23 / 8[0m      [38;5;245m15 run only on a Mac[0m                   [38;5;240m│[0m
[38;5;240m├─[0m [38;5;245mANOMALIES   1 blocker  4 high  2 medium[0m [38;5;240m────────────────────────────────────┤[0m
[38;5;240m│[0m [38;5;167m![0m it closed 222.2 hours ago (9.3 days) and no iteration has opened since     [38;5;240m│[0m
[38;5;240m│[0m [38;5;179m![0m they last wrote 9.7 min ago and are doing no-op work (author filed 0, l…   [38;5;240m│[0m
[38;5;240m│[0m [38;5;179m![0m the Queen's board says running 1 right now; the dashboard file is 0.2h …   [38;5;240m│[0m
[38;5;240m│[0m [38;5;179m![0m the volume is 94% used; how much of it the loop owns was not measured t…   [38;5;240m│[0m
[38;5;240m│[0m [38;5;179m![0m that branch is 396 commits behind its own remote and 127 ahead - measur…   [38;5;240m│[0m
[38;5;240m│[0m [38;5;245m●[0m 8 of them appear in a workflow CI will load; 15 run only on a developer…   [38;5;240m│[0m
[38;5;240m│[0m [38;5;245m●[0m 49 untracked source file(s) and 10 modified one(s) exist only on this d…   [38;5;240m│[0m
[38;5;240m╰──────────────────────────────────────────────────────────────────────────────╯[0m
cycle 89: 7 anomalies in 5s
[38;5;240m╭─[0m [38;5;173mTRIOS[0m [1mCONTINUOUS LOOP[0m  [38;5;167m● STOPPED[0m [38;5;240m───────────────────────────────────────────╮[0m
[38;5;240m│[0m [38;5;245mdrawn from a reading      [0m[38;5;245mjust now    [0m[38;5;245m2026-09-15 15:46:41Z[0m                   [38;5;240m│[0m
[38;5;240m├──────────────────────────────────────────────────────────────────────────────┤[0m
[38;5;240m│[0m [38;5;245miteration                 [0m[1m97[0m          [38;5;245mthe CLI that runs the loop was in no…[0m  [38;5;240m│[0m
[38;5;240m│[0m [38;5;245mlast advanced             [0m[38;5;167m9.3d ago[0m    [38;5;245mno driver; last iteration 9.3d ago[0m     [38;5;240m│[0m
[38;5;240m│[0m [38;5;245mdriver (iterations)       [0m[38;5;167mNONE[0m        [38;5;245mnothing schedules an iteration[0m         [38;5;240m│[0m
[38;5;240m│[0m [38;5;245mtimers (housekeeping)     [0m[38;5;71m4 launchd[0m   [38;5;245mheal wrote 3m ago[0m                      [38;5;240m│[0m
[38;5;240m│[0m [38;5;245mlock                      [0m[1mcycle 0m[0m                                           [38;5;240m│[0m
[38;5;240m├─[0m [38;5;245mSWARM   measured just now[0m [38;5;240m──────────────────────────────────────────────────┤[0m
[38;5;240m│[0m [38;5;245mbees running              [0m[38;5;71m1[0m                                                  [38;5;240m│[0m
[38;5;240m│[0m [38;5;245mdispatches finished       [0m[1m442[0m                                                [38;5;240m│[0m
[38;5;240m│[0m [38;5;245mtick refusal              [0m[1mnothing to choose[0m                                  [38;5;240m│[0m
[38;5;240m│[0m [38;5;245mcandidates skipped        [0m[1m440[0m                                                [38;5;240m│[0m
[38;5;240m│[0m [38;5;245m  missing boundary        [0m[38;5;167m400[0m         [38;5;245m91% of all skips[0m                       [38;5;240m│[0m
[38;5;240m│[0m [38;5;245m  claimed by a fence      [0m[1m13[0m                                                 [38;5;240m│[0m
[38;5;240m│[0m [38;5;245m  done but still open     [0m[1m27[0m                                                 [38;5;240m│[0m
[38;5;240m│[0m [38;5;245mavailable to a bee        [0m[38;5;245m-[0m           [38;5;245mneeds a deep cycle[0m                     [38;5;240m│[0m
[38;5;240m├─[0m [38;5;245mTREE[0m [38;5;240m───────────────────────────────────────────────────────────────────────┤[0m
[38;5;240m│[0m [38;5;245mbranch                    [0m[38;5;179mfeat/queen-supervisor[0m  [38;5;245mahead 127  behind 396[0m       [38;5;240m│[0m
[38;5;240m│[0m [38;5;245muncommitted source        [0m[38;5;179m10 mod / 49 new[0m  [38;5;245mgenerated files excluded[0m          [38;5;240m│[0m
[38;5;240m│[0m [38;5;245mworktrees                 [0m[1m20[0m                                                 [38;5;240m│[0m
[38;5;240m│[0m [38;5;245mvolume used               [0m[38;5;167m94%[0m         [38;5;245mbees die at 0s when this fills[0m         [38;5;240m│[0m
[38;5;240m│[0m [38;5;245mgates declared / wired    [0m[38;5;179m23 / 8[0m      [38;5;245m15 run only on a Mac[0m                   [38;5;240m│[0m
[38;5;240m├─[0m [38;5;245mANOMALIES   2 blocker  3 high  2 medium[0m [38;5;240m────────────────────────────────────┤[0m
[38;5;240m│[0m [38;5;167m![0m it closed 222.5 hours ago (9.3 days) and no iteration has opened since     [38;5;240m│[0m
[38;5;240m│[0m [38;5;167m![0m 400 of 440 skipped candidates (91%) were refused for missingBoundary - …   [38;5;240m│[0m
[38;5;240m│[0m [38;5;179m![0m they last wrote 2.5 min ago and are doing no-op work (author filed 0, l…   [38;5;240m│[0m
[38;5;240m│[0m [38;5;179m![0m the volume is 94% used; how much of it the loop owns was not measured t…   [38;5;240m│[0m
[38;5;240m│[0m [38;5;179m![0m that branch is 396 commits behind its own remote and 127 ahead - measur…   [38;5;240m│[0m
[38;5;240m│[0m [38;5;245m●[0m 8 of them appear in a workflow CI will load; 15 run only on a developer…   [38;5;240m│[0m
[38;5;240m│[0m [38;5;245m●[0m 49 untracked source file(s) and 10 modified one(s) exist only on this d…   [38;5;240m│[0m
[38;5;240m╰──────────────────────────────────────────────────────────────────────────────╯[0m
cycle 90: 7 anomalies in 1s
cycle: skipped - lock feed.mjs is running (the lock is not proof on its own)
cycle: skipped - lock heal.mjs is running (the lock is not proof on its own)
cycle: skipped - lock feed.mjs is running (the lock is not proof on its own)
[38;5;240m╭─[0m [38;5;173mTRIOS[0m [1mCONTINUOUS LOOP[0m  [38;5;167m● STOPPED[0m [38;5;240m───────────────────────────────────────────╮[0m
[38;5;240m│[0m [38;5;245mdrawn from a reading      [0m[38;5;245mjust now    [0m[38;5;245m2026-09-15 18:11:51Z[0m                   [38;5;240m│[0m
[38;5;240m├──────────────────────────────────────────────────────────────────────────────┤[0m
[38;5;240m│[0m [38;5;245miteration                 [0m[1m97[0m          [38;5;245mthe CLI that runs the loop was in no…[0m  [38;5;240m│[0m
[38;5;240m│[0m [38;5;245mlast advanced             [0m[38;5;167m9.4d ago[0m    [38;5;245mno driver; last iteration 9.4d ago[0m     [38;5;240m│[0m
[38;5;240m│[0m [38;5;245mdriver (iterations)       [0m[38;5;167mNONE[0m        [38;5;245mnothing schedules an iteration[0m         [38;5;240m│[0m
[38;5;240m│[0m [38;5;245mtimers (housekeeping)     [0m[38;5;71m4 launchd[0m   [38;5;245mheal wrote 7m ago[0m                      [38;5;240m│[0m
[38;5;240m│[0m [38;5;245mlock                      [0m[1mcycle 0m[0m                                           [38;5;240m│[0m
[38;5;240m├─[0m [38;5;245mSWARM   measured just now[0m [38;5;240m──────────────────────────────────────────────────┤[0m
[38;5;240m│[0m [38;5;245mbees running              [0m[38;5;71m9[0m                                                  [38;5;240m│[0m
[38;5;240m│[0m [38;5;245mdispatches finished       [0m[1m531[0m                                                [38;5;240m│[0m
[38;5;240m│[0m [38;5;245mtick refusal              [0m[1mDISPATCHED[0m                                         [38;5;240m│[0m
[38;5;240m│[0m [38;5;245mcandidates skipped        [0m[1m510[0m                                                [38;5;240m│[0m
[38;5;240m│[0m [38;5;245m  missing boundary        [0m[38;5;167m238[0m         [38;5;245m47% of all skips[0m                       [38;5;240m│[0m
[38;5;240m│[0m [38;5;245m  claimed by a fence      [0m[1m75[0m                                                 [38;5;240m│[0m
[38;5;240m│[0m [38;5;245m  done but still open     [0m[1m53[0m                                                 [38;5;240m│[0m
[38;5;240m│[0m [38;5;245mavailable to a bee        [0m[38;5;245m-[0m           [38;5;245mneeds a deep cycle[0m                     [38;5;240m│[0m
[38;5;240m├─[0m [38;5;245mTREE[0m [38;5;240m───────────────────────────────────────────────────────────────────────┤[0m
[38;5;240m│[0m [38;5;245mbranch                    [0m[38;5;179mfeat/queen-supervisor[0m  [38;5;245mahead 127  behind 396[0m       [38;5;240m│[0m
[38;5;240m│[0m [38;5;245muncommitted source        [0m[38;5;179m10 mod / 49 new[0m  [38;5;245mgenerated files excluded[0m          [38;5;240m│[0m
[38;5;240m│[0m [38;5;245mworktrees                 [0m[1m19[0m                                                 [38;5;240m│[0m
[38;5;240m│[0m [38;5;245mvolume used               [0m[38;5;167m94%[0m         [38;5;245mbees die at 0s when this fills[0m         [38;5;240m│[0m
[38;5;240m│[0m [38;5;245mgates declared / wired    [0m[38;5;179m23 / 8[0m      [38;5;245m15 run only on a Mac[0m                   [38;5;240m│[0m
[38;5;240m├─[0m [38;5;245mANOMALIES   1 blocker  4 high  2 medium[0m [38;5;240m────────────────────────────────────┤[0m
[38;5;240m│[0m [38;5;167m![0m it closed 224.9 hours ago (9.4 days) and no iteration has opened since     [38;5;240m│[0m
[38;5;240m│[0m [38;5;179m![0m they last wrote 7.3 min ago and are doing no-op work (author filed 0, l…   [38;5;240m│[0m
[38;5;240m│[0m [38;5;179m![0m the Queen's board says running 9 right now; the dashboard file is 0.5h …   [38;5;240m│[0m
[38;5;240m│[0m [38;5;179m![0m the volume is 94% used; how much of it the loop owns was not measured t…   [38;5;240m│[0m
[38;5;240m│[0m [38;5;179m![0m that branch is 396 commits behind its own remote and 127 ahead - measur…   [38;5;240m│[0m
[38;5;240m│[0m [38;5;245m●[0m 8 of them appear in a workflow CI will load; 15 run only on a developer…   [38;5;240m│[0m
[38;5;240m│[0m [38;5;245m●[0m 49 untracked source file(s) and 10 modified one(s) exist only on this d…   [38;5;240m│[0m
[38;5;240m╰──────────────────────────────────────────────────────────────────────────────╯[0m
cycle 91: 7 anomalies in 1.6s
cycle: skipped - lock feed.mjs is running (the lock is not proof on its own)
[38;5;240m╭─[0m [38;5;173mTRIOS[0m [1mCONTINUOUS LOOP[0m  [38;5;167m● STOPPED[0m [38;5;240m───────────────────────────────────────────╮[0m
[38;5;240m│[0m [38;5;245mdrawn from a reading      [0m[38;5;245mjust now    [0m[38;5;245m2026-09-15 18:41:54Z[0m                   [38;5;240m│[0m
[38;5;240m├──────────────────────────────────────────────────────────────────────────────┤[0m
[38;5;240m│[0m [38;5;245miteration                 [0m[1m97[0m          [38;5;245mthe CLI that runs the loop was in no…[0m  [38;5;240m│[0m
[38;5;240m│[0m [38;5;245mlast advanced             [0m[38;5;167m9.4d ago[0m    [38;5;245mno driver; last iteration 9.4d ago[0m     [38;5;240m│[0m
[38;5;240m│[0m [38;5;245mdriver (iterations)       [0m[38;5;167mNONE[0m        [38;5;245mnothing schedules an iteration[0m         [38;5;240m│[0m
[38;5;240m│[0m [38;5;245mtimers (housekeeping)     [0m[38;5;71m4 launchd[0m   [38;5;245mheal wrote 5m ago[0m                      [38;5;240m│[0m
[38;5;240m│[0m [38;5;245mlock                      [0m[1mcycle 0m[0m                                           [38;5;240m│[0m
[38;5;240m├─[0m [38;5;245mSWARM   measured just now[0m [38;5;240m──────────────────────────────────────────────────┤[0m
[38;5;240m│[0m [38;5;245mbees running              [0m[38;5;71m10[0m                                                 [38;5;240m│[0m
[38;5;240m│[0m [38;5;245mdispatches finished       [0m[1m556[0m                                                [38;5;240m│[0m
[38;5;240m│[0m [38;5;245mtick refusal              [0m[1mDISPATCHED[0m                                         [38;5;240m│[0m
[38;5;240m│[0m [38;5;245mcandidates skipped        [0m[1m483[0m                                                [38;5;240m│[0m
[38;5;240m│[0m [38;5;245m  missing boundary        [0m[38;5;167m238[0m         [38;5;245m49% of all skips[0m                       [38;5;240m│[0m
[38;5;240m│[0m [38;5;245m  claimed by a fence      [0m[1m87[0m                                                 [38;5;240m│[0m
[38;5;240m│[0m [38;5;245m  done but still open     [0m[1m68[0m                                                 [38;5;240m│[0m
[38;5;240m│[0m [38;5;245mavailable to a bee        [0m[38;5;245m-[0m           [38;5;245mneeds a deep cycle[0m                     [38;5;240m│[0m
[38;5;240m│[0m [38;5;245mwindow with no bee        [0m[38;5;167m67%[0m                                                [38;5;240m│[0m
[38;5;240m│[0m [38;5;245mrounds failed             [0m[38;5;245m-[0m                                                  [38;5;240m│[0m
[38;5;240m├─[0m [38;5;245mTREE[0m [38;5;240m───────────────────────────────────────────────────────────────────────┤[0m
[38;5;240m│[0m [38;5;245mbranch                    [0m[38;5;179mfeat/queen-supervisor[0m  [38;5;245mahead 127  behind 396[0m       [38;5;240m│[0m
[38;5;240m│[0m [38;5;245muncommitted source        [0m[38;5;179m10 mod / 49 new[0m  [38;5;245mgenerated files excluded[0m          [38;5;240m│[0m
[38;5;240m│[0m [38;5;245mworktrees                 [0m[1m19[0m                                                 [38;5;240m│[0m
[38;5;240m│[0m [38;5;245mvolume used               [0m[38;5;167m94%[0m         [38;5;245mbees die at 0s when this fills[0m         [38;5;240m│[0m
[38;5;240m│[0m [38;5;245mgates declared / wired    [0m[38;5;179m23 / 8[0m      [38;5;245m15 run only on a Mac[0m                   [38;5;240m│[0m
[38;5;240m├─[0m [38;5;245mANOMALIES   1 blocker  3 high  2 medium[0m [38;5;240m────────────────────────────────────┤[0m
[38;5;240m│[0m [38;5;167m![0m it closed 225.4 hours ago (9.4 days) and no iteration has opened since     [38;5;240m│[0m
[38;5;240m│[0m [38;5;179m![0m they last wrote 5.3 min ago and are doing no-op work (author filed 0, l…   [38;5;240m│[0m
[38;5;240m│[0m [38;5;179m![0m the volume is 94% used; the loop's own worktrees are 2.5G of that, 0.6%…   [38;5;240m│[0m
[38;5;240m│[0m [38;5;179m![0m that branch is 396 commits behind its own remote and 127 ahead - measur…   [38;5;240m│[0m
[38;5;240m│[0m [38;5;245m●[0m 8 of them appear in a workflow CI will load; 15 run only on a developer…   [38;5;240m│[0m
[38;5;240m│[0m [38;5;245m●[0m 49 untracked source file(s) and 10 modified one(s) exist only on this d…   [38;5;240m│[0m
[38;5;240m╰──────────────────────────────────────────────────────────────────────────────╯[0m
cycle 92: 6 anomalies in 17.2s
cycle: skipped - lock heal.mjs is running (the lock is not proof on its own)
cycle: skipped - lock heal.mjs is running (the lock is not proof on its own)
cycle: skipped - lock feed.mjs is running (the lock is not proof on its own)
cycle: skipped - lock heal.mjs is running (the lock is not proof on its own)
cycle: skipped - lock heal.mjs is running (the lock is not proof on its own)
[38;5;240m╭─[0m [38;5;173mTRIOS[0m [1mCONTINUOUS LOOP[0m  [38;5;167m● STOPPED[0m [38;5;240m───────────────────────────────────────────╮[0m
[38;5;240m│[0m [38;5;245mdrawn from a reading      [0m[38;5;245mjust now    [0m[38;5;245m2026-09-15 20:12:14Z[0m                   [38;5;240m│[0m
[38;5;240m├──────────────────────────────────────────────────────────────────────────────┤[0m
[38;5;240m│[0m [38;5;245miteration                 [0m[1m97[0m          [38;5;245mthe CLI that runs the loop was in no…[0m  [38;5;240m│[0m
[38;5;240m│[0m [38;5;245mlast advanced             [0m[38;5;167m9.5d ago[0m    [38;5;245mno driver; last iteration 9.5d ago[0m     [38;5;240m│[0m
[38;5;240m│[0m [38;5;245mdriver (iterations)       [0m[38;5;167mNONE[0m        [38;5;245mnothing schedules an iteration[0m         [38;5;240m│[0m
[38;5;240m│[0m [38;5;245mtimers (housekeeping)     [0m[38;5;71m4 launchd[0m   [38;5;245mheal wrote 4m ago[0m                      [38;5;240m│[0m
[38;5;240m│[0m [38;5;245mlock                      [0m[1mcycle 0m[0m                                           [38;5;240m│[0m
[38;5;240m├─[0m [38;5;245mSWARM   measured just now[0m [38;5;240m──────────────────────────────────────────────────┤[0m
[38;5;240m│[0m [38;5;245mbees running              [0m[38;5;71m3[0m                                                  [38;5;240m│[0m
[38;5;240m│[0m [38;5;245mdispatches finished       [0m[1m591[0m                                                [38;5;240m│[0m
[38;5;240m│[0m [38;5;245mtick refusal              [0m[1mnothing to choose[0m                                  [38;5;240m│[0m
[38;5;240m│[0m [38;5;245mcandidates skipped        [0m[1m449[0m                                                [38;5;240m│[0m
[38;5;240m│[0m [38;5;245m  missing boundary        [0m[38;5;167m238[0m         [38;5;245m53% of all skips[0m                       [38;5;240m│[0m
[38;5;240m│[0m [38;5;245m  claimed by a fence      [0m[1m90[0m                                                 [38;5;240m│[0m
[38;5;240m│[0m [38;5;245m  done but still open     [0m[1m101[0m                                                [38;5;240m│[0m
[38;5;240m│[0m [38;5;245mavailable to a bee        [0m[38;5;245m-[0m           [38;5;245mneeds a deep cycle[0m                     [38;5;240m│[0m
[38;5;240m├─[0m [38;5;245mTREE[0m [38;5;240m───────────────────────────────────────────────────────────────────────┤[0m
[38;5;240m│[0m [38;5;245mbranch                    [0m[38;5;179mfeat/queen-supervisor[0m  [38;5;245mahead 127  behind 396[0m       [38;5;240m│[0m
[38;5;240m│[0m [38;5;245muncommitted source        [0m[38;5;179m10 mod / 54 new[0m  [38;5;245mgenerated files excluded[0m          [38;5;240m│[0m
[38;5;240m│[0m [38;5;245mworktrees                 [0m[1m19[0m                                                 [38;5;240m│[0m
[38;5;240m│[0m [38;5;245mvolume used               [0m[38;5;167m95%[0m         [38;5;245mbees die at 0s when this fills[0m         [38;5;240m│[0m
[38;5;240m│[0m [38;5;245mgates declared / wired    [0m[38;5;179m23 / 8[0m      [38;5;245m15 run only on a Mac[0m                   [38;5;240m│[0m
[38;5;240m├─[0m [38;5;245mANOMALIES   2 blocker  4 high  2 medium[0m [38;5;240m────────────────────────────────────┤[0m
[38;5;240m│[0m [38;5;167m![0m it closed 226.9 hours ago (9.5 days) and no iteration has opened since     [38;5;240m│[0m
[38;5;240m│[0m [38;5;167m![0m 238 of 449 skipped candidates (53%) were refused for missingBoundary - …   [38;5;240m│[0m
[38;5;240m│[0m [38;5;179m![0m they last wrote 4 min ago and are doing no-op work (author filed 0, lan…   [38;5;240m│[0m
[38;5;240m│[0m [38;5;179m![0m the Queen's board says running 3 right now; the dashboard file is 0.1h …   [38;5;240m│[0m
[38;5;240m│[0m [38;5;179m![0m the volume is 95% used; how much of it the loop owns was not measured t…   [38;5;240m│[0m
[38;5;240m│[0m [38;5;179m![0m that branch is 396 commits behind its own remote and 127 ahead - measur…   [38;5;240m│[0m
[38;5;240m│[0m [38;5;245m●[0m 8 of them appear in a workflow CI will load; 15 run only on a developer…   [38;5;240m│[0m
[38;5;240m│[0m [38;5;245m  +1 more - tri cycle-anomalies[0m                                              [38;5;240m│[0m
[38;5;240m╰──────────────────────────────────────────────────────────────────────────────╯[0m
cycle 93: 8 anomalies in 2.8s
[38;5;240m╭─[0m [38;5;173mTRIOS[0m [1mCONTINUOUS LOOP[0m  [38;5;167m● STOPPED[0m [38;5;240m───────────────────────────────────────────╮[0m
[38;5;240m│[0m [38;5;245mdrawn from a reading      [0m[38;5;245mjust now    [0m[38;5;245m2026-09-15 20:27:17Z[0m                   [38;5;240m│[0m
[38;5;240m├──────────────────────────────────────────────────────────────────────────────┤[0m
[38;5;240m│[0m [38;5;245miteration                 [0m[1m97[0m          [38;5;245mthe CLI that runs the loop was in no…[0m  [38;5;240m│[0m
[38;5;240m│[0m [38;5;245mlast advanced             [0m[38;5;167m9.5d ago[0m    [38;5;245mno driver; last iteration 9.5d ago[0m     [38;5;240m│[0m
[38;5;240m│[0m [38;5;245mdriver (iterations)       [0m[38;5;167mNONE[0m        [38;5;245mnothing schedules an iteration[0m         [38;5;240m│[0m
[38;5;240m│[0m [38;5;245mtimers (housekeeping)     [0m[38;5;71m4 launchd[0m   [38;5;245mheal wrote 9m ago[0m                      [38;5;240m│[0m
[38;5;240m│[0m [38;5;245mlock                      [0m[1mcycle 0m[0m                                           [38;5;240m│[0m
[38;5;240m├─[0m [38;5;245mSWARM   measured just now[0m [38;5;240m──────────────────────────────────────────────────┤[0m
[38;5;240m│[0m [38;5;245mbees running              [0m[38;5;71m1[0m                                                  [38;5;240m│[0m
[38;5;240m│[0m [38;5;245mdispatches finished       [0m[1m593[0m                                                [38;5;240m│[0m
[38;5;240m│[0m [38;5;245mtick refusal              [0m[1mnothing to choose[0m                                  [38;5;240m│[0m
[38;5;240m│[0m [38;5;245mcandidates skipped        [0m[1m449[0m                                                [38;5;240m│[0m
[38;5;240m│[0m [38;5;245m  missing boundary        [0m[38;5;167m238[0m         [38;5;245m53% of all skips[0m                       [38;5;240m│[0m
[38;5;240m│[0m [38;5;245m  claimed by a fence      [0m[1m88[0m                                                 [38;5;240m│[0m
[38;5;240m│[0m [38;5;245m  done but still open     [0m[1m103[0m                                                [38;5;240m│[0m
[38;5;240m│[0m [38;5;245mavailable to a bee        [0m[38;5;245m-[0m           [38;5;245mneeds a deep cycle[0m                     [38;5;240m│[0m
[38;5;240m├─[0m [38;5;245mTREE[0m [38;5;240m───────────────────────────────────────────────────────────────────────┤[0m
[38;5;240m│[0m [38;5;245mbranch                    [0m[38;5;179mfeat/queen-supervisor[0m  [38;5;245mahead 127  behind 396[0m       [38;5;240m│[0m
[38;5;240m│[0m [38;5;245muncommitted source        [0m[38;5;179m10 mod / 54 new[0m  [38;5;245mgenerated files excluded[0m          [38;5;240m│[0m
[38;5;240m│[0m [38;5;245mworktrees                 [0m[1m19[0m                                                 [38;5;240m│[0m
[38;5;240m│[0m [38;5;245mvolume used               [0m[38;5;167m96%[0m         [38;5;245mbees die at 0s when this fills[0m         [38;5;240m│[0m
[38;5;240m│[0m [38;5;245mgates declared / wired    [0m[38;5;179m23 / 8[0m      [38;5;245m15 run only on a Mac[0m                   [38;5;240m│[0m
[38;5;240m├─[0m [38;5;245mANOMALIES   2 blocker  4 high  2 medium[0m [38;5;240m────────────────────────────────────┤[0m
[38;5;240m│[0m [38;5;167m![0m it closed 227.1 hours ago (9.5 days) and no iteration has opened since     [38;5;240m│[0m
[38;5;240m│[0m [38;5;167m![0m 238 of 449 skipped candidates (53%) were refused for missingBoundary - …   [38;5;240m│[0m
[38;5;240m│[0m [38;5;179m![0m they last wrote 8.6 min ago and are doing no-op work (author filed 0, l…   [38;5;240m│[0m
[38;5;240m│[0m [38;5;179m![0m the Queen's board says running 1 right now; the dashboard file is 0.4h …   [38;5;240m│[0m
[38;5;240m│[0m [38;5;179m![0m the volume is 96% used; how much of it the loop owns was not measured t…   [38;5;240m│[0m
[38;5;240m│[0m [38;5;179m![0m that branch is 396 commits behind its own remote and 127 ahead - measur…   [38;5;240m│[0m
[38;5;240m│[0m [38;5;245m●[0m 8 of them appear in a workflow CI will load; 15 run only on a developer…   [38;5;240m│[0m
[38;5;240m│[0m [38;5;245m  +1 more - tri cycle-anomalies[0m                                              [38;5;240m│[0m
[38;5;240m╰──────────────────────────────────────────────────────────────────────────────╯[0m
cycle 94: 8 anomalies in 0.9s
[38;5;240m╭─[0m [38;5;173mTRIOS[0m [1mCONTINUOUS LOOP[0m  [38;5;167m● STOPPED[0m [38;5;240m───────────────────────────────────────────╮[0m
[38;5;240m│[0m [38;5;245mdrawn from a reading      [0m[38;5;245mjust now    [0m[38;5;245m2026-09-15 20:42:19Z[0m                   [38;5;240m│[0m
[38;5;240m├──────────────────────────────────────────────────────────────────────────────┤[0m
[38;5;240m│[0m [38;5;245miteration                 [0m[1m97[0m          [38;5;245mthe CLI that runs the loop was in no…[0m  [38;5;240m│[0m
[38;5;240m│[0m [38;5;245mlast advanced             [0m[38;5;167m9.5d ago[0m    [38;5;245mno driver; last iteration 9.5d ago[0m     [38;5;240m│[0m
[38;5;240m│[0m [38;5;245mdriver (iterations)       [0m[38;5;167mNONE[0m        [38;5;245mnothing schedules an iteration[0m         [38;5;240m│[0m
[38;5;240m│[0m [38;5;245mtimers (housekeeping)     [0m[38;5;71m4 launchd[0m   [38;5;245mheal wrote just now[0m                    [38;5;240m│[0m
[38;5;240m│[0m [38;5;245mlock                      [0m[1mcycle 0m[0m                                           [38;5;240m│[0m
[38;5;240m├─[0m [38;5;245mSWARM   measured just now[0m [38;5;240m──────────────────────────────────────────────────┤[0m
[38;5;240m│[0m [38;5;245mbees running              [0m[38;5;71m1[0m                                                  [38;5;240m│[0m
[38;5;240m│[0m [38;5;245mdispatches finished       [0m[1m593[0m                                                [38;5;240m│[0m
[38;5;240m│[0m [38;5;245mtick refusal              [0m[1mDISPATCHED[0m                                         [38;5;240m│[0m
[38;5;240m│[0m [38;5;245mcandidates skipped        [0m[1m448[0m                                                [38;5;240m│[0m
[38;5;240m│[0m [38;5;245m  missing boundary        [0m[38;5;167m238[0m         [38;5;245m53% of all skips[0m                       [38;5;240m│[0m
[38;5;240m│[0m [38;5;245m  claimed by a fence      [0m[1m86[0m                                                 [38;5;240m│[0m
[38;5;240m│[0m [38;5;245m  done but still open     [0m[1m104[0m                                                [38;5;240m│[0m
[38;5;240m│[0m [38;5;245mavailable to a bee        [0m[38;5;245m-[0m           [38;5;245mneeds a deep cycle[0m                     [38;5;240m│[0m
[38;5;240m├─[0m [38;5;245mTREE[0m [38;5;240m───────────────────────────────────────────────────────────────────────┤[0m
[38;5;240m│[0m [38;5;245mbranch                    [0m[38;5;179mfeat/queen-supervisor[0m  [38;5;245mahead 127  behind 396[0m       [38;5;240m│[0m
[38;5;240m│[0m [38;5;245muncommitted source        [0m[38;5;179m10 mod / 54 new[0m  [38;5;245mgenerated files excluded[0m          [38;5;240m│[0m
[38;5;240m│[0m [38;5;245mworktrees                 [0m[1m19[0m                                                 [38;5;240m│[0m
[38;5;240m│[0m [38;5;245mvolume used               [0m[38;5;167m96%[0m         [38;5;245mbees die at 0s when this fills[0m         [38;5;240m│[0m
[38;5;240m│[0m [38;5;245mgates declared / wired    [0m[38;5;179m23 / 8[0m      [38;5;245m15 run only on a Mac[0m                   [38;5;240m│[0m
[38;5;240m├─[0m [38;5;245mANOMALIES   1 blocker  4 high  2 medium[0m [38;5;240m────────────────────────────────────┤[0m
[38;5;240m│[0m [38;5;167m![0m it closed 227.4 hours ago (9.5 days) and no iteration has opened since     [38;5;240m│[0m
[38;5;240m│[0m [38;5;179m![0m they last wrote 0.7 min ago and are doing no-op work (author filed 0, l…   [38;5;240m│[0m
[38;5;240m│[0m [38;5;179m![0m the Queen's board says running 1 right now; the dashboard file is 0.1h …   [38;5;240m│[0m
[38;5;240m│[0m [38;5;179m![0m the volume is 96% used; how much of it the loop owns was not measured t…   [38;5;240m│[0m
[38;5;240m│[0m [38;5;179m![0m that branch is 396 commits behind its own remote and 127 ahead - measur…   [38;5;240m│[0m
[38;5;240m│[0m [38;5;245m●[0m 8 of them appear in a workflow CI will load; 15 run only on a developer…   [38;5;240m│[0m
[38;5;240m│[0m [38;5;245m●[0m 54 untracked source file(s) and 10 modified one(s) exist only on this d…   [38;5;240m│[0m
[38;5;240m╰──────────────────────────────────────────────────────────────────────────────╯[0m
cycle 95: 7 anomalies in 1s
cycle: skipped - lock heal.mjs is running (the lock is not proof on its own)
cycle: skipped - lock feed.mjs is running (the lock is not proof on its own)
cycle: skipped - lock heal.mjs is running (the lock is not proof on its own)
[38;5;240m╭─[0m [38;5;173mTRIOS[0m [1mCONTINUOUS LOOP[0m  [38;5;167m● STOPPED[0m [38;5;240m───────────────────────────────────────────╮[0m
[38;5;240m│[0m [38;5;245mdrawn from a reading      [0m[38;5;245mjust now    [0m[38;5;245m2026-09-15 21:42:23Z[0m                   [38;5;240m│[0m
[38;5;240m├──────────────────────────────────────────────────────────────────────────────┤[0m
[38;5;240m│[0m [38;5;245miteration                 [0m[1m97[0m          [38;5;245mthe CLI that runs the loop was in no…[0m  [38;5;240m│[0m
[38;5;240m│[0m [38;5;245mlast advanced             [0m[38;5;167m9.5d ago[0m    [38;5;245mno driver; last iteration 9.5d ago[0m     [38;5;240m│[0m
[38;5;240m│[0m [38;5;245mdriver (iterations)       [0m[38;5;167mNONE[0m        [38;5;245mnothing schedules an iteration[0m         [38;5;240m│[0m
[38;5;240m│[0m [38;5;245mtimers (housekeeping)     [0m[38;5;71m4 launchd[0m   [38;5;245mheal wrote 5m ago[0m                      [38;5;240m│[0m
[38;5;240m│[0m [38;5;245mlock                      [0m[1mcycle 0m[0m                                           [38;5;240m│[0m
[38;5;240m├─[0m [38;5;245mSWARM   measured just now[0m [38;5;240m──────────────────────────────────────────────────┤[0m
[38;5;240m│[0m [38;5;245mbees running              [0m[38;5;71m1[0m                                                  [38;5;240m│[0m
[38;5;240m│[0m [38;5;245mdispatches finished       [0m[1m594[0m                                                [38;5;240m│[0m
[38;5;240m│[0m [38;5;245mtick refusal              [0m[1mnothing to choose[0m                                  [38;5;240m│[0m
[38;5;240m│[0m [38;5;245mcandidates skipped        [0m[1m448[0m                                                [38;5;240m│[0m
[38;5;240m│[0m [38;5;245m  missing boundary        [0m[38;5;167m238[0m         [38;5;245m53% of all skips[0m                       [38;5;240m│[0m
[38;5;240m│[0m [38;5;245m  claimed by a fence      [0m[1m83[0m                                                 [38;5;240m│[0m
[38;5;240m│[0m [38;5;245m  done but still open     [0m[1m109[0m                                                [38;5;240m│[0m
[38;5;240m│[0m [38;5;245mavailable to a bee        [0m[38;5;245m-[0m           [38;5;245mneeds a deep cycle[0m                     [38;5;240m│[0m
[38;5;240m├─[0m [38;5;245mTREE[0m [38;5;240m───────────────────────────────────────────────────────────────────────┤[0m
[38;5;240m│[0m [38;5;245mbranch                    [0m[38;5;179mfeat/queen-supervisor[0m  [38;5;245mahead 127  behind 396[0m       [38;5;240m│[0m
[38;5;240m│[0m [38;5;245muncommitted source        [0m[38;5;179m10 mod / 54 new[0m  [38;5;245mgenerated files excluded[0m          [38;5;240m│[0m
[38;5;240m│[0m [38;5;245mworktrees                 [0m[1m19[0m                                                 [38;5;240m│[0m
[38;5;240m│[0m [38;5;245mvolume used               [0m[38;5;167m96%[0m         [38;5;245mbees die at 0s when this fills[0m         [38;5;240m│[0m
[38;5;240m│[0m [38;5;245mgates declared / wired    [0m[38;5;179m23 / 8[0m      [38;5;245m15 run only on a Mac[0m                   [38;5;240m│[0m
[38;5;240m├─[0m [38;5;245mANOMALIES   2 blocker  4 high  2 medium[0m [38;5;240m────────────────────────────────────┤[0m
[38;5;240m│[0m [38;5;167m![0m it closed 228.4 hours ago (9.5 days) and no iteration has opened since     [38;5;240m│[0m
[38;5;240m│[0m [38;5;167m![0m 238 of 448 skipped candidates (53%) were refused for missingBoundary - …   [38;5;240m│[0m
[38;5;240m│[0m [38;5;179m![0m they last wrote 4.7 min ago and are doing no-op work (author filed 0, l…   [38;5;240m│[0m
[38;5;240m│[0m [38;5;179m![0m the Queen's board says running 1 right now; the dashboard file is 0.3h …   [38;5;240m│[0m
[38;5;240m│[0m [38;5;179m![0m the volume is 96% used; how much of it the loop owns was not measured t…   [38;5;240m│[0m
[38;5;240m│[0m [38;5;179m![0m that branch is 396 commits behind its own remote and 127 ahead - measur…   [38;5;240m│[0m
[38;5;240m│[0m [38;5;245m●[0m 8 of them appear in a workflow CI will load; 15 run only on a developer…   [38;5;240m│[0m
[38;5;240m│[0m [38;5;245m  +1 more - tri cycle-anomalies[0m                                              [38;5;240m│[0m
[38;5;240m╰──────────────────────────────────────────────────────────────────────────────╯[0m
cycle 97: 8 anomalies in 0.8s
cycle: skipped - lock heal.mjs is running (the lock is not proof on its own)
cycle: skipped - lock heal.mjs is running (the lock is not proof on its own)
[38;5;240m╭─[0m [38;5;173mTRIOS[0m [1mCONTINUOUS LOOP[0m  [38;5;167m● STOPPED[0m [38;5;240m───────────────────────────────────────────╮[0m
[38;5;240m│[0m [38;5;245mdrawn from a reading      [0m[38;5;245mjust now    [0m[38;5;245m2026-09-15 22:27:25Z[0m                   [38;5;240m│[0m
[38;5;240m├──────────────────────────────────────────────────────────────────────────────┤[0m
[38;5;240m│[0m [38;5;245miteration                 [0m[1m97[0m          [38;5;245mthe CLI that runs the loop was in no…[0m  [38;5;240m│[0m
[38;5;240m│[0m [38;5;245mlast advanced             [0m[38;5;167m9.5d ago[0m    [38;5;245mno driver; last iteration 9.5d ago[0m     [38;5;240m│[0m
[38;5;240m│[0m [38;5;245mdriver (iterations)       [0m[38;5;167mNONE[0m        [38;5;245mnothing schedules an iteration[0m         [38;5;240m│[0m
[38;5;240m│[0m [38;5;245mtimers (housekeeping)     [0m[38;5;71m4 launchd[0m   [38;5;245mheal wrote 5m ago[0m                      [38;5;240m│[0m
[38;5;240m│[0m [38;5;245mlock                      [0m[1mcycle 0m[0m                                           [38;5;240m│[0m
[38;5;240m├─[0m [38;5;245mSWARM   measured just now[0m [38;5;240m──────────────────────────────────────────────────┤[0m
[38;5;240m│[0m [38;5;245mbees running              [0m[38;5;71m1[0m                                                  [38;5;240m│[0m
[38;5;240m│[0m [38;5;245mdispatches finished       [0m[1m594[0m                                                [38;5;240m│[0m
[38;5;240m│[0m [38;5;245mtick refusal              [0m[1mDISPATCHED[0m                                         [38;5;240m│[0m
[38;5;240m│[0m [38;5;245mcandidates skipped        [0m[1m448[0m                                                [38;5;240m│[0m
[38;5;240m│[0m [38;5;245m  missing boundary        [0m[38;5;167m238[0m         [38;5;245m53% of all skips[0m                       [38;5;240m│[0m
[38;5;240m│[0m [38;5;245m  claimed by a fence      [0m[1m81[0m                                                 [38;5;240m│[0m
[38;5;240m│[0m [38;5;245m  done but still open     [0m[1m110[0m                                                [38;5;240m│[0m
[38;5;240m│[0m [38;5;245mavailable to a bee        [0m[38;5;245m-[0m           [38;5;245mneeds a deep cycle[0m                     [38;5;240m│[0m
[38;5;240m├─[0m [38;5;245mTREE[0m [38;5;240m───────────────────────────────────────────────────────────────────────┤[0m
[38;5;240m│[0m [38;5;245mbranch                    [0m[38;5;179mfeat/queen-supervisor[0m  [38;5;245mahead 127  behind 396[0m       [38;5;240m│[0m
[38;5;240m│[0m [38;5;245muncommitted source        [0m[38;5;179m10 mod / 54 new[0m  [38;5;245mgenerated files excluded[0m          [38;5;240m│[0m
[38;5;240m│[0m [38;5;245mworktrees                 [0m[1m19[0m                                                 [38;5;240m│[0m
[38;5;240m│[0m [38;5;245mvolume used               [0m[38;5;167m96%[0m         [38;5;245mbees die at 0s when this fills[0m         [38;5;240m│[0m
[38;5;240m│[0m [38;5;245mgates declared / wired    [0m[38;5;179m23 / 8[0m      [38;5;245m15 run only on a Mac[0m                   [38;5;240m│[0m
[38;5;240m├─[0m [38;5;245mANOMALIES   1 blocker  4 high  2 medium[0m [38;5;240m────────────────────────────────────┤[0m
[38;5;240m│[0m [38;5;167m![0m it closed 229.1 hours ago (9.5 days) and no iteration has opened since     [38;5;240m│[0m
[38;5;240m│[0m [38;5;179m![0m they last wrote 5.4 min ago and are doing no-op work (author filed 0, l…   [38;5;240m│[0m
[38;5;240m│[0m [38;5;179m![0m the Queen's board says running 1 right now; the dashboard file is 0.2h …   [38;5;240m│[0m
[38;5;240m│[0m [38;5;179m![0m the volume is 96% used; how much of it the loop owns was not measured t…   [38;5;240m│[0m
[38;5;240m│[0m [38;5;179m![0m that branch is 396 commits behind its own remote and 127 ahead - measur…   [38;5;240m│[0m
[38;5;240m│[0m [38;5;245m●[0m 8 of them appear in a workflow CI will load; 15 run only on a developer…   [38;5;240m│[0m
[38;5;240m│[0m [38;5;245m●[0m 54 untracked source file(s) and 10 modified one(s) exist only on this d…   [38;5;240m│[0m
[38;5;240m╰──────────────────────────────────────────────────────────────────────────────╯[0m
cycle 98: 7 anomalies in 1.2s
cycle: skipped - lock heal.mjs is running (the lock is not proof on its own)
[38;5;240m╭─[0m [38;5;173mTRIOS[0m [1mCONTINUOUS LOOP[0m  [38;5;167m● STOPPED[0m [38;5;240m───────────────────────────────────────────╮[0m
[38;5;240m│[0m [38;5;245mdrawn from a reading      [0m[38;5;245mjust now    [0m[38;5;245m2026-09-15 22:57:27Z[0m                   [38;5;240m│[0m
[38;5;240m├──────────────────────────────────────────────────────────────────────────────┤[0m
[38;5;240m│[0m [38;5;245miteration                 [0m[1m97[0m          [38;5;245mthe CLI that runs the loop was in no…[0m  [38;5;240m│[0m
[38;5;240m│[0m [38;5;245mlast advanced             [0m[38;5;167m9.6d ago[0m    [38;5;245mno driver; last iteration 9.6d ago[0m     [38;5;240m│[0m
[38;5;240m│[0m [38;5;245mdriver (iterations)       [0m[38;5;167mNONE[0m        [38;5;245mnothing schedules an iteration[0m         [38;5;240m│[0m
[38;5;240m│[0m [38;5;245mtimers (housekeeping)     [0m[38;5;71m4 launchd[0m   [38;5;245mheal wrote 2m ago[0m                      [38;5;240m│[0m
[38;5;240m│[0m [38;5;245mlock                      [0m[1mcycle 0m[0m                                           [38;5;240m│[0m
[38;5;240m├─[0m [38;5;245mSWARM   measured just now[0m [38;5;240m──────────────────────────────────────────────────┤[0m
[38;5;240m│[0m [38;5;245mbees running              [0m[38;5;71m1[0m                                                  [38;5;240m│[0m
[38;5;240m│[0m [38;5;245mdispatches finished       [0m[1m594[0m                                                [38;5;240m│[0m
[38;5;240m│[0m [38;5;245mtick refusal              [0m[1mDISPATCHED[0m                                         [38;5;240m│[0m
[38;5;240m│[0m [38;5;245mcandidates skipped        [0m[1m448[0m                                                [38;5;240m│[0m
[38;5;240m│[0m [38;5;245m  missing boundary        [0m[38;5;167m238[0m         [38;5;245m53% of all skips[0m                       [38;5;240m│[0m
[38;5;240m│[0m [38;5;245m  claimed by a fence      [0m[1m80[0m                                                 [38;5;240m│[0m
[38;5;240m│[0m [38;5;245m  done but still open     [0m[1m111[0m                                                [38;5;240m│[0m
[38;5;240m│[0m [38;5;245mavailable to a bee        [0m[38;5;245m-[0m           [38;5;245mneeds a deep cycle[0m                     [38;5;240m│[0m
[38;5;240m├─[0m [38;5;245mTREE[0m [38;5;240m───────────────────────────────────────────────────────────────────────┤[0m
[38;5;240m│[0m [38;5;245mbranch                    [0m[38;5;179mfeat/queen-supervisor[0m  [38;5;245mahead 127  behind 396[0m       [38;5;240m│[0m
[38;5;240m│[0m [38;5;245muncommitted source        [0m[38;5;179m10 mod / 56 new[0m  [38;5;245mgenerated files excluded[0m          [38;5;240m│[0m
[38;5;240m│[0m [38;5;245mworktrees                 [0m[1m19[0m                                                 [38;5;240m│[0m
[38;5;240m│[0m [38;5;245mvolume used               [0m[38;5;167m96%[0m         [38;5;245mbees die at 0s when this fills[0m         [38;5;240m│[0m
[38;5;240m│[0m [38;5;245mgates declared / wired    [0m[38;5;179m23 / 8[0m      [38;5;245m15 run only on a Mac[0m                   [38;5;240m│[0m
[38;5;240m├─[0m [38;5;245mANOMALIES   1 blocker  4 high  2 medium[0m [38;5;240m────────────────────────────────────┤[0m
[38;5;240m│[0m [38;5;167m![0m it closed 229.6 hours ago (9.6 days) and no iteration has opened since     [38;5;240m│[0m
[38;5;240m│[0m [38;5;179m![0m they last wrote 2.3 min ago and are doing no-op work (author filed 0, l…   [38;5;240m│[0m
[38;5;240m│[0m [38;5;179m![0m the Queen's board says running 1 right now; the dashboard file is 0.3h …   [38;5;240m│[0m
[38;5;240m│[0m [38;5;179m![0m the volume is 96% used; how much of it the loop owns was not measured t…   [38;5;240m│[0m
[38;5;240m│[0m [38;5;179m![0m that branch is 396 commits behind its own remote and 127 ahead - measur…   [38;5;240m│[0m
[38;5;240m│[0m [38;5;245m●[0m 8 of them appear in a workflow CI will load; 15 run only on a developer…   [38;5;240m│[0m
[38;5;240m│[0m [38;5;245m●[0m 56 untracked source file(s) and 10 modified one(s) exist only on this d…   [38;5;240m│[0m
[38;5;240m╰──────────────────────────────────────────────────────────────────────────────╯[0m
cycle 99: 7 anomalies in 0.8s
cycle: skipped - lock heal.mjs is running (the lock is not proof on its own)
cycle: skipped - lock heal.mjs is running (the lock is not proof on its own)
[38;5;240m╭─[0m [38;5;173mTRIOS[0m [1mCONTINUOUS LOOP[0m  [38;5;167m● STOPPED[0m [38;5;240m───────────────────────────────────────────╮[0m
[38;5;240m│[0m [38;5;245mdrawn from a reading      [0m[38;5;245mjust now    [0m[38;5;245m2026-09-15 23:42:29Z[0m                   [38;5;240m│[0m
[38;5;240m├──────────────────────────────────────────────────────────────────────────────┤[0m
[38;5;240m│[0m [38;5;245miteration                 [0m[1m97[0m          [38;5;245mthe CLI that runs the loop was in no…[0m  [38;5;240m│[0m
[38;5;240m│[0m [38;5;245mlast advanced             [0m[38;5;167m9.6d ago[0m    [38;5;245mno driver; last iteration 9.6d ago[0m     [38;5;240m│[0m
[38;5;240m│[0m [38;5;245mdriver (iterations)       [0m[38;5;167mNONE[0m        [38;5;245mnothing schedules an iteration[0m         [38;5;240m│[0m
[38;5;240m│[0m [38;5;245mtimers (housekeeping)     [0m[38;5;71m4 launchd[0m   [38;5;245mheal wrote 3m ago[0m                      [38;5;240m│[0m
[38;5;240m│[0m [38;5;245mlock                      [0m[1mcycle 0m[0m                                           [38;5;240m│[0m
[38;5;240m├─[0m [38;5;245mSWARM   measured just now[0m [38;5;240m──────────────────────────────────────────────────┤[0m
[38;5;240m│[0m [38;5;245mbees running              [0m[38;5;71m2[0m                                                  [38;5;240m│[0m
[38;5;240m│[0m [38;5;245mdispatches finished       [0m[1m593[0m                                                [38;5;240m│[0m
[38;5;240m│[0m [38;5;245mtick refusal              [0m[1mnothing to choose[0m                                  [38;5;240m│[0m
[38;5;240m│[0m [38;5;245mcandidates skipped        [0m[1m448[0m                                                [38;5;240m│[0m
[38;5;240m│[0m [38;5;245m  missing boundary        [0m[38;5;167m238[0m         [38;5;245m53% of all skips[0m                       [38;5;240m│[0m
[38;5;240m│[0m [38;5;245m  claimed by a fence      [0m[1m72[0m                                                 [38;5;240m│[0m
[38;5;240m│[0m [38;5;245m  done but still open     [0m[1m120[0m                                                [38;5;240m│[0m
[38;5;240m│[0m [38;5;245mavailable to a bee        [0m[38;5;245m-[0m           [38;5;245mneeds a deep cycle[0m                     [38;5;240m│[0m
[38;5;240m│[0m [38;5;245mwindow with no bee        [0m[38;5;71m35%[0m                                                [38;5;240m│[0m
[38;5;240m│[0m [38;5;245mrounds failed             [0m[38;5;245m-[0m                                                  [38;5;240m│[0m
[38;5;240m├─[0m [38;5;245mTREE[0m [38;5;240m───────────────────────────────────────────────────────────────────────┤[0m
[38;5;240m│[0m [38;5;245mbranch                    [0m[38;5;179mfeat/queen-supervisor[0m  [38;5;245mahead 127  behind 396[0m       [38;5;240m│[0m
[38;5;240m│[0m [38;5;245muncommitted source        [0m[38;5;179m10 mod / 56 new[0m  [38;5;245mgenerated files excluded[0m          [38;5;240m│[0m
[38;5;240m│[0m [38;5;245mworktrees                 [0m[1m19[0m                                                 [38;5;240m│[0m
[38;5;240m│[0m [38;5;245mvolume used               [0m[38;5;167m96%[0m         [38;5;245mbees die at 0s when this fills[0m         [38;5;240m│[0m
[38;5;240m│[0m [38;5;245mgates declared / wired    [0m[38;5;179m23 / 8[0m      [38;5;245m15 run only on a Mac[0m                   [38;5;240m│[0m
[38;5;240m├─[0m [38;5;245mANOMALIES   2 blocker  4 high  2 medium[0m [38;5;240m────────────────────────────────────┤[0m
[38;5;240m│[0m [38;5;167m![0m it closed 230.4 hours ago (9.6 days) and no iteration has opened since     [38;5;240m│[0m
[38;5;240m│[0m [38;5;167m![0m 238 of 448 skipped candidates (53%) were refused for missingBoundary - …   [38;5;240m│[0m
[38;5;240m│[0m [38;5;179m![0m they last wrote 2.8 min ago and are doing no-op work (author filed 0, l…   [38;5;240m│[0m
[38;5;240m│[0m [38;5;179m![0m the Queen's board says running 2 right now; the dashboard file is 0.1h …   [38;5;240m│[0m
[38;5;240m│[0m [38;5;179m![0m the volume is 96% used; the loop's own worktrees are 2.5G of that, 0.6%…   [38;5;240m│[0m
[38;5;240m│[0m [38;5;179m![0m that branch is 396 commits behind its own remote and 127 ahead - measur…   [38;5;240m│[0m
[38;5;240m│[0m [38;5;245m●[0m 8 of them appear in a workflow CI will load; 15 run only on a developer…   [38;5;240m│[0m
[38;5;240m│[0m [38;5;245m  +1 more - tri cycle-anomalies[0m                                              [38;5;240m│[0m
[38;5;240m╰──────────────────────────────────────────────────────────────────────────────╯[0m
cycle 100: 8 anomalies in 15.9s
cycle: skipped - lock heal.mjs is running (the lock is not proof on its own)
cycle: skipped - lock feed.mjs is running (the lock is not proof on its own)
cycle: skipped - lock heal.mjs is running (the lock is not proof on its own)
[38;5;240m╭─[0m [38;5;173mTRIOS[0m [1mCONTINUOUS LOOP[0m  [38;5;167m● STOPPED[0m [38;5;240m───────────────────────────────────────────╮[0m
[38;5;240m│[0m [38;5;245mdrawn from a reading      [0m[38;5;245mjust now    [0m[38;5;245m2026-09-16 00:42:46Z[0m                   [38;5;240m│[0m
[38;5;240m├──────────────────────────────────────────────────────────────────────────────┤[0m
[38;5;240m│[0m [38;5;245miteration                 [0m[1m97[0m          [38;5;245mthe CLI that runs the loop was in no…[0m  [38;5;240m│[0m
[38;5;240m│[0m [38;5;245mlast advanced             [0m[38;5;167m9.6d ago[0m    [38;5;245mno driver; last iteration 9.6d ago[0m     [38;5;240m│[0m
[38;5;240m│[0m [38;5;245mdriver (iterations)       [0m[38;5;167mNONE[0m        [38;5;245mnothing schedules an iteration[0m         [38;5;240m│[0m
[38;5;240m│[0m [38;5;245mtimers (housekeeping)     [0m[38;5;71m4 launchd[0m   [38;5;245mheal wrote 8m ago[0m                      [38;5;240m│[0m
[38;5;240m│[0m [38;5;245mlock                      [0m[1mcycle 0m[0m                                           [38;5;240m│[0m
[38;5;240m├─[0m [38;5;245mSWARM   measured just now[0m [38;5;240m──────────────────────────────────────────────────┤[0m
[38;5;240m│[0m [38;5;245mbees running              [0m[38;5;71m2[0m                                                  [38;5;240m│[0m
[38;5;240m│[0m [38;5;245mdispatches finished       [0m[1m593[0m                                                [38;5;240m│[0m
[38;5;240m│[0m [38;5;245mtick refusal              [0m[1mnothing to choose[0m                                  [38;5;240m│[0m
[38;5;240m│[0m [38;5;245mcandidates skipped        [0m[1m448[0m                                                [38;5;240m│[0m
[38;5;240m│[0m [38;5;245m  missing boundary        [0m[38;5;167m238[0m         [38;5;245m53% of all skips[0m                       [38;5;240m│[0m
[38;5;240m│[0m [38;5;245m  claimed by a fence      [0m[1m70[0m                                                 [38;5;240m│[0m
[38;5;240m│[0m [38;5;245m  done but still open     [0m[1m122[0m                                                [38;5;240m│[0m
[38;5;240m│[0m [38;5;245mavailable to a bee        [0m[38;5;245m-[0m           [38;5;245mneeds a deep cycle[0m                     [38;5;240m│[0m
[38;5;240m├─[0m [38;5;245mTREE[0m [38;5;240m───────────────────────────────────────────────────────────────────────┤[0m
[38;5;240m│[0m [38;5;245mbranch                    [0m[38;5;179mfeat/queen-supervisor[0m  [38;5;245mahead 127  behind 396[0m       [38;5;240m│[0m
[38;5;240m│[0m [38;5;245muncommitted source        [0m[38;5;179m10 mod / 56 new[0m  [38;5;245mgenerated files excluded[0m          [38;5;240m│[0m
[38;5;240m│[0m [38;5;245mworktrees                 [0m[1m19[0m                                                 [38;5;240m│[0m
[38;5;240m│[0m [38;5;245mvolume used               [0m[38;5;167m97%[0m         [38;5;245mbees die at 0s when this fills[0m         [38;5;240m│[0m
[38;5;240m│[0m [38;5;245mgates declared / wired    [0m[38;5;179m23 / 8[0m      [38;5;245m15 run only on a Mac[0m                   [38;5;240m│[0m
[38;5;240m├─[0m [38;5;245mANOMALIES   2 blocker  4 high  2 medium[0m [38;5;240m────────────────────────────────────┤[0m
[38;5;240m│[0m [38;5;167m![0m it closed 231.4 hours ago (9.6 days) and no iteration has opened since     [38;5;240m│[0m
[38;5;240m│[0m [38;5;167m![0m 238 of 448 skipped candidates (53%) were refused for missingBoundary - …   [38;5;240m│[0m
[38;5;240m│[0m [38;5;179m![0m they last wrote 7.6 min ago and are doing no-op work (author filed 0, l…   [38;5;240m│[0m
[38;5;240m│[0m [38;5;179m![0m the Queen's board says running 2 right now; the dashboard file is 0.2h …   [38;5;240m│[0m
[38;5;240m│[0m [38;5;179m![0m the volume is 97% used; how much of it the loop owns was not measured t…   [38;5;240m│[0m
[38;5;240m│[0m [38;5;179m![0m that branch is 396 commits behind its own remote and 127 ahead - measur…   [38;5;240m│[0m
[38;5;240m│[0m [38;5;245m●[0m 8 of them appear in a workflow CI will load; 15 run only on a developer…   [38;5;240m│[0m
[38;5;240m│[0m [38;5;245m  +1 more - tri cycle-anomalies[0m                                              [38;5;240m│[0m
[38;5;240m╰──────────────────────────────────────────────────────────────────────────────╯[0m
cycle 102: 8 anomalies in 0.9s
cycle: skipped - lock feed.mjs is running (the lock is not proof on its own)
cycle: skipped - lock heal.mjs is running (the lock is not proof on its own)
[38;5;240m╭─[0m [38;5;173mTRIOS[0m [1mCONTINUOUS LOOP[0m  [38;5;167m● STOPPED[0m [38;5;240m───────────────────────────────────────────╮[0m
[38;5;240m│[0m [38;5;245mdrawn from a reading      [0m[38;5;245mjust now    [0m[38;5;245m2026-09-16 01:27:48Z[0m                   [38;5;240m│[0m
[38;5;240m├──────────────────────────────────────────────────────────────────────────────┤[0m
[38;5;240m│[0m [38;5;245miteration                 [0m[1m97[0m          [38;5;245mthe CLI that runs the loop was in no…[0m  [38;5;240m│[0m
[38;5;240m│[0m [38;5;245mlast advanced             [0m[38;5;167m9.7d ago[0m    [38;5;245mno driver; last iteration 9.7d ago[0m     [38;5;240m│[0m
[38;5;240m│[0m [38;5;245mdriver (iterations)       [0m[38;5;167mNONE[0m        [38;5;245mnothing schedules an iteration[0m         [38;5;240m│[0m
[38;5;240m│[0m [38;5;245mtimers (housekeeping)     [0m[38;5;71m4 launchd[0m   [38;5;245mheal wrote 7m ago[0m                      [38;5;240m│[0m
[38;5;240m│[0m [38;5;245mlock                      [0m[1mcycle 0m[0m                                           [38;5;240m│[0m
[38;5;240m├─[0m [38;5;245mSWARM   measured just now[0m [38;5;240m──────────────────────────────────────────────────┤[0m
[38;5;240m│[0m [38;5;245mbees running              [0m[38;5;71m2[0m                                                  [38;5;240m│[0m
[38;5;240m│[0m [38;5;245mdispatches finished       [0m[1m593[0m                                                [38;5;240m│[0m
[38;5;240m│[0m [38;5;245mtick refusal              [0m[1mnothing to choose[0m                                  [38;5;240m│[0m
[38;5;240m│[0m [38;5;245mcandidates skipped        [0m[1m448[0m                                                [38;5;240m│[0m
[38;5;240m│[0m [38;5;245m  missing boundary        [0m[38;5;167m238[0m         [38;5;245m53% of all skips[0m                       [38;5;240m│[0m
[38;5;240m│[0m [38;5;245m  claimed by a fence      [0m[1m68[0m                                                 [38;5;240m│[0m
[38;5;240m│[0m [38;5;245m  done but still open     [0m[1m124[0m                                                [38;5;240m│[0m
[38;5;240m│[0m [38;5;245mavailable to a bee        [0m[38;5;245m-[0m           [38;5;245mneeds a deep cycle[0m                     [38;5;240m│[0m
[38;5;240m├─[0m [38;5;245mTREE[0m [38;5;240m───────────────────────────────────────────────────────────────────────┤[0m
[38;5;240m│[0m [38;5;245mbranch                    [0m[38;5;179mfeat/queen-supervisor[0m  [38;5;245mahead 127  behind 396[0m       [38;5;240m│[0m
[38;5;240m│[0m [38;5;245muncommitted source        [0m[38;5;179m10 mod / 56 new[0m  [38;5;245mgenerated files excluded[0m          [38;5;240m│[0m
[38;5;240m│[0m [38;5;245mworktrees                 [0m[1m19[0m                                                 [38;5;240m│[0m
[38;5;240m│[0m [38;5;245mvolume used               [0m[38;5;167m97%[0m         [38;5;245mbees die at 0s when this fills[0m         [38;5;240m│[0m
[38;5;240m│[0m [38;5;245mgates declared / wired    [0m[38;5;179m23 / 8[0m      [38;5;245m15 run only on a Mac[0m                   [38;5;240m│[0m
[38;5;240m├─[0m [38;5;245mANOMALIES   2 blocker  4 high  2 medium[0m [38;5;240m────────────────────────────────────┤[0m
[38;5;240m│[0m [38;5;167m![0m it closed 232.1 hours ago (9.7 days) and no iteration has opened since     [38;5;240m│[0m
[38;5;240m│[0m [38;5;167m![0m 238 of 448 skipped candidates (53%) were refused for missingBoundary - …   [38;5;240m│[0m
[38;5;240m│[0m [38;5;179m![0m they last wrote 7.4 min ago and are doing no-op work (author filed 0, l…   [38;5;240m│[0m
[38;5;240m│[0m [38;5;179m![0m the Queen's board says running 2 right now; the dashboard file is 0.2h …   [38;5;240m│[0m
[38;5;240m│[0m [38;5;179m![0m the volume is 97% used; how much of it the loop owns was not measured t…   [38;5;240m│[0m
[38;5;240m│[0m [38;5;179m![0m that branch is 396 commits behind its own remote and 127 ahead - measur…   [38;5;240m│[0m
[38;5;240m│[0m [38;5;245m●[0m 8 of them appear in a workflow CI will load; 15 run only on a developer…   [38;5;240m│[0m
[38;5;240m│[0m [38;5;245m  +1 more - tri cycle-anomalies[0m                                              [38;5;240m│[0m
[38;5;240m╰──────────────────────────────────────────────────────────────────────────────╯[0m
cycle 103: 8 anomalies in 0.9s
cycle: skipped - lock heal.mjs is running (the lock is not proof on its own)
cycle: skipped - lock heal.mjs is running (the lock is not proof on its own)
cycle: skipped - lock feed.mjs is running (the lock is not proof on its own)
cycle: skipped - lock heal.mjs is running (the lock is not proof on its own)
cycle: skipped - lock heal.mjs is running (the lock is not proof on its own)
cycle: skipped - lock feed.mjs is running (the lock is not proof on its own)
cycle: skipped - lock heal.mjs is running (the lock is not proof on its own)
cycle: skipped - lock heal.mjs is running (the lock is not proof on its own)
[38;5;240m╭─[0m [38;5;173mTRIOS[0m [1mCONTINUOUS LOOP[0m  [38;5;167m● STOPPED[0m [38;5;240m───────────────────────────────────────────╮[0m
[38;5;240m│[0m [38;5;245mdrawn from a reading      [0m[38;5;245mjust now    [0m[38;5;245m2026-09-16 03:42:52Z[0m                   [38;5;240m│[0m
[38;5;240m├──────────────────────────────────────────────────────────────────────────────┤[0m
[38;5;240m│[0m [38;5;245miteration                 [0m[1m97[0m          [38;5;245mthe CLI that runs the loop was in no…[0m  [38;5;240m│[0m
[38;5;240m│[0m [38;5;245mlast advanced             [0m[38;5;167m9.8d ago[0m    [38;5;245mno driver; last iteration 9.8d ago[0m     [38;5;240m│[0m
[38;5;240m│[0m [38;5;245mdriver (iterations)       [0m[38;5;167mNONE[0m        [38;5;245mnothing schedules an iteration[0m         [38;5;240m│[0m
[38;5;240m│[0m [38;5;245mtimers (housekeeping)     [0m[38;5;71m4 launchd[0m   [38;5;245mheal wrote 7m ago[0m                      [38;5;240m│[0m
[38;5;240m│[0m [38;5;245mlock                      [0m[1mcycle 0m[0m                                           [38;5;240m│[0m
[38;5;240m├─[0m [38;5;245mSWARM   measured just now[0m [38;5;240m──────────────────────────────────────────────────┤[0m
[38;5;240m│[0m [38;5;245mbees running              [0m[38;5;71m1[0m                                                  [38;5;240m│[0m
[38;5;240m│[0m [38;5;245mdispatches finished       [0m[1m594[0m                                                [38;5;240m│[0m
[38;5;240m│[0m [38;5;245mtick refusal              [0m[1mnothing to choose[0m                                  [38;5;240m│[0m
[38;5;240m│[0m [38;5;245mcandidates skipped        [0m[1m448[0m                                                [38;5;240m│[0m
[38;5;240m│[0m [38;5;245m  missing boundary        [0m[38;5;167m238[0m         [38;5;245m53% of all skips[0m                       [38;5;240m│[0m
[38;5;240m│[0m [38;5;245m  claimed by a fence      [0m[1m63[0m                                                 [38;5;240m│[0m
[38;5;240m│[0m [38;5;245m  done but still open     [0m[1m129[0m                                                [38;5;240m│[0m
[38;5;240m│[0m [38;5;245mavailable to a bee        [0m[38;5;245m-[0m           [38;5;245mneeds a deep cycle[0m                     [38;5;240m│[0m
[38;5;240m├─[0m [38;5;245mTREE[0m [38;5;240m───────────────────────────────────────────────────────────────────────┤[0m
[38;5;240m│[0m [38;5;245mbranch                    [0m[38;5;179mfeat/queen-supervisor[0m  [38;5;245mahead 127  behind 396[0m       [38;5;240m│[0m
[38;5;240m│[0m [38;5;245muncommitted source        [0m[38;5;179m10 mod / 62 new[0m  [38;5;245mgenerated files excluded[0m          [38;5;240m│[0m
[38;5;240m│[0m [38;5;245mworktrees                 [0m[1m19[0m                                                 [38;5;240m│[0m
[38;5;240m│[0m [38;5;245mvolume used               [0m[38;5;167m96%[0m         [38;5;245mbees die at 0s when this fills[0m         [38;5;240m│[0m
[38;5;240m│[0m [38;5;245mgates declared / wired    [0m[38;5;179m23 / 8[0m      [38;5;245m15 run only on a Mac[0m                   [38;5;240m│[0m
[38;5;240m├─[0m [38;5;245mANOMALIES   2 blocker  3 high  2 medium[0m [38;5;240m────────────────────────────────────┤[0m
[38;5;240m│[0m [38;5;167m![0m it closed 234.4 hours ago (9.8 days) and no iteration has opened since     [38;5;240m│[0m
[38;5;240m│[0m [38;5;167m![0m 238 of 448 skipped candidates (53%) were refused for missingBoundary - …   [38;5;240m│[0m
[38;5;240m│[0m [38;5;179m![0m they last wrote 7.3 min ago and are doing no-op work (author filed 0, l…   [38;5;240m│[0m
[38;5;240m│[0m [38;5;179m![0m the volume is 96% used; how much of it the loop owns was not measured t…   [38;5;240m│[0m
[38;5;240m│[0m [38;5;179m![0m that branch is 396 commits behind its own remote and 127 ahead - measur…   [38;5;240m│[0m
[38;5;240m│[0m [38;5;245m●[0m 8 of them appear in a workflow CI will load; 15 run only on a developer…   [38;5;240m│[0m
[38;5;240m│[0m [38;5;245m●[0m 62 untracked source file(s) and 10 modified one(s) exist only on this d…   [38;5;240m│[0m
[38;5;240m╰──────────────────────────────────────────────────────────────────────────────╯[0m
cycle 106: 7 anomalies in 0.8s
cycle: skipped - lock heal.mjs is running (the lock is not proof on its own)
cycle: skipped - lock heal.mjs is running (the lock is not proof on its own)
[38;5;240m╭─[0m [38;5;173mTRIOS[0m [1mCONTINUOUS LOOP[0m  [38;5;167m● STOPPED[0m [38;5;240m───────────────────────────────────────────╮[0m
[38;5;240m│[0m [38;5;245mdrawn from a reading      [0m[38;5;245mjust now    [0m[38;5;245m2026-09-16 04:27:54Z[0m                   [38;5;240m│[0m
[38;5;240m├──────────────────────────────────────────────────────────────────────────────┤[0m
[38;5;240m│[0m [38;5;245miteration                 [0m[1m97[0m          [38;5;245mthe CLI that runs the loop was in no…[0m  [38;5;240m│[0m
[38;5;240m│[0m [38;5;245mlast advanced             [0m[38;5;167m9.8d ago[0m    [38;5;245mno driver; last iteration 9.8d ago[0m     [38;5;240m│[0m
[38;5;240m│[0m [38;5;245mdriver (iterations)       [0m[38;5;167mNONE[0m        [38;5;245mnothing schedules an iteration[0m         [38;5;240m│[0m
[38;5;240m│[0m [38;5;245mtimers (housekeeping)     [0m[38;5;71m4 launchd[0m   [38;5;245mheal wrote 7m ago[0m                      [38;5;240m│[0m
[38;5;240m│[0m [38;5;245mlock                      [0m[1mcycle 0m[0m                                           [38;5;240m│[0m
[38;5;240m├─[0m [38;5;245mSWARM   measured just now[0m [38;5;240m──────────────────────────────────────────────────┤[0m
[38;5;240m│[0m [38;5;245mbees running              [0m[38;5;167m0[0m           [38;5;245mnothing is being worked on[0m             [38;5;240m│[0m
[38;5;240m│[0m [38;5;245mdispatches finished       [0m[1m595[0m                                                [38;5;240m│[0m
[38;5;240m│[0m [38;5;245mtick refusal              [0m[1mnothing to choose[0m                                  [38;5;240m│[0m
[38;5;240m│[0m [38;5;245mcandidates skipped        [0m[1m448[0m                                                [38;5;240m│[0m
[38;5;240m│[0m [38;5;245m  missing boundary        [0m[38;5;167m238[0m         [38;5;245m53% of all skips[0m                       [38;5;240m│[0m
[38;5;240m│[0m [38;5;245m  claimed by a fence      [0m[1m63[0m                                                 [38;5;240m│[0m
[38;5;240m│[0m [38;5;245m  done but still open     [0m[1m129[0m                                                [38;5;240m│[0m
[38;5;240m│[0m [38;5;245mavailable to a bee        [0m[38;5;245m-[0m           [38;5;245mneeds a deep cycle[0m                     [38;5;240m│[0m
[38;5;240m├─[0m [38;5;245mTREE[0m [38;5;240m───────────────────────────────────────────────────────────────────────┤[0m
[38;5;240m│[0m [38;5;245mbranch                    [0m[38;5;179mfeat/queen-supervisor[0m  [38;5;245mahead 127  behind 396[0m       [38;5;240m│[0m
[38;5;240m│[0m [38;5;245muncommitted source        [0m[38;5;179m10 mod / 62 new[0m  [38;5;245mgenerated files excluded[0m          [38;5;240m│[0m
[38;5;240m│[0m [38;5;245mworktrees                 [0m[1m19[0m                                                 [38;5;240m│[0m
[38;5;240m│[0m [38;5;245mvolume used               [0m[38;5;167m97%[0m         [38;5;245mbees die at 0s when this fills[0m         [38;5;240m│[0m
[38;5;240m│[0m [38;5;245mgates declared / wired    [0m[38;5;179m23 / 8[0m      [38;5;245m15 run only on a Mac[0m                   [38;5;240m│[0m
[38;5;240m├─[0m [38;5;245mANOMALIES   2 blocker  3 high  2 medium[0m [38;5;240m────────────────────────────────────┤[0m
[38;5;240m│[0m [38;5;167m![0m it closed 235.1 hours ago (9.8 days) and no iteration has opened since     [38;5;240m│[0m
[38;5;240m│[0m [38;5;167m![0m 238 of 448 skipped candidates (53%) were refused for missingBoundary - …   [38;5;240m│[0m
[38;5;240m│[0m [38;5;179m![0m they last wrote 7.2 min ago and are doing no-op work (author filed 0, l…   [38;5;240m│[0m
[38;5;240m│[0m [38;5;179m![0m the volume is 97% used; how much of it the loop owns was not measured t…   [38;5;240m│[0m
[38;5;240m│[0m [38;5;179m![0m that branch is 396 commits behind its own remote and 127 ahead - measur…   [38;5;240m│[0m
[38;5;240m│[0m [38;5;245m●[0m 8 of them appear in a workflow CI will load; 15 run only on a developer…   [38;5;240m│[0m
[38;5;240m│[0m [38;5;245m●[0m 62 untracked source file(s) and 10 modified one(s) exist only on this d…   [38;5;240m│[0m
[38;5;240m╰──────────────────────────────────────────────────────────────────────────────╯[0m
cycle 107: 7 anomalies in 0.9s
[38;5;240m╭─[0m [38;5;173mTRIOS[0m [1mCONTINUOUS LOOP[0m  [38;5;167m● STOPPED[0m [38;5;240m───────────────────────────────────────────╮[0m
[38;5;240m│[0m [38;5;245mdrawn from a reading      [0m[38;5;245mjust now    [0m[38;5;245m2026-09-16 04:42:55Z[0m                   [38;5;240m│[0m
[38;5;240m├──────────────────────────────────────────────────────────────────────────────┤[0m
[38;5;240m│[0m [38;5;245miteration                 [0m[1m97[0m          [38;5;245mthe CLI that runs the loop was in no…[0m  [38;5;240m│[0m
[38;5;240m│[0m [38;5;245mlast advanced             [0m[38;5;167m9.8d ago[0m    [38;5;245mno driver; last iteration 9.8d ago[0m     [38;5;240m│[0m
[38;5;240m│[0m [38;5;245mdriver (iterations)       [0m[38;5;167mNONE[0m        [38;5;245mnothing schedules an iteration[0m         [38;5;240m│[0m
[38;5;240m│[0m [38;5;245mtimers (housekeeping)     [0m[38;5;71m4 launchd[0m   [38;5;245mheal wrote just now[0m                    [38;5;240m│[0m
[38;5;240m│[0m [38;5;245mlock                      [0m[1mcycle 0m[0m                                           [38;5;240m│[0m
[38;5;240m├─[0m [38;5;245mSWARM   measured just now[0m [38;5;240m──────────────────────────────────────────────────┤[0m
[38;5;240m│[0m [38;5;245mbees running              [0m[38;5;71m2[0m                                                  [38;5;240m│[0m
[38;5;240m│[0m [38;5;245mdispatches finished       [0m[1m593[0m                                                [38;5;240m│[0m
[38;5;240m│[0m [38;5;245mtick refusal              [0m[1mnothing to choose[0m                                  [38;5;240m│[0m
[38;5;240m│[0m [38;5;245mcandidates skipped        [0m[1m448[0m                                                [38;5;240m│[0m
[38;5;240m│[0m [38;5;245m  missing boundary        [0m[38;5;167m238[0m         [38;5;245m53% of all skips[0m                       [38;5;240m│[0m
[38;5;240m│[0m [38;5;245m  claimed by a fence      [0m[1m63[0m                                                 [38;5;240m│[0m
[38;5;240m│[0m [38;5;245m  done but still open     [0m[1m129[0m                                                [38;5;240m│[0m
[38;5;240m│[0m [38;5;245mavailable to a bee        [0m[38;5;245m-[0m           [38;5;245mneeds a deep cycle[0m                     [38;5;240m│[0m
[38;5;240m│[0m [38;5;245mwindow with no bee        [0m[38;5;71m22%[0m                                                [38;5;240m│[0m
[38;5;240m│[0m [38;5;245mrounds failed             [0m[38;5;245m-[0m                                                  [38;5;240m│[0m
[38;5;240m├─[0m [38;5;245mTREE[0m [38;5;240m───────────────────────────────────────────────────────────────────────┤[0m
[38;5;240m│[0m [38;5;245mbranch                    [0m[38;5;179mfeat/queen-supervisor[0m  [38;5;245mahead 127  behind 396[0m       [38;5;240m│[0m
[38;5;240m│[0m [38;5;245muncommitted source        [0m[38;5;179m10 mod / 62 new[0m  [38;5;245mgenerated files excluded[0m          [38;5;240m│[0m
[38;5;240m│[0m [38;5;245mworktrees                 [0m[1m19[0m                                                 [38;5;240m│[0m
[38;5;240m│[0m [38;5;245mvolume used               [0m[38;5;167m97%[0m         [38;5;245mbees die at 0s when this fills[0m         [38;5;240m│[0m
[38;5;240m│[0m [38;5;245mgates declared / wired    [0m[38;5;179m23 / 8[0m      [38;5;245m15 run only on a Mac[0m                   [38;5;240m│[0m
[38;5;240m├─[0m [38;5;245mANOMALIES   2 blocker  3 high  2 medium[0m [38;5;240m────────────────────────────────────┤[0m
[38;5;240m│[0m [38;5;167m![0m it closed 235.4 hours ago (9.8 days) and no iteration has opened since     [38;5;240m│[0m
[38;5;240m│[0m [38;5;167m![0m 238 of 448 skipped candidates (53%) were refused for missingBoundary - …   [38;5;240m│[0m
[38;5;240m│[0m [38;5;179m![0m they last wrote 0.1 min ago and are doing no-op work (author filed 0, l…   [38;5;240m│[0m
[38;5;240m│[0m [38;5;179m![0m the volume is 97% used; the loop's own worktrees are 2.5G of that, 0.6%…   [38;5;240m│[0m
[38;5;240m│[0m [38;5;179m![0m that branch is 396 commits behind its own remote and 127 ahead - measur…   [38;5;240m│[0m
[38;5;240m│[0m [38;5;245m●[0m 8 of them appear in a workflow CI will load; 15 run only on a developer…   [38;5;240m│[0m
[38;5;240m│[0m [38;5;245m●[0m 62 untracked source file(s) and 10 modified one(s) exist only on this d…   [38;5;240m│[0m
[38;5;240m╰──────────────────────────────────────────────────────────────────────────────╯[0m
cycle 108: 7 anomalies in 15.4s
cycle: skipped - lock heal.mjs is running (the lock is not proof on its own)
cycle: skipped - lock feed.mjs is running (the lock is not proof on its own)
cycle: skipped - lock heal.mjs is running (the lock is not proof on its own)
[38;5;240m╭─[0m [38;5;173mTRIOS[0m [1mCONTINUOUS LOOP[0m  [38;5;167m● STOPPED[0m [38;5;240m───────────────────────────────────────────╮[0m
[38;5;240m│[0m [38;5;245mdrawn from a reading      [0m[38;5;245mjust now    [0m[38;5;245m2026-09-16 06:13:54Z[0m                   [38;5;240m│[0m
[38;5;240m├──────────────────────────────────────────────────────────────────────────────┤[0m
[38;5;240m│[0m [38;5;245miteration                 [0m[1m97[0m          [38;5;245mthe CLI that runs the loop was in no…[0m  [38;5;240m│[0m
[38;5;240m│[0m [38;5;245mlast advanced             [0m[38;5;167m9.9d ago[0m    [38;5;245mno driver; last iteration 9.9d ago[0m     [38;5;240m│[0m
[38;5;240m│[0m [38;5;245mdriver (iterations)       [0m[38;5;167mNONE[0m        [38;5;245mnothing schedules an iteration[0m         [38;5;240m│[0m
[38;5;240m│[0m [38;5;245mtimers (housekeeping)     [0m[38;5;71m4 launchd[0m   [38;5;245mheal wrote 4m ago[0m                      [38;5;240m│[0m
[38;5;240m│[0m [38;5;245mlock                      [0m[1mcycle 0m[0m                                           [38;5;240m│[0m
[38;5;240m├─[0m [38;5;245mSWARM   measured just now[0m [38;5;240m──────────────────────────────────────────────────┤[0m
[38;5;240m│[0m [38;5;245mbees running              [0m[38;5;71m1[0m                                                  [38;5;240m│[0m
[38;5;240m│[0m [38;5;245mdispatches finished       [0m[1m594[0m                                                [38;5;240m│[0m
[38;5;240m│[0m [38;5;245mtick refusal              [0m[1mDISPATCHED[0m                                         [38;5;240m│[0m
[38;5;240m│[0m [38;5;245mcandidates skipped        [0m[1m448[0m                                                [38;5;240m│[0m
[38;5;240m│[0m [38;5;245m  missing boundary        [0m[38;5;167m238[0m         [38;5;245m53% of all skips[0m                       [38;5;240m│[0m
[38;5;240m│[0m [38;5;245m  claimed by a fence      [0m[1m62[0m                                                 [38;5;240m│[0m
[38;5;240m│[0m [38;5;245m  done but still open     [0m[1m129[0m                                                [38;5;240m│[0m
[38;5;240m│[0m [38;5;245mavailable to a bee        [0m[38;5;245m-[0m           [38;5;245mneeds a deep cycle[0m                     [38;5;240m│[0m
[38;5;240m├─[0m [38;5;245mTREE[0m [38;5;240m───────────────────────────────────────────────────────────────────────┤[0m
[38;5;240m│[0m [38;5;245mbranch                    [0m[38;5;179mfeat/queen-supervisor[0m  [38;5;245mahead 127  behind 396[0m       [38;5;240m│[0m
[38;5;240m│[0m [38;5;245muncommitted source        [0m[38;5;179m10 mod / 62 new[0m  [38;5;245mgenerated files excluded[0m          [38;5;240m│[0m
[38;5;240m│[0m [38;5;245mworktrees                 [0m[1m19[0m                                                 [38;5;240m│[0m
[38;5;240m│[0m [38;5;245mvolume used               [0m[38;5;167m97%[0m         [38;5;245mbees die at 0s when this fills[0m         [38;5;240m│[0m
[38;5;240m│[0m [38;5;245mgates declared / wired    [0m[38;5;179m23 / 8[0m      [38;5;245m15 run only on a Mac[0m                   [38;5;240m│[0m
[38;5;240m├─[0m [38;5;245mANOMALIES   1 blocker  3 high  2 medium[0m [38;5;240m────────────────────────────────────┤[0m
[38;5;240m│[0m [38;5;167m![0m it closed 236.9 hours ago (9.9 days) and no iteration has opened since     [38;5;240m│[0m
[38;5;240m│[0m [38;5;179m![0m they last wrote 4.1 min ago and are doing no-op work (author filed 0, l…   [38;5;240m│[0m
[38;5;240m│[0m [38;5;179m![0m the volume is 97% used; how much of it the loop owns was not measured t…   [38;5;240m│[0m
[38;5;240m│[0m [38;5;179m![0m that branch is 396 commits behind its own remote and 127 ahead - measur…   [38;5;240m│[0m
[38;5;240m│[0m [38;5;245m●[0m 8 of them appear in a workflow CI will load; 15 run only on a developer…   [38;5;240m│[0m
[38;5;240m│[0m [38;5;245m●[0m 62 untracked source file(s) and 10 modified one(s) exist only on this d…   [38;5;240m│[0m
[38;5;240m╰──────────────────────────────────────────────────────────────────────────────╯[0m
cycle 110: 6 anomalies in 0.9s
cycle: skipped - lock heal.mjs is running (the lock is not proof on its own)
cycle: skipped - lock heal.mjs is running (the lock is not proof on its own)
cycle: skipped - lock feed.mjs is running (the lock is not proof on its own)
cycle: skipped - lock heal.mjs is running (the lock is not proof on its own)
cycle: skipped - lock heal.mjs is running (the lock is not proof on its own)
[38;5;240m╭─[0m [38;5;173mTRIOS[0m [1mCONTINUOUS LOOP[0m  [38;5;167m● STOPPED[0m [38;5;240m───────────────────────────────────────────╮[0m
[38;5;240m│[0m [38;5;245mdrawn from a reading      [0m[38;5;245mjust now    [0m[38;5;245m2026-09-16 07:44:06Z[0m                   [38;5;240m│[0m
[38;5;240m├──────────────────────────────────────────────────────────────────────────────┤[0m
[38;5;240m│[0m [38;5;245miteration                 [0m[1m97[0m          [38;5;245mthe CLI that runs the loop was in no…[0m  [38;5;240m│[0m
[38;5;240m│[0m [38;5;245mlast advanced             [0m[38;5;167m9.9d ago[0m    [38;5;245mno driver; last iteration 9.9d ago[0m     [38;5;240m│[0m
[38;5;240m│[0m [38;5;245mdriver (iterations)       [0m[38;5;167mNONE[0m        [38;5;245mnothing schedules an iteration[0m         [38;5;240m│[0m
[38;5;240m│[0m [38;5;245mtimers (housekeeping)     [0m[38;5;71m4 launchd[0m   [38;5;245mheal wrote 3m ago[0m                      [38;5;240m│[0m
[38;5;240m│[0m [38;5;245mlock                      [0m[1mcycle 0m[0m                                           [38;5;240m│[0m
[38;5;240m├─[0m [38;5;245mSWARM   measured just now[0m [38;5;240m──────────────────────────────────────────────────┤[0m
[38;5;240m│[0m [38;5;245mbees running              [0m[38;5;71m2[0m                                                  [38;5;240m│[0m
[38;5;240m│[0m [38;5;245mdispatches finished       [0m[1m593[0m                                                [38;5;240m│[0m
[38;5;240m│[0m [38;5;245mtick refusal              [0m[1mnothing to choose[0m                                  [38;5;240m│[0m
[38;5;240m│[0m [38;5;245mcandidates skipped        [0m[1m447[0m                                                [38;5;240m│[0m
[38;5;240m│[0m [38;5;245m  missing boundary        [0m[38;5;167m237[0m         [38;5;245m53% of all skips[0m                       [38;5;240m│[0m
[38;5;240m│[0m [38;5;245m  claimed by a fence      [0m[1m62[0m                                                 [38;5;240m│[0m
[38;5;240m│[0m [38;5;245m  done but still open     [0m[1m130[0m                                                [38;5;240m│[0m
[38;5;240m│[0m [38;5;245mavailable to a bee        [0m[38;5;245m-[0m           [38;5;245mneeds a deep cycle[0m                     [38;5;240m│[0m
[38;5;240m├─[0m [38;5;245mTREE[0m [38;5;240m───────────────────────────────────────────────────────────────────────┤[0m
[38;5;240m│[0m [38;5;245mbranch                    [0m[38;5;179mfeat/queen-supervisor[0m  [38;5;245mahead 127  behind 396[0m       [38;5;240m│[0m
[38;5;240m│[0m [38;5;245muncommitted source        [0m[38;5;179m10 mod / 62 new[0m  [38;5;245mgenerated files excluded[0m          [38;5;240m│[0m
[38;5;240m│[0m [38;5;245mworktrees                 [0m[1m19[0m                                                 [38;5;240m│[0m
[38;5;240m│[0m [38;5;245mvolume used               [0m[38;5;167m98%[0m         [38;5;245mbees die at 0s when this fills[0m         [38;5;240m│[0m
[38;5;240m│[0m [38;5;245mgates declared / wired    [0m[38;5;179m23 / 8[0m      [38;5;245m15 run only on a Mac[0m                   [38;5;240m│[0m
[38;5;240m├─[0m [38;5;245mANOMALIES   2 blocker  3 high  2 medium[0m [38;5;240m────────────────────────────────────┤[0m
[38;5;240m│[0m [38;5;167m![0m it closed 238.4 hours ago (9.9 days) and no iteration has opened since     [38;5;240m│[0m
[38;5;240m│[0m [38;5;167m![0m 237 of 447 skipped candidates (53%) were refused for missingBoundary - …   [38;5;240m│[0m
[38;5;240m│[0m [38;5;179m![0m they last wrote 2.5 min ago and are doing no-op work (author filed 0, l…   [38;5;240m│[0m
[38;5;240m│[0m [38;5;179m![0m the volume is 98% used; how much of it the loop owns was not measured t…   [38;5;240m│[0m
[38;5;240m│[0m [38;5;179m![0m that branch is 396 commits behind its own remote and 127 ahead - measur…   [38;5;240m│[0m
[38;5;240m│[0m [38;5;245m●[0m 8 of them appear in a workflow CI will load; 15 run only on a developer…   [38;5;240m│[0m
[38;5;240m│[0m [38;5;245m●[0m 62 untracked source file(s) and 10 modified one(s) exist only on this d…   [38;5;240m│[0m
[38;5;240m╰──────────────────────────────────────────────────────────────────────────────╯[0m
cycle 111: 7 anomalies in 0.9s
cycle: skipped - lock heal.mjs is running (the lock is not proof on its own)
[38;5;240m╭─[0m [38;5;173mTRIOS[0m [1mCONTINUOUS LOOP[0m  [38;5;167m● STOPPED[0m [38;5;240m───────────────────────────────────────────╮[0m
[38;5;240m│[0m [38;5;245mdrawn from a reading      [0m[38;5;245mjust now    [0m[38;5;245m2026-09-16 08:14:07Z[0m                   [38;5;240m│[0m
[38;5;240m├──────────────────────────────────────────────────────────────────────────────┤[0m
[38;5;240m│[0m [38;5;245miteration                 [0m[1m97[0m          [38;5;245mthe CLI that runs the loop was in no…[0m  [38;5;240m│[0m
[38;5;240m│[0m [38;5;245mlast advanced             [0m[38;5;167m10d ago[0m     [38;5;245mno driver; last iteration 10d ago[0m      [38;5;240m│[0m
[38;5;240m│[0m [38;5;245mdriver (iterations)       [0m[38;5;167mNONE[0m        [38;5;245mnothing schedules an iteration[0m         [38;5;240m│[0m
[38;5;240m│[0m [38;5;245mtimers (housekeeping)     [0m[38;5;71m4 launchd[0m   [38;5;245mheal wrote 10m ago[0m                     [38;5;240m│[0m
[38;5;240m│[0m [38;5;245mlock                      [0m[1mcycle 0m[0m                                           [38;5;240m│[0m
[38;5;240m├─[0m [38;5;245mSWARM   measured just now[0m [38;5;240m──────────────────────────────────────────────────┤[0m
[38;5;240m│[0m [38;5;245mbees running              [0m[38;5;71m2[0m                                                  [38;5;240m│[0m
[38;5;240m│[0m [38;5;245mdispatches finished       [0m[1m593[0m                                                [38;5;240m│[0m
[38;5;240m│[0m [38;5;245mtick refusal              [0m[1mnothing to choose[0m                                  [38;5;240m│[0m
[38;5;240m│[0m [38;5;245mcandidates skipped        [0m[1m447[0m                                                [38;5;240m│[0m
[38;5;240m│[0m [38;5;245m  missing boundary        [0m[38;5;167m237[0m         [38;5;245m53% of all skips[0m                       [38;5;240m│[0m
[38;5;240m│[0m [38;5;245m  claimed by a fence      [0m[1m61[0m                                                 [38;5;240m│[0m
[38;5;240m│[0m [38;5;245m  done but still open     [0m[1m131[0m                                                [38;5;240m│[0m
[38;5;240m│[0m [38;5;245mavailable to a bee        [0m[38;5;245m-[0m           [38;5;245mneeds a deep cycle[0m                     [38;5;240m│[0m
[38;5;240m│[0m [38;5;245mwindow with no bee        [0m[38;5;71m27%[0m                                                [38;5;240m│[0m
[38;5;240m│[0m [38;5;245mrounds failed             [0m[38;5;245m-[0m                                                  [38;5;240m│[0m
[38;5;240m├─[0m [38;5;245mTREE[0m [38;5;240m───────────────────────────────────────────────────────────────────────┤[0m
[38;5;240m│[0m [38;5;245mbranch                    [0m[38;5;179mfeat/queen-supervisor[0m  [38;5;245mahead 127  behind 396[0m       [38;5;240m│[0m
[38;5;240m│[0m [38;5;245muncommitted source        [0m[38;5;179m10 mod / 62 new[0m  [38;5;245mgenerated files excluded[0m          [38;5;240m│[0m
[38;5;240m│[0m [38;5;245mworktrees                 [0m[1m19[0m                                                 [38;5;240m│[0m
[38;5;240m│[0m [38;5;245mvolume used               [0m[38;5;167m98%[0m         [38;5;245mbees die at 0s when this fills[0m         [38;5;240m│[0m
[38;5;240m│[0m [38;5;245mgates declared / wired    [0m[38;5;179m23 / 8[0m      [38;5;245m15 run only on a Mac[0m                   [38;5;240m│[0m
[38;5;240m├─[0m [38;5;245mANOMALIES   2 blocker  4 high  2 medium[0m [38;5;240m────────────────────────────────────┤[0m
[38;5;240m│[0m [38;5;167m![0m it closed 238.9 hours ago (10 days) and no iteration has opened since      [38;5;240m│[0m
[38;5;240m│[0m [38;5;167m![0m 237 of 447 skipped candidates (53%) were refused for missingBoundary - …   [38;5;240m│[0m
[38;5;240m│[0m [38;5;179m![0m they last wrote 9.8 min ago and are doing no-op work (author filed 0, l…   [38;5;240m│[0m
[38;5;240m│[0m [38;5;179m![0m the Queen's board says running 2 right now; the dashboard file is 0.2h …   [38;5;240m│[0m
[38;5;240m│[0m [38;5;179m![0m the volume is 98% used; the loop's own worktrees are 2.5G of that, 0.6%…   [38;5;240m│[0m
[38;5;240m│[0m [38;5;179m![0m that branch is 396 commits behind its own remote and 127 ahead - measur…   [38;5;240m│[0m
[38;5;240m│[0m [38;5;245m●[0m 8 of them appear in a workflow CI will load; 15 run only on a developer…   [38;5;240m│[0m
[38;5;240m│[0m [38;5;245m  +1 more - tri cycle-anomalies[0m                                              [38;5;240m│[0m
[38;5;240m╰──────────────────────────────────────────────────────────────────────────────╯[0m
cycle 112: 8 anomalies in 20.9s
cycle: skipped - lock heal.mjs is running (the lock is not proof on its own)
[38;5;240m╭─[0m [38;5;173mTRIOS[0m [1mCONTINUOUS LOOP[0m  [38;5;167m● STOPPED[0m [38;5;240m───────────────────────────────────────────╮[0m
[38;5;240m│[0m [38;5;245mdrawn from a reading      [0m[38;5;245mjust now    [0m[38;5;245m2026-09-16 08:44:29Z[0m                   [38;5;240m│[0m
[38;5;240m├──────────────────────────────────────────────────────────────────────────────┤[0m
[38;5;240m│[0m [38;5;245miteration                 [0m[1m97[0m          [38;5;245mthe CLI that runs the loop was in no…[0m  [38;5;240m│[0m
[38;5;240m│[0m [38;5;245mlast advanced             [0m[38;5;167m10d ago[0m     [38;5;245mno driver; last iteration 10d ago[0m      [38;5;240m│[0m
[38;5;240m│[0m [38;5;245mdriver (iterations)       [0m[38;5;167mNONE[0m        [38;5;245mnothing schedules an iteration[0m         [38;5;240m│[0m
[38;5;240m│[0m [38;5;245mtimers (housekeeping)     [0m[38;5;71m4 launchd[0m   [38;5;245mheal wrote 6m ago[0m                      [38;5;240m│[0m
[38;5;240m│[0m [38;5;245mlock                      [0m[1mcycle 0m[0m                                           [38;5;240m│[0m
[38;5;240m├─[0m [38;5;245mSWARM   measured just now[0m [38;5;240m──────────────────────────────────────────────────┤[0m
[38;5;240m│[0m [38;5;245mbees running              [0m[38;5;71m2[0m                                                  [38;5;240m│[0m
[38;5;240m│[0m [38;5;245mdispatches finished       [0m[1m593[0m                                                [38;5;240m│[0m
[38;5;240m│[0m [38;5;245mtick refusal              [0m[1mnothing to choose[0m                                  [38;5;240m│[0m
[38;5;240m│[0m [38;5;245mcandidates skipped        [0m[1m448[0m                                                [38;5;240m│[0m
[38;5;240m│[0m [38;5;245m  missing boundary        [0m[38;5;167m238[0m         [38;5;245m53% of all skips[0m                       [38;5;240m│[0m
[38;5;240m│[0m [38;5;245m  claimed by a fence      [0m[1m60[0m                                                 [38;5;240m│[0m
[38;5;240m│[0m [38;5;245m  done but still open     [0m[1m132[0m                                                [38;5;240m│[0m
[38;5;240m│[0m [38;5;245mavailable to a bee        [0m[38;5;245m-[0m           [38;5;245mneeds a deep cycle[0m                     [38;5;240m│[0m
[38;5;240m├─[0m [38;5;245mTREE[0m [38;5;240m───────────────────────────────────────────────────────────────────────┤[0m
[38;5;240m│[0m [38;5;245mbranch                    [0m[38;5;179mfeat/queen-supervisor[0m  [38;5;245mahead 127  behind 396[0m       [38;5;240m│[0m
[38;5;240m│[0m [38;5;245muncommitted source        [0m[38;5;179m10 mod / 62 new[0m  [38;5;245mgenerated files excluded[0m          [38;5;240m│[0m
[38;5;240m│[0m [38;5;245mworktrees                 [0m[1m19[0m                                                 [38;5;240m│[0m
[38;5;240m│[0m [38;5;245mvolume used               [0m[38;5;167m98%[0m         [38;5;245mbees die at 0s when this fills[0m         [38;5;240m│[0m
[38;5;240m│[0m [38;5;245mgates declared / wired    [0m[38;5;179m23 / 8[0m      [38;5;245m15 run only on a Mac[0m                   [38;5;240m│[0m
[38;5;240m├─[0m [38;5;245mANOMALIES   2 blocker  4 high  2 medium[0m [38;5;240m────────────────────────────────────┤[0m
[38;5;240m│[0m [38;5;167m![0m it closed 239.4 hours ago (10 days) and no iteration has opened since      [38;5;240m│[0m
[38;5;240m│[0m [38;5;167m![0m 238 of 448 skipped candidates (53%) were refused for missingBoundary - …   [38;5;240m│[0m
[38;5;240m│[0m [38;5;179m![0m they last wrote 6.1 min ago and are doing no-op work (author filed 0, l…   [38;5;240m│[0m
[38;5;240m│[0m [38;5;179m![0m the Queen's board says running 2 right now; the dashboard file is 0.7h …   [38;5;240m│[0m
[38;5;240m│[0m [38;5;179m![0m the volume is 98% used; how much of it the loop owns was not measured t…   [38;5;240m│[0m
[38;5;240m│[0m [38;5;179m![0m that branch is 396 commits behind its own remote and 127 ahead - measur…   [38;5;240m│[0m
[38;5;240m│[0m [38;5;245m●[0m 8 of them appear in a workflow CI will load; 15 run only on a developer…   [38;5;240m│[0m
[38;5;240m│[0m [38;5;245m  +1 more - tri cycle-anomalies[0m                                              [38;5;240m│[0m
[38;5;240m╰──────────────────────────────────────────────────────────────────────────────╯[0m
cycle 113: 8 anomalies in 0.9s
cycle: skipped - lock heal.mjs is running (the lock is not proof on its own)
cycle: skipped - lock heal.mjs is running (the lock is not proof on its own)
[38;5;240m╭─[0m [38;5;173mTRIOS[0m [1mCONTINUOUS LOOP[0m  [38;5;167m● STOPPED[0m [38;5;240m───────────────────────────────────────────╮[0m
[38;5;240m│[0m [38;5;245mdrawn from a reading      [0m[38;5;245mjust now    [0m[38;5;245m2026-09-16 09:29:32Z[0m                   [38;5;240m│[0m
[38;5;240m├──────────────────────────────────────────────────────────────────────────────┤[0m
[38;5;240m│[0m [38;5;245miteration                 [0m[1m97[0m          [38;5;245mthe CLI that runs the loop was in no…[0m  [38;5;240m│[0m
[38;5;240m│[0m [38;5;245mlast advanced             [0m[38;5;167m10d ago[0m     [38;5;245mno driver; last iteration 10d ago[0m      [38;5;240m│[0m
[38;5;240m│[0m [38;5;245mdriver (iterations)       [0m[38;5;167mNONE[0m        [38;5;245mnothing schedules an iteration[0m         [38;5;240m│[0m
[38;5;240m│[0m [38;5;245mtimers (housekeeping)     [0m[38;5;71m4 launchd[0m   [38;5;245mheal wrote 2m ago[0m                      [38;5;240m│[0m
[38;5;240m│[0m [38;5;245mlock                      [0m[1mcycle 0m[0m                                           [38;5;240m│[0m
[38;5;240m├─[0m [38;5;245mSWARM   measured just now[0m [38;5;240m──────────────────────────────────────────────────┤[0m
[38;5;240m│[0m [38;5;245mbees running              [0m[38;5;167m0[0m           [38;5;245mnothing is being worked on[0m             [38;5;240m│[0m
[38;5;240m│[0m [38;5;245mdispatches finished       [0m[1m595[0m                                                [38;5;240m│[0m
[38;5;240m│[0m [38;5;245mtick refusal              [0m[1mnothing to choose[0m                                  [38;5;240m│[0m
[38;5;240m│[0m [38;5;245mcandidates skipped        [0m[1m448[0m                                                [38;5;240m│[0m
[38;5;240m│[0m [38;5;245m  missing boundary        [0m[38;5;167m238[0m         [38;5;245m53% of all skips[0m                       [38;5;240m│[0m
[38;5;240m│[0m [38;5;245m  claimed by a fence      [0m[1m59[0m                                                 [38;5;240m│[0m
[38;5;240m│[0m [38;5;245m  done but still open     [0m[1m133[0m                                                [38;5;240m│[0m
[38;5;240m│[0m [38;5;245mavailable to a bee        [0m[38;5;245m-[0m           [38;5;245mneeds a deep cycle[0m                     [38;5;240m│[0m
[38;5;240m├─[0m [38;5;245mTREE[0m [38;5;240m───────────────────────────────────────────────────────────────────────┤[0m
[38;5;240m│[0m [38;5;245mbranch                    [0m[38;5;179mfeat/queen-supervisor[0m  [38;5;245mahead 127  behind 396[0m       [38;5;240m│[0m
[38;5;240m│[0m [38;5;245muncommitted source        [0m[38;5;179m10 mod / 62 new[0m  [38;5;245mgenerated files excluded[0m          [38;5;240m│[0m
[38;5;240m│[0m [38;5;245mworktrees                 [0m[1m19[0m                                                 [38;5;240m│[0m
[38;5;240m│[0m [38;5;245mvolume used               [0m[38;5;167m97%[0m         [38;5;245mbees die at 0s when this fills[0m         [38;5;240m│[0m
[38;5;240m│[0m [38;5;245mgates declared / wired    [0m[38;5;179m23 / 8[0m      [38;5;245m15 run only on a Mac[0m                   [38;5;240m│[0m
[38;5;240m├─[0m [38;5;245mANOMALIES   2 blocker  3 high  2 medium[0m [38;5;240m────────────────────────────────────┤[0m
[38;5;240m│[0m [38;5;167m![0m it closed 240.2 hours ago (10 days) and no iteration has opened since      [38;5;240m│[0m
[38;5;240m│[0m [38;5;167m![0m 238 of 448 skipped candidates (53%) were refused for missingBoundary - …   [38;5;240m│[0m
[38;5;240m│[0m [38;5;179m![0m they last wrote 2 min ago and are doing no-op work (author filed 0, lan…   [38;5;240m│[0m
[38;5;240m│[0m [38;5;179m![0m the volume is 97% used; how much of it the loop owns was not measured t…   [38;5;240m│[0m
[38;5;240m│[0m [38;5;179m![0m that branch is 396 commits behind its own remote and 127 ahead - measur…   [38;5;240m│[0m
[38;5;240m│[0m [38;5;245m●[0m 8 of them appear in a workflow CI will load; 15 run only on a developer…   [38;5;240m│[0m
[38;5;240m│[0m [38;5;245m●[0m 62 untracked source file(s) and 10 modified one(s) exist only on this d…   [38;5;240m│[0m
[38;5;240m╰──────────────────────────────────────────────────────────────────────────────╯[0m
cycle 115: 7 anomalies in 1.1s
cycle: skipped - lock heal.mjs is running (the lock is not proof on its own)
[38;5;240m╭─[0m [38;5;173mTRIOS[0m [1mCONTINUOUS LOOP[0m  [38;5;167m● STOPPED[0m [38;5;240m───────────────────────────────────────────╮[0m
[38;5;240m│[0m [38;5;245mdrawn from a reading      [0m[38;5;245mjust now    [0m[38;5;245m2026-09-16 09:59:34Z[0m                   [38;5;240m│[0m
[38;5;240m├──────────────────────────────────────────────────────────────────────────────┤[0m
[38;5;240m│[0m [38;5;245miteration                 [0m[1m97[0m          [38;5;245mthe CLI that runs the loop was in no…[0m  [38;5;240m│[0m
[38;5;240m│[0m [38;5;245mlast advanced             [0m[38;5;167m10d ago[0m     [38;5;245mno driver; last iteration 10d ago[0m      [38;5;240m│[0m
[38;5;240m│[0m [38;5;245mdriver (iterations)       [0m[38;5;167mNONE[0m        [38;5;245mnothing schedules an iteration[0m         [38;5;240m│[0m
[38;5;240m│[0m [38;5;245mtimers (housekeeping)     [0m[38;5;71m4 launchd[0m   [38;5;245mheal wrote 6m ago[0m                      [38;5;240m│[0m
[38;5;240m│[0m [38;5;245mlock                      [0m[1mcycle 0m[0m                                           [38;5;240m│[0m
[38;5;240m├─[0m [38;5;245mSWARM   measured just now[0m [38;5;240m──────────────────────────────────────────────────┤[0m
[38;5;240m│[0m [38;5;245mbees running              [0m[38;5;71m2[0m                                                  [38;5;240m│[0m
[38;5;240m│[0m [38;5;245mdispatches finished       [0m[1m593[0m                                                [38;5;240m│[0m
[38;5;240m│[0m [38;5;245mtick refusal              [0m[1mnothing to choose[0m                                  [38;5;240m│[0m
[38;5;240m│[0m [38;5;245mcandidates skipped        [0m[1m449[0m                                                [38;5;240m│[0m
[38;5;240m│[0m [38;5;245m  missing boundary        [0m[38;5;167m238[0m         [38;5;245m53% of all skips[0m                       [38;5;240m│[0m
[38;5;240m│[0m [38;5;245m  claimed by a fence      [0m[1m59[0m                                                 [38;5;240m│[0m
[38;5;240m│[0m [38;5;245m  done but still open     [0m[1m132[0m                                                [38;5;240m│[0m
[38;5;240m│[0m [38;5;245mavailable to a bee        [0m[38;5;245m-[0m           [38;5;245mneeds a deep cycle[0m                     [38;5;240m│[0m
[38;5;240m│[0m [38;5;245mwindow with no bee        [0m[38;5;71m29%[0m                                                [38;5;240m│[0m
[38;5;240m│[0m [38;5;245mrounds failed             [0m[38;5;245m-[0m                                                  [38;5;240m│[0m
[38;5;240m├─[0m [38;5;245mTREE[0m [38;5;240m───────────────────────────────────────────────────────────────────────┤[0m
[38;5;240m│[0m [38;5;245mbranch                    [0m[38;5;179mfeat/queen-supervisor[0m  [38;5;245mahead 127  behind 396[0m       [38;5;240m│[0m
[38;5;240m│[0m [38;5;245muncommitted source        [0m[38;5;179m10 mod / 62 new[0m  [38;5;245mgenerated files excluded[0m          [38;5;240m│[0m
[38;5;240m│[0m [38;5;245mworktrees                 [0m[1m19[0m                                                 [38;5;240m│[0m
[38;5;240m│[0m [38;5;245mvolume used               [0m[38;5;167m97%[0m         [38;5;245mbees die at 0s when this fills[0m         [38;5;240m│[0m
[38;5;240m│[0m [38;5;245mgates declared / wired    [0m[38;5;179m23 / 8[0m      [38;5;245m15 run only on a Mac[0m                   [38;5;240m│[0m
[38;5;240m├─[0m [38;5;245mANOMALIES   2 blocker  4 high  2 medium[0m [38;5;240m────────────────────────────────────┤[0m
[38;5;240m│[0m [38;5;167m![0m it closed 240.7 hours ago (10 days) and no iteration has opened since      [38;5;240m│[0m
[38;5;240m│[0m [38;5;167m![0m 238 of 449 skipped candidates (53%) were refused for missingBoundary - …   [38;5;240m│[0m
[38;5;240m│[0m [38;5;179m![0m they last wrote 5.7 min ago and are doing no-op work (author filed 0, l…   [38;5;240m│[0m
[38;5;240m│[0m [38;5;179m![0m the Queen's board says running 2 right now; the dashboard file is 0.2h …   [38;5;240m│[0m
[38;5;240m│[0m [38;5;179m![0m the volume is 97% used; the loop's own worktrees are 2.5G of that, 0.6%…   [38;5;240m│[0m
[38;5;240m│[0m [38;5;179m![0m that branch is 396 commits behind its own remote and 127 ahead - measur…   [38;5;240m│[0m
[38;5;240m│[0m [38;5;245m●[0m 8 of them appear in a workflow CI will load; 15 run only on a developer…   [38;5;240m│[0m
[38;5;240m│[0m [38;5;245m  +1 more - tri cycle-anomalies[0m                                              [38;5;240m│[0m
[38;5;240m╰──────────────────────────────────────────────────────────────────────────────╯[0m
cycle 116: 8 anomalies in 16.9s
cycle: skipped - lock heal.mjs is running (the lock is not proof on its own)
cycle: skipped - lock heal.mjs is running (the lock is not proof on its own)
[38;5;240m╭─[0m [38;5;173mTRIOS[0m [1mCONTINUOUS LOOP[0m  [38;5;167m● STOPPED[0m [38;5;240m───────────────────────────────────────────╮[0m
[38;5;240m│[0m [38;5;245mdrawn from a reading      [0m[38;5;245mjust now    [0m[38;5;245m2026-09-16 10:44:53Z[0m                   [38;5;240m│[0m
[38;5;240m├──────────────────────────────────────────────────────────────────────────────┤[0m
[38;5;240m│[0m [38;5;245miteration                 [0m[1m97[0m          [38;5;245mthe CLI that runs the loop was in no…[0m  [38;5;240m│[0m
[38;5;240m│[0m [38;5;245mlast advanced             [0m[38;5;167m10.1d ago[0m   [38;5;245mno driver; last iteration 10.1d ago[0m    [38;5;240m│[0m
[38;5;240m│[0m [38;5;245mdriver (iterations)       [0m[38;5;167mNONE[0m        [38;5;245mnothing schedules an iteration[0m         [38;5;240m│[0m
[38;5;240m│[0m [38;5;245mtimers (housekeeping)     [0m[38;5;71m4 launchd[0m   [38;5;245mheal wrote 3m ago[0m                      [38;5;240m│[0m
[38;5;240m│[0m [38;5;245mlock                      [0m[1mcycle 0m[0m                                           [38;5;240m│[0m
[38;5;240m├─[0m [38;5;245mSWARM   measured just now[0m [38;5;240m──────────────────────────────────────────────────┤[0m
[38;5;240m│[0m [38;5;245mbees running              [0m[38;5;71m1[0m                                                  [38;5;240m│[0m
[38;5;240m│[0m [38;5;245mdispatches finished       [0m[1m595[0m                                                [38;5;240m│[0m
[38;5;240m│[0m [38;5;245mtick refusal              [0m[1mDISPATCHED[0m                                         [38;5;240m│[0m
[38;5;240m│[0m [38;5;245mcandidates skipped        [0m[1m107[0m                                                [38;5;240m│[0m
[38;5;240m│[0m [38;5;245m  missing boundary        [0m[38;5;245m-[0m                                                  [38;5;240m│[0m
[38;5;240m│[0m [38;5;245m  claimed by a fence      [0m[1m24[0m                                                 [38;5;240m│[0m
[38;5;240m│[0m [38;5;245m  done but still open     [0m[1m66[0m                                                 [38;5;240m│[0m
[38;5;240m│[0m [38;5;245mavailable to a bee        [0m[38;5;245m-[0m           [38;5;245mneeds a deep cycle[0m                     [38;5;240m│[0m
[38;5;240m├─[0m [38;5;245mTREE[0m [38;5;240m───────────────────────────────────────────────────────────────────────┤[0m
[38;5;240m│[0m [38;5;245mbranch                    [0m[38;5;179mfeat/queen-supervisor[0m  [38;5;245mahead 127  behind 396[0m       [38;5;240m│[0m
[38;5;240m│[0m [38;5;245muncommitted source        [0m[38;5;179m11 mod / 62 new[0m  [38;5;245mgenerated files excluded[0m          [38;5;240m│[0m
[38;5;240m│[0m [38;5;245mworktrees                 [0m[1m19[0m                                                 [38;5;240m│[0m
[38;5;240m│[0m [38;5;245mvolume used               [0m[38;5;167m95%[0m         [38;5;245mbees die at 0s when this fills[0m         [38;5;240m│[0m
[38;5;240m│[0m [38;5;245mgates declared / wired    [0m[38;5;179m23 / 8[0m      [38;5;245m15 run only on a Mac[0m                   [38;5;240m│[0m
[38;5;240m├─[0m [38;5;245mANOMALIES   1 blocker  4 high  2 medium[0m [38;5;240m────────────────────────────────────┤[0m
[38;5;240m│[0m [38;5;167m![0m it closed 241.4 hours ago (10.1 days) and no iteration has opened since    [38;5;240m│[0m
[38;5;240m│[0m [38;5;179m![0m they last wrote 2.6 min ago and are doing no-op work (author filed 0, l…   [38;5;240m│[0m
[38;5;240m│[0m [38;5;179m![0m the Queen's board says running 1 right now; the dashboard file is 0.5h …   [38;5;240m│[0m
[38;5;240m│[0m [38;5;179m![0m the volume is 95% used; how much of it the loop owns was not measured t…   [38;5;240m│[0m
[38;5;240m│[0m [38;5;179m![0m that branch is 396 commits behind its own remote and 127 ahead - measur…   [38;5;240m│[0m
[38;5;240m│[0m [38;5;245m●[0m 8 of them appear in a workflow CI will load; 15 run only on a developer…   [38;5;240m│[0m
[38;5;240m│[0m [38;5;245m●[0m 62 untracked source file(s) and 11 modified one(s) exist only on this d…   [38;5;240m│[0m
[38;5;240m╰──────────────────────────────────────────────────────────────────────────────╯[0m
cycle 117: 7 anomalies in 0.9s
cycle: skipped - lock feed.mjs is running (the lock is not proof on its own)
cycle: skipped - lock heal.mjs is running (the lock is not proof on its own)
cycle: skipped - lock heal.mjs is running (the lock is not proof on its own)
[38;5;240m╭─[0m [38;5;173mTRIOS[0m [1mCONTINUOUS LOOP[0m  [38;5;167m● STOPPED[0m [38;5;240m───────────────────────────────────────────╮[0m
[38;5;240m│[0m [38;5;245mdrawn from a reading      [0m[38;5;245mjust now    [0m[38;5;245m2026-09-16 11:44:56Z[0m                   [38;5;240m│[0m
[38;5;240m├──────────────────────────────────────────────────────────────────────────────┤[0m
[38;5;240m│[0m [38;5;245miteration                 [0m[1m97[0m          [38;5;245mthe CLI that runs the loop was in no…[0m  [38;5;240m│[0m
[38;5;240m│[0m [38;5;245mlast advanced             [0m[38;5;167m10.1d ago[0m   [38;5;245mno driver; last iteration 10.1d ago[0m    [38;5;240m│[0m
[38;5;240m│[0m [38;5;245mdriver (iterations)       [0m[38;5;167mNONE[0m        [38;5;245mnothing schedules an iteration[0m         [38;5;240m│[0m
[38;5;240m│[0m [38;5;245mtimers (housekeeping)     [0m[38;5;71m4 launchd[0m   [38;5;245mheal wrote 7m ago[0m                      [38;5;240m│[0m
[38;5;240m│[0m [38;5;245mlock                      [0m[1mcycle 0m[0m                                           [38;5;240m│[0m
[38;5;240m├─[0m [38;5;245mSWARM   measured just now[0m [38;5;240m──────────────────────────────────────────────────┤[0m
[38;5;240m│[0m [38;5;245mbees running              [0m[38;5;71m3[0m                                                  [38;5;240m│[0m
[38;5;240m│[0m [38;5;245mdispatches finished       [0m[1m593[0m                                                [38;5;240m│[0m
[38;5;240m│[0m [38;5;245mtick refusal              [0m[1mnothing to choose[0m                                  [38;5;240m│[0m
[38;5;240m│[0m [38;5;245mcandidates skipped        [0m[1m493[0m                                                [38;5;240m│[0m
[38;5;240m│[0m [38;5;245m  missing boundary        [0m[38;5;167m321[0m         [38;5;245m65% of all skips[0m                       [38;5;240m│[0m
[38;5;240m│[0m [38;5;245m  claimed by a fence      [0m[1m50[0m                                                 [38;5;240m│[0m
[38;5;240m│[0m [38;5;245m  done but still open     [0m[1m106[0m                                                [38;5;240m│[0m
[38;5;240m│[0m [38;5;245mavailable to a bee        [0m[38;5;245m-[0m           [38;5;245mneeds a deep cycle[0m                     [38;5;240m│[0m
[38;5;240m├─[0m [38;5;245mTREE[0m [38;5;240m───────────────────────────────────────────────────────────────────────┤[0m
[38;5;240m│[0m [38;5;245mbranch                    [0m[38;5;179mfeat/queen-supervisor[0m  [38;5;245mahead 129  behind 396[0m       [38;5;240m│[0m
[38;5;240m│[0m [38;5;245muncommitted source        [0m[38;5;179m10 mod / 62 new[0m  [38;5;245mgenerated files excluded[0m          [38;5;240m│[0m
[38;5;240m│[0m [38;5;245mworktrees                 [0m[1m19[0m                                                 [38;5;240m│[0m
[38;5;240m│[0m [38;5;245mvolume used               [0m[38;5;167m96%[0m         [38;5;245mbees die at 0s when this fills[0m         [38;5;240m│[0m
[38;5;240m│[0m [38;5;245mgates declared / wired    [0m[38;5;179m23 / 8[0m      [38;5;245m15 run only on a Mac[0m                   [38;5;240m│[0m
[38;5;240m├─[0m [38;5;245mANOMALIES   2 blocker  3 high  2 medium[0m [38;5;240m────────────────────────────────────┤[0m
[38;5;240m│[0m [38;5;167m![0m it closed 242.4 hours ago (10.1 days) and no iteration has opened since    [38;5;240m│[0m
[38;5;240m│[0m [38;5;167m![0m 321 of 493 skipped candidates (65%) were refused for missingBoundary - …   [38;5;240m│[0m
[38;5;240m│[0m [38;5;179m![0m they last wrote 6.5 min ago and are doing no-op work (author filed 0, l…   [38;5;240m│[0m
[38;5;240m│[0m [38;5;179m![0m the volume is 96% used; how much of it the loop owns was not measured t…   [38;5;240m│[0m
[38;5;240m│[0m [38;5;179m![0m that branch is 396 commits behind its own remote and 129 ahead - measur…   [38;5;240m│[0m
[38;5;240m│[0m [38;5;245m●[0m 8 of them appear in a workflow CI will load; 15 run only on a developer…   [38;5;240m│[0m
[38;5;240m│[0m [38;5;245m●[0m 62 untracked source file(s) and 10 modified one(s) exist only on this d…   [38;5;240m│[0m
[38;5;240m╰──────────────────────────────────────────────────────────────────────────────╯[0m
cycle 118: 7 anomalies in 0.9s
cycle: skipped - lock heal.mjs is running (the lock is not proof on its own)
cycle: skipped - lock heal.mjs is running (the lock is not proof on its own)
[38;5;240m╭─[0m [38;5;173mTRIOS[0m [1mCONTINUOUS LOOP[0m  [38;5;167m● STOPPED[0m [38;5;240m───────────────────────────────────────────╮[0m
[38;5;240m│[0m [38;5;245mdrawn from a reading      [0m[38;5;245mjust now    [0m[38;5;245m2026-09-16 13:04:20Z[0m                   [38;5;240m│[0m
[38;5;240m├──────────────────────────────────────────────────────────────────────────────┤[0m
[38;5;240m│[0m [38;5;245miteration                 [0m[1m97[0m          [38;5;245mthe CLI that runs the loop was in no…[0m  [38;5;240m│[0m
[38;5;240m│[0m [38;5;245mlast advanced             [0m[38;5;167m10.2d ago[0m   [38;5;245mno driver; last iteration 10.2d ago[0m    [38;5;240m│[0m
[38;5;240m│[0m [38;5;245mdriver (iterations)       [0m[38;5;167mNONE[0m        [38;5;245mnothing schedules an iteration[0m         [38;5;240m│[0m
[38;5;240m│[0m [38;5;245mtimers (housekeeping)     [0m[38;5;71m4 launchd[0m   [38;5;245mheal wrote 2m ago[0m                      [38;5;240m│[0m
[38;5;240m│[0m [38;5;245mlock                      [0m[1mcycle 0m[0m                                           [38;5;240m│[0m
[38;5;240m├─[0m [38;5;245mSWARM   measured just now[0m [38;5;240m──────────────────────────────────────────────────┤[0m
[38;5;240m│[0m [38;5;245mbees running              [0m[38;5;71m1[0m                                                  [38;5;240m│[0m
[38;5;240m│[0m [38;5;245mdispatches finished       [0m[1m616[0m                                                [38;5;240m│[0m
[38;5;240m│[0m [38;5;245mtick refusal              [0m[1mnothing to choose[0m                                  [38;5;240m│[0m
[38;5;240m│[0m [38;5;245mcandidates skipped        [0m[1m507[0m                                                [38;5;240m│[0m
[38;5;240m│[0m [38;5;245m  missing boundary        [0m[38;5;167m290[0m         [38;5;245m57% of all skips[0m                       [38;5;240m│[0m
[38;5;240m│[0m [38;5;245m  claimed by a fence      [0m[1m68[0m                                                 [38;5;240m│[0m
[38;5;240m│[0m [38;5;245m  done but still open     [0m[1m107[0m                                                [38;5;240m│[0m
[38;5;240m│[0m [38;5;245mavailable to a bee        [0m[38;5;245m-[0m           [38;5;245mneeds a deep cycle[0m                     [38;5;240m│[0m
[38;5;240m├─[0m [38;5;245mTREE[0m [38;5;240m───────────────────────────────────────────────────────────────────────┤[0m
[38;5;240m│[0m [38;5;245mbranch                    [0m[38;5;179mfeat/queen-supervisor[0m  [38;5;245mahead 129  behind 396[0m       [38;5;240m│[0m
[38;5;240m│[0m [38;5;245muncommitted source        [0m[38;5;179m10 mod / 62 new[0m  [38;5;245mgenerated files excluded[0m          [38;5;240m│[0m
[38;5;240m│[0m [38;5;245mworktrees                 [0m[1m19[0m                                                 [38;5;240m│[0m
[38;5;240m│[0m [38;5;245mvolume used               [0m[38;5;167m97%[0m         [38;5;245mbees die at 0s when this fills[0m         [38;5;240m│[0m
[38;5;240m│[0m [38;5;245mgates declared / wired    [0m[38;5;179m23 / 8[0m      [38;5;245m15 run only on a Mac[0m                   [38;5;240m│[0m
[38;5;240m├─[0m [38;5;245mANOMALIES   2 blocker  3 high  2 medium[0m [38;5;240m────────────────────────────────────┤[0m
[38;5;240m│[0m [38;5;167m![0m it closed 243.7 hours ago (10.2 days) and no iteration has opened since    [38;5;240m│[0m
[38;5;240m│[0m [38;5;167m![0m 290 of 507 skipped candidates (57%) were refused for missingBoundary - …   [38;5;240m│[0m
[38;5;240m│[0m [38;5;179m![0m they last wrote 2 min ago and are doing no-op work (author filed 0, lan…   [38;5;240m│[0m
[38;5;240m│[0m [38;5;179m![0m the volume is 97% used; how much of it the loop owns was not measured t…   [38;5;240m│[0m
[38;5;240m│[0m [38;5;179m![0m that branch is 396 commits behind its own remote and 129 ahead - measur…   [38;5;240m│[0m
[38;5;240m│[0m [38;5;245m●[0m 8 of them appear in a workflow CI will load; 15 run only on a developer…   [38;5;240m│[0m
[38;5;240m│[0m [38;5;245m●[0m 62 untracked source file(s) and 10 modified one(s) exist only on this d…   [38;5;240m│[0m
[38;5;240m╰──────────────────────────────────────────────────────────────────────────────╯[0m
cycle 119: 7 anomalies in 0.9s
cycle: skipped - lock heal.mjs is running (the lock is not proof on its own)
[38;5;240m╭─[0m [38;5;173mTRIOS[0m [1mCONTINUOUS LOOP[0m  [38;5;167m● STOPPED[0m [38;5;240m───────────────────────────────────────────╮[0m
[38;5;240m│[0m [38;5;245mdrawn from a reading      [0m[38;5;245mjust now    [0m[38;5;245m2026-09-16 13:34:22Z[0m                   [38;5;240m│[0m
[38;5;240m├──────────────────────────────────────────────────────────────────────────────┤[0m
[38;5;240m│[0m [38;5;245miteration                 [0m[1m97[0m          [38;5;245mthe CLI that runs the loop was in no…[0m  [38;5;240m│[0m
[38;5;240m│[0m [38;5;245mlast advanced             [0m[38;5;167m10.2d ago[0m   [38;5;245mno driver; last iteration 10.2d ago[0m    [38;5;240m│[0m
[38;5;240m│[0m [38;5;245mdriver (iterations)       [0m[38;5;167mNONE[0m        [38;5;245mnothing schedules an iteration[0m         [38;5;240m│[0m
[38;5;240m│[0m [38;5;245mtimers (housekeeping)     [0m[38;5;71m4 launchd[0m   [38;5;245mheal wrote 10m ago[0m                     [38;5;240m│[0m
[38;5;240m│[0m [38;5;245mlock                      [0m[1mcycle 0m[0m                                           [38;5;240m│[0m
[38;5;240m├─[0m [38;5;245mSWARM   measured just now[0m [38;5;240m──────────────────────────────────────────────────┤[0m
[38;5;240m│[0m [38;5;245mbees running              [0m[38;5;71m4[0m                                                  [38;5;240m│[0m
[38;5;240m│[0m [38;5;245mdispatches finished       [0m[1m616[0m                                                [38;5;240m│[0m
[38;5;240m│[0m [38;5;245mtick refusal              [0m[1mnothing to choose[0m                                  [38;5;240m│[0m
[38;5;240m│[0m [38;5;245mcandidates skipped        [0m[1m504[0m                                                [38;5;240m│[0m
[38;5;240m│[0m [38;5;245m  missing boundary        [0m[38;5;167m290[0m         [38;5;245m58% of all skips[0m                       [38;5;240m│[0m
[38;5;240m│[0m [38;5;245m  claimed by a fence      [0m[1m71[0m                                                 [38;5;240m│[0m
[38;5;240m│[0m [38;5;245m  done but still open     [0m[1m107[0m                                                [38;5;240m│[0m
[38;5;240m│[0m [38;5;245mavailable to a bee        [0m[38;5;245m-[0m           [38;5;245mneeds a deep cycle[0m                     [38;5;240m│[0m
[38;5;240m│[0m [38;5;245mwindow with no bee        [0m[38;5;71m24%[0m                                                [38;5;240m│[0m
[38;5;240m│[0m [38;5;245mrounds failed             [0m[38;5;245m-[0m                                                  [38;5;240m│[0m
[38;5;240m├─[0m [38;5;245mTREE[0m [38;5;240m───────────────────────────────────────────────────────────────────────┤[0m
[38;5;240m│[0m [38;5;245mbranch                    [0m[38;5;179mfeat/queen-supervisor[0m  [38;5;245mahead 129  behind 396[0m       [38;5;240m│[0m
[38;5;240m│[0m [38;5;245muncommitted source        [0m[38;5;179m10 mod / 62 new[0m  [38;5;245mgenerated files excluded[0m          [38;5;240m│[0m
[38;5;240m│[0m [38;5;245mworktrees                 [0m[1m19[0m                                                 [38;5;240m│[0m
[38;5;240m│[0m [38;5;245mvolume used               [0m[38;5;167m97%[0m         [38;5;245mbees die at 0s when this fills[0m         [38;5;240m│[0m
[38;5;240m│[0m [38;5;245mgates declared / wired    [0m[38;5;179m23 / 8[0m      [38;5;245m15 run only on a Mac[0m                   [38;5;240m│[0m
[38;5;240m├─[0m [38;5;245mANOMALIES   2 blocker  3 high  2 medium[0m [38;5;240m────────────────────────────────────┤[0m
[38;5;240m│[0m [38;5;167m![0m it closed 244.2 hours ago (10.2 days) and no iteration has opened since    [38;5;240m│[0m
[38;5;240m│[0m [38;5;167m![0m 290 of 504 skipped candidates (58%) were refused for missingBoundary - …   [38;5;240m│[0m
[38;5;240m│[0m [38;5;179m![0m they last wrote 9.9 min ago and are doing no-op work (author filed 0, l…   [38;5;240m│[0m
[38;5;240m│[0m [38;5;179m![0m the volume is 97% used; the loop's own worktrees are 2.5G of that, 0.6%…   [38;5;240m│[0m
[38;5;240m│[0m [38;5;179m![0m that branch is 396 commits behind its own remote and 129 ahead - measur…   [38;5;240m│[0m
[38;5;240m│[0m [38;5;245m●[0m 8 of them appear in a workflow CI will load; 15 run only on a developer…   [38;5;240m│[0m
[38;5;240m│[0m [38;5;245m●[0m 62 untracked source file(s) and 10 modified one(s) exist only on this d…   [38;5;240m│[0m
[38;5;240m╰──────────────────────────────────────────────────────────────────────────────╯[0m
cycle 120: 7 anomalies in 15.9s
cycle: skipped - lock heal.mjs is running (the lock is not proof on its own)
cycle: skipped - lock feed.mjs is running (the lock is not proof on its own)
cycle: skipped - lock heal.mjs is running (the lock is not proof on its own)
cycle: skipped - lock feed.mjs is running (the lock is not proof on its own)
cycle: skipped - lock feed.mjs is running (the lock is not proof on its own)
cycle: skipped - lock heal.mjs is running (the lock is not proof on its own)
cycle: skipped - lock feed.mjs is running (the lock is not proof on its own)
cycle: skipped - lock heal.mjs is running (the lock is not proof on its own)
cycle: skipped - lock heal.mjs is running (the lock is not proof on its own)
[38;5;240m╭─[0m [38;5;173mTRIOS[0m [1mCONTINUOUS LOOP[0m  [38;5;167m● STOPPED[0m [38;5;240m───────────────────────────────────────────╮[0m
[38;5;240m│[0m [38;5;245mdrawn from a reading      [0m[38;5;245mjust now    [0m[38;5;245m2026-09-16 16:07:02Z[0m                   [38;5;240m│[0m
[38;5;240m├──────────────────────────────────────────────────────────────────────────────┤[0m
[38;5;240m│[0m [38;5;245miteration                 [0m[1m97[0m          [38;5;245mthe CLI that runs the loop was in no…[0m  [38;5;240m│[0m
[38;5;240m│[0m [38;5;245mlast advanced             [0m[38;5;167m10.3d ago[0m   [38;5;245mno driver; last iteration 10.3d ago[0m    [38;5;240m│[0m
[38;5;240m│[0m [38;5;245mdriver (iterations)       [0m[38;5;167mNONE[0m        [38;5;245mnothing schedules an iteration[0m         [38;5;240m│[0m
[38;5;240m│[0m [38;5;245mtimers (housekeeping)     [0m[38;5;71m4 launchd[0m   [38;5;245mheal wrote 6m ago[0m                      [38;5;240m│[0m
[38;5;240m│[0m [38;5;245mlock                      [0m[1mcycle 0m[0m                                           [38;5;240m│[0m
[38;5;240m├─[0m [38;5;245mSWARM   measured just now[0m [38;5;240m──────────────────────────────────────────────────┤[0m
[38;5;240m│[0m [38;5;245mbees running              [0m[38;5;71m3[0m                                                  [38;5;240m│[0m
[38;5;240m│[0m [38;5;245mdispatches finished       [0m[1m653[0m                                                [38;5;240m│[0m
[38;5;240m│[0m [38;5;245mtick refusal              [0m[1mnothing to choose[0m                                  [38;5;240m│[0m
[38;5;240m│[0m [38;5;245mcandidates skipped        [0m[1m781[0m                                                [38;5;240m│[0m
[38;5;240m│[0m [38;5;245m  missing boundary        [0m[38;5;167m546[0m         [38;5;245m70% of all skips[0m                       [38;5;240m│[0m
[38;5;240m│[0m [38;5;245m  claimed by a fence      [0m[1m100[0m                                                [38;5;240m│[0m
[38;5;240m│[0m [38;5;245m  done but still open     [0m[1m115[0m                                                [38;5;240m│[0m
[38;5;240m│[0m [38;5;245mavailable to a bee        [0m[38;5;245m-[0m           [38;5;245mneeds a deep cycle[0m                     [38;5;240m│[0m
[38;5;240m├─[0m [38;5;245mTREE[0m [38;5;240m───────────────────────────────────────────────────────────────────────┤[0m
[38;5;240m│[0m [38;5;245mbranch                    [0m[38;5;179mfeat/queen-supervisor[0m  [38;5;245mahead 130  behind 411[0m       [38;5;240m│[0m
[38;5;240m│[0m [38;5;245muncommitted source        [0m[38;5;179m10 mod / 62 new[0m  [38;5;245mgenerated files excluded[0m          [38;5;240m│[0m
[38;5;240m│[0m [38;5;245mworktrees                 [0m[1m19[0m                                                 [38;5;240m│[0m
[38;5;240m│[0m [38;5;245mvolume used               [0m[38;5;167m95%[0m         [38;5;245mbees die at 0s when this fills[0m         [38;5;240m│[0m
[38;5;240m│[0m [38;5;245mgates declared / wired    [0m[38;5;179m23 / 8[0m      [38;5;245m15 run only on a Mac[0m                   [38;5;240m│[0m
[38;5;240m├─[0m [38;5;245mANOMALIES   2 blocker  4 high  2 medium[0m [38;5;240m────────────────────────────────────┤[0m
[38;5;240m│[0m [38;5;167m![0m it closed 246.8 hours ago (10.3 days) and no iteration has opened since    [38;5;240m│[0m
[38;5;240m│[0m [38;5;167m![0m 546 of 781 skipped candidates (70%) were refused for missingBoundary - …   [38;5;240m│[0m
[38;5;240m│[0m [38;5;179m![0m they last wrote 5.8 min ago and are doing no-op work (author filed 0, l…   [38;5;240m│[0m
[38;5;240m│[0m [38;5;179m![0m the Queen's board says running 3 right now; the dashboard file is 0.2h …   [38;5;240m│[0m
[38;5;240m│[0m [38;5;179m![0m the volume is 95% used; how much of it the loop owns was not measured t…   [38;5;240m│[0m
[38;5;240m│[0m [38;5;179m![0m that branch is 411 commits behind its own remote and 130 ahead - measur…   [38;5;240m│[0m
[38;5;240m│[0m [38;5;245m●[0m 8 of them appear in a workflow CI will load; 15 run only on a developer…   [38;5;240m│[0m
[38;5;240m│[0m [38;5;245m  +1 more - tri cycle-anomalies[0m                                              [38;5;240m│[0m
[38;5;240m╰──────────────────────────────────────────────────────────────────────────────╯[0m
cycle 122: 8 anomalies in 0.9s
cycle: skipped - lock heal.mjs is running (the lock is not proof on its own)
[38;5;240m╭─[0m [38;5;173mTRIOS[0m [1mCONTINUOUS LOOP[0m  [38;5;167m● STOPPED[0m [38;5;240m───────────────────────────────────────────╮[0m
[38;5;240m│[0m [38;5;245mdrawn from a reading      [0m[38;5;245mjust now    [0m[38;5;245m2026-09-16 16:37:04Z[0m                   [38;5;240m│[0m
[38;5;240m├──────────────────────────────────────────────────────────────────────────────┤[0m
[38;5;240m│[0m [38;5;245miteration                 [0m[1m97[0m          [38;5;245mthe CLI that runs the loop was in no…[0m  [38;5;240m│[0m
[38;5;240m│[0m [38;5;245mlast advanced             [0m[38;5;167m10.3d ago[0m   [38;5;245mno driver; last iteration 10.3d ago[0m    [38;5;240m│[0m
[38;5;240m│[0m [38;5;245mdriver (iterations)       [0m[38;5;167mNONE[0m        [38;5;245mnothing schedules an iteration[0m         [38;5;240m│[0m
[38;5;240m│[0m [38;5;245mtimers (housekeeping)     [0m[38;5;71m4 launchd[0m   [38;5;245mheal wrote 3m ago[0m                      [38;5;240m│[0m
[38;5;240m│[0m [38;5;245mlock                      [0m[1mcycle 0m[0m                                           [38;5;240m│[0m
[38;5;240m├─[0m [38;5;245mSWARM   measured just now[0m [38;5;240m──────────────────────────────────────────────────┤[0m
[38;5;240m│[0m [38;5;245mbees running              [0m[38;5;71m1[0m                                                  [38;5;240m│[0m
[38;5;240m│[0m [38;5;245mdispatches finished       [0m[1m655[0m                                                [38;5;240m│[0m
[38;5;240m│[0m [38;5;245mtick refusal              [0m[1mnothing to choose[0m                                  [38;5;240m│[0m
[38;5;240m│[0m [38;5;245mcandidates skipped        [0m[1m781[0m                                                [38;5;240m│[0m
[38;5;240m│[0m [38;5;245m  missing boundary        [0m[38;5;167m546[0m         [38;5;245m70% of all skips[0m                       [38;5;240m│[0m
[38;5;240m│[0m [38;5;245m  claimed by a fence      [0m[1m97[0m                                                 [38;5;240m│[0m
[38;5;240m│[0m [38;5;245m  done but still open     [0m[1m118[0m                                                [38;5;240m│[0m
[38;5;240m│[0m [38;5;245mavailable to a bee        [0m[38;5;245m-[0m           [38;5;245mneeds a deep cycle[0m                     [38;5;240m│[0m
[38;5;240m├─[0m [38;5;245mTREE[0m [38;5;240m───────────────────────────────────────────────────────────────────────┤[0m
[38;5;240m│[0m [38;5;245mbranch                    [0m[38;5;179mfeat/queen-supervisor[0m  [38;5;245mahead 130  behind 412[0m       [38;5;240m│[0m
[38;5;240m│[0m [38;5;245muncommitted source        [0m[38;5;179m10 mod / 62 new[0m  [38;5;245mgenerated files excluded[0m          [38;5;240m│[0m
[38;5;240m│[0m [38;5;245mworktrees                 [0m[1m19[0m                                                 [38;5;240m│[0m
[38;5;240m│[0m [38;5;245mvolume used               [0m[38;5;167m96%[0m         [38;5;245mbees die at 0s when this fills[0m         [38;5;240m│[0m
[38;5;240m│[0m [38;5;245mgates declared / wired    [0m[38;5;179m23 / 8[0m      [38;5;245m15 run only on a Mac[0m                   [38;5;240m│[0m
[38;5;240m├─[0m [38;5;245mANOMALIES   2 blocker  3 high  2 medium[0m [38;5;240m────────────────────────────────────┤[0m
[38;5;240m│[0m [38;5;167m![0m it closed 247.3 hours ago (10.3 days) and no iteration has opened since    [38;5;240m│[0m
[38;5;240m│[0m [38;5;167m![0m 546 of 781 skipped candidates (70%) were refused for missingBoundary - …   [38;5;240m│[0m
[38;5;240m│[0m [38;5;179m![0m they last wrote 2.8 min ago and are doing no-op work (author filed 0, l…   [38;5;240m│[0m
[38;5;240m│[0m [38;5;179m![0m the volume is 96% used; how much of it the loop owns was not measured t…   [38;5;240m│[0m
[38;5;240m│[0m [38;5;179m![0m that branch is 412 commits behind its own remote and 130 ahead - measur…   [38;5;240m│[0m
[38;5;240m│[0m [38;5;245m●[0m 8 of them appear in a workflow CI will load; 15 run only on a developer…   [38;5;240m│[0m
[38;5;240m│[0m [38;5;245m●[0m 62 untracked source file(s) and 10 modified one(s) exist only on this d…   [38;5;240m│[0m
[38;5;240m╰──────────────────────────────────────────────────────────────────────────────╯[0m
cycle 123: 7 anomalies in 1s
cycle: skipped - lock feed.mjs is running (the lock is not proof on its own)
cycle: skipped - lock feed.mjs is running (the lock is not proof on its own)
cycle: skipped - lock heal.mjs is running (the lock is not proof on its own)
cycle: skipped - lock feed.mjs is running (the lock is not proof on its own)
[38;5;240m╭─[0m [38;5;173mTRIOS[0m [1mCONTINUOUS LOOP[0m  [38;5;167m● STOPPED[0m [38;5;240m───────────────────────────────────────────╮[0m
[38;5;240m│[0m [38;5;245mdrawn from a reading      [0m[38;5;245mjust now    [0m[38;5;245m2026-09-16 17:52:08Z[0m                   [38;5;240m│[0m
[38;5;240m├──────────────────────────────────────────────────────────────────────────────┤[0m
[38;5;240m│[0m [38;5;245miteration                 [0m[1m97[0m          [38;5;245mthe CLI that runs the loop was in no…[0m  [38;5;240m│[0m
[38;5;240m│[0m [38;5;245mlast advanced             [0m[38;5;167m10.4d ago[0m   [38;5;245mno driver; last iteration 10.4d ago[0m    [38;5;240m│[0m
[38;5;240m│[0m [38;5;245mdriver (iterations)       [0m[38;5;167mNONE[0m        [38;5;245mnothing schedules an iteration[0m         [38;5;240m│[0m
[38;5;240m│[0m [38;5;245mtimers (housekeeping)     [0m[38;5;71m4 launchd[0m   [38;5;245mheal wrote 4m ago[0m                      [38;5;240m│[0m
[38;5;240m│[0m [38;5;245mlock                      [0m[1mcycle 0m[0m                                           [38;5;240m│[0m
[38;5;240m├─[0m [38;5;245mSWARM   measured just now[0m [38;5;240m──────────────────────────────────────────────────┤[0m
[38;5;240m│[0m [38;5;245mbees running              [0m[38;5;167m0[0m           [38;5;245mnothing is being worked on[0m             [38;5;240m│[0m
[38;5;240m│[0m [38;5;245mdispatches finished       [0m[1m662[0m                                                [38;5;240m│[0m
[38;5;240m│[0m [38;5;245mtick refusal              [0m[1mnothing to choose[0m                                  [38;5;240m│[0m
[38;5;240m│[0m [38;5;245mcandidates skipped        [0m[1m474[0m                                                [38;5;240m│[0m
[38;5;240m│[0m [38;5;245m  missing boundary        [0m[38;5;167m223[0m         [38;5;245m47% of all skips[0m                       [38;5;240m│[0m
[38;5;240m│[0m [38;5;245m  claimed by a fence      [0m[1m100[0m                                                [38;5;240m│[0m
[38;5;240m│[0m [38;5;245m  done but still open     [0m[1m119[0m                                                [38;5;240m│[0m
[38;5;240m│[0m [38;5;245mavailable to a bee        [0m[38;5;245m-[0m           [38;5;245mneeds a deep cycle[0m                     [38;5;240m│[0m
[38;5;240m├─[0m [38;5;245mTREE[0m [38;5;240m───────────────────────────────────────────────────────────────────────┤[0m
[38;5;240m│[0m [38;5;245mbranch                    [0m[38;5;179mfeat/queen-supervisor[0m  [38;5;245mahead 130  behind 417[0m       [38;5;240m│[0m
[38;5;240m│[0m [38;5;245muncommitted source        [0m[38;5;179m10 mod / 62 new[0m  [38;5;245mgenerated files excluded[0m          [38;5;240m│[0m
[38;5;240m│[0m [38;5;245mworktrees                 [0m[1m19[0m                                                 [38;5;240m│[0m
[38;5;240m│[0m [38;5;245mvolume used               [0m[38;5;167m96%[0m         [38;5;245mbees die at 0s when this fills[0m         [38;5;240m│[0m
[38;5;240m│[0m [38;5;245mgates declared / wired    [0m[38;5;179m23 / 8[0m      [38;5;245m15 run only on a Mac[0m                   [38;5;240m│[0m
[38;5;240m├─[0m [38;5;245mANOMALIES   2 blocker  4 high  2 medium[0m [38;5;240m────────────────────────────────────┤[0m
[38;5;240m│[0m [38;5;167m![0m it closed 248.5 hours ago (10.4 days) and no iteration has opened since    [38;5;240m│[0m
[38;5;240m│[0m [38;5;167m![0m 223 of 474 skipped candidates (47%) were refused for missingBoundary - …   [38;5;240m│[0m
[38;5;240m│[0m [38;5;179m![0m they last wrote 4 min ago and are doing no-op work (author filed 0, lan…   [38;5;240m│[0m
[38;5;240m│[0m [38;5;179m![0m the Queen's board says running 0 right now; the dashboard file is 0.5h …   [38;5;240m│[0m
[38;5;240m│[0m [38;5;179m![0m the volume is 96% used; how much of it the loop owns was not measured t…   [38;5;240m│[0m
[38;5;240m│[0m [38;5;179m![0m that branch is 417 commits behind its own remote and 130 ahead - measur…   [38;5;240m│[0m
[38;5;240m│[0m [38;5;245m●[0m 8 of them appear in a workflow CI will load; 15 run only on a developer…   [38;5;240m│[0m
[38;5;240m│[0m [38;5;245m  +1 more - tri cycle-anomalies[0m                                              [38;5;240m│[0m
[38;5;240m╰──────────────────────────────────────────────────────────────────────────────╯[0m
cycle 125: 8 anomalies in 0.9s
cycle: skipped - lock feed.mjs is running (the lock is not proof on its own)
cycle: skipped - lock feed.mjs is running (the lock is not proof on its own)
cycle: skipped - lock heal.mjs is running (the lock is not proof on its own)
cycle: skipped - lock feed.mjs is running (the lock is not proof on its own)
cycle: skipped - lock heal.mjs is running (the lock is not proof on its own)
cycle: skipped - lock feed.mjs is running (the lock is not proof on its own)
cycle: skipped - lock feed.mjs is running (the lock is not proof on its own)
[38;5;240m╭─[0m [38;5;173mTRIOS[0m [1mCONTINUOUS LOOP[0m  [38;5;167m● STOPPED[0m [38;5;240m───────────────────────────────────────────╮[0m
[38;5;240m│[0m [38;5;245mdrawn from a reading      [0m[38;5;245mjust now    [0m[38;5;245m2026-09-16 19:52:12Z[0m                   [38;5;240m│[0m
[38;5;240m├──────────────────────────────────────────────────────────────────────────────┤[0m
[38;5;240m│[0m [38;5;245miteration                 [0m[1m97[0m          [38;5;245mthe CLI that runs the loop was in no…[0m  [38;5;240m│[0m
[38;5;240m│[0m [38;5;245mlast advanced             [0m[38;5;167m10.4d ago[0m   [38;5;245mno driver; last iteration 10.4d ago[0m    [38;5;240m│[0m
[38;5;240m│[0m [38;5;245mdriver (iterations)       [0m[38;5;167mNONE[0m        [38;5;245mnothing schedules an iteration[0m         [38;5;240m│[0m
[38;5;240m│[0m [38;5;245mtimers (housekeeping)     [0m[38;5;71m4 launchd[0m   [38;5;245mheal wrote 8m ago[0m                      [38;5;240m│[0m
[38;5;240m│[0m [38;5;245mlock                      [0m[1mcycle 0m[0m                                           [38;5;240m│[0m
[38;5;240m├─[0m [38;5;245mSWARM   measured just now[0m [38;5;240m──────────────────────────────────────────────────┤[0m
[38;5;240m│[0m [38;5;245mbees running              [0m[38;5;71m5[0m                                                  [38;5;240m│[0m
[38;5;240m│[0m [38;5;245mdispatches finished       [0m[1m684[0m                                                [38;5;240m│[0m
[38;5;240m│[0m [38;5;245mtick refusal              [0m[1mnothing to choose[0m                                  [38;5;240m│[0m
[38;5;240m│[0m [38;5;245mcandidates skipped        [0m[1m816[0m                                                [38;5;240m│[0m
[38;5;240m│[0m [38;5;245m  missing boundary        [0m[38;5;167m548[0m         [38;5;245m67% of all skips[0m                       [38;5;240m│[0m
[38;5;240m│[0m [38;5;245m  claimed by a fence      [0m[1m115[0m                                                [38;5;240m│[0m
[38;5;240m│[0m [38;5;245m  done but still open     [0m[1m129[0m                                                [38;5;240m│[0m
[38;5;240m│[0m [38;5;245mavailable to a bee        [0m[38;5;245m-[0m           [38;5;245mneeds a deep cycle[0m                     [38;5;240m│[0m
[38;5;240m├─[0m [38;5;245mTREE[0m [38;5;240m───────────────────────────────────────────────────────────────────────┤[0m
[38;5;240m│[0m [38;5;245mbranch                    [0m[38;5;179mfeat/queen-supervisor[0m  [38;5;245mahead 130  behind 417[0m       [38;5;240m│[0m
[38;5;240m│[0m [38;5;245muncommitted source        [0m[38;5;179m10 mod / 62 new[0m  [38;5;245mgenerated files excluded[0m          [38;5;240m│[0m
[38;5;240m│[0m [38;5;245mworktrees                 [0m[1m19[0m                                                 [38;5;240m│[0m
[38;5;240m│[0m [38;5;245mvolume used               [0m[38;5;167m96%[0m         [38;5;245mbees die at 0s when this fills[0m         [38;5;240m│[0m
[38;5;240m│[0m [38;5;245mgates declared / wired    [0m[38;5;179m23 / 8[0m      [38;5;245m15 run only on a Mac[0m                   [38;5;240m│[0m
[38;5;240m├─[0m [38;5;245mANOMALIES   2 blocker  4 high  2 medium[0m [38;5;240m────────────────────────────────────┤[0m
[38;5;240m│[0m [38;5;167m![0m it closed 250.5 hours ago (10.4 days) and no iteration has opened since    [38;5;240m│[0m
[38;5;240m│[0m [38;5;167m![0m 548 of 816 skipped candidates (67%) were refused for missingBoundary - …   [38;5;240m│[0m
[38;5;240m│[0m [38;5;179m![0m they last wrote 8.4 min ago and are doing no-op work (author filed 0, l…   [38;5;240m│[0m
[38;5;240m│[0m [38;5;179m![0m the Queen's board says running 5 right now; the dashboard file is 0.7h …   [38;5;240m│[0m
[38;5;240m│[0m [38;5;179m![0m the volume is 96% used; how much of it the loop owns was not measured t…   [38;5;240m│[0m
[38;5;240m│[0m [38;5;179m![0m that branch is 417 commits behind its own remote and 130 ahead - measur…   [38;5;240m│[0m
[38;5;240m│[0m [38;5;245m●[0m 8 of them appear in a workflow CI will load; 15 run only on a developer…   [38;5;240m│[0m
[38;5;240m│[0m [38;5;245m  +1 more - tri cycle-anomalies[0m                                              [38;5;240m│[0m
[38;5;240m╰──────────────────────────────────────────────────────────────────────────────╯[0m
cycle 126: 8 anomalies in 0.9s
[38;5;240m╭─[0m [38;5;173mTRIOS[0m [1mCONTINUOUS LOOP[0m  [38;5;167m● STOPPED[0m [38;5;240m───────────────────────────────────────────╮[0m
[38;5;240m│[0m [38;5;245mdrawn from a reading      [0m[38;5;245mjust now    [0m[38;5;245m2026-09-16 20:26:13Z[0m                   [38;5;240m│[0m
[38;5;240m├──────────────────────────────────────────────────────────────────────────────┤[0m
[38;5;240m│[0m [38;5;245miteration                 [0m[1m97[0m          [38;5;245mthe CLI that runs the loop was in no…[0m  [38;5;240m│[0m
[38;5;240m│[0m [38;5;245mlast advanced             [0m[38;5;167m10.5d ago[0m   [38;5;245mno driver; last iteration 10.5d ago[0m    [38;5;240m│[0m
[38;5;240m│[0m [38;5;245mdriver (iterations)       [0m[38;5;167mNONE[0m        [38;5;245mnothing schedules an iteration[0m         [38;5;240m│[0m
[38;5;240m│[0m [38;5;245mtimers (housekeeping)     [0m[38;5;71m4 launchd[0m   [38;5;245mheal wrote 20m ago[0m                     [38;5;240m│[0m
[38;5;240m│[0m [38;5;245mlock                      [0m[1mcycle 0m[0m                                           [38;5;240m│[0m
[38;5;240m├─[0m [38;5;245mSWARM   measured just now[0m [38;5;240m──────────────────────────────────────────────────┤[0m
[38;5;240m│[0m [38;5;245mbees running              [0m[38;5;71m5[0m                                                  [38;5;240m│[0m
[38;5;240m│[0m [38;5;245mdispatches finished       [0m[1m684[0m                                                [38;5;240m│[0m
[38;5;240m│[0m [38;5;245mtick refusal              [0m[1mnothing to choose[0m                                  [38;5;240m│[0m
[38;5;240m│[0m [38;5;245mcandidates skipped        [0m[1m817[0m                                                [38;5;240m│[0m
[38;5;240m│[0m [38;5;245m  missing boundary        [0m[38;5;167m548[0m         [38;5;245m67% of all skips[0m                       [38;5;240m│[0m
[38;5;240m│[0m [38;5;245m  claimed by a fence      [0m[1m111[0m                                                [38;5;240m│[0m
[38;5;240m│[0m [38;5;245m  done but still open     [0m[1m132[0m                                                [38;5;240m│[0m
[38;5;240m│[0m [38;5;245mavailable to a bee        [0m[38;5;245m-[0m           [38;5;245mneeds a deep cycle[0m                     [38;5;240m│[0m
[38;5;240m├─[0m [38;5;245mTREE[0m [38;5;240m───────────────────────────────────────────────────────────────────────┤[0m
[38;5;240m│[0m [38;5;245mbranch                    [0m[38;5;179mfeat/queen-supervisor[0m  [38;5;245mahead 130  behind 417[0m       [38;5;240m│[0m
[38;5;240m│[0m [38;5;245muncommitted source        [0m[38;5;179m10 mod / 62 new[0m  [38;5;245mgenerated files excluded[0m          [38;5;240m│[0m
[38;5;240m│[0m [38;5;245mworktrees                 [0m[1m19[0m                                                 [38;5;240m│[0m
[38;5;240m│[0m [38;5;245mvolume used               [0m[38;5;167m96%[0m         [38;5;245mbees die at 0s when this fills[0m         [38;5;240m│[0m
[38;5;240m│[0m [38;5;245mgates declared / wired    [0m[38;5;179m23 / 8[0m      [38;5;245m15 run only on a Mac[0m                   [38;5;240m│[0m
[38;5;240m├─[0m [38;5;245mANOMALIES   2 blocker  4 high  2 medium[0m [38;5;240m────────────────────────────────────┤[0m
[38;5;240m│[0m [38;5;167m![0m it closed 251.1 hours ago (10.5 days) and no iteration has opened since    [38;5;240m│[0m
[38;5;240m│[0m [38;5;167m![0m 548 of 817 skipped candidates (67%) were refused for missingBoundary - …   [38;5;240m│[0m
[38;5;240m│[0m [38;5;179m![0m they last wrote 19.5 min ago and are doing no-op work (author filed 0, …   [38;5;240m│[0m
[38;5;240m│[0m [38;5;179m![0m the Queen's board says running 5 right now; the dashboard file is 1.3h …   [38;5;240m│[0m
[38;5;240m│[0m [38;5;179m![0m the volume is 96% used; how much of it the loop owns was not measured t…   [38;5;240m│[0m
[38;5;240m│[0m [38;5;179m![0m that branch is 417 commits behind its own remote and 130 ahead - measur…   [38;5;240m│[0m
[38;5;240m│[0m [38;5;245m●[0m 8 of them appear in a workflow CI will load; 15 run only on a developer…   [38;5;240m│[0m
[38;5;240m│[0m [38;5;245m  +1 more - tri cycle-anomalies[0m                                              [38;5;240m│[0m
[38;5;240m╰──────────────────────────────────────────────────────────────────────────────╯[0m
cycle 127: 8 anomalies in 0.9s
cycle: skipped - lock feed.mjs is running (the lock is not proof on its own)
[38;5;240m╭─[0m [38;5;173mTRIOS[0m [1mCONTINUOUS LOOP[0m  [38;5;167m● STOPPED[0m [38;5;240m───────────────────────────────────────────╮[0m
[38;5;240m│[0m [38;5;245mdrawn from a reading      [0m[38;5;245mjust now    [0m[38;5;245m2026-09-16 20:56:15Z[0m                   [38;5;240m│[0m
[38;5;240m├──────────────────────────────────────────────────────────────────────────────┤[0m
[38;5;240m│[0m [38;5;245miteration                 [0m[1m97[0m          [38;5;245mthe CLI that runs the loop was in no…[0m  [38;5;240m│[0m
[38;5;240m│[0m [38;5;245mlast advanced             [0m[38;5;167m10.5d ago[0m   [38;5;245mno driver; last iteration 10.5d ago[0m    [38;5;240m│[0m
[38;5;240m│[0m [38;5;245mdriver (iterations)       [0m[38;5;167mNONE[0m        [38;5;245mnothing schedules an iteration[0m         [38;5;240m│[0m
[38;5;240m│[0m [38;5;245mtimers (housekeeping)     [0m[38;5;71m4 launchd[0m   [38;5;245mheal wrote 3m ago[0m                      [38;5;240m│[0m
[38;5;240m│[0m [38;5;245mlock                      [0m[1mcycle 0m[0m                                           [38;5;240m│[0m
[38;5;240m├─[0m [38;5;245mSWARM   measured just now[0m [38;5;240m──────────────────────────────────────────────────┤[0m
[38;5;240m│[0m [38;5;245mbees running              [0m[38;5;167m0[0m           [38;5;245mnothing is being worked on[0m             [38;5;240m│[0m
[38;5;240m│[0m [38;5;245mdispatches finished       [0m[1m689[0m                                                [38;5;240m│[0m
[38;5;240m│[0m [38;5;245mtick refusal              [0m[1mnothing to choose[0m                                  [38;5;240m│[0m
[38;5;240m│[0m [38;5;245mcandidates skipped        [0m[1m815[0m                                                [38;5;240m│[0m
[38;5;240m│[0m [38;5;245m  missing boundary        [0m[38;5;167m548[0m         [38;5;245m67% of all skips[0m                       [38;5;240m│[0m
[38;5;240m│[0m [38;5;245m  claimed by a fence      [0m[1m108[0m                                                [38;5;240m│[0m
[38;5;240m│[0m [38;5;245m  done but still open     [0m[1m133[0m                                                [38;5;240m│[0m
[38;5;240m│[0m [38;5;245mavailable to a bee        [0m[38;5;245m-[0m           [38;5;245mneeds a deep cycle[0m                     [38;5;240m│[0m
[38;5;240m│[0m [38;5;245mwindow with no bee        [0m[38;5;71m20%[0m                                                [38;5;240m│[0m
[38;5;240m│[0m [38;5;245mrounds failed             [0m[38;5;245m-[0m                                                  [38;5;240m│[0m
[38;5;240m├─[0m [38;5;245mTREE[0m [38;5;240m───────────────────────────────────────────────────────────────────────┤[0m
[38;5;240m│[0m [38;5;245mbranch                    [0m[38;5;179mfeat/queen-supervisor[0m  [38;5;245mahead 130  behind 419[0m       [38;5;240m│[0m
[38;5;240m│[0m [38;5;245muncommitted source        [0m[38;5;179m10 mod / 62 new[0m  [38;5;245mgenerated files excluded[0m          [38;5;240m│[0m
[38;5;240m│[0m [38;5;245mworktrees                 [0m[1m19[0m                                                 [38;5;240m│[0m
[38;5;240m│[0m [38;5;245mvolume used               [0m[38;5;167m95%[0m         [38;5;245mbees die at 0s when this fills[0m         [38;5;240m│[0m
[38;5;240m│[0m [38;5;245mgates declared / wired    [0m[38;5;179m23 / 8[0m      [38;5;245m15 run only on a Mac[0m                   [38;5;240m│[0m
[38;5;240m├─[0m [38;5;245mANOMALIES   2 blocker  4 high  2 medium[0m [38;5;240m────────────────────────────────────┤[0m
[38;5;240m│[0m [38;5;167m![0m it closed 251.6 hours ago (10.5 days) and no iteration has opened since    [38;5;240m│[0m
[38;5;240m│[0m [38;5;167m![0m 548 of 815 skipped candidates (67%) were refused for missingBoundary - …   [38;5;240m│[0m
[38;5;240m│[0m [38;5;179m![0m they last wrote 3.2 min ago and are doing no-op work (author filed 0, l…   [38;5;240m│[0m
[38;5;240m│[0m [38;5;179m![0m the Queen's board says running 0 right now; the dashboard file is 1.8h …   [38;5;240m│[0m
[38;5;240m│[0m [38;5;179m![0m the volume is 95% used; the loop's own worktrees are 2.5G of that, 0.6%…   [38;5;240m│[0m
[38;5;240m│[0m [38;5;179m![0m that branch is 419 commits behind its own remote and 130 ahead - measur…   [38;5;240m│[0m
[38;5;240m│[0m [38;5;245m●[0m 8 of them appear in a workflow CI will load; 15 run only on a developer…   [38;5;240m│[0m
[38;5;240m│[0m [38;5;245m  +1 more - tri cycle-anomalies[0m                                              [38;5;240m│[0m
[38;5;240m╰──────────────────────────────────────────────────────────────────────────────╯[0m
cycle 128: 8 anomalies in 15.8s
cycle: skipped - lock feed.mjs is running (the lock is not proof on its own)
[38;5;240m╭─[0m [38;5;173mTRIOS[0m [1mCONTINUOUS LOOP[0m  [38;5;167m● STOPPED[0m [38;5;240m───────────────────────────────────────────╮[0m
[38;5;240m│[0m [38;5;245mdrawn from a reading      [0m[38;5;245mjust now    [0m[38;5;245m2026-09-16 21:26:31Z[0m                   [38;5;240m│[0m
[38;5;240m├──────────────────────────────────────────────────────────────────────────────┤[0m
[38;5;240m│[0m [38;5;245miteration                 [0m[1m97[0m          [38;5;245mthe CLI that runs the loop was in no…[0m  [38;5;240m│[0m
[38;5;240m│[0m [38;5;245mlast advanced             [0m[38;5;167m10.5d ago[0m   [38;5;245mno driver; last iteration 10.5d ago[0m    [38;5;240m│[0m
[38;5;240m│[0m [38;5;245mdriver (iterations)       [0m[38;5;167mNONE[0m        [38;5;245mnothing schedules an iteration[0m         [38;5;240m│[0m
[38;5;240m│[0m [38;5;245mtimers (housekeeping)     [0m[38;5;71m4 launchd[0m   [38;5;245mheal wrote 3m ago[0m                      [38;5;240m│[0m
[38;5;240m│[0m [38;5;245mlock                      [0m[1mcycle 0m[0m                                           [38;5;240m│[0m
[38;5;240m├─[0m [38;5;245mSWARM   measured just now[0m [38;5;240m──────────────────────────────────────────────────┤[0m
[38;5;240m│[0m [38;5;245mbees running              [0m[38;5;71m2[0m                                                  [38;5;240m│[0m
[38;5;240m│[0m [38;5;245mdispatches finished       [0m[1m687[0m                                                [38;5;240m│[0m
[38;5;240m│[0m [38;5;245mtick refusal              [0m[1mnothing to choose[0m                                  [38;5;240m│[0m
[38;5;240m│[0m [38;5;245mcandidates skipped        [0m[1m816[0m                                                [38;5;240m│[0m
[38;5;240m│[0m [38;5;245m  missing boundary        [0m[38;5;167m548[0m         [38;5;245m67% of all skips[0m                       [38;5;240m│[0m
[38;5;240m│[0m [38;5;245m  claimed by a fence      [0m[1m102[0m                                                [38;5;240m│[0m
[38;5;240m│[0m [38;5;245m  done but still open     [0m[1m138[0m                                                [38;5;240m│[0m
[38;5;240m│[0m [38;5;245mavailable to a bee        [0m[38;5;245m-[0m           [38;5;245mneeds a deep cycle[0m                     [38;5;240m│[0m
[38;5;240m├─[0m [38;5;245mTREE[0m [38;5;240m───────────────────────────────────────────────────────────────────────┤[0m
[38;5;240m│[0m [38;5;245mbranch                    [0m[38;5;179mfeat/queen-supervisor[0m  [38;5;245mahead 130  behind 419[0m       [38;5;240m│[0m
[38;5;240m│[0m [38;5;245muncommitted source        [0m[38;5;179m10 mod / 62 new[0m  [38;5;245mgenerated files excluded[0m          [38;5;240m│[0m
[38;5;240m│[0m [38;5;245mworktrees                 [0m[1m19[0m                                                 [38;5;240m│[0m
[38;5;240m│[0m [38;5;245mvolume used               [0m[38;5;167m95%[0m         [38;5;245mbees die at 0s when this fills[0m         [38;5;240m│[0m
[38;5;240m│[0m [38;5;245mgates declared / wired    [0m[38;5;179m23 / 8[0m      [38;5;245m15 run only on a Mac[0m                   [38;5;240m│[0m
[38;5;240m├─[0m [38;5;245mANOMALIES   2 blocker  4 high  2 medium[0m [38;5;240m────────────────────────────────────┤[0m
[38;5;240m│[0m [38;5;167m![0m it closed 252.1 hours ago (10.5 days) and no iteration has opened since    [38;5;240m│[0m
[38;5;240m│[0m [38;5;167m![0m 548 of 816 skipped candidates (67%) were refused for missingBoundary - …   [38;5;240m│[0m
[38;5;240m│[0m [38;5;179m![0m they last wrote 3.4 min ago and are doing no-op work (author filed 0, l…   [38;5;240m│[0m
[38;5;240m│[0m [38;5;179m![0m the Queen's board says running 2 right now; the dashboard file is 2.3h …   [38;5;240m│[0m
[38;5;240m│[0m [38;5;179m![0m the volume is 95% used; how much of it the loop owns was not measured t…   [38;5;240m│[0m
[38;5;240m│[0m [38;5;179m![0m that branch is 419 commits behind its own remote and 130 ahead - measur…   [38;5;240m│[0m
[38;5;240m│[0m [38;5;245m●[0m 8 of them appear in a workflow CI will load; 15 run only on a developer…   [38;5;240m│[0m
[38;5;240m│[0m [38;5;245m  +1 more - tri cycle-anomalies[0m                                              [38;5;240m│[0m
[38;5;240m╰──────────────────────────────────────────────────────────────────────────────╯[0m
cycle 129: 8 anomalies in 0.9s
cycle: skipped - lock feed.mjs is running (the lock is not proof on its own)
cycle: skipped - lock feed.mjs is running (the lock is not proof on its own)
[38;5;240m╭─[0m [38;5;173mTRIOS[0m [1mCONTINUOUS LOOP[0m  [38;5;167m● STOPPED[0m [38;5;240m───────────────────────────────────────────╮[0m
[38;5;240m│[0m [38;5;245mdrawn from a reading      [0m[38;5;245mjust now    [0m[38;5;245m2026-09-16 22:11:33Z[0m                   [38;5;240m│[0m
[38;5;240m├──────────────────────────────────────────────────────────────────────────────┤[0m
[38;5;240m│[0m [38;5;245miteration                 [0m[1m97[0m          [38;5;245mthe CLI that runs the loop was in no…[0m  [38;5;240m│[0m
[38;5;240m│[0m [38;5;245mlast advanced             [0m[38;5;167m10.5d ago[0m   [38;5;245mno driver; last iteration 10.5d ago[0m    [38;5;240m│[0m
[38;5;240m│[0m [38;5;245mdriver (iterations)       [0m[38;5;167mNONE[0m        [38;5;245mnothing schedules an iteration[0m         [38;5;240m│[0m
[38;5;240m│[0m [38;5;245mtimers (housekeeping)     [0m[38;5;71m4 launchd[0m   [38;5;245mheal wrote 8m ago[0m                      [38;5;240m│[0m
[38;5;240m│[0m [38;5;245mlock                      [0m[1mcycle 0m[0m                                           [38;5;240m│[0m
[38;5;240m├─[0m [38;5;245mSWARM   measured just now[0m [38;5;240m──────────────────────────────────────────────────┤[0m
[38;5;240m│[0m [38;5;245mbees running              [0m[38;5;167m0[0m           [38;5;245mnothing is being worked on[0m             [38;5;240m│[0m
[38;5;240m│[0m [38;5;245mdispatches finished       [0m[1m689[0m                                                [38;5;240m│[0m
[38;5;240m│[0m [38;5;245mtick refusal              [0m[1mnothing to choose[0m                                  [38;5;240m│[0m
[38;5;240m│[0m [38;5;245mcandidates skipped        [0m[1m816[0m                                                [38;5;240m│[0m
[38;5;240m│[0m [38;5;245m  missing boundary        [0m[38;5;167m548[0m         [38;5;245m67% of all skips[0m                       [38;5;240m│[0m
[38;5;240m│[0m [38;5;245m  claimed by a fence      [0m[1m102[0m                                                [38;5;240m│[0m
[38;5;240m│[0m [38;5;245m  done but still open     [0m[1m138[0m                                                [38;5;240m│[0m
[38;5;240m│[0m [38;5;245mavailable to a bee        [0m[38;5;245m-[0m           [38;5;245mneeds a deep cycle[0m                     [38;5;240m│[0m
[38;5;240m├─[0m [38;5;245mTREE[0m [38;5;240m───────────────────────────────────────────────────────────────────────┤[0m
[38;5;240m│[0m [38;5;245mbranch                    [0m[38;5;179mfeat/queen-supervisor[0m  [38;5;245mahead 130  behind 421[0m       [38;5;240m│[0m
[38;5;240m│[0m [38;5;245muncommitted source        [0m[38;5;179m10 mod / 62 new[0m  [38;5;245mgenerated files excluded[0m          [38;5;240m│[0m
[38;5;240m│[0m [38;5;245mworktrees                 [0m[1m19[0m                                                 [38;5;240m│[0m
[38;5;240m│[0m [38;5;245mvolume used               [0m[38;5;167m95%[0m         [38;5;245mbees die at 0s when this fills[0m         [38;5;240m│[0m
[38;5;240m│[0m [38;5;245mgates declared / wired    [0m[38;5;179m23 / 8[0m      [38;5;245m15 run only on a Mac[0m                   [38;5;240m│[0m
[38;5;240m├─[0m [38;5;245mANOMALIES   2 blocker  4 high  2 medium[0m [38;5;240m────────────────────────────────────┤[0m
[38;5;240m│[0m [38;5;167m![0m it closed 252.9 hours ago (10.5 days) and no iteration has opened since    [38;5;240m│[0m
[38;5;240m│[0m [38;5;167m![0m 548 of 816 skipped candidates (67%) were refused for missingBoundary - …   [38;5;240m│[0m
[38;5;240m│[0m [38;5;179m![0m they last wrote 8.3 min ago and are doing no-op work (author filed 0, l…   [38;5;240m│[0m
[38;5;240m│[0m [38;5;179m![0m the Queen's board says running 0 right now; the dashboard file is 3h old   [38;5;240m│[0m
[38;5;240m│[0m [38;5;179m![0m the volume is 95% used; how much of it the loop owns was not measured t…   [38;5;240m│[0m
[38;5;240m│[0m [38;5;179m![0m that branch is 421 commits behind its own remote and 130 ahead - measur…   [38;5;240m│[0m
[38;5;240m│[0m [38;5;245m●[0m 8 of them appear in a workflow CI will load; 15 run only on a developer…   [38;5;240m│[0m
[38;5;240m│[0m [38;5;245m  +1 more - tri cycle-anomalies[0m                                              [38;5;240m│[0m
[38;5;240m╰──────────────────────────────────────────────────────────────────────────────╯[0m
cycle 130: 8 anomalies in 0.9s
cycle: skipped - lock feed.mjs is running (the lock is not proof on its own)
cycle: skipped - lock feed.mjs is running (the lock is not proof on its own)
cycle: skipped - lock feed.mjs is running (the lock is not proof on its own)
[38;5;240m╭─[0m [38;5;173mTRIOS[0m [1mCONTINUOUS LOOP[0m  [38;5;167m● STOPPED[0m [38;5;240m───────────────────────────────────────────╮[0m
[38;5;240m│[0m [38;5;245mdrawn from a reading      [0m[38;5;245mjust now    [0m[38;5;245m2026-09-16 23:11:36Z[0m                   [38;5;240m│[0m
[38;5;240m├──────────────────────────────────────────────────────────────────────────────┤[0m
[38;5;240m│[0m [38;5;245miteration                 [0m[1m97[0m          [38;5;245mthe CLI that runs the loop was in no…[0m  [38;5;240m│[0m
[38;5;240m│[0m [38;5;245mlast advanced             [0m[38;5;167m10.6d ago[0m   [38;5;245mno driver; last iteration 10.6d ago[0m    [38;5;240m│[0m
[38;5;240m│[0m [38;5;245mdriver (iterations)       [0m[38;5;167mNONE[0m        [38;5;245mnothing schedules an iteration[0m         [38;5;240m│[0m
[38;5;240m│[0m [38;5;245mtimers (housekeeping)     [0m[38;5;71m4 launchd[0m   [38;5;245mheal wrote 8m ago[0m                      [38;5;240m│[0m
[38;5;240m│[0m [38;5;245mlock                      [0m[1mcycle 0m[0m                                           [38;5;240m│[0m
[38;5;240m├─[0m [38;5;245mSWARM   measured just now[0m [38;5;240m──────────────────────────────────────────────────┤[0m
[38;5;240m│[0m [38;5;245mbees running              [0m[38;5;71m1[0m                                                  [38;5;240m│[0m
[38;5;240m│[0m [38;5;245mdispatches finished       [0m[1m688[0m                                                [38;5;240m│[0m
[38;5;240m│[0m [38;5;245mtick refusal              [0m[1mnothing to choose[0m                                  [38;5;240m│[0m
[38;5;240m│[0m [38;5;245mcandidates skipped        [0m[1m816[0m                                                [38;5;240m│[0m
[38;5;240m│[0m [38;5;245m  missing boundary        [0m[38;5;167m548[0m         [38;5;245m67% of all skips[0m                       [38;5;240m│[0m
[38;5;240m│[0m [38;5;245m  claimed by a fence      [0m[1m100[0m                                                [38;5;240m│[0m
[38;5;240m│[0m [38;5;245m  done but still open     [0m[1m140[0m                                                [38;5;240m│[0m
[38;5;240m│[0m [38;5;245mavailable to a bee        [0m[38;5;245m-[0m           [38;5;245mneeds a deep cycle[0m                     [38;5;240m│[0m
[38;5;240m├─[0m [38;5;245mTREE[0m [38;5;240m───────────────────────────────────────────────────────────────────────┤[0m
[38;5;240m│[0m [38;5;245mbranch                    [0m[38;5;179mfeat/queen-supervisor[0m  [38;5;245mahead 130  behind 421[0m       [38;5;240m│[0m
[38;5;240m│[0m [38;5;245muncommitted source        [0m[38;5;179m10 mod / 62 new[0m  [38;5;245mgenerated files excluded[0m          [38;5;240m│[0m
[38;5;240m│[0m [38;5;245mworktrees                 [0m[1m19[0m                                                 [38;5;240m│[0m
[38;5;240m│[0m [38;5;245mvolume used               [0m[38;5;167m96%[0m         [38;5;245mbees die at 0s when this fills[0m         [38;5;240m│[0m
[38;5;240m│[0m [38;5;245mgates declared / wired    [0m[38;5;179m23 / 8[0m      [38;5;245m15 run only on a Mac[0m                   [38;5;240m│[0m
[38;5;240m├─[0m [38;5;245mANOMALIES   2 blocker  4 high  2 medium[0m [38;5;240m────────────────────────────────────┤[0m
[38;5;240m│[0m [38;5;167m![0m it closed 253.9 hours ago (10.6 days) and no iteration has opened since    [38;5;240m│[0m
[38;5;240m│[0m [38;5;167m![0m 548 of 816 skipped candidates (67%) were refused for missingBoundary - …   [38;5;240m│[0m
[38;5;240m│[0m [38;5;179m![0m they last wrote 8.2 min ago and are doing no-op work (author filed 0, l…   [38;5;240m│[0m
[38;5;240m│[0m [38;5;179m![0m the Queen's board says running 1 right now; the dashboard file is 4h old   [38;5;240m│[0m
[38;5;240m│[0m [38;5;179m![0m the volume is 96% used; how much of it the loop owns was not measured t…   [38;5;240m│[0m
[38;5;240m│[0m [38;5;179m![0m that branch is 421 commits behind its own remote and 130 ahead - measur…   [38;5;240m│[0m
[38;5;240m│[0m [38;5;245m●[0m 8 of them appear in a workflow CI will load; 15 run only on a developer…   [38;5;240m│[0m
[38;5;240m│[0m [38;5;245m  +1 more - tri cycle-anomalies[0m                                              [38;5;240m│[0m
[38;5;240m╰──────────────────────────────────────────────────────────────────────────────╯[0m
cycle 131: 8 anomalies in 1s
cycle: skipped - lock feed.mjs is running (the lock is not proof on its own)
cycle: skipped - lock feed.mjs is running (the lock is not proof on its own)
cycle: skipped - lock feed.mjs is running (the lock is not proof on its own)
[38;5;240m╭─[0m [38;5;173mTRIOS[0m [1mCONTINUOUS LOOP[0m  [38;5;167m● STOPPED[0m [38;5;240m───────────────────────────────────────────╮[0m
[38;5;240m│[0m [38;5;245mdrawn from a reading      [0m[38;5;245mjust now    [0m[38;5;245m2026-09-17 00:11:38Z[0m                   [38;5;240m│[0m
[38;5;240m├──────────────────────────────────────────────────────────────────────────────┤[0m
[38;5;240m│[0m [38;5;245miteration                 [0m[1m97[0m          [38;5;245mthe CLI that runs the loop was in no…[0m  [38;5;240m│[0m
[38;5;240m│[0m [38;5;245mlast advanced             [0m[38;5;167m10.6d ago[0m   [38;5;245mno driver; last iteration 10.6d ago[0m    [38;5;240m│[0m
[38;5;240m│[0m [38;5;245mdriver (iterations)       [0m[38;5;167mNONE[0m        [38;5;245mnothing schedules an iteration[0m         [38;5;240m│[0m
[38;5;240m│[0m [38;5;245mtimers (housekeeping)     [0m[38;5;71m4 launchd[0m   [38;5;245mheal wrote 8m ago[0m                      [38;5;240m│[0m
[38;5;240m│[0m [38;5;245mlock                      [0m[1mcycle 0m[0m                                           [38;5;240m│[0m
[38;5;240m├─[0m [38;5;245mSWARM   measured just now[0m [38;5;240m──────────────────────────────────────────────────┤[0m
[38;5;240m│[0m [38;5;245mbees running              [0m[38;5;71m1[0m                                                  [38;5;240m│[0m
[38;5;240m│[0m [38;5;245mdispatches finished       [0m[1m688[0m                                                [38;5;240m│[0m
[38;5;240m│[0m [38;5;245mtick refusal              [0m[1mnothing to choose[0m                                  [38;5;240m│[0m
[38;5;240m│[0m [38;5;245mcandidates skipped        [0m[1m821[0m                                                [38;5;240m│[0m
[38;5;240m│[0m [38;5;245m  missing boundary        [0m[38;5;167m548[0m         [38;5;245m67% of all skips[0m                       [38;5;240m│[0m
[38;5;240m│[0m [38;5;245m  claimed by a fence      [0m[1m92[0m                                                 [38;5;240m│[0m
[38;5;240m│[0m [38;5;245m  done but still open     [0m[1m143[0m                                                [38;5;240m│[0m
[38;5;240m│[0m [38;5;245mavailable to a bee        [0m[38;5;245m-[0m           [38;5;245mneeds a deep cycle[0m                     [38;5;240m│[0m
[38;5;240m│[0m [38;5;245mwindow with no bee        [0m[38;5;71m28%[0m                                                [38;5;240m│[0m
[38;5;240m│[0m [38;5;245mrounds failed             [0m[38;5;245m-[0m                                                  [38;5;240m│[0m
[38;5;240m├─[0m [38;5;245mTREE[0m [38;5;240m───────────────────────────────────────────────────────────────────────┤[0m
[38;5;240m│[0m [38;5;245mbranch                    [0m[38;5;179mfeat/queen-supervisor[0m  [38;5;245mahead 130  behind 421[0m       [38;5;240m│[0m
[38;5;240m│[0m [38;5;245muncommitted source        [0m[38;5;179m10 mod / 62 new[0m  [38;5;245mgenerated files excluded[0m          [38;5;240m│[0m
[38;5;240m│[0m [38;5;245mworktrees                 [0m[1m19[0m                                                 [38;5;240m│[0m
[38;5;240m│[0m [38;5;245mvolume used               [0m[38;5;167m96%[0m         [38;5;245mbees die at 0s when this fills[0m         [38;5;240m│[0m
[38;5;240m│[0m [38;5;245mgates declared / wired    [0m[38;5;179m23 / 8[0m      [38;5;245m15 run only on a Mac[0m                   [38;5;240m│[0m
[38;5;240m├─[0m [38;5;245mANOMALIES   2 blocker  4 high  2 medium[0m [38;5;240m────────────────────────────────────┤[0m
[38;5;240m│[0m [38;5;167m![0m it closed 254.9 hours ago (10.6 days) and no iteration has opened since    [38;5;240m│[0m
[38;5;240m│[0m [38;5;167m![0m 548 of 821 skipped candidates (67%) were refused for missingBoundary - …   [38;5;240m│[0m
[38;5;240m│[0m [38;5;179m![0m they last wrote 8.1 min ago and are doing no-op work (author filed 0, l…   [38;5;240m│[0m
[38;5;240m│[0m [38;5;179m![0m the Queen's board says running 1 right now; the dashboard file is 5h old   [38;5;240m│[0m
[38;5;240m│[0m [38;5;179m![0m the volume is 96% used; the loop's own worktrees are 2.5G of that, 0.6%…   [38;5;240m│[0m
[38;5;240m│[0m [38;5;179m![0m that branch is 421 commits behind its own remote and 130 ahead - measur…   [38;5;240m│[0m
[38;5;240m│[0m [38;5;245m●[0m 8 of them appear in a workflow CI will load; 15 run only on a developer…   [38;5;240m│[0m
[38;5;240m│[0m [38;5;245m  +1 more - tri cycle-anomalies[0m                                              [38;5;240m│[0m
[38;5;240m╰──────────────────────────────────────────────────────────────────────────────╯[0m
cycle 132: 8 anomalies in 14.7s
[38;5;240m╭─[0m [38;5;173mTRIOS[0m [1mCONTINUOUS LOOP[0m  [38;5;167m● STOPPED[0m [38;5;240m───────────────────────────────────────────╮[0m
[38;5;240m│[0m [38;5;245mdrawn from a reading      [0m[38;5;245mjust now    [0m[38;5;245m2026-09-17 00:26:53Z[0m                   [38;5;240m│[0m
[38;5;240m├──────────────────────────────────────────────────────────────────────────────┤[0m
[38;5;240m│[0m [38;5;245miteration                 [0m[1m97[0m          [38;5;245mthe CLI that runs the loop was in no…[0m  [38;5;240m│[0m
[38;5;240m│[0m [38;5;245mlast advanced             [0m[38;5;167m10.6d ago[0m   [38;5;245mno driver; last iteration 10.6d ago[0m    [38;5;240m│[0m
[38;5;240m│[0m [38;5;245mdriver (iterations)       [0m[38;5;167mNONE[0m        [38;5;245mnothing schedules an iteration[0m         [38;5;240m│[0m
[38;5;240m│[0m [38;5;245mtimers (housekeeping)     [0m[38;5;71m4 launchd[0m   [38;5;245mheal wrote 1m ago[0m                      [38;5;240m│[0m
[38;5;240m│[0m [38;5;245mlock                      [0m[1mcycle 0m[0m                                           [38;5;240m│[0m
[38;5;240m├─[0m [38;5;245mSWARM   measured just now[0m [38;5;240m──────────────────────────────────────────────────┤[0m
[38;5;240m│[0m [38;5;245mbees running              [0m[38;5;71m5[0m                                                  [38;5;240m│[0m
[38;5;240m│[0m [38;5;245mdispatches finished       [0m[1m684[0m                                                [38;5;240m│[0m
[38;5;240m│[0m [38;5;245mtick refusal              [0m[1mnothing to choose[0m                                  [38;5;240m│[0m
[38;5;240m│[0m [38;5;245mcandidates skipped        [0m[1m817[0m                                                [38;5;240m│[0m
[38;5;240m│[0m [38;5;245m  missing boundary        [0m[38;5;167m548[0m         [38;5;245m67% of all skips[0m                       [38;5;240m│[0m
[38;5;240m│[0m [38;5;245m  claimed by a fence      [0m[1m96[0m                                                 [38;5;240m│[0m
[38;5;240m│[0m [38;5;245m  done but still open     [0m[1m143[0m                                                [38;5;240m│[0m
[38;5;240m│[0m [38;5;245mavailable to a bee        [0m[38;5;245m-[0m           [38;5;245mneeds a deep cycle[0m                     [38;5;240m│[0m
[38;5;240m├─[0m [38;5;245mTREE[0m [38;5;240m───────────────────────────────────────────────────────────────────────┤[0m
[38;5;240m│[0m [38;5;245mbranch                    [0m[38;5;179mfeat/queen-supervisor[0m  [38;5;245mahead 130  behind 421[0m       [38;5;240m│[0m
[38;5;240m│[0m [38;5;245muncommitted source        [0m[38;5;179m10 mod / 62 new[0m  [38;5;245mgenerated files excluded[0m          [38;5;240m│[0m
[38;5;240m│[0m [38;5;245mworktrees                 [0m[1m19[0m                                                 [38;5;240m│[0m
[38;5;240m│[0m [38;5;245mvolume used               [0m[38;5;167m96%[0m         [38;5;245mbees die at 0s when this fills[0m         [38;5;240m│[0m
[38;5;240m│[0m [38;5;245mgates declared / wired    [0m[38;5;179m23 / 8[0m      [38;5;245m15 run only on a Mac[0m                   [38;5;240m│[0m
[38;5;240m├─[0m [38;5;245mANOMALIES   2 blocker  4 high  2 medium[0m [38;5;240m────────────────────────────────────┤[0m
[38;5;240m│[0m [38;5;167m![0m it closed 255.1 hours ago (10.6 days) and no iteration has opened since    [38;5;240m│[0m
[38;5;240m│[0m [38;5;167m![0m 548 of 817 skipped candidates (67%) were refused for missingBoundary - …   [38;5;240m│[0m
[38;5;240m│[0m [38;5;179m![0m they last wrote 1.2 min ago and are doing no-op work (author filed 0, l…   [38;5;240m│[0m
[38;5;240m│[0m [38;5;179m![0m the Queen's board says running 5 right now; the dashboard file is 0.1h …   [38;5;240m│[0m
[38;5;240m│[0m [38;5;179m![0m the volume is 96% used; how much of it the loop owns was not measured t…   [38;5;240m│[0m
[38;5;240m│[0m [38;5;179m![0m that branch is 421 commits behind its own remote and 130 ahead - measur…   [38;5;240m│[0m
[38;5;240m│[0m [38;5;245m●[0m 8 of them appear in a workflow CI will load; 15 run only on a developer…   [38;5;240m│[0m
[38;5;240m│[0m [38;5;245m  +1 more - tri cycle-anomalies[0m                                              [38;5;240m│[0m
[38;5;240m╰──────────────────────────────────────────────────────────────────────────────╯[0m
cycle 133: 8 anomalies in 0.7s
[38;5;240m╭─[0m [38;5;173mTRIOS[0m [1mCONTINUOUS LOOP[0m  [38;5;167m● STOPPED[0m [38;5;240m───────────────────────────────────────────╮[0m
[38;5;240m│[0m [38;5;245mdrawn from a reading      [0m[38;5;245mjust now    [0m[38;5;245m2026-09-17 00:41:54Z[0m                   [38;5;240m│[0m
[38;5;240m├──────────────────────────────────────────────────────────────────────────────┤[0m
[38;5;240m│[0m [38;5;245miteration                 [0m[1m97[0m          [38;5;245mthe CLI that runs the loop was in no…[0m  [38;5;240m│[0m
[38;5;240m│[0m [38;5;245mlast advanced             [0m[38;5;167m10.6d ago[0m   [38;5;245mno driver; last iteration 10.6d ago[0m    [38;5;240m│[0m
[38;5;240m│[0m [38;5;245mdriver (iterations)       [0m[38;5;167mNONE[0m        [38;5;245mnothing schedules an iteration[0m         [38;5;240m│[0m
[38;5;240m│[0m [38;5;245mtimers (housekeeping)     [0m[38;5;71m4 launchd[0m   [38;5;245mheal wrote 6m ago[0m                      [38;5;240m│[0m
[38;5;240m│[0m [38;5;245mlock                      [0m[1mcycle 0m[0m                                           [38;5;240m│[0m
[38;5;240m├─[0m [38;5;245mSWARM   measured just now[0m [38;5;240m──────────────────────────────────────────────────┤[0m
[38;5;240m│[0m [38;5;245mbees running              [0m[38;5;71m2[0m                                                  [38;5;240m│[0m
[38;5;240m│[0m [38;5;245mdispatches finished       [0m[1m687[0m                                                [38;5;240m│[0m
[38;5;240m│[0m [38;5;245mtick refusal              [0m[1mnothing to choose[0m                                  [38;5;240m│[0m
[38;5;240m│[0m [38;5;245mcandidates skipped        [0m[1m817[0m                                                [38;5;240m│[0m
[38;5;240m│[0m [38;5;245m  missing boundary        [0m[38;5;167m548[0m         [38;5;245m67% of all skips[0m                       [38;5;240m│[0m
[38;5;240m│[0m [38;5;245m  claimed by a fence      [0m[1m95[0m                                                 [38;5;240m│[0m
[38;5;240m│[0m [38;5;245m  done but still open     [0m[1m144[0m                                                [38;5;240m│[0m
[38;5;240m│[0m [38;5;245mavailable to a bee        [0m[38;5;245m-[0m           [38;5;245mneeds a deep cycle[0m                     [38;5;240m│[0m
[38;5;240m├─[0m [38;5;245mTREE[0m [38;5;240m───────────────────────────────────────────────────────────────────────┤[0m
[38;5;240m│[0m [38;5;245mbranch                    [0m[38;5;179mfeat/queen-supervisor[0m  [38;5;245mahead 130  behind 421[0m       [38;5;240m│[0m
[38;5;240m│[0m [38;5;245muncommitted source        [0m[38;5;179m10 mod / 62 new[0m  [38;5;245mgenerated files excluded[0m          [38;5;240m│[0m
[38;5;240m│[0m [38;5;245mworktrees                 [0m[1m19[0m                                                 [38;5;240m│[0m
[38;5;240m│[0m [38;5;245mvolume used               [0m[38;5;167m96%[0m         [38;5;245mbees die at 0s when this fills[0m         [38;5;240m│[0m
[38;5;240m│[0m [38;5;245mgates declared / wired    [0m[38;5;179m23 / 8[0m      [38;5;245m15 run only on a Mac[0m                   [38;5;240m│[0m
[38;5;240m├─[0m [38;5;245mANOMALIES   2 blocker  4 high  2 medium[0m [38;5;240m────────────────────────────────────┤[0m
[38;5;240m│[0m [38;5;167m![0m it closed 255.4 hours ago (10.6 days) and no iteration has opened since    [38;5;240m│[0m
[38;5;240m│[0m [38;5;167m![0m 548 of 817 skipped candidates (67%) were refused for missingBoundary - …   [38;5;240m│[0m
[38;5;240m│[0m [38;5;179m![0m they last wrote 6.2 min ago and are doing no-op work (author filed 0, l…   [38;5;240m│[0m
[38;5;240m│[0m [38;5;179m![0m the Queen's board says running 2 right now; the dashboard file is 0.3h …   [38;5;240m│[0m
[38;5;240m│[0m [38;5;179m![0m the volume is 96% used; how much of it the loop owns was not measured t…   [38;5;240m│[0m
[38;5;240m│[0m [38;5;179m![0m that branch is 421 commits behind its own remote and 130 ahead - measur…   [38;5;240m│[0m
[38;5;240m│[0m [38;5;245m●[0m 8 of them appear in a workflow CI will load; 15 run only on a developer…   [38;5;240m│[0m
[38;5;240m│[0m [38;5;245m  +1 more - tri cycle-anomalies[0m                                              [38;5;240m│[0m
[38;5;240m╰──────────────────────────────────────────────────────────────────────────────╯[0m
cycle 134: 8 anomalies in 0.9s
cycle: skipped - lock feed.mjs is running (the lock is not proof on its own)
[38;5;240m╭─[0m [38;5;173mTRIOS[0m [1mCONTINUOUS LOOP[0m  [38;5;167m● STOPPED[0m [38;5;240m───────────────────────────────────────────╮[0m
[38;5;240m│[0m [38;5;245mdrawn from a reading      [0m[38;5;245mjust now    [0m[38;5;245m2026-09-17 01:11:56Z[0m                   [38;5;240m│[0m
[38;5;240m├──────────────────────────────────────────────────────────────────────────────┤[0m
[38;5;240m│[0m [38;5;245miteration                 [0m[1m97[0m          [38;5;245mthe CLI that runs the loop was in no…[0m  [38;5;240m│[0m
[38;5;240m│[0m [38;5;245mlast advanced             [0m[38;5;167m10.7d ago[0m   [38;5;245mno driver; last iteration 10.7d ago[0m    [38;5;240m│[0m
[38;5;240m│[0m [38;5;245mdriver (iterations)       [0m[38;5;167mNONE[0m        [38;5;245mnothing schedules an iteration[0m         [38;5;240m│[0m
[38;5;240m│[0m [38;5;245mtimers (housekeeping)     [0m[38;5;71m4 launchd[0m   [38;5;245mheal wrote 6m ago[0m                      [38;5;240m│[0m
[38;5;240m│[0m [38;5;245mlock                      [0m[1mcycle 0m[0m                                           [38;5;240m│[0m
[38;5;240m├─[0m [38;5;245mSWARM   measured just now[0m [38;5;240m──────────────────────────────────────────────────┤[0m
[38;5;240m│[0m [38;5;245mbees running              [0m[38;5;71m1[0m                                                  [38;5;240m│[0m
[38;5;240m│[0m [38;5;245mdispatches finished       [0m[1m688[0m                                                [38;5;240m│[0m
[38;5;240m│[0m [38;5;245mtick refusal              [0m[1mnothing to choose[0m                                  [38;5;240m│[0m
[38;5;240m│[0m [38;5;245mcandidates skipped        [0m[1m817[0m                                                [38;5;240m│[0m
[38;5;240m│[0m [38;5;245m  missing boundary        [0m[38;5;167m548[0m         [38;5;245m67% of all skips[0m                       [38;5;240m│[0m
[38;5;240m│[0m [38;5;245m  claimed by a fence      [0m[1m95[0m                                                 [38;5;240m│[0m
[38;5;240m│[0m [38;5;245m  done but still open     [0m[1m144[0m                                                [38;5;240m│[0m
[38;5;240m│[0m [38;5;245mavailable to a bee        [0m[38;5;245m-[0m           [38;5;245mneeds a deep cycle[0m                     [38;5;240m│[0m
[38;5;240m├─[0m [38;5;245mTREE[0m [38;5;240m───────────────────────────────────────────────────────────────────────┤[0m
[38;5;240m│[0m [38;5;245mbranch                    [0m[38;5;179mfeat/queen-supervisor[0m  [38;5;245mahead 130  behind 421[0m       [38;5;240m│[0m
[38;5;240m│[0m [38;5;245muncommitted source        [0m[38;5;179m10 mod / 62 new[0m  [38;5;245mgenerated files excluded[0m          [38;5;240m│[0m
[38;5;240m│[0m [38;5;245mworktrees                 [0m[1m19[0m                                                 [38;5;240m│[0m
[38;5;240m│[0m [38;5;245mvolume used               [0m[38;5;167m96%[0m         [38;5;245mbees die at 0s when this fills[0m         [38;5;240m│[0m
[38;5;240m│[0m [38;5;245mgates declared / wired    [0m[38;5;179m23 / 8[0m      [38;5;245m15 run only on a Mac[0m                   [38;5;240m│[0m
[38;5;240m├─[0m [38;5;245mANOMALIES   2 blocker  4 high  2 medium[0m [38;5;240m────────────────────────────────────┤[0m
[38;5;240m│[0m [38;5;167m![0m it closed 255.9 hours ago (10.7 days) and no iteration has opened since    [38;5;240m│[0m
[38;5;240m│[0m [38;5;167m![0m 548 of 817 skipped candidates (67%) were refused for missingBoundary - …   [38;5;240m│[0m
[38;5;240m│[0m [38;5;179m![0m they last wrote 6.2 min ago and are doing no-op work (author filed 0, l…   [38;5;240m│[0m
[38;5;240m│[0m [38;5;179m![0m the Queen's board says running 1 right now; the dashboard file is 0.8h …   [38;5;240m│[0m
[38;5;240m│[0m [38;5;179m![0m the volume is 96% used; how much of it the loop owns was not measured t…   [38;5;240m│[0m
[38;5;240m│[0m [38;5;179m![0m that branch is 421 commits behind its own remote and 130 ahead - measur…   [38;5;240m│[0m
[38;5;240m│[0m [38;5;245m●[0m 8 of them appear in a workflow CI will load; 15 run only on a developer…   [38;5;240m│[0m
[38;5;240m│[0m [38;5;245m  +1 more - tri cycle-anomalies[0m                                              [38;5;240m│[0m
[38;5;240m╰──────────────────────────────────────────────────────────────────────────────╯[0m
cycle 135: 8 anomalies in 1s
cycle: skipped - lock feed.mjs is running (the lock is not proof on its own)
[38;5;240m╭─[0m [38;5;173mTRIOS[0m [1mCONTINUOUS LOOP[0m  [38;5;167m● STOPPED[0m [38;5;240m───────────────────────────────────────────╮[0m
[38;5;240m│[0m [38;5;245mdrawn from a reading      [0m[38;5;245mjust now    [0m[38;5;245m2026-09-17 01:41:58Z[0m                   [38;5;240m│[0m
[38;5;240m├──────────────────────────────────────────────────────────────────────────────┤[0m
[38;5;240m│[0m [38;5;245miteration                 [0m[1m97[0m          [38;5;245mthe CLI that runs the loop was in no…[0m  [38;5;240m│[0m
[38;5;240m│[0m [38;5;245mlast advanced             [0m[38;5;167m10.7d ago[0m   [38;5;245mno driver; last iteration 10.7d ago[0m    [38;5;240m│[0m
[38;5;240m│[0m [38;5;245mdriver (iterations)       [0m[38;5;167mNONE[0m        [38;5;245mnothing schedules an iteration[0m         [38;5;240m│[0m
[38;5;240m│[0m [38;5;245mtimers (housekeeping)     [0m[38;5;71m4 launchd[0m   [38;5;245mheal wrote 6m ago[0m                      [38;5;240m│[0m
[38;5;240m│[0m [38;5;245mlock                      [0m[1mcycle 0m[0m                                           [38;5;240m│[0m
[38;5;240m├─[0m [38;5;245mSWARM   measured just now[0m [38;5;240m──────────────────────────────────────────────────┤[0m
[38;5;240m│[0m [38;5;245mbees running              [0m[38;5;71m4[0m                                                  [38;5;240m│[0m
[38;5;240m│[0m [38;5;245mdispatches finished       [0m[1m685[0m                                                [38;5;240m│[0m
[38;5;240m│[0m [38;5;245mtick refusal              [0m[1mnothing to choose[0m                                  [38;5;240m│[0m
[38;5;240m│[0m [38;5;245mcandidates skipped        [0m[1m819[0m                                                [38;5;240m│[0m
[38;5;240m│[0m [38;5;245m  missing boundary        [0m[38;5;167m548[0m         [38;5;245m67% of all skips[0m                       [38;5;240m│[0m
[38;5;240m│[0m [38;5;245m  claimed by a fence      [0m[1m92[0m                                                 [38;5;240m│[0m
[38;5;240m│[0m [38;5;245m  done but still open     [0m[1m145[0m                                                [38;5;240m│[0m
[38;5;240m│[0m [38;5;245mavailable to a bee        [0m[38;5;245m-[0m           [38;5;245mneeds a deep cycle[0m                     [38;5;240m│[0m
[38;5;240m│[0m [38;5;245mwindow with no bee        [0m[38;5;71m23%[0m                                                [38;5;240m│[0m
[38;5;240m│[0m [38;5;245mrounds failed             [0m[38;5;245m-[0m                                                  [38;5;240m│[0m
[38;5;240m├─[0m [38;5;245mTREE[0m [38;5;240m───────────────────────────────────────────────────────────────────────┤[0m
[38;5;240m│[0m [38;5;245mbranch                    [0m[38;5;179mfeat/queen-supervisor[0m  [38;5;245mahead 130  behind 421[0m       [38;5;240m│[0m
[38;5;240m│[0m [38;5;245muncommitted source        [0m[38;5;179m10 mod / 62 new[0m  [38;5;245mgenerated files excluded[0m          [38;5;240m│[0m
[38;5;240m│[0m [38;5;245mworktrees                 [0m[1m19[0m                                                 [38;5;240m│[0m
[38;5;240m│[0m [38;5;245mvolume used               [0m[38;5;167m96%[0m         [38;5;245mbees die at 0s when this fills[0m         [38;5;240m│[0m
[38;5;240m│[0m [38;5;245mgates declared / wired    [0m[38;5;179m23 / 8[0m      [38;5;245m15 run only on a Mac[0m                   [38;5;240m│[0m
[38;5;240m├─[0m [38;5;245mANOMALIES   2 blocker  3 high  2 medium[0m [38;5;240m────────────────────────────────────┤[0m
[38;5;240m│[0m [38;5;167m![0m it closed 256.4 hours ago (10.7 days) and no iteration has opened since    [38;5;240m│[0m
[38;5;240m│[0m [38;5;167m![0m 548 of 819 skipped candidates (67%) were refused for missingBoundary - …   [38;5;240m│[0m
[38;5;240m│[0m [38;5;179m![0m they last wrote 6.1 min ago and are doing no-op work (author filed 0, l…   [38;5;240m│[0m
[38;5;240m│[0m [38;5;179m![0m the volume is 96% used; the loop's own worktrees are 2.5G of that, 0.6%…   [38;5;240m│[0m
[38;5;240m│[0m [38;5;179m![0m that branch is 421 commits behind its own remote and 130 ahead - measur…   [38;5;240m│[0m
[38;5;240m│[0m [38;5;245m●[0m 8 of them appear in a workflow CI will load; 15 run only on a developer…   [38;5;240m│[0m
[38;5;240m│[0m [38;5;245m●[0m 62 untracked source file(s) and 10 modified one(s) exist only on this d…   [38;5;240m│[0m
[38;5;240m╰──────────────────────────────────────────────────────────────────────────────╯[0m
cycle 136: 7 anomalies in 16.1s
cycle: skipped - lock feed.mjs is running (the lock is not proof on its own)
[38;5;240m╭─[0m [38;5;173mTRIOS[0m [1mCONTINUOUS LOOP[0m  [38;5;167m● STOPPED[0m [38;5;240m───────────────────────────────────────────╮[0m
[38;5;240m│[0m [38;5;245mdrawn from a reading      [0m[38;5;245mjust now    [0m[38;5;245m2026-09-17 02:12:15Z[0m                   [38;5;240m│[0m
[38;5;240m├──────────────────────────────────────────────────────────────────────────────┤[0m
[38;5;240m│[0m [38;5;245miteration                 [0m[1m97[0m          [38;5;245mthe CLI that runs the loop was in no…[0m  [38;5;240m│[0m
[38;5;240m│[0m [38;5;245mlast advanced             [0m[38;5;167m10.7d ago[0m   [38;5;245mno driver; last iteration 10.7d ago[0m    [38;5;240m│[0m
[38;5;240m│[0m [38;5;245mdriver (iterations)       [0m[38;5;167mNONE[0m        [38;5;245mnothing schedules an iteration[0m         [38;5;240m│[0m
[38;5;240m│[0m [38;5;245mtimers (housekeeping)     [0m[38;5;71m4 launchd[0m   [38;5;245mheal wrote 6m ago[0m                      [38;5;240m│[0m
[38;5;240m│[0m [38;5;245mlock                      [0m[1mcycle 0m[0m                                           [38;5;240m│[0m
[38;5;240m├─[0m [38;5;245mSWARM   measured just now[0m [38;5;240m──────────────────────────────────────────────────┤[0m
[38;5;240m│[0m [38;5;245mbees running              [0m[38;5;71m1[0m                                                  [38;5;240m│[0m
[38;5;240m│[0m [38;5;245mdispatches finished       [0m[1m688[0m                                                [38;5;240m│[0m
[38;5;240m│[0m [38;5;245mtick refusal              [0m[1mnothing to choose[0m                                  [38;5;240m│[0m
[38;5;240m│[0m [38;5;245mcandidates skipped        [0m[1m819[0m                                                [38;5;240m│[0m
[38;5;240m│[0m [38;5;245m  missing boundary        [0m[38;5;167m548[0m         [38;5;245m67% of all skips[0m                       [38;5;240m│[0m
[38;5;240m│[0m [38;5;245m  claimed by a fence      [0m[1m90[0m                                                 [38;5;240m│[0m
[38;5;240m│[0m [38;5;245m  done but still open     [0m[1m147[0m                                                [38;5;240m│[0m
[38;5;240m│[0m [38;5;245mavailable to a bee        [0m[38;5;245m-[0m           [38;5;245mneeds a deep cycle[0m                     [38;5;240m│[0m
[38;5;240m├─[0m [38;5;245mTREE[0m [38;5;240m───────────────────────────────────────────────────────────────────────┤[0m
[38;5;240m│[0m [38;5;245mbranch                    [0m[38;5;179mfeat/queen-supervisor[0m  [38;5;245mahead 130  behind 421[0m       [38;5;240m│[0m
[38;5;240m│[0m [38;5;245muncommitted source        [0m[38;5;179m10 mod / 62 new[0m  [38;5;245mgenerated files excluded[0m          [38;5;240m│[0m
[38;5;240m│[0m [38;5;245mworktrees                 [0m[1m19[0m                                                 [38;5;240m│[0m
[38;5;240m│[0m [38;5;245mvolume used               [0m[38;5;167m96%[0m         [38;5;245mbees die at 0s when this fills[0m         [38;5;240m│[0m
[38;5;240m│[0m [38;5;245mgates declared / wired    [0m[38;5;179m23 / 8[0m      [38;5;245m15 run only on a Mac[0m                   [38;5;240m│[0m
[38;5;240m├─[0m [38;5;245mANOMALIES   2 blocker  4 high  2 medium[0m [38;5;240m────────────────────────────────────┤[0m
[38;5;240m│[0m [38;5;167m![0m it closed 256.9 hours ago (10.7 days) and no iteration has opened since    [38;5;240m│[0m
[38;5;240m│[0m [38;5;167m![0m 548 of 819 skipped candidates (67%) were refused for missingBoundary - …   [38;5;240m│[0m
[38;5;240m│[0m [38;5;179m![0m they last wrote 6.3 min ago and are doing no-op work (author filed 0, l…   [38;5;240m│[0m
[38;5;240m│[0m [38;5;179m![0m the Queen's board says running 1 right now; the dashboard file is 1.8h …   [38;5;240m│[0m
[38;5;240m│[0m [38;5;179m![0m the volume is 96% used; how much of it the loop owns was not measured t…   [38;5;240m│[0m
[38;5;240m│[0m [38;5;179m![0m that branch is 421 commits behind its own remote and 130 ahead - measur…   [38;5;240m│[0m
[38;5;240m│[0m [38;5;245m●[0m 8 of them appear in a workflow CI will load; 15 run only on a developer…   [38;5;240m│[0m
[38;5;240m│[0m [38;5;245m  +1 more - tri cycle-anomalies[0m                                              [38;5;240m│[0m
[38;5;240m╰──────────────────────────────────────────────────────────────────────────────╯[0m
cycle 137: 8 anomalies in 0.9s
cycle: skipped - lock feed.mjs is running (the lock is not proof on its own)
[38;5;240m╭─[0m [38;5;173mTRIOS[0m [1mCONTINUOUS LOOP[0m  [38;5;167m● STOPPED[0m [38;5;240m───────────────────────────────────────────╮[0m
[38;5;240m│[0m [38;5;245mdrawn from a reading      [0m[38;5;245mjust now    [0m[38;5;245m2026-09-17 02:42:16Z[0m                   [38;5;240m│[0m
[38;5;240m├──────────────────────────────────────────────────────────────────────────────┤[0m
[38;5;240m│[0m [38;5;245miteration                 [0m[1m97[0m          [38;5;245mthe CLI that runs the loop was in no…[0m  [38;5;240m│[0m
[38;5;240m│[0m [38;5;245mlast advanced             [0m[38;5;167m10.7d ago[0m   [38;5;245mno driver; last iteration 10.7d ago[0m    [38;5;240m│[0m
[38;5;240m│[0m [38;5;245mdriver (iterations)       [0m[38;5;167mNONE[0m        [38;5;245mnothing schedules an iteration[0m         [38;5;240m│[0m
[38;5;240m│[0m [38;5;245mtimers (housekeeping)     [0m[38;5;71m4 launchd[0m   [38;5;245mheal wrote 6m ago[0m                      [38;5;240m│[0m
[38;5;240m│[0m [38;5;245mlock                      [0m[1mcycle 0m[0m                                           [38;5;240m│[0m
[38;5;240m├─[0m [38;5;245mSWARM   measured just now[0m [38;5;240m──────────────────────────────────────────────────┤[0m
[38;5;240m│[0m [38;5;245mbees running              [0m[38;5;167m0[0m           [38;5;245mnothing is being worked on[0m             [38;5;240m│[0m
[38;5;240m│[0m [38;5;245mdispatches finished       [0m[1m689[0m                                                [38;5;240m│[0m
[38;5;240m│[0m [38;5;245mtick refusal              [0m[1mnothing to choose[0m                                  [38;5;240m│[0m
[38;5;240m│[0m [38;5;245mcandidates skipped        [0m[1m818[0m                                                [38;5;240m│[0m
[38;5;240m│[0m [38;5;245m  missing boundary        [0m[38;5;167m547[0m         [38;5;245m67% of all skips[0m                       [38;5;240m│[0m
[38;5;240m│[0m [38;5;245m  claimed by a fence      [0m[1m90[0m                                                 [38;5;240m│[0m
[38;5;240m│[0m [38;5;245m  done but still open     [0m[1m147[0m                                                [38;5;240m│[0m
[38;5;240m│[0m [38;5;245mavailable to a bee        [0m[38;5;245m-[0m           [38;5;245mneeds a deep cycle[0m                     [38;5;240m│[0m
[38;5;240m├─[0m [38;5;245mTREE[0m [38;5;240m───────────────────────────────────────────────────────────────────────┤[0m
[38;5;240m│[0m [38;5;245mbranch                    [0m[38;5;179mfeat/queen-supervisor[0m  [38;5;245mahead 130  behind 421[0m       [38;5;240m│[0m
[38;5;240m│[0m [38;5;245muncommitted source        [0m[38;5;179m10 mod / 62 new[0m  [38;5;245mgenerated files excluded[0m          [38;5;240m│[0m
[38;5;240m│[0m [38;5;245mworktrees                 [0m[1m19[0m                                                 [38;5;240m│[0m
[38;5;240m│[0m [38;5;245mvolume used               [0m[38;5;167m96%[0m         [38;5;245mbees die at 0s when this fills[0m         [38;5;240m│[0m
[38;5;240m│[0m [38;5;245mgates declared / wired    [0m[38;5;179m23 / 8[0m      [38;5;245m15 run only on a Mac[0m                   [38;5;240m│[0m
[38;5;240m├─[0m [38;5;245mANOMALIES   2 blocker  4 high  2 medium[0m [38;5;240m────────────────────────────────────┤[0m
[38;5;240m│[0m [38;5;167m![0m it closed 257.4 hours ago (10.7 days) and no iteration has opened since    [38;5;240m│[0m
[38;5;240m│[0m [38;5;167m![0m 547 of 818 skipped candidates (67%) were refused for missingBoundary - …   [38;5;240m│[0m
[38;5;240m│[0m [38;5;179m![0m they last wrote 5.9 min ago and are doing no-op work (author filed 0, l…   [38;5;240m│[0m
[38;5;240m│[0m [38;5;179m![0m the Queen's board says running 0 right now; the dashboard file is 2.3h …   [38;5;240m│[0m
[38;5;240m│[0m [38;5;179m![0m the volume is 96% used; how much of it the loop owns was not measured t…   [38;5;240m│[0m
[38;5;240m│[0m [38;5;179m![0m that branch is 421 commits behind its own remote and 130 ahead - measur…   [38;5;240m│[0m
[38;5;240m│[0m [38;5;245m●[0m 8 of them appear in a workflow CI will load; 15 run only on a developer…   [38;5;240m│[0m
[38;5;240m│[0m [38;5;245m  +1 more - tri cycle-anomalies[0m                                              [38;5;240m│[0m
[38;5;240m╰──────────────────────────────────────────────────────────────────────────────╯[0m
cycle 138: 8 anomalies in 1.1s
cycle: skipped - lock feed.mjs is running (the lock is not proof on its own)
[38;5;240m╭─[0m [38;5;173mTRIOS[0m [1mCONTINUOUS LOOP[0m  [38;5;167m● STOPPED[0m [38;5;240m───────────────────────────────────────────╮[0m
[38;5;240m│[0m [38;5;245mdrawn from a reading      [0m[38;5;245mjust now    [0m[38;5;245m2026-09-17 03:12:18Z[0m                   [38;5;240m│[0m
[38;5;240m├──────────────────────────────────────────────────────────────────────────────┤[0m
[38;5;240m│[0m [38;5;245miteration                 [0m[1m97[0m          [38;5;245mthe CLI that runs the loop was in no…[0m  [38;5;240m│[0m
[38;5;240m│[0m [38;5;245mlast advanced             [0m[38;5;167m10.7d ago[0m   [38;5;245mno driver; last iteration 10.7d ago[0m    [38;5;240m│[0m
[38;5;240m│[0m [38;5;245mdriver (iterations)       [0m[38;5;167mNONE[0m        [38;5;245mnothing schedules an iteration[0m         [38;5;240m│[0m
[38;5;240m│[0m [38;5;245mtimers (housekeeping)     [0m[38;5;71m4 launchd[0m   [38;5;245mheal wrote 4m ago[0m                      [38;5;240m│[0m
[38;5;240m│[0m [38;5;245mlock                      [0m[1mcycle 0m[0m                                           [38;5;240m│[0m
[38;5;240m├─[0m [38;5;245mSWARM   measured just now[0m [38;5;240m──────────────────────────────────────────────────┤[0m
[38;5;240m│[0m [38;5;245mbees running              [0m[38;5;71m1[0m                                                  [38;5;240m│[0m
[38;5;240m│[0m [38;5;245mdispatches finished       [0m[1m688[0m                                                [38;5;240m│[0m
[38;5;240m│[0m [38;5;245mtick refusal              [0m[1mnothing to choose[0m                                  [38;5;240m│[0m
[38;5;240m│[0m [38;5;245mcandidates skipped        [0m[1m819[0m                                                [38;5;240m│[0m
[38;5;240m│[0m [38;5;245m  missing boundary        [0m[38;5;167m548[0m         [38;5;245m67% of all skips[0m                       [38;5;240m│[0m
[38;5;240m│[0m [38;5;245m  claimed by a fence      [0m[1m90[0m                                                 [38;5;240m│[0m
[38;5;240m│[0m [38;5;245m  done but still open     [0m[1m147[0m                                                [38;5;240m│[0m
[38;5;240m│[0m [38;5;245mavailable to a bee        [0m[38;5;245m-[0m           [38;5;245mneeds a deep cycle[0m                     [38;5;240m│[0m
[38;5;240m│[0m [38;5;245mwindow with no bee        [0m[38;5;71m26%[0m                                                [38;5;240m│[0m
[38;5;240m│[0m [38;5;245mrounds failed             [0m[38;5;245m-[0m                                                  [38;5;240m│[0m
[38;5;240m├─[0m [38;5;245mTREE[0m [38;5;240m───────────────────────────────────────────────────────────────────────┤[0m
[38;5;240m│[0m [38;5;245mbranch                    [0m[38;5;179mfeat/queen-supervisor[0m  [38;5;245mahead 130  behind 421[0m       [38;5;240m│[0m
[38;5;240m│[0m [38;5;245muncommitted source        [0m[38;5;179m10 mod / 62 new[0m  [38;5;245mgenerated files excluded[0m          [38;5;240m│[0m
[38;5;240m│[0m [38;5;245mworktrees                 [0m[1m19[0m                                                 [38;5;240m│[0m
[38;5;240m│[0m [38;5;245mvolume used               [0m[38;5;167m96%[0m         [38;5;245mbees die at 0s when this fills[0m         [38;5;240m│[0m
[38;5;240m│[0m [38;5;245mgates declared / wired    [0m[38;5;179m23 / 8[0m      [38;5;245m15 run only on a Mac[0m                   [38;5;240m│[0m
[38;5;240m├─[0m [38;5;245mANOMALIES   2 blocker  4 high  2 medium[0m [38;5;240m────────────────────────────────────┤[0m
[38;5;240m│[0m [38;5;167m![0m it closed 257.9 hours ago (10.7 days) and no iteration has opened since    [38;5;240m│[0m
[38;5;240m│[0m [38;5;167m![0m 548 of 819 skipped candidates (67%) were refused for missingBoundary - …   [38;5;240m│[0m
[38;5;240m│[0m [38;5;179m![0m they last wrote 4.3 min ago and are doing no-op work (author filed 0, l…   [38;5;240m│[0m
[38;5;240m│[0m [38;5;179m![0m the Queen's board says running 1 right now; the dashboard file is 2.8h …   [38;5;240m│[0m
[38;5;240m│[0m [38;5;179m![0m the volume is 96% used; the loop's own worktrees are 2.5G of that, 0.6%…   [38;5;240m│[0m
[38;5;240m│[0m [38;5;179m![0m that branch is 421 commits behind its own remote and 130 ahead - measur…   [38;5;240m│[0m
[38;5;240m│[0m [38;5;245m●[0m 8 of them appear in a workflow CI will load; 15 run only on a developer…   [38;5;240m│[0m
[38;5;240m│[0m [38;5;245m  +1 more - tri cycle-anomalies[0m                                              [38;5;240m│[0m
[38;5;240m╰──────────────────────────────────────────────────────────────────────────────╯[0m
cycle 140: 8 anomalies in 17.6s
cycle: skipped - lock feed.mjs is running (the lock is not proof on its own)
[38;5;240m╭─[0m [38;5;173mTRIOS[0m [1mCONTINUOUS LOOP[0m  [38;5;167m● STOPPED[0m [38;5;240m───────────────────────────────────────────╮[0m
[38;5;240m│[0m [38;5;245mdrawn from a reading      [0m[38;5;245mjust now    [0m[38;5;245m2026-09-17 03:42:37Z[0m                   [38;5;240m│[0m
[38;5;240m├──────────────────────────────────────────────────────────────────────────────┤[0m
[38;5;240m│[0m [38;5;245miteration                 [0m[1m97[0m          [38;5;245mthe CLI that runs the loop was in no…[0m  [38;5;240m│[0m
[38;5;240m│[0m [38;5;245mlast advanced             [0m[38;5;167m10.8d ago[0m   [38;5;245mno driver; last iteration 10.8d ago[0m    [38;5;240m│[0m
[38;5;240m│[0m [38;5;245mdriver (iterations)       [0m[38;5;167mNONE[0m        [38;5;245mnothing schedules an iteration[0m         [38;5;240m│[0m
[38;5;240m│[0m [38;5;245mtimers (housekeeping)     [0m[38;5;71m4 launchd[0m   [38;5;245mheal wrote 5m ago[0m                      [38;5;240m│[0m
[38;5;240m│[0m [38;5;245mlock                      [0m[1mcycle 0m[0m                                           [38;5;240m│[0m
[38;5;240m├─[0m [38;5;245mSWARM   measured just now[0m [38;5;240m──────────────────────────────────────────────────┤[0m
[38;5;240m│[0m [38;5;245mbees running              [0m[38;5;71m1[0m                                                  [38;5;240m│[0m
[38;5;240m│[0m [38;5;245mdispatches finished       [0m[1m688[0m                                                [38;5;240m│[0m
[38;5;240m│[0m [38;5;245mtick refusal              [0m[1mnothing to choose[0m                                  [38;5;240m│[0m
[38;5;240m│[0m [38;5;245mcandidates skipped        [0m[1m819[0m                                                [38;5;240m│[0m
[38;5;240m│[0m [38;5;245m  missing boundary        [0m[38;5;167m548[0m         [38;5;245m67% of all skips[0m                       [38;5;240m│[0m
[38;5;240m│[0m [38;5;245m  claimed by a fence      [0m[1m89[0m                                                 [38;5;240m│[0m
[38;5;240m│[0m [38;5;245m  done but still open     [0m[1m148[0m                                                [38;5;240m│[0m
[38;5;240m│[0m [38;5;245mavailable to a bee        [0m[38;5;245m-[0m           [38;5;245mneeds a deep cycle[0m                     [38;5;240m│[0m
[38;5;240m├─[0m [38;5;245mTREE[0m [38;5;240m───────────────────────────────────────────────────────────────────────┤[0m
[38;5;240m│[0m [38;5;245mbranch                    [0m[38;5;179mfeat/queen-supervisor[0m  [38;5;245mahead 130  behind 421[0m       [38;5;240m│[0m
[38;5;240m│[0m [38;5;245muncommitted source        [0m[38;5;179m10 mod / 62 new[0m  [38;5;245mgenerated files excluded[0m          [38;5;240m│[0m
[38;5;240m│[0m [38;5;245mworktrees                 [0m[1m19[0m                                                 [38;5;240m│[0m
[38;5;240m│[0m [38;5;245mvolume used               [0m[38;5;167m96%[0m         [38;5;245mbees die at 0s when this fills[0m         [38;5;240m│[0m
[38;5;240m│[0m [38;5;245mgates declared / wired    [0m[38;5;179m23 / 8[0m      [38;5;245m15 run only on a Mac[0m                   [38;5;240m│[0m
[38;5;240m├─[0m [38;5;245mANOMALIES   2 blocker  4 high  2 medium[0m [38;5;240m────────────────────────────────────┤[0m
[38;5;240m│[0m [38;5;167m![0m it closed 258.4 hours ago (10.8 days) and no iteration has opened since    [38;5;240m│[0m
[38;5;240m│[0m [38;5;167m![0m 548 of 819 skipped candidates (67%) were refused for missingBoundary - …   [38;5;240m│[0m
[38;5;240m│[0m [38;5;179m![0m they last wrote 4.6 min ago and are doing no-op work (author filed 0, l…   [38;5;240m│[0m
[38;5;240m│[0m [38;5;179m![0m the Queen's board says running 1 right now; the dashboard file is 3.3h …   [38;5;240m│[0m
[38;5;240m│[0m [38;5;179m![0m the volume is 96% used; how much of it the loop owns was not measured t…   [38;5;240m│[0m
[38;5;240m│[0m [38;5;179m![0m that branch is 421 commits behind its own remote and 130 ahead - measur…   [38;5;240m│[0m
[38;5;240m│[0m [38;5;245m●[0m 8 of them appear in a workflow CI will load; 15 run only on a developer…   [38;5;240m│[0m
[38;5;240m│[0m [38;5;245m  +1 more - tri cycle-anomalies[0m                                              [38;5;240m│[0m
[38;5;240m╰──────────────────────────────────────────────────────────────────────────────╯[0m
cycle 141: 8 anomalies in 0.9s
cycle: skipped - lock feed.mjs is running (the lock is not proof on its own)
[38;5;240m╭─[0m [38;5;173mTRIOS[0m [1mCONTINUOUS LOOP[0m  [38;5;167m● STOPPED[0m [38;5;240m───────────────────────────────────────────╮[0m
[38;5;240m│[0m [38;5;245mdrawn from a reading      [0m[38;5;245mjust now    [0m[38;5;245m2026-09-17 04:12:39Z[0m                   [38;5;240m│[0m
[38;5;240m├──────────────────────────────────────────────────────────────────────────────┤[0m
[38;5;240m│[0m [38;5;245miteration                 [0m[1m97[0m          [38;5;245mthe CLI that runs the loop was in no…[0m  [38;5;240m│[0m
[38;5;240m│[0m [38;5;245mlast advanced             [0m[38;5;167m10.8d ago[0m   [38;5;245mno driver; last iteration 10.8d ago[0m    [38;5;240m│[0m
[38;5;240m│[0m [38;5;245mdriver (iterations)       [0m[38;5;167mNONE[0m        [38;5;245mnothing schedules an iteration[0m         [38;5;240m│[0m
[38;5;240m│[0m [38;5;245mtimers (housekeeping)     [0m[38;5;71m4 launchd[0m   [38;5;245mheal wrote 4m ago[0m                      [38;5;240m│[0m
[38;5;240m│[0m [38;5;245mlock                      [0m[1mcycle 0m[0m                                           [38;5;240m│[0m
[38;5;240m├─[0m [38;5;245mSWARM   measured just now[0m [38;5;240m──────────────────────────────────────────────────┤[0m
[38;5;240m│[0m [38;5;245mbees running              [0m[38;5;71m2[0m                                                  [38;5;240m│[0m
[38;5;240m│[0m [38;5;245mdispatches finished       [0m[1m687[0m                                                [38;5;240m│[0m
[38;5;240m│[0m [38;5;245mtick refusal              [0m[1mnothing to choose[0m                                  [38;5;240m│[0m
[38;5;240m│[0m [38;5;245mcandidates skipped        [0m[1m819[0m                                                [38;5;240m│[0m
[38;5;240m│[0m [38;5;245m  missing boundary        [0m[38;5;167m548[0m         [38;5;245m67% of all skips[0m                       [38;5;240m│[0m
[38;5;240m│[0m [38;5;245m  claimed by a fence      [0m[1m89[0m                                                 [38;5;240m│[0m
[38;5;240m│[0m [38;5;245m  done but still open     [0m[1m148[0m                                                [38;5;240m│[0m
[38;5;240m│[0m [38;5;245mavailable to a bee        [0m[38;5;245m-[0m           [38;5;245mneeds a deep cycle[0m                     [38;5;240m│[0m
[38;5;240m├─[0m [38;5;245mTREE[0m [38;5;240m───────────────────────────────────────────────────────────────────────┤[0m
[38;5;240m│[0m [38;5;245mbranch                    [0m[38;5;179mfeat/queen-supervisor[0m  [38;5;245mahead 130  behind 421[0m       [38;5;240m│[0m
[38;5;240m│[0m [38;5;245muncommitted source        [0m[38;5;179m10 mod / 62 new[0m  [38;5;245mgenerated files excluded[0m          [38;5;240m│[0m
[38;5;240m│[0m [38;5;245mworktrees                 [0m[1m19[0m                                                 [38;5;240m│[0m
[38;5;240m│[0m [38;5;245mvolume used               [0m[38;5;167m96%[0m         [38;5;245mbees die at 0s when this fills[0m         [38;5;240m│[0m
[38;5;240m│[0m [38;5;245mgates declared / wired    [0m[38;5;179m23 / 8[0m      [38;5;245m15 run only on a Mac[0m                   [38;5;240m│[0m
[38;5;240m├─[0m [38;5;245mANOMALIES   2 blocker  4 high  2 medium[0m [38;5;240m────────────────────────────────────┤[0m
[38;5;240m│[0m [38;5;167m![0m it closed 258.9 hours ago (10.8 days) and no iteration has opened since    [38;5;240m│[0m
[38;5;240m│[0m [38;5;167m![0m 548 of 819 skipped candidates (67%) were refused for missingBoundary - …   [38;5;240m│[0m
[38;5;240m│[0m [38;5;179m![0m they last wrote 4.4 min ago and are doing no-op work (author filed 0, l…   [38;5;240m│[0m
[38;5;240m│[0m [38;5;179m![0m the Queen's board says running 2 right now; the dashboard file is 3.8h …   [38;5;240m│[0m
[38;5;240m│[0m [38;5;179m![0m the volume is 96% used; how much of it the loop owns was not measured t…   [38;5;240m│[0m
[38;5;240m│[0m [38;5;179m![0m that branch is 421 commits behind its own remote and 130 ahead - measur…   [38;5;240m│[0m
[38;5;240m│[0m [38;5;245m●[0m 8 of them appear in a workflow CI will load; 15 run only on a developer…   [38;5;240m│[0m
[38;5;240m│[0m [38;5;245m  +1 more - tri cycle-anomalies[0m                                              [38;5;240m│[0m
[38;5;240m╰──────────────────────────────────────────────────────────────────────────────╯[0m
cycle 143: 8 anomalies in 1s
cycle: skipped - lock feed.mjs is running (the lock is not proof on its own)
cycle: skipped - lock feed.mjs is running (the lock is not proof on its own)
[38;5;240m╭─[0m [38;5;173mTRIOS[0m [1mCONTINUOUS LOOP[0m  [38;5;167m● STOPPED[0m [38;5;240m───────────────────────────────────────────╮[0m
[38;5;240m│[0m [38;5;245mdrawn from a reading      [0m[38;5;245mjust now    [0m[38;5;245m2026-09-17 04:57:54Z[0m                   [38;5;240m│[0m
[38;5;240m├──────────────────────────────────────────────────────────────────────────────┤[0m
[38;5;240m│[0m [38;5;245miteration                 [0m[1m97[0m          [38;5;245mthe CLI that runs the loop was in no…[0m  [38;5;240m│[0m
[38;5;240m│[0m [38;5;245mlast advanced             [0m[38;5;167m10.8d ago[0m   [38;5;245mno driver; last iteration 10.8d ago[0m    [38;5;240m│[0m
[38;5;240m│[0m [38;5;245mdriver (iterations)       [0m[38;5;167mNONE[0m        [38;5;245mnothing schedules an iteration[0m         [38;5;240m│[0m
[38;5;240m│[0m [38;5;245mtimers (housekeeping)     [0m[38;5;71m4 launchd[0m   [38;5;245mheal wrote 9m ago[0m                      [38;5;240m│[0m
[38;5;240m│[0m [38;5;245mlock                      [0m[1mcycle 0m[0m                                           [38;5;240m│[0m
[38;5;240m├─[0m [38;5;245mSWARM   measured just now[0m [38;5;240m──────────────────────────────────────────────────┤[0m
[38;5;240m│[0m [38;5;245mbees running              [0m[38;5;167m0[0m           [38;5;245mnothing is being worked on[0m             [38;5;240m│[0m
[38;5;240m│[0m [38;5;245mdispatches finished       [0m[1m689[0m                                                [38;5;240m│[0m
[38;5;240m│[0m [38;5;245mtick refusal              [0m[1mnothing to choose[0m                                  [38;5;240m│[0m
[38;5;240m│[0m [38;5;245mcandidates skipped        [0m[1m819[0m                                                [38;5;240m│[0m
[38;5;240m│[0m [38;5;245m  missing boundary        [0m[38;5;167m548[0m         [38;5;245m67% of all skips[0m                       [38;5;240m│[0m
[38;5;240m│[0m [38;5;245m  claimed by a fence      [0m[1m87[0m                                                 [38;5;240m│[0m
[38;5;240m│[0m [38;5;245m  done but still open     [0m[1m150[0m                                                [38;5;240m│[0m
[38;5;240m│[0m [38;5;245mavailable to a bee        [0m[38;5;245m-[0m           [38;5;245mneeds a deep cycle[0m                     [38;5;240m│[0m
[38;5;240m│[0m [38;5;245mwindow with no bee        [0m[38;5;71m31%[0m                                                [38;5;240m│[0m
[38;5;240m│[0m [38;5;245mrounds failed             [0m[38;5;245m-[0m                                                  [38;5;240m│[0m
[38;5;240m├─[0m [38;5;245mTREE[0m [38;5;240m───────────────────────────────────────────────────────────────────────┤[0m
[38;5;240m│[0m [38;5;245mbranch                    [0m[38;5;179mfeat/queen-supervisor[0m  [38;5;245mahead 130  behind 421[0m       [38;5;240m│[0m
[38;5;240m│[0m [38;5;245muncommitted source        [0m[38;5;179m10 mod / 62 new[0m  [38;5;245mgenerated files excluded[0m          [38;5;240m│[0m
[38;5;240m│[0m [38;5;245mworktrees                 [0m[1m19[0m                                                 [38;5;240m│[0m
[38;5;240m│[0m [38;5;245mvolume used               [0m[38;5;167m96%[0m         [38;5;245mbees die at 0s when this fills[0m         [38;5;240m│[0m
[38;5;240m│[0m [38;5;245mgates declared / wired    [0m[38;5;179m23 / 8[0m      [38;5;245m15 run only on a Mac[0m                   [38;5;240m│[0m
[38;5;240m├─[0m [38;5;245mANOMALIES   2 blocker  4 high  2 medium[0m [38;5;240m────────────────────────────────────┤[0m
[38;5;240m│[0m [38;5;167m![0m it closed 259.6 hours ago (10.8 days) and no iteration has opened since    [38;5;240m│[0m
[38;5;240m│[0m [38;5;167m![0m 548 of 819 skipped candidates (67%) were refused for missingBoundary - …   [38;5;240m│[0m
[38;5;240m│[0m [38;5;179m![0m they last wrote 8.9 min ago and are doing no-op work (author filed 0, l…   [38;5;240m│[0m
[38;5;240m│[0m [38;5;179m![0m the Queen's board says running 0 right now; the dashboard file is 4.6h …   [38;5;240m│[0m
[38;5;240m│[0m [38;5;179m![0m the volume is 96% used; the loop's own worktrees are 2.5G of that, 0.6%…   [38;5;240m│[0m
[38;5;240m│[0m [38;5;179m![0m that branch is 421 commits behind its own remote and 130 ahead - measur…   [38;5;240m│[0m
[38;5;240m│[0m [38;5;245m●[0m 8 of them appear in a workflow CI will load; 15 run only on a developer…   [38;5;240m│[0m
[38;5;240m│[0m [38;5;245m  +1 more - tri cycle-anomalies[0m                                              [38;5;240m│[0m
[38;5;240m╰──────────────────────────────────────────────────────────────────────────────╯[0m
cycle 144: 8 anomalies in 38.9s
cycle: skipped - lock feed.mjs is running (the lock is not proof on its own)
cycle: skipped - lock heal.mjs is running (the lock is not proof on its own)
cycle: skipped - lock feed.mjs is running (the lock is not proof on its own)
cycle: skipped - lock heal.mjs is running (the lock is not proof on its own)
cycle: skipped - lock feed.mjs is running (the lock is not proof on its own)
cycle: skipped - lock heal.mjs is running (the lock is not proof on its own)
[38;5;240m╭─[0m [38;5;173mTRIOS[0m [1mCONTINUOUS LOOP[0m  [38;5;245m● UNKNOWN[0m [38;5;240m───────────────────────────────────────────╮[0m
[38;5;240m│[0m [38;5;245mdrawn from a reading      [0m[38;5;245mjust now    [0m[38;5;245m2026-09-17 06:43:37Z[0m                   [38;5;240m│[0m
[38;5;240m├──────────────────────────────────────────────────────────────────────────────┤[0m
[38;5;240m│[0m [38;5;245miteration                 [0m[1m0[0m                                                  [38;5;240m│[0m
[38;5;240m│[0m [38;5;245mlast advanced             [0m[1m-[0m           [38;5;245mthe loop state could not be read[0m       [38;5;240m│[0m
[38;5;240m│[0m [38;5;245mdriver (iterations)       [0m[38;5;167mNONE[0m        [38;5;245mnothing schedules an iteration[0m         [38;5;240m│[0m
[38;5;240m│[0m [38;5;245mtimers (housekeeping)     [0m[38;5;71m4 launchd[0m   [38;5;245mheal wrote 8m ago[0m                      [38;5;240m│[0m
[38;5;240m│[0m [38;5;245mlock                      [0m[1mcycle 0m[0m                                           [38;5;240m│[0m
[38;5;240m├─[0m [38;5;245mSWARM   measured just now[0m [38;5;240m──────────────────────────────────────────────────┤[0m
[38;5;240m│[0m [38;5;245mbees running              [0m[38;5;71m10[0m                                                 [38;5;240m│[0m
[38;5;240m│[0m [38;5;245mdispatches finished       [0m[1m712[0m                                                [38;5;240m│[0m
[38;5;240m│[0m [38;5;245mtick refusal              [0m[1mDISPATCHED[0m                                         [38;5;240m│[0m
[38;5;240m│[0m [38;5;245mcandidates skipped        [0m[1m901[0m                                                [38;5;240m│[0m
[38;5;240m│[0m [38;5;245m  missing boundary        [0m[38;5;167m550[0m         [38;5;245m61% of all skips[0m                       [38;5;240m│[0m
[38;5;240m│[0m [38;5;245m  claimed by a fence      [0m[1m101[0m                                                [38;5;240m│[0m
[38;5;240m│[0m [38;5;245m  done but still open     [0m[1m141[0m                                                [38;5;240m│[0m
[38;5;240m│[0m [38;5;245mavailable to a bee        [0m[38;5;245m-[0m           [38;5;245mneeds a deep cycle[0m                     [38;5;240m│[0m
[38;5;240m├─[0m [38;5;245mTREE[0m [38;5;240m───────────────────────────────────────────────────────────────────────┤[0m
[38;5;240m│[0m [38;5;245mbranch                    [0m[1mfeat/queen-supervisor[0m  [38;5;245mahead 0  behind 0[0m           [38;5;240m│[0m
[38;5;240m│[0m [38;5;245muncommitted source        [0m[38;5;179m9 mod / 244 new[0m  [38;5;245mgenerated files excluded[0m          [38;5;240m│[0m
[38;5;240m│[0m [38;5;245mworktrees                 [0m[1m21[0m                                                 [38;5;240m│[0m
[38;5;240m│[0m [38;5;245mvolume used               [0m[38;5;167m98%[0m         [38;5;245mbees die at 0s when this fills[0m         [38;5;240m│[0m
[38;5;240m│[0m [38;5;245mgates declared / wired    [0m[38;5;179m24 / 8[0m      [38;5;245m16 run only on a Mac[0m                   [38;5;240m│[0m
[38;5;240m├─[0m [38;5;245mANOMALIES   0 blocker  1 high  2 medium[0m [38;5;240m────────────────────────────────────┤[0m
[38;5;240m│[0m [38;5;179m![0m the volume is 98% used; how much of it the loop owns was not measured t…   [38;5;240m│[0m
[38;5;240m│[0m [38;5;245m●[0m 8 of them appear in a workflow CI will load; 16 run only on a developer…   [38;5;240m│[0m
[38;5;240m│[0m [38;5;245m●[0m 244 untracked source file(s) and 9 modified one(s) exist only on this d…   [38;5;240m│[0m
[38;5;240m╰──────────────────────────────────────────────────────────────────────────────╯[0m
cycle 145: 3 anomalies in 1s
cycle: skipped - lock heal.mjs is running (the lock is not proof on its own)
cycle: skipped - lock feed.mjs is running (the lock is not proof on its own)
cycle: skipped - lock feed.mjs is running (the lock is not proof on its own)
[38;5;240m╭─[0m [38;5;173mTRIOS[0m [1mCONTINUOUS LOOP[0m  [38;5;245m● UNKNOWN[0m [38;5;240m───────────────────────────────────────────╮[0m
[38;5;240m│[0m [38;5;245mdrawn from a reading      [0m[38;5;245mjust now    [0m[38;5;245m2026-09-17 07:43:46Z[0m                   [38;5;240m│[0m
[38;5;240m├──────────────────────────────────────────────────────────────────────────────┤[0m
[38;5;240m│[0m [38;5;245miteration                 [0m[1m0[0m                                                  [38;5;240m│[0m
[38;5;240m│[0m [38;5;245mlast advanced             [0m[1m-[0m           [38;5;245mthe loop state could not be read[0m       [38;5;240m│[0m
[38;5;240m│[0m [38;5;245mdriver (iterations)       [0m[38;5;167mNONE[0m        [38;5;245mnothing schedules an iteration[0m         [38;5;240m│[0m
[38;5;240m│[0m [38;5;245mtimers (housekeeping)     [0m[38;5;71m4 launchd[0m   [38;5;245mheal wrote 9m ago[0m                      [38;5;240m│[0m
[38;5;240m│[0m [38;5;245mlock                      [0m[1mcycle 0m[0m                                           [38;5;240m│[0m
[38;5;240m├─[0m [38;5;245mSWARM   measured just now[0m [38;5;240m──────────────────────────────────────────────────┤[0m
[38;5;240m│[0m [38;5;245mbees running              [0m[38;5;71m10[0m                                                 [38;5;240m│[0m
[38;5;240m│[0m [38;5;245mdispatches finished       [0m[1m728[0m                                                [38;5;240m│[0m
[38;5;240m│[0m [38;5;245mtick refusal              [0m[1mDISPATCHED[0m                                         [38;5;240m│[0m
[38;5;240m│[0m [38;5;245mcandidates skipped        [0m[1m871[0m                                                [38;5;240m│[0m
[38;5;240m│[0m [38;5;245m  missing boundary        [0m[38;5;167m551[0m         [38;5;245m63% of all skips[0m                       [38;5;240m│[0m
[38;5;240m│[0m [38;5;245m  claimed by a fence      [0m[1m96[0m                                                 [38;5;240m│[0m
[38;5;240m│[0m [38;5;245m  done but still open     [0m[1m129[0m                                                [38;5;240m│[0m
[38;5;240m│[0m [38;5;245mavailable to a bee        [0m[38;5;245m-[0m           [38;5;245mneeds a deep cycle[0m                     [38;5;240m│[0m
[38;5;240m├─[0m [38;5;245mTREE[0m [38;5;240m───────────────────────────────────────────────────────────────────────┤[0m
[38;5;240m│[0m [38;5;245mbranch                    [0m[1mfeat/queen-supervisor[0m  [38;5;245mahead 0  behind 0[0m           [38;5;240m│[0m
[38;5;240m│[0m [38;5;245muncommitted source        [0m[38;5;179m9 mod / 244 new[0m  [38;5;245mgenerated files excluded[0m          [38;5;240m│[0m
[38;5;240m│[0m [38;5;245mworktrees                 [0m[1m22[0m                                                 [38;5;240m│[0m
[38;5;240m│[0m [38;5;245mvolume used               [0m[38;5;167m99%[0m         [38;5;245mbees die at 0s when this fills[0m         [38;5;240m│[0m
[38;5;240m│[0m [38;5;245mgates declared / wired    [0m[38;5;179m24 / 8[0m      [38;5;245m16 run only on a Mac[0m                   [38;5;240m│[0m
[38;5;240m├─[0m [38;5;245mANOMALIES   0 blocker  1 high  2 medium[0m [38;5;240m────────────────────────────────────┤[0m
[38;5;240m│[0m [38;5;179m![0m the volume is 99% used; how much of it the loop owns was not measured t…   [38;5;240m│[0m
[38;5;240m│[0m [38;5;245m●[0m 8 of them appear in a workflow CI will load; 16 run only on a developer…   [38;5;240m│[0m
[38;5;240m│[0m [38;5;245m●[0m 244 untracked source file(s) and 9 modified one(s) exist only on this d…   [38;5;240m│[0m
[38;5;240m╰──────────────────────────────────────────────────────────────────────────────╯[0m
cycle 146: 3 anomalies in 11.3s
cycle: skipped - lock heal.mjs is running (the lock is not proof on its own)
cycle: skipped - lock feed.mjs is running (the lock is not proof on its own)
cycle: skipped - lock heal.mjs is running (the lock is not proof on its own)
[38;5;240m╭─[0m [38;5;173mTRIOS[0m [1mCONTINUOUS LOOP[0m  [38;5;245m● UNKNOWN[0m [38;5;240m───────────────────────────────────────────╮[0m
[38;5;240m│[0m [38;5;245mdrawn from a reading      [0m[38;5;245mjust now    [0m[38;5;245m2026-09-17 08:44:01Z[0m                   [38;5;240m│[0m
[38;5;240m├──────────────────────────────────────────────────────────────────────────────┤[0m
[38;5;240m│[0m [38;5;245miteration                 [0m[1m0[0m                                                  [38;5;240m│[0m
[38;5;240m│[0m [38;5;245mlast advanced             [0m[1m-[0m           [38;5;245mthe loop state could not be read[0m       [38;5;240m│[0m
[38;5;240m│[0m [38;5;245mdriver (iterations)       [0m[38;5;167mNONE[0m        [38;5;245mnothing schedules an iteration[0m         [38;5;240m│[0m
[38;5;240m│[0m [38;5;245mtimers (housekeeping)     [0m[38;5;71m4 launchd[0m   [38;5;245mheal wrote 9m ago[0m                      [38;5;240m│[0m
[38;5;240m│[0m [38;5;245mlock                      [0m[1mcycle 0m[0m                                           [38;5;240m│[0m
[38;5;240m├─[0m [38;5;245mSWARM   measured just now[0m [38;5;240m──────────────────────────────────────────────────┤[0m
[38;5;240m│[0m [38;5;245mbees running              [0m[38;5;71m4[0m                                                  [38;5;240m│[0m
[38;5;240m│[0m [38;5;245mdispatches finished       [0m[1m743[0m                                                [38;5;240m│[0m
[38;5;240m│[0m [38;5;245mtick refusal              [0m[1mDISPATCHED[0m                                         [38;5;240m│[0m
[38;5;240m│[0m [38;5;245mcandidates skipped        [0m[1m391[0m                                                [38;5;240m│[0m
[38;5;240m│[0m [38;5;245m  missing boundary        [0m[38;5;167m103[0m         [38;5;245m26% of all skips[0m                       [38;5;240m│[0m
[38;5;240m│[0m [38;5;245m  claimed by a fence      [0m[1m88[0m                                                 [38;5;240m│[0m
[38;5;240m│[0m [38;5;245m  done but still open     [0m[1m109[0m                                                [38;5;240m│[0m
[38;5;240m│[0m [38;5;245mavailable to a bee        [0m[38;5;245m-[0m           [38;5;245mneeds a deep cycle[0m                     [38;5;240m│[0m
[38;5;240m├─[0m [38;5;245mTREE[0m [38;5;240m───────────────────────────────────────────────────────────────────────┤[0m
[38;5;240m│[0m [38;5;245mbranch                    [0m[1mfeat/queen-supervisor[0m  [38;5;245mahead 0  behind 0[0m           [38;5;240m│[0m
[38;5;240m│[0m [38;5;245muncommitted source        [0m[38;5;179m9 mod / 244 new[0m  [38;5;245mgenerated files excluded[0m          [38;5;240m│[0m
[38;5;240m│[0m [38;5;245mworktrees                 [0m[1m22[0m                                                 [38;5;240m│[0m
[38;5;240m│[0m [38;5;245mvolume used               [0m[38;5;167m99%[0m         [38;5;245mbees die at 0s when this fills[0m         [38;5;240m│[0m
[38;5;240m│[0m [38;5;245mgates declared / wired    [0m[38;5;179m24 / 8[0m      [38;5;245m16 run only on a Mac[0m                   [38;5;240m│[0m
[38;5;240m├─[0m [38;5;245mANOMALIES   0 blocker  2 high  2 medium[0m [38;5;240m────────────────────────────────────┤[0m
[38;5;240m│[0m [38;5;179m![0m the Queen's board says running 4 right now; the dashboard file is 2.1h …   [38;5;240m│[0m
[38;5;240m│[0m [38;5;179m![0m the volume is 99% used; how much of it the loop owns was not measured t…   [38;5;240m│[0m
[38;5;240m│[0m [38;5;245m●[0m 8 of them appear in a workflow CI will load; 16 run only on a developer…   [38;5;240m│[0m
[38;5;240m│[0m [38;5;245m●[0m 244 untracked source file(s) and 9 modified one(s) exist only on this d…   [38;5;240m│[0m
[38;5;240m╰──────────────────────────────────────────────────────────────────────────────╯[0m
cycle 147: 4 anomalies in 1.1s
cycle: skipped - lock heal.mjs is running (the lock is not proof on its own)
[38;5;240m╭─[0m [38;5;173mTRIOS[0m [1mCONTINUOUS LOOP[0m  [38;5;245m● UNKNOWN[0m [38;5;240m───────────────────────────────────────────╮[0m
[38;5;240m│[0m [38;5;245mdrawn from a reading      [0m[38;5;245mjust now    [0m[38;5;245m2026-09-17 09:14:03Z[0m                   [38;5;240m│[0m
[38;5;240m├──────────────────────────────────────────────────────────────────────────────┤[0m
[38;5;240m│[0m [38;5;245miteration                 [0m[1m0[0m                                                  [38;5;240m│[0m
[38;5;240m│[0m [38;5;245mlast advanced             [0m[1m-[0m           [38;5;245mthe loop state could not be read[0m       [38;5;240m│[0m
[38;5;240m│[0m [38;5;245mdriver (iterations)       [0m[38;5;167mNONE[0m        [38;5;245mnothing schedules an iteration[0m         [38;5;240m│[0m
[38;5;240m│[0m [38;5;245mtimers (housekeeping)     [0m[38;5;71m4 launchd[0m   [38;5;245mheal wrote 7m ago[0m                      [38;5;240m│[0m
[38;5;240m│[0m [38;5;245mlock                      [0m[1mcycle 0m[0m                                           [38;5;240m│[0m
[38;5;240m├─[0m [38;5;245mSWARM   measured just now[0m [38;5;240m──────────────────────────────────────────────────┤[0m
[38;5;240m│[0m [38;5;245mbees running              [0m[38;5;71m10[0m                                                 [38;5;240m│[0m
[38;5;240m│[0m [38;5;245mdispatches finished       [0m[1m737[0m                                                [38;5;240m│[0m
[38;5;240m│[0m [38;5;245mtick refusal              [0m[1mDISPATCHED[0m                                         [38;5;240m│[0m
[38;5;240m│[0m [38;5;245mcandidates skipped        [0m[1m396[0m                                                [38;5;240m│[0m
[38;5;240m│[0m [38;5;245m  missing boundary        [0m[38;5;167m124[0m         [38;5;245m31% of all skips[0m                       [38;5;240m│[0m
[38;5;240m│[0m [38;5;245m  claimed by a fence      [0m[1m94[0m                                                 [38;5;240m│[0m
[38;5;240m│[0m [38;5;245m  done but still open     [0m[1m99[0m                                                 [38;5;240m│[0m
[38;5;240m│[0m [38;5;245mavailable to a bee        [0m[38;5;245m-[0m           [38;5;245mneeds a deep cycle[0m                     [38;5;240m│[0m
[38;5;240m│[0m [38;5;245mwindow with no bee        [0m[38;5;71m26%[0m                                                [38;5;240m│[0m
[38;5;240m│[0m [38;5;245mrounds failed             [0m[38;5;245m-[0m                                                  [38;5;240m│[0m
[38;5;240m├─[0m [38;5;245mTREE[0m [38;5;240m───────────────────────────────────────────────────────────────────────┤[0m
[38;5;240m│[0m [38;5;245mbranch                    [0m[1mfeat/queen-supervisor[0m  [38;5;245mahead 1  behind 1[0m           [38;5;240m│[0m
[38;5;240m│[0m [38;5;245muncommitted source        [0m[38;5;179m9 mod / 244 new[0m  [38;5;245mgenerated files excluded[0m          [38;5;240m│[0m
[38;5;240m│[0m [38;5;245mworktrees                 [0m[1m22[0m                                                 [38;5;240m│[0m
[38;5;240m│[0m [38;5;245mvolume used               [0m[38;5;167m99%[0m         [38;5;245mbees die at 0s when this fills[0m         [38;5;240m│[0m
[38;5;240m│[0m [38;5;245mgates declared / wired    [0m[38;5;179m25 / 8[0m      [38;5;245m17 run only on a Mac[0m                   [38;5;240m│[0m
[38;5;240m├─[0m [38;5;245mANOMALIES   0 blocker  1 high  2 medium[0m [38;5;240m────────────────────────────────────┤[0m
[38;5;240m│[0m [38;5;179m![0m the volume is 99% used; the loop's own worktrees are 2.5G of that, 0.6%…   [38;5;240m│[0m
[38;5;240m│[0m [38;5;245m●[0m 8 of them appear in a workflow CI will load; 17 run only on a developer…   [38;5;240m│[0m
[38;5;240m│[0m [38;5;245m●[0m 244 untracked source file(s) and 9 modified one(s) exist only on this d…   [38;5;240m│[0m
[38;5;240m╰──────────────────────────────────────────────────────────────────────────────╯[0m
cycle 148: 3 anomalies in 14.8s
cycle: skipped - lock heal.mjs is running (the lock is not proof on its own)
cycle: skipped - lock feed.mjs is running (the lock is not proof on its own)
[38;5;240m╭─[0m [38;5;173mTRIOS[0m [1mCONTINUOUS LOOP[0m  [38;5;245m● UNKNOWN[0m [38;5;240m───────────────────────────────────────────╮[0m
[38;5;240m│[0m [38;5;245mdrawn from a reading      [0m[38;5;245mjust now    [0m[38;5;245m2026-09-17 09:59:25Z[0m                   [38;5;240m│[0m
[38;5;240m├──────────────────────────────────────────────────────────────────────────────┤[0m
[38;5;240m│[0m [38;5;245miteration                 [0m[1m0[0m                                                  [38;5;240m│[0m
[38;5;240m│[0m [38;5;245mlast advanced             [0m[1m-[0m           [38;5;245mthe loop state could not be read[0m       [38;5;240m│[0m
[38;5;240m│[0m [38;5;245mdriver (iterations)       [0m[38;5;167mNONE[0m        [38;5;245mnothing schedules an iteration[0m         [38;5;240m│[0m
[38;5;240m│[0m [38;5;245mtimers (housekeeping)     [0m[38;5;71m4 launchd[0m   [38;5;245mheal wrote 8m ago[0m                      [38;5;240m│[0m
[38;5;240m│[0m [38;5;245mlock                      [0m[1mcycle 0m[0m                                           [38;5;240m│[0m
[38;5;240m├─[0m [38;5;245mSWARM   measured just now[0m [38;5;240m──────────────────────────────────────────────────┤[0m
[38;5;240m│[0m [38;5;245mbees running              [0m[38;5;71m16[0m                                                 [38;5;240m│[0m
[38;5;240m│[0m [38;5;245mdispatches finished       [0m[1m750[0m                                                [38;5;240m│[0m
[38;5;240m│[0m [38;5;245mtick refusal              [0m[1m16 workers already running (l…[0m                     [38;5;240m│[0m
[38;5;240m│[0m [38;5;245mcandidates skipped        [0m[1m0[0m                                                  [38;5;240m│[0m
[38;5;240m│[0m [38;5;245m  missing boundary        [0m[38;5;245m-[0m                                                  [38;5;240m│[0m
[38;5;240m│[0m [38;5;245m  claimed by a fence      [0m[38;5;245m-[0m                                                  [38;5;240m│[0m
[38;5;240m│[0m [38;5;245m  done but still open     [0m[38;5;245m-[0m                                                  [38;5;240m│[0m
[38;5;240m│[0m [38;5;245mavailable to a bee        [0m[38;5;245m-[0m           [38;5;245mneeds a deep cycle[0m                     [38;5;240m│[0m
[38;5;240m├─[0m [38;5;245mTREE[0m [38;5;240m───────────────────────────────────────────────────────────────────────┤[0m
[38;5;240m│[0m [38;5;245mbranch                    [0m[1mfeat/queen-supervisor[0m  [38;5;245mahead 1  behind 1[0m           [38;5;240m│[0m
[38;5;240m│[0m [38;5;245muncommitted source        [0m[38;5;179m9 mod / 244 new[0m  [38;5;245mgenerated files excluded[0m          [38;5;240m│[0m
[38;5;240m│[0m [38;5;245mworktrees                 [0m[1m22[0m                                                 [38;5;240m│[0m
[38;5;240m│[0m [38;5;245mvolume used               [0m[38;5;167m99%[0m         [38;5;245mbees die at 0s when this fills[0m         [38;5;240m│[0m
[38;5;240m│[0m [38;5;245mgates declared / wired    [0m[38;5;179m25 / 8[0m      [38;5;245m17 run only on a Mac[0m                   [38;5;240m│[0m
[38;5;240m├─[0m [38;5;245mANOMALIES   0 blocker  2 high  2 medium[0m [38;5;240m────────────────────────────────────┤[0m
[38;5;240m│[0m [38;5;179m![0m the Queen's board says running 16 right now; the dashboard file is 3.4h…   [38;5;240m│[0m
[38;5;240m│[0m [38;5;179m![0m the volume is 99% used; how much of it the loop owns was not measured t…   [38;5;240m│[0m
[38;5;240m│[0m [38;5;245m●[0m 8 of them appear in a workflow CI will load; 17 run only on a developer…   [38;5;240m│[0m
[38;5;240m│[0m [38;5;245m●[0m 244 untracked source file(s) and 9 modified one(s) exist only on this d…   [38;5;240m│[0m
[38;5;240m╰──────────────────────────────────────────────────────────────────────────────╯[0m
cycle 149: 4 anomalies in 0.8s
cycle: skipped - lock heal.mjs is running (the lock is not proof on its own)
cycle: skipped - lock feed.mjs is running (the lock is not proof on its own)
cycle: skipped - lock heal.mjs is running (the lock is not proof on its own)
cycle: skipped - lock feed.mjs is running (the lock is not proof on its own)
