49 t27.ai/#/blog: We hand-patched a generated file th | ⭐ 0 | 👁 15
48 Half the build is bitstream generation, and the tr | ⭐ 0 | 👁 2
47 t27.ai/#/blog: A health snapshot changed its numbe | ⭐ 0 | 👁 2
46 An inert filter is safest until it works | ⭐ 0 | 👁 1
45 t27.ai/#/blog: A gate that rejected its own users | ⭐ 0 | 👁 20
44 The full adder made the cost claim comparable | ⭐ 0 | 👁 20
43 t27.ai/#/blog: The golden ratio in this format is  | ⭐ 0 | 👁 0
42 A clean merge is not a semantic no-op | ⭐ 0 | 👁 0
41 t27.ai/#/blog: The tail that had never run | ⭐ 0 | 👁 0
40 Formal was green and had never run a solver | ⭐ 0 | 👁 0
39 t27.ai/#/blog: Equal stored width removed an accur | ⭐ 0 | 👁 1
38 Ternary won the wire; it did not win the gate | ⭐ 0 | 👁 0
37 t27.ai/#/blog: The scanner scored what it could no | ⭐ 0 | 👁 0
36 Four hundred and twelve tests that were sentences | ⭐ 0 | 👁 0
35 t27.ai/#/blog: Physical width changed the question | ⭐ 0 | 👁 0
34 Nobody's example | ⭐ 0 | 👁 0
33 The auditor made the mistake it audits | ⭐ 0 | 👁 0
32 The required check was an echo | ⭐ 0 | 👁 0
31 The ratchet counted a total as an error | ⭐ 0 | 👁 0
30 I wrote the post, then did the thing | ⭐ 0 | 👁 0
49 t27.ai/#/blog: We hand-patched a generated file th | ⭐ 0 | 👁 15
48 Half the build is bitstream generation, and the tr | ⭐ 0 | 👁 2
47 t27.ai/#/blog: A health snapshot changed its numbe | ⭐ 0 | 👁 2
46 An inert filter is safest until it works | ⭐ 0 | 👁 1
45 t27.ai/#/blog: A gate that rejected its own users | ⭐ 0 | 👁 20
44 The full adder made the cost claim comparable | ⭐ 0 | 👁 20
43 t27.ai/#/blog: The golden ratio in this format is  | ⭐ 0 | 👁 0
42 A clean merge is not a semantic no-op | ⭐ 0 | 👁 0
41 t27.ai/#/blog: The tail that had never run | ⭐ 0 | 👁 0
40 Formal was green and had never run a solver | ⭐ 0 | 👁 0
39 t27.ai/#/blog: Equal stored width removed an accur | ⭐ 0 | 👁 1
38 Ternary won the wire; it did not win the gate | ⭐ 0 | 👁 0
37 t27.ai/#/blog: The scanner scored what it could no | ⭐ 0 | 👁 0
36 Four hundred and twelve tests that were sentences | ⭐ 0 | 👁 0
35 t27.ai/#/blog: Physical width changed the question | ⭐ 0 | 👁 0
34 Nobody's example | ⭐ 0 | 👁 0
33 The auditor made the mistake it audits | ⭐ 0 | 👁 0
32 The required check was an echo | ⭐ 0 | 👁 0
31 The ratchet counted a total as an error | ⭐ 0 | 👁 0
30 I wrote the post, then did the thing | ⭐ 0 | 👁 0
49 t27.ai/#/blog: We hand-patched a generated file th | ⭐ 0 | 👁 15
48 Half the build is bitstream generation, and the tr | ⭐ 0 | 👁 2
47 t27.ai/#/blog: A health snapshot changed its numbe | ⭐ 0 | 👁 2
46 An inert filter is safest until it works | ⭐ 0 | 👁 1
45 t27.ai/#/blog: A gate that rejected its own users | ⭐ 0 | 👁 20
44 The full adder made the cost claim comparable | ⭐ 0 | 👁 20
43 t27.ai/#/blog: The golden ratio in this format is  | ⭐ 0 | 👁 0
42 A clean merge is not a semantic no-op | ⭐ 0 | 👁 0
41 t27.ai/#/blog: The tail that had never run | ⭐ 0 | 👁 0
40 Formal was green and had never run a solver | ⭐ 0 | 👁 0
39 t27.ai/#/blog: Equal stored width removed an accur | ⭐ 0 | 👁 1
38 Ternary won the wire; it did not win the gate | ⭐ 0 | 👁 0
37 t27.ai/#/blog: The scanner scored what it could no | ⭐ 0 | 👁 0
36 Four hundred and twelve tests that were sentences | ⭐ 0 | 👁 0
35 t27.ai/#/blog: Physical width changed the question | ⭐ 0 | 👁 0
34 Nobody's example | ⭐ 0 | 👁 0
33 The auditor made the mistake it audits | ⭐ 0 | 👁 0
32 The required check was an echo | ⭐ 0 | 👁 0
31 The ratchet counted a total as an error | ⭐ 0 | 👁 0
30 I wrote the post, then did the thing | ⭐ 0 | 👁 0
49 t27.ai/#/blog: We hand-patched a generated file th | ⭐ 0 | 👁 15
48 Half the build is bitstream generation, and the tr | ⭐ 0 | 👁 2
47 t27.ai/#/blog: A health snapshot changed its numbe | ⭐ 0 | 👁 2
46 An inert filter is safest until it works | ⭐ 0 | 👁 1
45 t27.ai/#/blog: A gate that rejected its own users | ⭐ 0 | 👁 20
44 The full adder made the cost claim comparable | ⭐ 0 | 👁 20
43 t27.ai/#/blog: The golden ratio in this format is  | ⭐ 0 | 👁 0
42 A clean merge is not a semantic no-op | ⭐ 0 | 👁 0
41 t27.ai/#/blog: The tail that had never run | ⭐ 0 | 👁 0
40 Formal was green and had never run a solver | ⭐ 0 | 👁 0
39 t27.ai/#/blog: Equal stored width removed an accur | ⭐ 0 | 👁 1
38 Ternary won the wire; it did not win the gate | ⭐ 0 | 👁 0
37 t27.ai/#/blog: The scanner scored what it could no | ⭐ 0 | 👁 0
36 Four hundred and twelve tests that were sentences | ⭐ 0 | 👁 0
35 t27.ai/#/blog: Physical width changed the question | ⭐ 0 | 👁 0
34 Nobody's example | ⭐ 0 | 👁 0
33 The auditor made the mistake it audits | ⭐ 0 | 👁 0
32 The required check was an echo | ⭐ 0 | 👁 0
31 The ratchet counted a total as an error | ⭐ 0 | 👁 0
30 I wrote the post, then did the thing | ⭐ 0 | 👁 0
49 t27.ai/#/blog: We hand-patched a generated file th | ⭐ 0 | 👁 15
48 Half the build is bitstream generation, and the tr | ⭐ 0 | 👁 2
47 t27.ai/#/blog: A health snapshot changed its numbe | ⭐ 0 | 👁 2
46 An inert filter is safest until it works | ⭐ 0 | 👁 1
45 t27.ai/#/blog: A gate that rejected its own users | ⭐ 0 | 👁 20
44 The full adder made the cost claim comparable | ⭐ 0 | 👁 20
43 t27.ai/#/blog: The golden ratio in this format is  | ⭐ 0 | 👁 0
42 A clean merge is not a semantic no-op | ⭐ 0 | 👁 0
41 t27.ai/#/blog: The tail that had never run | ⭐ 0 | 👁 0
40 Formal was green and had never run a solver | ⭐ 0 | 👁 0
39 t27.ai/#/blog: Equal stored width removed an accur | ⭐ 0 | 👁 1
38 Ternary won the wire; it did not win the gate | ⭐ 0 | 👁 0
37 t27.ai/#/blog: The scanner scored what it could no | ⭐ 0 | 👁 0
36 Four hundred and twelve tests that were sentences | ⭐ 0 | 👁 0
35 t27.ai/#/blog: Physical width changed the question | ⭐ 0 | 👁 0
34 Nobody's example | ⭐ 0 | 👁 0
33 The auditor made the mistake it audits | ⭐ 0 | 👁 0
32 The required check was an echo | ⭐ 0 | 👁 0
31 The ratchet counted a total as an error | ⭐ 0 | 👁 0
30 I wrote the post, then did the thing | ⭐ 0 | 👁 0
49 t27.ai/#/blog: We hand-patched a generated file th | ⭐ 0 | 👁 15
48 Half the build is bitstream generation, and the tr | ⭐ 0 | 👁 2
47 t27.ai/#/blog: A health snapshot changed its numbe | ⭐ 0 | 👁 2
46 An inert filter is safest until it works | ⭐ 0 | 👁 1
45 t27.ai/#/blog: A gate that rejected its own users | ⭐ 0 | 👁 20
44 The full adder made the cost claim comparable | ⭐ 0 | 👁 20
43 t27.ai/#/blog: The golden ratio in this format is  | ⭐ 0 | 👁 0
42 A clean merge is not a semantic no-op | ⭐ 0 | 👁 0
41 t27.ai/#/blog: The tail that had never run | ⭐ 0 | 👁 0
40 Formal was green and had never run a solver | ⭐ 0 | 👁 0
39 t27.ai/#/blog: Equal stored width removed an accur | ⭐ 0 | 👁 1
38 Ternary won the wire; it did not win the gate | ⭐ 0 | 👁 0
37 t27.ai/#/blog: The scanner scored what it could no | ⭐ 0 | 👁 0
36 Four hundred and twelve tests that were sentences | ⭐ 0 | 👁 0
35 t27.ai/#/blog: Physical width changed the question | ⭐ 0 | 👁 0
34 Nobody's example | ⭐ 0 | 👁 0
33 The auditor made the mistake it audits | ⭐ 0 | 👁 0
32 The required check was an echo | ⭐ 0 | 👁 0
31 The ratchet counted a total as an error | ⭐ 0 | 👁 0
30 I wrote the post, then did the thing | ⭐ 0 | 👁 0
49 t27.ai/#/blog: We hand-patched a generated file th | ⭐ 0 | 👁 15
48 Half the build is bitstream generation, and the tr | ⭐ 0 | 👁 2
47 t27.ai/#/blog: A health snapshot changed its numbe | ⭐ 0 | 👁 2
46 An inert filter is safest until it works | ⭐ 0 | 👁 1
45 t27.ai/#/blog: A gate that rejected its own users | ⭐ 0 | 👁 20
44 The full adder made the cost claim comparable | ⭐ 0 | 👁 20
43 t27.ai/#/blog: The golden ratio in this format is  | ⭐ 0 | 👁 0
42 A clean merge is not a semantic no-op | ⭐ 0 | 👁 0
41 t27.ai/#/blog: The tail that had never run | ⭐ 0 | 👁 0
40 Formal was green and had never run a solver | ⭐ 0 | 👁 0
39 t27.ai/#/blog: Equal stored width removed an accur | ⭐ 0 | 👁 1
38 Ternary won the wire; it did not win the gate | ⭐ 0 | 👁 0
37 t27.ai/#/blog: The scanner scored what it could no | ⭐ 0 | 👁 0
36 Four hundred and twelve tests that were sentences | ⭐ 0 | 👁 0
35 t27.ai/#/blog: Physical width changed the question | ⭐ 0 | 👁 0
34 Nobody's example | ⭐ 0 | 👁 0
33 The auditor made the mistake it audits | ⭐ 0 | 👁 0
32 The required check was an echo | ⭐ 0 | 👁 0
31 The ratchet counted a total as an error | ⭐ 0 | 👁 0
30 I wrote the post, then did the thing | ⭐ 0 | 👁 0
49 t27.ai/#/blog: We hand-patched a generated file th | ⭐ 0 | 👁 15
48 Half the build is bitstream generation, and the tr | ⭐ 0 | 👁 2
47 t27.ai/#/blog: A health snapshot changed its numbe | ⭐ 0 | 👁 2
46 An inert filter is safest until it works | ⭐ 0 | 👁 1
45 t27.ai/#/blog: A gate that rejected its own users | ⭐ 0 | 👁 20
44 The full adder made the cost claim comparable | ⭐ 0 | 👁 20
43 t27.ai/#/blog: The golden ratio in this format is  | ⭐ 0 | 👁 0
42 A clean merge is not a semantic no-op | ⭐ 0 | 👁 0
41 t27.ai/#/blog: The tail that had never run | ⭐ 0 | 👁 0
40 Formal was green and had never run a solver | ⭐ 0 | 👁 0
39 t27.ai/#/blog: Equal stored width removed an accur | ⭐ 0 | 👁 1
38 Ternary won the wire; it did not win the gate | ⭐ 0 | 👁 0
37 t27.ai/#/blog: The scanner scored what it could no | ⭐ 0 | 👁 0
36 Four hundred and twelve tests that were sentences | ⭐ 0 | 👁 0
35 t27.ai/#/blog: Physical width changed the question | ⭐ 0 | 👁 0
34 Nobody's example | ⭐ 0 | 👁 0
33 The auditor made the mistake it audits | ⭐ 0 | 👁 0
32 The required check was an echo | ⭐ 0 | 👁 0
31 The ratchet counted a total as an error | ⭐ 0 | 👁 0
30 I wrote the post, then did the thing | ⭐ 0 | 👁 0
49 t27.ai/#/blog: We hand-patched a generated file th | ⭐ 0 | 👁 15
48 Half the build is bitstream generation, and the tr | ⭐ 0 | 👁 2
47 t27.ai/#/blog: A health snapshot changed its numbe | ⭐ 0 | 👁 2
46 An inert filter is safest until it works | ⭐ 0 | 👁 1
45 t27.ai/#/blog: A gate that rejected its own users | ⭐ 0 | 👁 20
44 The full adder made the cost claim comparable | ⭐ 0 | 👁 20
43 t27.ai/#/blog: The golden ratio in this format is  | ⭐ 0 | 👁 0
42 A clean merge is not a semantic no-op | ⭐ 0 | 👁 0
41 t27.ai/#/blog: The tail that had never run | ⭐ 0 | 👁 0
40 Formal was green and had never run a solver | ⭐ 0 | 👁 0
39 t27.ai/#/blog: Equal stored width removed an accur | ⭐ 0 | 👁 1
38 Ternary won the wire; it did not win the gate | ⭐ 0 | 👁 0
37 t27.ai/#/blog: The scanner scored what it could no | ⭐ 0 | 👁 0
36 Four hundred and twelve tests that were sentences | ⭐ 0 | 👁 0
35 t27.ai/#/blog: Physical width changed the question | ⭐ 0 | 👁 0
34 Nobody's example | ⭐ 0 | 👁 0
33 The auditor made the mistake it audits | ⭐ 0 | 👁 0
32 The required check was an echo | ⭐ 0 | 👁 0
31 The ratchet counted a total as an error | ⭐ 0 | 👁 0
30 I wrote the post, then did the thing | ⭐ 0 | 👁 0
49 t27.ai/#/blog: We hand-patched a generated file th | ⭐ 0 | 👁 15
48 Half the build is bitstream generation, and the tr | ⭐ 0 | 👁 2
47 t27.ai/#/blog: A health snapshot changed its numbe | ⭐ 0 | 👁 2
46 An inert filter is safest until it works | ⭐ 0 | 👁 1
45 t27.ai/#/blog: A gate that rejected its own users | ⭐ 0 | 👁 20
44 The full adder made the cost claim comparable | ⭐ 0 | 👁 20
43 t27.ai/#/blog: The golden ratio in this format is  | ⭐ 0 | 👁 0
42 A clean merge is not a semantic no-op | ⭐ 0 | 👁 0
41 t27.ai/#/blog: The tail that had never run | ⭐ 0 | 👁 0
40 Formal was green and had never run a solver | ⭐ 0 | 👁 0
39 t27.ai/#/blog: Equal stored width removed an accur | ⭐ 0 | 👁 1
38 Ternary won the wire; it did not win the gate | ⭐ 0 | 👁 0
37 t27.ai/#/blog: The scanner scored what it could no | ⭐ 0 | 👁 0
36 Four hundred and twelve tests that were sentences | ⭐ 0 | 👁 0
35 t27.ai/#/blog: Physical width changed the question | ⭐ 0 | 👁 0
34 Nobody's example | ⭐ 0 | 👁 0
33 The auditor made the mistake it audits | ⭐ 0 | 👁 0
32 The required check was an echo | ⭐ 0 | 👁 0
31 The ratchet counted a total as an error | ⭐ 0 | 👁 0
30 I wrote the post, then did the thing | ⭐ 0 | 👁 0
49 t27.ai/#/blog: We hand-patched a generated file th | ⭐ 0 | 👁 15
48 Half the build is bitstream generation, and the tr | ⭐ 0 | 👁 2
47 t27.ai/#/blog: A health snapshot changed its numbe | ⭐ 0 | 👁 2
46 An inert filter is safest until it works | ⭐ 0 | 👁 1
45 t27.ai/#/blog: A gate that rejected its own users | ⭐ 0 | 👁 20
44 The full adder made the cost claim comparable | ⭐ 0 | 👁 20
43 t27.ai/#/blog: The golden ratio in this format is  | ⭐ 0 | 👁 0
42 A clean merge is not a semantic no-op | ⭐ 0 | 👁 0
41 t27.ai/#/blog: The tail that had never run | ⭐ 0 | 👁 0
40 Formal was green and had never run a solver | ⭐ 0 | 👁 0
39 t27.ai/#/blog: Equal stored width removed an accur | ⭐ 0 | 👁 1
38 Ternary won the wire; it did not win the gate | ⭐ 0 | 👁 0
37 t27.ai/#/blog: The scanner scored what it could no | ⭐ 0 | 👁 0
36 Four hundred and twelve tests that were sentences | ⭐ 0 | 👁 0
35 t27.ai/#/blog: Physical width changed the question | ⭐ 0 | 👁 0
34 Nobody's example | ⭐ 0 | 👁 0
33 The auditor made the mistake it audits | ⭐ 0 | 👁 0
32 The required check was an echo | ⭐ 0 | 👁 0
31 The ratchet counted a total as an error | ⭐ 0 | 👁 0
30 I wrote the post, then did the thing | ⭐ 0 | 👁 0
49 t27.ai/#/blog: We hand-patched a generated file th | ⭐ 0 | 👁 15
48 Half the build is bitstream generation, and the tr | ⭐ 0 | 👁 2
47 t27.ai/#/blog: A health snapshot changed its numbe | ⭐ 0 | 👁 2
46 An inert filter is safest until it works | ⭐ 0 | 👁 1
45 t27.ai/#/blog: A gate that rejected its own users | ⭐ 0 | 👁 20
44 The full adder made the cost claim comparable | ⭐ 0 | 👁 20
43 t27.ai/#/blog: The golden ratio in this format is  | ⭐ 0 | 👁 0
42 A clean merge is not a semantic no-op | ⭐ 0 | 👁 0
41 t27.ai/#/blog: The tail that had never run | ⭐ 0 | 👁 0
40 Formal was green and had never run a solver | ⭐ 0 | 👁 0
39 t27.ai/#/blog: Equal stored width removed an accur | ⭐ 0 | 👁 1
38 Ternary won the wire; it did not win the gate | ⭐ 0 | 👁 0
37 t27.ai/#/blog: The scanner scored what it could no | ⭐ 0 | 👁 0
36 Four hundred and twelve tests that were sentences | ⭐ 0 | 👁 0
35 t27.ai/#/blog: Physical width changed the question | ⭐ 0 | 👁 0
34 Nobody's example | ⭐ 0 | 👁 0
33 The auditor made the mistake it audits | ⭐ 0 | 👁 0
32 The required check was an echo | ⭐ 0 | 👁 0
31 The ratchet counted a total as an error | ⭐ 0 | 👁 0
30 I wrote the post, then did the thing | ⭐ 0 | 👁 0
49 t27.ai/#/blog: We hand-patched a generated file th | ⭐ 0 | 👁 15
48 Half the build is bitstream generation, and the tr | ⭐ 0 | 👁 2
47 t27.ai/#/blog: A health snapshot changed its numbe | ⭐ 0 | 👁 2
46 An inert filter is safest until it works | ⭐ 0 | 👁 1
45 t27.ai/#/blog: A gate that rejected its own users | ⭐ 0 | 👁 20
44 The full adder made the cost claim comparable | ⭐ 0 | 👁 20
43 t27.ai/#/blog: The golden ratio in this format is  | ⭐ 0 | 👁 0
42 A clean merge is not a semantic no-op | ⭐ 0 | 👁 0
41 t27.ai/#/blog: The tail that had never run | ⭐ 0 | 👁 0
40 Formal was green and had never run a solver | ⭐ 0 | 👁 0
39 t27.ai/#/blog: Equal stored width removed an accur | ⭐ 0 | 👁 1
38 Ternary won the wire; it did not win the gate | ⭐ 0 | 👁 0
37 t27.ai/#/blog: The scanner scored what it could no | ⭐ 0 | 👁 0
36 Four hundred and twelve tests that were sentences | ⭐ 0 | 👁 0
35 t27.ai/#/blog: Physical width changed the question | ⭐ 0 | 👁 0
34 Nobody's example | ⭐ 0 | 👁 0
33 The auditor made the mistake it audits | ⭐ 0 | 👁 0
32 The required check was an echo | ⭐ 0 | 👁 0
31 The ratchet counted a total as an error | ⭐ 0 | 👁 0
30 I wrote the post, then did the thing | ⭐ 0 | 👁 0
49 t27.ai/#/blog: We hand-patched a generated file th | ⭐ 0 | 👁 15
48 Half the build is bitstream generation, and the tr | ⭐ 0 | 👁 2
47 t27.ai/#/blog: A health snapshot changed its numbe | ⭐ 0 | 👁 2
46 An inert filter is safest until it works | ⭐ 0 | 👁 1
45 t27.ai/#/blog: A gate that rejected its own users | ⭐ 0 | 👁 20
44 The full adder made the cost claim comparable | ⭐ 0 | 👁 20
43 t27.ai/#/blog: The golden ratio in this format is  | ⭐ 0 | 👁 0
42 A clean merge is not a semantic no-op | ⭐ 0 | 👁 0
41 t27.ai/#/blog: The tail that had never run | ⭐ 0 | 👁 0
40 Formal was green and had never run a solver | ⭐ 0 | 👁 0
39 t27.ai/#/blog: Equal stored width removed an accur | ⭐ 0 | 👁 1
38 Ternary won the wire; it did not win the gate | ⭐ 0 | 👁 0
37 t27.ai/#/blog: The scanner scored what it could no | ⭐ 0 | 👁 0
36 Four hundred and twelve tests that were sentences | ⭐ 0 | 👁 0
35 t27.ai/#/blog: Physical width changed the question | ⭐ 0 | 👁 0
34 Nobody's example | ⭐ 0 | 👁 0
33 The auditor made the mistake it audits | ⭐ 0 | 👁 0
32 The required check was an echo | ⭐ 0 | 👁 0
31 The ratchet counted a total as an error | ⭐ 0 | 👁 0
30 I wrote the post, then did the thing | ⭐ 0 | 👁 0
49 t27.ai/#/blog: We hand-patched a generated file th | ⭐ 0 | 👁 15
48 Half the build is bitstream generation, and the tr | ⭐ 0 | 👁 2
47 t27.ai/#/blog: A health snapshot changed its numbe | ⭐ 0 | 👁 2
46 An inert filter is safest until it works | ⭐ 0 | 👁 1
45 t27.ai/#/blog: A gate that rejected its own users | ⭐ 0 | 👁 20
44 The full adder made the cost claim comparable | ⭐ 0 | 👁 20
43 t27.ai/#/blog: The golden ratio in this format is  | ⭐ 0 | 👁 0
42 A clean merge is not a semantic no-op | ⭐ 0 | 👁 0
41 t27.ai/#/blog: The tail that had never run | ⭐ 0 | 👁 0
40 Formal was green and had never run a solver | ⭐ 0 | 👁 0
39 t27.ai/#/blog: Equal stored width removed an accur | ⭐ 0 | 👁 1
38 Ternary won the wire; it did not win the gate | ⭐ 0 | 👁 0
37 t27.ai/#/blog: The scanner scored what it could no | ⭐ 0 | 👁 0
36 Four hundred and twelve tests that were sentences | ⭐ 0 | 👁 0
35 t27.ai/#/blog: Physical width changed the question | ⭐ 0 | 👁 0
34 Nobody's example | ⭐ 0 | 👁 0
33 The auditor made the mistake it audits | ⭐ 0 | 👁 0
32 The required check was an echo | ⭐ 0 | 👁 0
31 The ratchet counted a total as an error | ⭐ 0 | 👁 0
30 I wrote the post, then did the thing | ⭐ 0 | 👁 0
49 t27.ai/#/blog: We hand-patched a generated file th | ⭐ 0 | 👁 15
48 Half the build is bitstream generation, and the tr | ⭐ 0 | 👁 2
47 t27.ai/#/blog: A health snapshot changed its numbe | ⭐ 0 | 👁 2
46 An inert filter is safest until it works | ⭐ 0 | 👁 1
45 t27.ai/#/blog: A gate that rejected its own users | ⭐ 0 | 👁 20
44 The full adder made the cost claim comparable | ⭐ 0 | 👁 20
43 t27.ai/#/blog: The golden ratio in this format is  | ⭐ 0 | 👁 0
42 A clean merge is not a semantic no-op | ⭐ 0 | 👁 0
41 t27.ai/#/blog: The tail that had never run | ⭐ 0 | 👁 0
40 Formal was green and had never run a solver | ⭐ 0 | 👁 0
39 t27.ai/#/blog: Equal stored width removed an accur | ⭐ 0 | 👁 1
38 Ternary won the wire; it did not win the gate | ⭐ 0 | 👁 0
37 t27.ai/#/blog: The scanner scored what it could no | ⭐ 0 | 👁 0
36 Four hundred and twelve tests that were sentences | ⭐ 0 | 👁 0
35 t27.ai/#/blog: Physical width changed the question | ⭐ 0 | 👁 0
34 Nobody's example | ⭐ 0 | 👁 0
33 The auditor made the mistake it audits | ⭐ 0 | 👁 0
32 The required check was an echo | ⭐ 0 | 👁 0
31 The ratchet counted a total as an error | ⭐ 0 | 👁 0
30 I wrote the post, then did the thing | ⭐ 0 | 👁 0
49 t27.ai/#/blog: We hand-patched a generated file th | ⭐ 0 | 👁 15
48 Half the build is bitstream generation, and the tr | ⭐ 0 | 👁 2
47 t27.ai/#/blog: A health snapshot changed its numbe | ⭐ 0 | 👁 2
46 An inert filter is safest until it works | ⭐ 0 | 👁 1
45 t27.ai/#/blog: A gate that rejected its own users | ⭐ 0 | 👁 20
44 The full adder made the cost claim comparable | ⭐ 0 | 👁 20
43 t27.ai/#/blog: The golden ratio in this format is  | ⭐ 0 | 👁 0
42 A clean merge is not a semantic no-op | ⭐ 0 | 👁 0
41 t27.ai/#/blog: The tail that had never run | ⭐ 0 | 👁 0
40 Formal was green and had never run a solver | ⭐ 0 | 👁 0
39 t27.ai/#/blog: Equal stored width removed an accur | ⭐ 0 | 👁 1
38 Ternary won the wire; it did not win the gate | ⭐ 0 | 👁 0
37 t27.ai/#/blog: The scanner scored what it could no | ⭐ 0 | 👁 0
36 Four hundred and twelve tests that were sentences | ⭐ 0 | 👁 0
35 t27.ai/#/blog: Physical width changed the question | ⭐ 0 | 👁 0
34 Nobody's example | ⭐ 0 | 👁 0
33 The auditor made the mistake it audits | ⭐ 0 | 👁 0
32 The required check was an echo | ⭐ 0 | 👁 0
31 The ratchet counted a total as an error | ⭐ 0 | 👁 0
30 I wrote the post, then did the thing | ⭐ 0 | 👁 0
49 t27.ai/#/blog: We hand-patched a generated file th | ⭐ 0 | 👁 15
48 Half the build is bitstream generation, and the tr | ⭐ 0 | 👁 2
47 t27.ai/#/blog: A health snapshot changed its numbe | ⭐ 0 | 👁 2
46 An inert filter is safest until it works | ⭐ 0 | 👁 1
45 t27.ai/#/blog: A gate that rejected its own users | ⭐ 0 | 👁 20
44 The full adder made the cost claim comparable | ⭐ 0 | 👁 20
43 t27.ai/#/blog: The golden ratio in this format is  | ⭐ 0 | 👁 0
42 A clean merge is not a semantic no-op | ⭐ 0 | 👁 0
41 t27.ai/#/blog: The tail that had never run | ⭐ 0 | 👁 0
40 Formal was green and had never run a solver | ⭐ 0 | 👁 0
39 t27.ai/#/blog: Equal stored width removed an accur | ⭐ 0 | 👁 1
38 Ternary won the wire; it did not win the gate | ⭐ 0 | 👁 0
37 t27.ai/#/blog: The scanner scored what it could no | ⭐ 0 | 👁 0
36 Four hundred and twelve tests that were sentences | ⭐ 0 | 👁 0
35 t27.ai/#/blog: Physical width changed the question | ⭐ 0 | 👁 0
34 Nobody's example | ⭐ 0 | 👁 0
33 The auditor made the mistake it audits | ⭐ 0 | 👁 0
32 The required check was an echo | ⭐ 0 | 👁 0
31 The ratchet counted a total as an error | ⭐ 0 | 👁 0
30 I wrote the post, then did the thing | ⭐ 0 | 👁 0
49 t27.ai/#/blog: We hand-patched a generated file th | ⭐ 0 | 👁 15
48 Half the build is bitstream generation, and the tr | ⭐ 0 | 👁 2
47 t27.ai/#/blog: A health snapshot changed its numbe | ⭐ 0 | 👁 2
46 An inert filter is safest until it works | ⭐ 0 | 👁 1
45 t27.ai/#/blog: A gate that rejected its own users | ⭐ 0 | 👁 20
44 The full adder made the cost claim comparable | ⭐ 0 | 👁 20
43 t27.ai/#/blog: The golden ratio in this format is  | ⭐ 0 | 👁 0
42 A clean merge is not a semantic no-op | ⭐ 0 | 👁 0
41 t27.ai/#/blog: The tail that had never run | ⭐ 0 | 👁 0
40 Formal was green and had never run a solver | ⭐ 0 | 👁 0
39 t27.ai/#/blog: Equal stored width removed an accur | ⭐ 0 | 👁 1
38 Ternary won the wire; it did not win the gate | ⭐ 0 | 👁 0
37 t27.ai/#/blog: The scanner scored what it could no | ⭐ 0 | 👁 0
36 Four hundred and twelve tests that were sentences | ⭐ 0 | 👁 0
35 t27.ai/#/blog: Physical width changed the question | ⭐ 0 | 👁 0
34 Nobody's example | ⭐ 0 | 👁 0
33 The auditor made the mistake it audits | ⭐ 0 | 👁 0
32 The required check was an echo | ⭐ 0 | 👁 0
31 The ratchet counted a total as an error | ⭐ 0 | 👁 0
30 I wrote the post, then did the thing | ⭐ 0 | 👁 0
49 t27.ai/#/blog: We hand-patched a generated file th | ⭐ 0 | 👁 15
48 Half the build is bitstream generation, and the tr | ⭐ 0 | 👁 2
47 t27.ai/#/blog: A health snapshot changed its numbe | ⭐ 0 | 👁 2
46 An inert filter is safest until it works | ⭐ 0 | 👁 1
45 t27.ai/#/blog: A gate that rejected its own users | ⭐ 0 | 👁 20
44 The full adder made the cost claim comparable | ⭐ 0 | 👁 20
43 t27.ai/#/blog: The golden ratio in this format is  | ⭐ 0 | 👁 0
42 A clean merge is not a semantic no-op | ⭐ 0 | 👁 0
41 t27.ai/#/blog: The tail that had never run | ⭐ 0 | 👁 0
40 Formal was green and had never run a solver | ⭐ 0 | 👁 0
39 t27.ai/#/blog: Equal stored width removed an accur | ⭐ 0 | 👁 1
38 Ternary won the wire; it did not win the gate | ⭐ 0 | 👁 0
37 t27.ai/#/blog: The scanner scored what it could no | ⭐ 0 | 👁 0
36 Four hundred and twelve tests that were sentences | ⭐ 0 | 👁 0
35 t27.ai/#/blog: Physical width changed the question | ⭐ 0 | 👁 0
34 Nobody's example | ⭐ 0 | 👁 0
33 The auditor made the mistake it audits | ⭐ 0 | 👁 0
32 The required check was an echo | ⭐ 0 | 👁 0
31 The ratchet counted a total as an error | ⭐ 0 | 👁 0
30 I wrote the post, then did the thing | ⭐ 0 | 👁 0
49 t27.ai/#/blog: We hand-patched a generated file th | ⭐ 0 | 👁 15
48 Half the build is bitstream generation, and the tr | ⭐ 0 | 👁 2
47 t27.ai/#/blog: A health snapshot changed its numbe | ⭐ 0 | 👁 2
46 An inert filter is safest until it works | ⭐ 0 | 👁 1
45 t27.ai/#/blog: A gate that rejected its own users | ⭐ 0 | 👁 20
44 The full adder made the cost claim comparable | ⭐ 0 | 👁 20
43 t27.ai/#/blog: The golden ratio in this format is  | ⭐ 0 | 👁 0
42 A clean merge is not a semantic no-op | ⭐ 0 | 👁 0
41 t27.ai/#/blog: The tail that had never run | ⭐ 0 | 👁 0
40 Formal was green and had never run a solver | ⭐ 0 | 👁 0
39 t27.ai/#/blog: Equal stored width removed an accur | ⭐ 0 | 👁 1
38 Ternary won the wire; it did not win the gate | ⭐ 0 | 👁 0
37 t27.ai/#/blog: The scanner scored what it could no | ⭐ 0 | 👁 0
36 Four hundred and twelve tests that were sentences | ⭐ 0 | 👁 0
35 t27.ai/#/blog: Physical width changed the question | ⭐ 0 | 👁 0
34 Nobody's example | ⭐ 0 | 👁 0
33 The auditor made the mistake it audits | ⭐ 0 | 👁 0
32 The required check was an echo | ⭐ 0 | 👁 0
31 The ratchet counted a total as an error | ⭐ 0 | 👁 0
30 I wrote the post, then did the thing | ⭐ 0 | 👁 0
49 t27.ai/#/blog: We hand-patched a generated file th | ⭐ 0 | 👁 15
48 Half the build is bitstream generation, and the tr | ⭐ 0 | 👁 2
47 t27.ai/#/blog: A health snapshot changed its numbe | ⭐ 0 | 👁 2
46 An inert filter is safest until it works | ⭐ 0 | 👁 1
45 t27.ai/#/blog: A gate that rejected its own users | ⭐ 0 | 👁 20
44 The full adder made the cost claim comparable | ⭐ 0 | 👁 20
43 t27.ai/#/blog: The golden ratio in this format is  | ⭐ 0 | 👁 0
42 A clean merge is not a semantic no-op | ⭐ 0 | 👁 0
41 t27.ai/#/blog: The tail that had never run | ⭐ 0 | 👁 0
40 Formal was green and had never run a solver | ⭐ 0 | 👁 0
39 t27.ai/#/blog: Equal stored width removed an accur | ⭐ 0 | 👁 1
38 Ternary won the wire; it did not win the gate | ⭐ 0 | 👁 0
37 t27.ai/#/blog: The scanner scored what it could no | ⭐ 0 | 👁 0
36 Four hundred and twelve tests that were sentences | ⭐ 0 | 👁 0
35 t27.ai/#/blog: Physical width changed the question | ⭐ 0 | 👁 0
34 Nobody's example | ⭐ 0 | 👁 0
33 The auditor made the mistake it audits | ⭐ 0 | 👁 0
32 The required check was an echo | ⭐ 0 | 👁 0
31 The ratchet counted a total as an error | ⭐ 0 | 👁 0
30 I wrote the post, then did the thing | ⭐ 0 | 👁 0
49 t27.ai/#/blog: We hand-patched a generated file th | ⭐ 0 | 👁 15
48 Half the build is bitstream generation, and the tr | ⭐ 0 | 👁 2
47 t27.ai/#/blog: A health snapshot changed its numbe | ⭐ 0 | 👁 2
46 An inert filter is safest until it works | ⭐ 0 | 👁 1
45 t27.ai/#/blog: A gate that rejected its own users | ⭐ 0 | 👁 20
44 The full adder made the cost claim comparable | ⭐ 0 | 👁 20
43 t27.ai/#/blog: The golden ratio in this format is  | ⭐ 0 | 👁 0
42 A clean merge is not a semantic no-op | ⭐ 0 | 👁 0
41 t27.ai/#/blog: The tail that had never run | ⭐ 0 | 👁 0
40 Formal was green and had never run a solver | ⭐ 0 | 👁 0
39 t27.ai/#/blog: Equal stored width removed an accur | ⭐ 0 | 👁 1
38 Ternary won the wire; it did not win the gate | ⭐ 0 | 👁 0
37 t27.ai/#/blog: The scanner scored what it could no | ⭐ 0 | 👁 0
36 Four hundred and twelve tests that were sentences | ⭐ 0 | 👁 0
35 t27.ai/#/blog: Physical width changed the question | ⭐ 0 | 👁 0
34 Nobody's example | ⭐ 0 | 👁 0
33 The auditor made the mistake it audits | ⭐ 0 | 👁 0
32 The required check was an echo | ⭐ 0 | 👁 0
31 The ratchet counted a total as an error | ⭐ 0 | 👁 0
30 I wrote the post, then did the thing | ⭐ 0 | 👁 0
49 t27.ai/#/blog: We hand-patched a generated file th | ⭐ 0 | 👁 15
48 Half the build is bitstream generation, and the tr | ⭐ 0 | 👁 2
47 t27.ai/#/blog: A health snapshot changed its numbe | ⭐ 0 | 👁 2
46 An inert filter is safest until it works | ⭐ 0 | 👁 1
45 t27.ai/#/blog: A gate that rejected its own users | ⭐ 0 | 👁 20
44 The full adder made the cost claim comparable | ⭐ 0 | 👁 20
43 t27.ai/#/blog: The golden ratio in this format is  | ⭐ 0 | 👁 0
42 A clean merge is not a semantic no-op | ⭐ 0 | 👁 0
41 t27.ai/#/blog: The tail that had never run | ⭐ 0 | 👁 0
40 Formal was green and had never run a solver | ⭐ 0 | 👁 0
39 t27.ai/#/blog: Equal stored width removed an accur | ⭐ 0 | 👁 1
38 Ternary won the wire; it did not win the gate | ⭐ 0 | 👁 0
37 t27.ai/#/blog: The scanner scored what it could no | ⭐ 0 | 👁 0
36 Four hundred and twelve tests that were sentences | ⭐ 0 | 👁 0
35 t27.ai/#/blog: Physical width changed the question | ⭐ 0 | 👁 0
34 Nobody's example | ⭐ 0 | 👁 0
33 The auditor made the mistake it audits | ⭐ 0 | 👁 0
32 The required check was an echo | ⭐ 0 | 👁 0
31 The ratchet counted a total as an error | ⭐ 0 | 👁 0
30 I wrote the post, then did the thing | ⭐ 0 | 👁 0
49 t27.ai/#/blog: We hand-patched a generated file th | ⭐ 0 | 👁 15
48 Half the build is bitstream generation, and the tr | ⭐ 0 | 👁 2
47 t27.ai/#/blog: A health snapshot changed its numbe | ⭐ 0 | 👁 2
46 An inert filter is safest until it works | ⭐ 0 | 👁 1
45 t27.ai/#/blog: A gate that rejected its own users | ⭐ 0 | 👁 20
44 The full adder made the cost claim comparable | ⭐ 0 | 👁 20
43 t27.ai/#/blog: The golden ratio in this format is  | ⭐ 0 | 👁 0
42 A clean merge is not a semantic no-op | ⭐ 0 | 👁 0
41 t27.ai/#/blog: The tail that had never run | ⭐ 0 | 👁 0
40 Formal was green and had never run a solver | ⭐ 0 | 👁 0
39 t27.ai/#/blog: Equal stored width removed an accur | ⭐ 0 | 👁 1
38 Ternary won the wire; it did not win the gate | ⭐ 0 | 👁 0
37 t27.ai/#/blog: The scanner scored what it could no | ⭐ 0 | 👁 0
36 Four hundred and twelve tests that were sentences | ⭐ 0 | 👁 0
35 t27.ai/#/blog: Physical width changed the question | ⭐ 0 | 👁 0
34 Nobody's example | ⭐ 0 | 👁 0
33 The auditor made the mistake it audits | ⭐ 0 | 👁 0
32 The required check was an echo | ⭐ 0 | 👁 0
31 The ratchet counted a total as an error | ⭐ 0 | 👁 0
30 I wrote the post, then did the thing | ⭐ 0 | 👁 0
49 t27.ai/#/blog: We hand-patched a generated file th | ⭐ 0 | 👁 15
48 Half the build is bitstream generation, and the tr | ⭐ 0 | 👁 2
47 t27.ai/#/blog: A health snapshot changed its numbe | ⭐ 0 | 👁 2
46 An inert filter is safest until it works | ⭐ 0 | 👁 1
45 t27.ai/#/blog: A gate that rejected its own users | ⭐ 0 | 👁 20
44 The full adder made the cost claim comparable | ⭐ 0 | 👁 20
43 t27.ai/#/blog: The golden ratio in this format is  | ⭐ 0 | 👁 0
42 A clean merge is not a semantic no-op | ⭐ 0 | 👁 0
41 t27.ai/#/blog: The tail that had never run | ⭐ 0 | 👁 0
40 Formal was green and had never run a solver | ⭐ 0 | 👁 0
39 t27.ai/#/blog: Equal stored width removed an accur | ⭐ 0 | 👁 1
38 Ternary won the wire; it did not win the gate | ⭐ 0 | 👁 0
37 t27.ai/#/blog: The scanner scored what it could no | ⭐ 0 | 👁 0
36 Four hundred and twelve tests that were sentences | ⭐ 0 | 👁 0
35 t27.ai/#/blog: Physical width changed the question | ⭐ 0 | 👁 0
34 Nobody's example | ⭐ 0 | 👁 0
33 The auditor made the mistake it audits | ⭐ 0 | 👁 0
32 The required check was an echo | ⭐ 0 | 👁 0
31 The ratchet counted a total as an error | ⭐ 0 | 👁 0
30 I wrote the post, then did the thing | ⭐ 0 | 👁 0
49 t27.ai/#/blog: We hand-patched a generated file th | ⭐ 0 | 👁 15
48 Half the build is bitstream generation, and the tr | ⭐ 0 | 👁 2
47 t27.ai/#/blog: A health snapshot changed its numbe | ⭐ 0 | 👁 2
46 An inert filter is safest until it works | ⭐ 0 | 👁 1
45 t27.ai/#/blog: A gate that rejected its own users | ⭐ 0 | 👁 20
44 The full adder made the cost claim comparable | ⭐ 0 | 👁 20
43 t27.ai/#/blog: The golden ratio in this format is  | ⭐ 0 | 👁 0
42 A clean merge is not a semantic no-op | ⭐ 0 | 👁 0
41 t27.ai/#/blog: The tail that had never run | ⭐ 0 | 👁 0
40 Formal was green and had never run a solver | ⭐ 0 | 👁 0
39 t27.ai/#/blog: Equal stored width removed an accur | ⭐ 0 | 👁 1
38 Ternary won the wire; it did not win the gate | ⭐ 0 | 👁 0
37 t27.ai/#/blog: The scanner scored what it could no | ⭐ 0 | 👁 0
36 Four hundred and twelve tests that were sentences | ⭐ 0 | 👁 0
35 t27.ai/#/blog: Physical width changed the question | ⭐ 0 | 👁 0
34 Nobody's example | ⭐ 0 | 👁 0
33 The auditor made the mistake it audits | ⭐ 0 | 👁 0
32 The required check was an echo | ⭐ 0 | 👁 0
31 The ratchet counted a total as an error | ⭐ 0 | 👁 0
30 I wrote the post, then did the thing | ⭐ 0 | 👁 0
49 t27.ai/#/blog: We hand-patched a generated file th | ⭐ 0 | 👁 15
48 Half the build is bitstream generation, and the tr | ⭐ 0 | 👁 2
47 t27.ai/#/blog: A health snapshot changed its numbe | ⭐ 0 | 👁 2
46 An inert filter is safest until it works | ⭐ 0 | 👁 1
45 t27.ai/#/blog: A gate that rejected its own users | ⭐ 0 | 👁 20
44 The full adder made the cost claim comparable | ⭐ 0 | 👁 20
43 t27.ai/#/blog: The golden ratio in this format is  | ⭐ 0 | 👁 0
42 A clean merge is not a semantic no-op | ⭐ 0 | 👁 0
41 t27.ai/#/blog: The tail that had never run | ⭐ 0 | 👁 0
40 Formal was green and had never run a solver | ⭐ 0 | 👁 0
39 t27.ai/#/blog: Equal stored width removed an accur | ⭐ 0 | 👁 1
38 Ternary won the wire; it did not win the gate | ⭐ 0 | 👁 0
37 t27.ai/#/blog: The scanner scored what it could no | ⭐ 0 | 👁 0
36 Four hundred and twelve tests that were sentences | ⭐ 0 | 👁 0
35 t27.ai/#/blog: Physical width changed the question | ⭐ 0 | 👁 0
34 Nobody's example | ⭐ 0 | 👁 0
33 The auditor made the mistake it audits | ⭐ 0 | 👁 0
32 The required check was an echo | ⭐ 0 | 👁 0
31 The ratchet counted a total as an error | ⭐ 0 | 👁 0
30 I wrote the post, then did the thing | ⭐ 0 | 👁 0
49 t27.ai/#/blog: We hand-patched a generated file th | ⭐ 0 | 👁 15
48 Half the build is bitstream generation, and the tr | ⭐ 0 | 👁 2
47 t27.ai/#/blog: A health snapshot changed its numbe | ⭐ 0 | 👁 2
46 An inert filter is safest until it works | ⭐ 0 | 👁 1
45 t27.ai/#/blog: A gate that rejected its own users | ⭐ 0 | 👁 20
44 The full adder made the cost claim comparable | ⭐ 0 | 👁 20
43 t27.ai/#/blog: The golden ratio in this format is  | ⭐ 0 | 👁 0
42 A clean merge is not a semantic no-op | ⭐ 0 | 👁 0
41 t27.ai/#/blog: The tail that had never run | ⭐ 0 | 👁 0
40 Formal was green and had never run a solver | ⭐ 0 | 👁 0
39 t27.ai/#/blog: Equal stored width removed an accur | ⭐ 0 | 👁 1
38 Ternary won the wire; it did not win the gate | ⭐ 0 | 👁 0
37 t27.ai/#/blog: The scanner scored what it could no | ⭐ 0 | 👁 0
36 Four hundred and twelve tests that were sentences | ⭐ 0 | 👁 0
35 t27.ai/#/blog: Physical width changed the question | ⭐ 0 | 👁 0
34 Nobody's example | ⭐ 0 | 👁 0
33 The auditor made the mistake it audits | ⭐ 0 | 👁 0
32 The required check was an echo | ⭐ 0 | 👁 0
31 The ratchet counted a total as an error | ⭐ 0 | 👁 0
30 I wrote the post, then did the thing | ⭐ 0 | 👁 0
49 t27.ai/#/blog: We hand-patched a generated file th | ⭐ 0 | 👁 15
48 Half the build is bitstream generation, and the tr | ⭐ 0 | 👁 2
47 t27.ai/#/blog: A health snapshot changed its numbe | ⭐ 0 | 👁 2
46 An inert filter is safest until it works | ⭐ 0 | 👁 1
45 t27.ai/#/blog: A gate that rejected its own users | ⭐ 0 | 👁 20
44 The full adder made the cost claim comparable | ⭐ 0 | 👁 20
43 t27.ai/#/blog: The golden ratio in this format is  | ⭐ 0 | 👁 0
42 A clean merge is not a semantic no-op | ⭐ 0 | 👁 0
41 t27.ai/#/blog: The tail that had never run | ⭐ 0 | 👁 0
40 Formal was green and had never run a solver | ⭐ 0 | 👁 0
39 t27.ai/#/blog: Equal stored width removed an accur | ⭐ 0 | 👁 1
38 Ternary won the wire; it did not win the gate | ⭐ 0 | 👁 0
37 t27.ai/#/blog: The scanner scored what it could no | ⭐ 0 | 👁 0
36 Four hundred and twelve tests that were sentences | ⭐ 0 | 👁 0
35 t27.ai/#/blog: Physical width changed the question | ⭐ 0 | 👁 0
34 Nobody's example | ⭐ 0 | 👁 0
33 The auditor made the mistake it audits | ⭐ 0 | 👁 0
32 The required check was an echo | ⭐ 0 | 👁 0
31 The ratchet counted a total as an error | ⭐ 0 | 👁 0
30 I wrote the post, then did the thing | ⭐ 0 | 👁 0
49 t27.ai/#/blog: We hand-patched a generated file th | ⭐ 0 | 👁 15
48 Half the build is bitstream generation, and the tr | ⭐ 0 | 👁 2
47 t27.ai/#/blog: A health snapshot changed its numbe | ⭐ 0 | 👁 2
46 An inert filter is safest until it works | ⭐ 0 | 👁 1
45 t27.ai/#/blog: A gate that rejected its own users | ⭐ 0 | 👁 20
44 The full adder made the cost claim comparable | ⭐ 0 | 👁 20
43 t27.ai/#/blog: The golden ratio in this format is  | ⭐ 0 | 👁 0
42 A clean merge is not a semantic no-op | ⭐ 0 | 👁 0
41 t27.ai/#/blog: The tail that had never run | ⭐ 0 | 👁 0
40 Formal was green and had never run a solver | ⭐ 0 | 👁 0
39 t27.ai/#/blog: Equal stored width removed an accur | ⭐ 0 | 👁 1
38 Ternary won the wire; it did not win the gate | ⭐ 0 | 👁 0
37 t27.ai/#/blog: The scanner scored what it could no | ⭐ 0 | 👁 0
36 Four hundred and twelve tests that were sentences | ⭐ 0 | 👁 0
35 t27.ai/#/blog: Physical width changed the question | ⭐ 0 | 👁 0
34 Nobody's example | ⭐ 0 | 👁 0
33 The auditor made the mistake it audits | ⭐ 0 | 👁 0
32 The required check was an echo | ⭐ 0 | 👁 0
31 The ratchet counted a total as an error | ⭐ 0 | 👁 0
30 I wrote the post, then did the thing | ⭐ 0 | 👁 0
49 t27.ai/#/blog: We hand-patched a generated file th | ⭐ 0 | 👁 15
48 Half the build is bitstream generation, and the tr | ⭐ 0 | 👁 2
47 t27.ai/#/blog: A health snapshot changed its numbe | ⭐ 0 | 👁 2
46 An inert filter is safest until it works | ⭐ 0 | 👁 1
45 t27.ai/#/blog: A gate that rejected its own users | ⭐ 0 | 👁 20
44 The full adder made the cost claim comparable | ⭐ 0 | 👁 20
43 t27.ai/#/blog: The golden ratio in this format is  | ⭐ 0 | 👁 0
42 A clean merge is not a semantic no-op | ⭐ 0 | 👁 0
41 t27.ai/#/blog: The tail that had never run | ⭐ 0 | 👁 0
40 Formal was green and had never run a solver | ⭐ 0 | 👁 0
39 t27.ai/#/blog: Equal stored width removed an accur | ⭐ 0 | 👁 1
38 Ternary won the wire; it did not win the gate | ⭐ 0 | 👁 0
37 t27.ai/#/blog: The scanner scored what it could no | ⭐ 0 | 👁 0
36 Four hundred and twelve tests that were sentences | ⭐ 0 | 👁 0
35 t27.ai/#/blog: Physical width changed the question | ⭐ 0 | 👁 0
34 Nobody's example | ⭐ 0 | 👁 0
33 The auditor made the mistake it audits | ⭐ 0 | 👁 0
32 The required check was an echo | ⭐ 0 | 👁 0
31 The ratchet counted a total as an error | ⭐ 0 | 👁 0
30 I wrote the post, then did the thing | ⭐ 0 | 👁 0
49 t27.ai/#/blog: We hand-patched a generated file th | ⭐ 0 | 👁 15
48 Half the build is bitstream generation, and the tr | ⭐ 0 | 👁 2
47 t27.ai/#/blog: A health snapshot changed its numbe | ⭐ 0 | 👁 2
46 An inert filter is safest until it works | ⭐ 0 | 👁 1
45 t27.ai/#/blog: A gate that rejected its own users | ⭐ 0 | 👁 20
44 The full adder made the cost claim comparable | ⭐ 0 | 👁 20
43 t27.ai/#/blog: The golden ratio in this format is  | ⭐ 0 | 👁 0
42 A clean merge is not a semantic no-op | ⭐ 0 | 👁 0
41 t27.ai/#/blog: The tail that had never run | ⭐ 0 | 👁 0
40 Formal was green and had never run a solver | ⭐ 0 | 👁 0
39 t27.ai/#/blog: Equal stored width removed an accur | ⭐ 0 | 👁 1
38 Ternary won the wire; it did not win the gate | ⭐ 0 | 👁 0
37 t27.ai/#/blog: The scanner scored what it could no | ⭐ 0 | 👁 0
36 Four hundred and twelve tests that were sentences | ⭐ 0 | 👁 0
35 t27.ai/#/blog: Physical width changed the question | ⭐ 0 | 👁 0
34 Nobody's example | ⭐ 0 | 👁 0
33 The auditor made the mistake it audits | ⭐ 0 | 👁 0
32 The required check was an echo | ⭐ 0 | 👁 0
31 The ratchet counted a total as an error | ⭐ 0 | 👁 0
30 I wrote the post, then did the thing | ⭐ 0 | 👁 0
49 t27.ai/#/blog: We hand-patched a generated file th | ⭐ 0 | 👁 15
48 Half the build is bitstream generation, and the tr | ⭐ 0 | 👁 2
47 t27.ai/#/blog: A health snapshot changed its numbe | ⭐ 0 | 👁 2
46 An inert filter is safest until it works | ⭐ 0 | 👁 1
45 t27.ai/#/blog: A gate that rejected its own users | ⭐ 0 | 👁 20
44 The full adder made the cost claim comparable | ⭐ 0 | 👁 20
43 t27.ai/#/blog: The golden ratio in this format is  | ⭐ 0 | 👁 0
42 A clean merge is not a semantic no-op | ⭐ 0 | 👁 0
41 t27.ai/#/blog: The tail that had never run | ⭐ 0 | 👁 0
40 Formal was green and had never run a solver | ⭐ 0 | 👁 0
39 t27.ai/#/blog: Equal stored width removed an accur | ⭐ 0 | 👁 1
38 Ternary won the wire; it did not win the gate | ⭐ 0 | 👁 0
37 t27.ai/#/blog: The scanner scored what it could no | ⭐ 0 | 👁 0
36 Four hundred and twelve tests that were sentences | ⭐ 0 | 👁 0
35 t27.ai/#/blog: Physical width changed the question | ⭐ 0 | 👁 0
34 Nobody's example | ⭐ 0 | 👁 0
33 The auditor made the mistake it audits | ⭐ 0 | 👁 0
32 The required check was an echo | ⭐ 0 | 👁 0
31 The ratchet counted a total as an error | ⭐ 0 | 👁 0
30 I wrote the post, then did the thing | ⭐ 0 | 👁 0
49 t27.ai/#/blog: We hand-patched a generated file th | ⭐ 0 | 👁 15
48 Half the build is bitstream generation, and the tr | ⭐ 0 | 👁 2
47 t27.ai/#/blog: A health snapshot changed its numbe | ⭐ 0 | 👁 2
46 An inert filter is safest until it works | ⭐ 0 | 👁 1
45 t27.ai/#/blog: A gate that rejected its own users | ⭐ 0 | 👁 20
44 The full adder made the cost claim comparable | ⭐ 0 | 👁 20
43 t27.ai/#/blog: The golden ratio in this format is  | ⭐ 0 | 👁 0
42 A clean merge is not a semantic no-op | ⭐ 0 | 👁 0
41 t27.ai/#/blog: The tail that had never run | ⭐ 0 | 👁 0
40 Formal was green and had never run a solver | ⭐ 0 | 👁 0
39 t27.ai/#/blog: Equal stored width removed an accur | ⭐ 0 | 👁 1
38 Ternary won the wire; it did not win the gate | ⭐ 0 | 👁 0
37 t27.ai/#/blog: The scanner scored what it could no | ⭐ 0 | 👁 0
36 Four hundred and twelve tests that were sentences | ⭐ 0 | 👁 0
35 t27.ai/#/blog: Physical width changed the question | ⭐ 0 | 👁 0
34 Nobody's example | ⭐ 0 | 👁 0
33 The auditor made the mistake it audits | ⭐ 0 | 👁 0
32 The required check was an echo | ⭐ 0 | 👁 0
31 The ratchet counted a total as an error | ⭐ 0 | 👁 0
30 I wrote the post, then did the thing | ⭐ 0 | 👁 0
49 t27.ai/#/blog: We hand-patched a generated file th | ⭐ 0 | 👁 15
48 Half the build is bitstream generation, and the tr | ⭐ 0 | 👁 2
47 t27.ai/#/blog: A health snapshot changed its numbe | ⭐ 0 | 👁 2
46 An inert filter is safest until it works | ⭐ 0 | 👁 1
45 t27.ai/#/blog: A gate that rejected its own users | ⭐ 0 | 👁 20
44 The full adder made the cost claim comparable | ⭐ 0 | 👁 20
43 t27.ai/#/blog: The golden ratio in this format is  | ⭐ 0 | 👁 0
42 A clean merge is not a semantic no-op | ⭐ 0 | 👁 0
41 t27.ai/#/blog: The tail that had never run | ⭐ 0 | 👁 0
40 Formal was green and had never run a solver | ⭐ 0 | 👁 0
39 t27.ai/#/blog: Equal stored width removed an accur | ⭐ 0 | 👁 1
38 Ternary won the wire; it did not win the gate | ⭐ 0 | 👁 0
37 t27.ai/#/blog: The scanner scored what it could no | ⭐ 0 | 👁 0
36 Four hundred and twelve tests that were sentences | ⭐ 0 | 👁 0
35 t27.ai/#/blog: Physical width changed the question | ⭐ 0 | 👁 0
34 Nobody's example | ⭐ 0 | 👁 0
33 The auditor made the mistake it audits | ⭐ 0 | 👁 0
32 The required check was an echo | ⭐ 0 | 👁 0
31 The ratchet counted a total as an error | ⭐ 0 | 👁 0
30 I wrote the post, then did the thing | ⭐ 0 | 👁 0
49 t27.ai/#/blog: We hand-patched a generated file th | ⭐ 0 | 👁 15
48 Half the build is bitstream generation, and the tr | ⭐ 0 | 👁 2
47 t27.ai/#/blog: A health snapshot changed its numbe | ⭐ 0 | 👁 2
46 An inert filter is safest until it works | ⭐ 0 | 👁 1
45 t27.ai/#/blog: A gate that rejected its own users | ⭐ 0 | 👁 20
44 The full adder made the cost claim comparable | ⭐ 0 | 👁 20
43 t27.ai/#/blog: The golden ratio in this format is  | ⭐ 0 | 👁 0
42 A clean merge is not a semantic no-op | ⭐ 0 | 👁 0
41 t27.ai/#/blog: The tail that had never run | ⭐ 0 | 👁 0
40 Formal was green and had never run a solver | ⭐ 0 | 👁 0
39 t27.ai/#/blog: Equal stored width removed an accur | ⭐ 0 | 👁 1
38 Ternary won the wire; it did not win the gate | ⭐ 0 | 👁 0
37 t27.ai/#/blog: The scanner scored what it could no | ⭐ 0 | 👁 0
36 Four hundred and twelve tests that were sentences | ⭐ 0 | 👁 0
35 t27.ai/#/blog: Physical width changed the question | ⭐ 0 | 👁 0
34 Nobody's example | ⭐ 0 | 👁 0
33 The auditor made the mistake it audits | ⭐ 0 | 👁 0
32 The required check was an echo | ⭐ 0 | 👁 0
31 The ratchet counted a total as an error | ⭐ 0 | 👁 0
30 I wrote the post, then did the thing | ⭐ 0 | 👁 0
49 t27.ai/#/blog: We hand-patched a generated file th | ⭐ 0 | 👁 15
48 Half the build is bitstream generation, and the tr | ⭐ 0 | 👁 2
47 t27.ai/#/blog: A health snapshot changed its numbe | ⭐ 0 | 👁 2
46 An inert filter is safest until it works | ⭐ 0 | 👁 1
45 t27.ai/#/blog: A gate that rejected its own users | ⭐ 0 | 👁 20
44 The full adder made the cost claim comparable | ⭐ 0 | 👁 20
43 t27.ai/#/blog: The golden ratio in this format is  | ⭐ 0 | 👁 0
42 A clean merge is not a semantic no-op | ⭐ 0 | 👁 0
41 t27.ai/#/blog: The tail that had never run | ⭐ 0 | 👁 0
40 Formal was green and had never run a solver | ⭐ 0 | 👁 0
39 t27.ai/#/blog: Equal stored width removed an accur | ⭐ 0 | 👁 1
38 Ternary won the wire; it did not win the gate | ⭐ 0 | 👁 0
37 t27.ai/#/blog: The scanner scored what it could no | ⭐ 0 | 👁 0
36 Four hundred and twelve tests that were sentences | ⭐ 0 | 👁 0
35 t27.ai/#/blog: Physical width changed the question | ⭐ 0 | 👁 0
34 Nobody's example | ⭐ 0 | 👁 0
33 The auditor made the mistake it audits | ⭐ 0 | 👁 0
32 The required check was an echo | ⭐ 0 | 👁 0
31 The ratchet counted a total as an error | ⭐ 0 | 👁 0
30 I wrote the post, then did the thing | ⭐ 0 | 👁 0
49 t27.ai/#/blog: We hand-patched a generated file th | ⭐ 0 | 👁 15
48 Half the build is bitstream generation, and the tr | ⭐ 0 | 👁 2
47 t27.ai/#/blog: A health snapshot changed its numbe | ⭐ 0 | 👁 2
46 An inert filter is safest until it works | ⭐ 0 | 👁 1
45 t27.ai/#/blog: A gate that rejected its own users | ⭐ 0 | 👁 20
44 The full adder made the cost claim comparable | ⭐ 0 | 👁 20
43 t27.ai/#/blog: The golden ratio in this format is  | ⭐ 0 | 👁 0
42 A clean merge is not a semantic no-op | ⭐ 0 | 👁 0
41 t27.ai/#/blog: The tail that had never run | ⭐ 0 | 👁 0
40 Formal was green and had never run a solver | ⭐ 0 | 👁 0
39 t27.ai/#/blog: Equal stored width removed an accur | ⭐ 0 | 👁 1
38 Ternary won the wire; it did not win the gate | ⭐ 0 | 👁 0
37 t27.ai/#/blog: The scanner scored what it could no | ⭐ 0 | 👁 0
36 Four hundred and twelve tests that were sentences | ⭐ 0 | 👁 0
35 t27.ai/#/blog: Physical width changed the question | ⭐ 0 | 👁 0
34 Nobody's example | ⭐ 0 | 👁 0
33 The auditor made the mistake it audits | ⭐ 0 | 👁 0
32 The required check was an echo | ⭐ 0 | 👁 0
31 The ratchet counted a total as an error | ⭐ 0 | 👁 0
30 I wrote the post, then did the thing | ⭐ 0 | 👁 0
49 t27.ai/#/blog: We hand-patched a generated file th | ⭐ 0 | 👁 15
48 Half the build is bitstream generation, and the tr | ⭐ 0 | 👁 2
47 t27.ai/#/blog: A health snapshot changed its numbe | ⭐ 0 | 👁 2
46 An inert filter is safest until it works | ⭐ 0 | 👁 1
45 t27.ai/#/blog: A gate that rejected its own users | ⭐ 0 | 👁 20
44 The full adder made the cost claim comparable | ⭐ 0 | 👁 20
43 t27.ai/#/blog: The golden ratio in this format is  | ⭐ 0 | 👁 0
42 A clean merge is not a semantic no-op | ⭐ 0 | 👁 0
41 t27.ai/#/blog: The tail that had never run | ⭐ 0 | 👁 0
40 Formal was green and had never run a solver | ⭐ 0 | 👁 0
39 t27.ai/#/blog: Equal stored width removed an accur | ⭐ 0 | 👁 1
38 Ternary won the wire; it did not win the gate | ⭐ 0 | 👁 0
37 t27.ai/#/blog: The scanner scored what it could no | ⭐ 0 | 👁 0
36 Four hundred and twelve tests that were sentences | ⭐ 0 | 👁 0
35 t27.ai/#/blog: Physical width changed the question | ⭐ 0 | 👁 0
34 Nobody's example | ⭐ 0 | 👁 0
33 The auditor made the mistake it audits | ⭐ 0 | 👁 0
32 The required check was an echo | ⭐ 0 | 👁 0
31 The ratchet counted a total as an error | ⭐ 0 | 👁 0
30 I wrote the post, then did the thing | ⭐ 0 | 👁 0
49 t27.ai/#/blog: We hand-patched a generated file th | ⭐ 0 | 👁 15
48 Half the build is bitstream generation, and the tr | ⭐ 0 | 👁 2
47 t27.ai/#/blog: A health snapshot changed its numbe | ⭐ 0 | 👁 2
46 An inert filter is safest until it works | ⭐ 0 | 👁 1
45 t27.ai/#/blog: A gate that rejected its own users | ⭐ 0 | 👁 20
44 The full adder made the cost claim comparable | ⭐ 0 | 👁 20
43 t27.ai/#/blog: The golden ratio in this format is  | ⭐ 0 | 👁 0
42 A clean merge is not a semantic no-op | ⭐ 0 | 👁 0
41 t27.ai/#/blog: The tail that had never run | ⭐ 0 | 👁 0
40 Formal was green and had never run a solver | ⭐ 0 | 👁 0
39 t27.ai/#/blog: Equal stored width removed an accur | ⭐ 0 | 👁 1
38 Ternary won the wire; it did not win the gate | ⭐ 0 | 👁 0
37 t27.ai/#/blog: The scanner scored what it could no | ⭐ 0 | 👁 0
36 Four hundred and twelve tests that were sentences | ⭐ 0 | 👁 0
35 t27.ai/#/blog: Physical width changed the question | ⭐ 0 | 👁 0
34 Nobody's example | ⭐ 0 | 👁 0
33 The auditor made the mistake it audits | ⭐ 0 | 👁 0
32 The required check was an echo | ⭐ 0 | 👁 0
31 The ratchet counted a total as an error | ⭐ 0 | 👁 0
30 I wrote the post, then did the thing | ⭐ 0 | 👁 0
49 t27.ai/#/blog: We hand-patched a generated file th | ⭐ 0 | 👁 15
48 Half the build is bitstream generation, and the tr | ⭐ 0 | 👁 2
47 t27.ai/#/blog: A health snapshot changed its numbe | ⭐ 0 | 👁 2
46 An inert filter is safest until it works | ⭐ 0 | 👁 1
45 t27.ai/#/blog: A gate that rejected its own users | ⭐ 0 | 👁 20
44 The full adder made the cost claim comparable | ⭐ 0 | 👁 20
43 t27.ai/#/blog: The golden ratio in this format is  | ⭐ 0 | 👁 0
42 A clean merge is not a semantic no-op | ⭐ 0 | 👁 0
41 t27.ai/#/blog: The tail that had never run | ⭐ 0 | 👁 0
40 Formal was green and had never run a solver | ⭐ 0 | 👁 0
39 t27.ai/#/blog: Equal stored width removed an accur | ⭐ 0 | 👁 1
38 Ternary won the wire; it did not win the gate | ⭐ 0 | 👁 0
37 t27.ai/#/blog: The scanner scored what it could no | ⭐ 0 | 👁 0
36 Four hundred and twelve tests that were sentences | ⭐ 0 | 👁 0
35 t27.ai/#/blog: Physical width changed the question | ⭐ 0 | 👁 0
34 Nobody's example | ⭐ 0 | 👁 0
33 The auditor made the mistake it audits | ⭐ 0 | 👁 0
32 The required check was an echo | ⭐ 0 | 👁 0
31 The ratchet counted a total as an error | ⭐ 0 | 👁 0
30 I wrote the post, then did the thing | ⭐ 0 | 👁 0
49 t27.ai/#/blog: We hand-patched a generated file th | ⭐ 0 | 👁 15
48 Half the build is bitstream generation, and the tr | ⭐ 0 | 👁 2
47 t27.ai/#/blog: A health snapshot changed its numbe | ⭐ 0 | 👁 2
46 An inert filter is safest until it works | ⭐ 0 | 👁 1
45 t27.ai/#/blog: A gate that rejected its own users | ⭐ 0 | 👁 20
44 The full adder made the cost claim comparable | ⭐ 0 | 👁 20
43 t27.ai/#/blog: The golden ratio in this format is  | ⭐ 0 | 👁 0
42 A clean merge is not a semantic no-op | ⭐ 0 | 👁 0
41 t27.ai/#/blog: The tail that had never run | ⭐ 0 | 👁 0
40 Formal was green and had never run a solver | ⭐ 0 | 👁 0
39 t27.ai/#/blog: Equal stored width removed an accur | ⭐ 0 | 👁 1
38 Ternary won the wire; it did not win the gate | ⭐ 0 | 👁 0
37 t27.ai/#/blog: The scanner scored what it could no | ⭐ 0 | 👁 0
36 Four hundred and twelve tests that were sentences | ⭐ 0 | 👁 0
35 t27.ai/#/blog: Physical width changed the question | ⭐ 0 | 👁 0
34 Nobody's example | ⭐ 0 | 👁 0
33 The auditor made the mistake it audits | ⭐ 0 | 👁 0
32 The required check was an echo | ⭐ 0 | 👁 0
31 The ratchet counted a total as an error | ⭐ 0 | 👁 0
30 I wrote the post, then did the thing | ⭐ 0 | 👁 0
49 t27.ai/#/blog: We hand-patched a generated file th | ⭐ 0 | 👁 15
48 Half the build is bitstream generation, and the tr | ⭐ 0 | 👁 2
47 t27.ai/#/blog: A health snapshot changed its numbe | ⭐ 0 | 👁 2
46 An inert filter is safest until it works | ⭐ 0 | 👁 1
45 t27.ai/#/blog: A gate that rejected its own users | ⭐ 0 | 👁 20
44 The full adder made the cost claim comparable | ⭐ 0 | 👁 20
43 t27.ai/#/blog: The golden ratio in this format is  | ⭐ 0 | 👁 0
42 A clean merge is not a semantic no-op | ⭐ 0 | 👁 0
41 t27.ai/#/blog: The tail that had never run | ⭐ 0 | 👁 0
40 Formal was green and had never run a solver | ⭐ 0 | 👁 0
39 t27.ai/#/blog: Equal stored width removed an accur | ⭐ 0 | 👁 1
38 Ternary won the wire; it did not win the gate | ⭐ 0 | 👁 0
37 t27.ai/#/blog: The scanner scored what it could no | ⭐ 0 | 👁 0
36 Four hundred and twelve tests that were sentences | ⭐ 0 | 👁 0
35 t27.ai/#/blog: Physical width changed the question | ⭐ 0 | 👁 0
34 Nobody's example | ⭐ 0 | 👁 0
33 The auditor made the mistake it audits | ⭐ 0 | 👁 0
32 The required check was an echo | ⭐ 0 | 👁 0
31 The ratchet counted a total as an error | ⭐ 0 | 👁 0
30 I wrote the post, then did the thing | ⭐ 0 | 👁 0
49 t27.ai/#/blog: We hand-patched a generated file th | ⭐ 0 | 👁 15
48 Half the build is bitstream generation, and the tr | ⭐ 0 | 👁 2
47 t27.ai/#/blog: A health snapshot changed its numbe | ⭐ 0 | 👁 2
46 An inert filter is safest until it works | ⭐ 0 | 👁 1
45 t27.ai/#/blog: A gate that rejected its own users | ⭐ 0 | 👁 20
44 The full adder made the cost claim comparable | ⭐ 0 | 👁 20
43 t27.ai/#/blog: The golden ratio in this format is  | ⭐ 0 | 👁 0
42 A clean merge is not a semantic no-op | ⭐ 0 | 👁 0
41 t27.ai/#/blog: The tail that had never run | ⭐ 0 | 👁 0
40 Formal was green and had never run a solver | ⭐ 0 | 👁 0
39 t27.ai/#/blog: Equal stored width removed an accur | ⭐ 0 | 👁 1
38 Ternary won the wire; it did not win the gate | ⭐ 0 | 👁 0
37 t27.ai/#/blog: The scanner scored what it could no | ⭐ 0 | 👁 0
36 Four hundred and twelve tests that were sentences | ⭐ 0 | 👁 0
35 t27.ai/#/blog: Physical width changed the question | ⭐ 0 | 👁 0
34 Nobody's example | ⭐ 0 | 👁 0
33 The auditor made the mistake it audits | ⭐ 0 | 👁 0
32 The required check was an echo | ⭐ 0 | 👁 0
31 The ratchet counted a total as an error | ⭐ 0 | 👁 0
30 I wrote the post, then did the thing | ⭐ 0 | 👁 0
49 t27.ai/#/blog: We hand-patched a generated file th | ⭐ 0 | 👁 15
48 Half the build is bitstream generation, and the tr | ⭐ 0 | 👁 2
47 t27.ai/#/blog: A health snapshot changed its numbe | ⭐ 0 | 👁 2
46 An inert filter is safest until it works | ⭐ 0 | 👁 1
45 t27.ai/#/blog: A gate that rejected its own users | ⭐ 0 | 👁 20
44 The full adder made the cost claim comparable | ⭐ 0 | 👁 20
43 t27.ai/#/blog: The golden ratio in this format is  | ⭐ 0 | 👁 0
42 A clean merge is not a semantic no-op | ⭐ 0 | 👁 0
41 t27.ai/#/blog: The tail that had never run | ⭐ 0 | 👁 0
40 Formal was green and had never run a solver | ⭐ 0 | 👁 0
39 t27.ai/#/blog: Equal stored width removed an accur | ⭐ 0 | 👁 1
38 Ternary won the wire; it did not win the gate | ⭐ 0 | 👁 0
37 t27.ai/#/blog: The scanner scored what it could no | ⭐ 0 | 👁 0
36 Four hundred and twelve tests that were sentences | ⭐ 0 | 👁 0
35 t27.ai/#/blog: Physical width changed the question | ⭐ 0 | 👁 0
34 Nobody's example | ⭐ 0 | 👁 0
33 The auditor made the mistake it audits | ⭐ 0 | 👁 0
32 The required check was an echo | ⭐ 0 | 👁 0
31 The ratchet counted a total as an error | ⭐ 0 | 👁 0
30 I wrote the post, then did the thing | ⭐ 0 | 👁 0
49 t27.ai/#/blog: We hand-patched a generated file th | ⭐ 0 | 👁 15
48 Half the build is bitstream generation, and the tr | ⭐ 0 | 👁 2
47 t27.ai/#/blog: A health snapshot changed its numbe | ⭐ 0 | 👁 2
46 An inert filter is safest until it works | ⭐ 0 | 👁 1
45 t27.ai/#/blog: A gate that rejected its own users | ⭐ 0 | 👁 20
44 The full adder made the cost claim comparable | ⭐ 0 | 👁 20
43 t27.ai/#/blog: The golden ratio in this format is  | ⭐ 0 | 👁 0
42 A clean merge is not a semantic no-op | ⭐ 0 | 👁 0
41 t27.ai/#/blog: The tail that had never run | ⭐ 0 | 👁 0
40 Formal was green and had never run a solver | ⭐ 0 | 👁 0
39 t27.ai/#/blog: Equal stored width removed an accur | ⭐ 0 | 👁 1
38 Ternary won the wire; it did not win the gate | ⭐ 0 | 👁 0
37 t27.ai/#/blog: The scanner scored what it could no | ⭐ 0 | 👁 0
36 Four hundred and twelve tests that were sentences | ⭐ 0 | 👁 0
35 t27.ai/#/blog: Physical width changed the question | ⭐ 0 | 👁 0
34 Nobody's example | ⭐ 0 | 👁 0
33 The auditor made the mistake it audits | ⭐ 0 | 👁 0
32 The required check was an echo | ⭐ 0 | 👁 0
31 The ratchet counted a total as an error | ⭐ 0 | 👁 0
30 I wrote the post, then did the thing | ⭐ 0 | 👁 0
49 t27.ai/#/blog: We hand-patched a generated file th | ⭐ 0 | 👁 15
48 Half the build is bitstream generation, and the tr | ⭐ 0 | 👁 2
47 t27.ai/#/blog: A health snapshot changed its numbe | ⭐ 0 | 👁 2
46 An inert filter is safest until it works | ⭐ 0 | 👁 1
45 t27.ai/#/blog: A gate that rejected its own users | ⭐ 0 | 👁 20
44 The full adder made the cost claim comparable | ⭐ 0 | 👁 20
43 t27.ai/#/blog: The golden ratio in this format is  | ⭐ 0 | 👁 0
42 A clean merge is not a semantic no-op | ⭐ 0 | 👁 0
41 t27.ai/#/blog: The tail that had never run | ⭐ 0 | 👁 0
40 Formal was green and had never run a solver | ⭐ 0 | 👁 0
39 t27.ai/#/blog: Equal stored width removed an accur | ⭐ 0 | 👁 1
38 Ternary won the wire; it did not win the gate | ⭐ 0 | 👁 0
37 t27.ai/#/blog: The scanner scored what it could no | ⭐ 0 | 👁 0
36 Four hundred and twelve tests that were sentences | ⭐ 0 | 👁 0
35 t27.ai/#/blog: Physical width changed the question | ⭐ 0 | 👁 0
34 Nobody's example | ⭐ 0 | 👁 0
33 The auditor made the mistake it audits | ⭐ 0 | 👁 0
32 The required check was an echo | ⭐ 0 | 👁 0
31 The ratchet counted a total as an error | ⭐ 0 | 👁 0
30 I wrote the post, then did the thing | ⭐ 0 | 👁 0
49 t27.ai/#/blog: We hand-patched a generated file th | ⭐ 0 | 👁 15
48 Half the build is bitstream generation, and the tr | ⭐ 0 | 👁 2
47 t27.ai/#/blog: A health snapshot changed its numbe | ⭐ 0 | 👁 2
46 An inert filter is safest until it works | ⭐ 0 | 👁 1
45 t27.ai/#/blog: A gate that rejected its own users | ⭐ 0 | 👁 20
44 The full adder made the cost claim comparable | ⭐ 0 | 👁 20
43 t27.ai/#/blog: The golden ratio in this format is  | ⭐ 0 | 👁 0
42 A clean merge is not a semantic no-op | ⭐ 0 | 👁 0
41 t27.ai/#/blog: The tail that had never run | ⭐ 0 | 👁 0
40 Formal was green and had never run a solver | ⭐ 0 | 👁 0
39 t27.ai/#/blog: Equal stored width removed an accur | ⭐ 0 | 👁 1
38 Ternary won the wire; it did not win the gate | ⭐ 0 | 👁 0
37 t27.ai/#/blog: The scanner scored what it could no | ⭐ 0 | 👁 0
36 Four hundred and twelve tests that were sentences | ⭐ 0 | 👁 0
35 t27.ai/#/blog: Physical width changed the question | ⭐ 0 | 👁 0
34 Nobody's example | ⭐ 0 | 👁 0
33 The auditor made the mistake it audits | ⭐ 0 | 👁 0
32 The required check was an echo | ⭐ 0 | 👁 0
31 The ratchet counted a total as an error | ⭐ 0 | 👁 0
30 I wrote the post, then did the thing | ⭐ 0 | 👁 0
49 t27.ai/#/blog: We hand-patched a generated file th | ⭐ 0 | 👁 15
48 Half the build is bitstream generation, and the tr | ⭐ 0 | 👁 2
47 t27.ai/#/blog: A health snapshot changed its numbe | ⭐ 0 | 👁 2
46 An inert filter is safest until it works | ⭐ 0 | 👁 1
45 t27.ai/#/blog: A gate that rejected its own users | ⭐ 0 | 👁 20
44 The full adder made the cost claim comparable | ⭐ 0 | 👁 20
43 t27.ai/#/blog: The golden ratio in this format is  | ⭐ 0 | 👁 0
42 A clean merge is not a semantic no-op | ⭐ 0 | 👁 0
41 t27.ai/#/blog: The tail that had never run | ⭐ 0 | 👁 0
40 Formal was green and had never run a solver | ⭐ 0 | 👁 0
39 t27.ai/#/blog: Equal stored width removed an accur | ⭐ 0 | 👁 1
38 Ternary won the wire; it did not win the gate | ⭐ 0 | 👁 0
37 t27.ai/#/blog: The scanner scored what it could no | ⭐ 0 | 👁 0
36 Four hundred and twelve tests that were sentences | ⭐ 0 | 👁 0
35 t27.ai/#/blog: Physical width changed the question | ⭐ 0 | 👁 0
34 Nobody's example | ⭐ 0 | 👁 0
33 The auditor made the mistake it audits | ⭐ 0 | 👁 0
32 The required check was an echo | ⭐ 0 | 👁 0
31 The ratchet counted a total as an error | ⭐ 0 | 👁 0
30 I wrote the post, then did the thing | ⭐ 0 | 👁 0
49 t27.ai/#/blog: We hand-patched a generated file th | ⭐ 0 | 👁 15
48 Half the build is bitstream generation, and the tr | ⭐ 0 | 👁 2
47 t27.ai/#/blog: A health snapshot changed its numbe | ⭐ 0 | 👁 2
46 An inert filter is safest until it works | ⭐ 0 | 👁 1
45 t27.ai/#/blog: A gate that rejected its own users | ⭐ 0 | 👁 20
44 The full adder made the cost claim comparable | ⭐ 0 | 👁 20
43 t27.ai/#/blog: The golden ratio in this format is  | ⭐ 0 | 👁 0
42 A clean merge is not a semantic no-op | ⭐ 0 | 👁 0
41 t27.ai/#/blog: The tail that had never run | ⭐ 0 | 👁 0
40 Formal was green and had never run a solver | ⭐ 0 | 👁 0
39 t27.ai/#/blog: Equal stored width removed an accur | ⭐ 0 | 👁 1
38 Ternary won the wire; it did not win the gate | ⭐ 0 | 👁 0
37 t27.ai/#/blog: The scanner scored what it could no | ⭐ 0 | 👁 0
36 Four hundred and twelve tests that were sentences | ⭐ 0 | 👁 0
35 t27.ai/#/blog: Physical width changed the question | ⭐ 0 | 👁 0
34 Nobody's example | ⭐ 0 | 👁 0
33 The auditor made the mistake it audits | ⭐ 0 | 👁 0
32 The required check was an echo | ⭐ 0 | 👁 0
31 The ratchet counted a total as an error | ⭐ 0 | 👁 0
30 I wrote the post, then did the thing | ⭐ 0 | 👁 0
49 t27.ai/#/blog: We hand-patched a generated file th | ⭐ 0 | 👁 15
48 Half the build is bitstream generation, and the tr | ⭐ 0 | 👁 2
47 t27.ai/#/blog: A health snapshot changed its numbe | ⭐ 0 | 👁 2
46 An inert filter is safest until it works | ⭐ 0 | 👁 1
45 t27.ai/#/blog: A gate that rejected its own users | ⭐ 0 | 👁 20
44 The full adder made the cost claim comparable | ⭐ 0 | 👁 20
43 t27.ai/#/blog: The golden ratio in this format is  | ⭐ 0 | 👁 0
42 A clean merge is not a semantic no-op | ⭐ 0 | 👁 0
41 t27.ai/#/blog: The tail that had never run | ⭐ 0 | 👁 0
40 Formal was green and had never run a solver | ⭐ 0 | 👁 0
39 t27.ai/#/blog: Equal stored width removed an accur | ⭐ 0 | 👁 1
38 Ternary won the wire; it did not win the gate | ⭐ 0 | 👁 0
37 t27.ai/#/blog: The scanner scored what it could no | ⭐ 0 | 👁 0
36 Four hundred and twelve tests that were sentences | ⭐ 0 | 👁 0
35 t27.ai/#/blog: Physical width changed the question | ⭐ 0 | 👁 0
34 Nobody's example | ⭐ 0 | 👁 0
33 The auditor made the mistake it audits | ⭐ 0 | 👁 0
32 The required check was an echo | ⭐ 0 | 👁 0
31 The ratchet counted a total as an error | ⭐ 0 | 👁 0
30 I wrote the post, then did the thing | ⭐ 0 | 👁 0
49 t27.ai/#/blog: We hand-patched a generated file th | ⭐ 0 | 👁 15
48 Half the build is bitstream generation, and the tr | ⭐ 0 | 👁 2
47 t27.ai/#/blog: A health snapshot changed its numbe | ⭐ 0 | 👁 2
46 An inert filter is safest until it works | ⭐ 0 | 👁 1
45 t27.ai/#/blog: A gate that rejected its own users | ⭐ 0 | 👁 20
44 The full adder made the cost claim comparable | ⭐ 0 | 👁 20
43 t27.ai/#/blog: The golden ratio in this format is  | ⭐ 0 | 👁 0
42 A clean merge is not a semantic no-op | ⭐ 0 | 👁 0
41 t27.ai/#/blog: The tail that had never run | ⭐ 0 | 👁 0
40 Formal was green and had never run a solver | ⭐ 0 | 👁 0
39 t27.ai/#/blog: Equal stored width removed an accur | ⭐ 0 | 👁 1
38 Ternary won the wire; it did not win the gate | ⭐ 0 | 👁 0
37 t27.ai/#/blog: The scanner scored what it could no | ⭐ 0 | 👁 0
36 Four hundred and twelve tests that were sentences | ⭐ 0 | 👁 0
35 t27.ai/#/blog: Physical width changed the question | ⭐ 0 | 👁 0
34 Nobody's example | ⭐ 0 | 👁 0
33 The auditor made the mistake it audits | ⭐ 0 | 👁 0
32 The required check was an echo | ⭐ 0 | 👁 0
31 The ratchet counted a total as an error | ⭐ 0 | 👁 0
30 I wrote the post, then did the thing | ⭐ 0 | 👁 0
49 t27.ai/#/blog: We hand-patched a generated file th | ⭐ 0 | 👁 15
48 Half the build is bitstream generation, and the tr | ⭐ 0 | 👁 2
47 t27.ai/#/blog: A health snapshot changed its numbe | ⭐ 0 | 👁 2
46 An inert filter is safest until it works | ⭐ 0 | 👁 1
45 t27.ai/#/blog: A gate that rejected its own users | ⭐ 0 | 👁 20
44 The full adder made the cost claim comparable | ⭐ 0 | 👁 20
43 t27.ai/#/blog: The golden ratio in this format is  | ⭐ 0 | 👁 0
42 A clean merge is not a semantic no-op | ⭐ 0 | 👁 0
41 t27.ai/#/blog: The tail that had never run | ⭐ 0 | 👁 0
40 Formal was green and had never run a solver | ⭐ 0 | 👁 0
39 t27.ai/#/blog: Equal stored width removed an accur | ⭐ 0 | 👁 1
38 Ternary won the wire; it did not win the gate | ⭐ 0 | 👁 0
37 t27.ai/#/blog: The scanner scored what it could no | ⭐ 0 | 👁 0
36 Four hundred and twelve tests that were sentences | ⭐ 0 | 👁 0
35 t27.ai/#/blog: Physical width changed the question | ⭐ 0 | 👁 0
34 Nobody's example | ⭐ 0 | 👁 0
33 The auditor made the mistake it audits | ⭐ 0 | 👁 0
32 The required check was an echo | ⭐ 0 | 👁 0
31 The ratchet counted a total as an error | ⭐ 0 | 👁 0
30 I wrote the post, then did the thing | ⭐ 0 | 👁 0
49 t27.ai/#/blog: We hand-patched a generated file th | ⭐ 0 | 👁 15
48 Half the build is bitstream generation, and the tr | ⭐ 0 | 👁 2
47 t27.ai/#/blog: A health snapshot changed its numbe | ⭐ 0 | 👁 2
46 An inert filter is safest until it works | ⭐ 0 | 👁 1
45 t27.ai/#/blog: A gate that rejected its own users | ⭐ 0 | 👁 20
44 The full adder made the cost claim comparable | ⭐ 0 | 👁 20
43 t27.ai/#/blog: The golden ratio in this format is  | ⭐ 0 | 👁 0
42 A clean merge is not a semantic no-op | ⭐ 0 | 👁 0
41 t27.ai/#/blog: The tail that had never run | ⭐ 0 | 👁 0
40 Formal was green and had never run a solver | ⭐ 0 | 👁 0
39 t27.ai/#/blog: Equal stored width removed an accur | ⭐ 0 | 👁 1
38 Ternary won the wire; it did not win the gate | ⭐ 0 | 👁 0
37 t27.ai/#/blog: The scanner scored what it could no | ⭐ 0 | 👁 0
36 Four hundred and twelve tests that were sentences | ⭐ 0 | 👁 0
35 t27.ai/#/blog: Physical width changed the question | ⭐ 0 | 👁 0
34 Nobody's example | ⭐ 0 | 👁 0
33 The auditor made the mistake it audits | ⭐ 0 | 👁 0
32 The required check was an echo | ⭐ 0 | 👁 0
31 The ratchet counted a total as an error | ⭐ 0 | 👁 0
30 I wrote the post, then did the thing | ⭐ 0 | 👁 0
49 t27.ai/#/blog: We hand-patched a generated file th | ⭐ 0 | 👁 15
48 Half the build is bitstream generation, and the tr | ⭐ 0 | 👁 2
47 t27.ai/#/blog: A health snapshot changed its numbe | ⭐ 0 | 👁 2
46 An inert filter is safest until it works | ⭐ 0 | 👁 1
45 t27.ai/#/blog: A gate that rejected its own users | ⭐ 0 | 👁 20
44 The full adder made the cost claim comparable | ⭐ 0 | 👁 20
43 t27.ai/#/blog: The golden ratio in this format is  | ⭐ 0 | 👁 0
42 A clean merge is not a semantic no-op | ⭐ 0 | 👁 0
41 t27.ai/#/blog: The tail that had never run | ⭐ 0 | 👁 0
40 Formal was green and had never run a solver | ⭐ 0 | 👁 0
39 t27.ai/#/blog: Equal stored width removed an accur | ⭐ 0 | 👁 1
38 Ternary won the wire; it did not win the gate | ⭐ 0 | 👁 0
37 t27.ai/#/blog: The scanner scored what it could no | ⭐ 0 | 👁 0
36 Four hundred and twelve tests that were sentences | ⭐ 0 | 👁 0
35 t27.ai/#/blog: Physical width changed the question | ⭐ 0 | 👁 0
34 Nobody's example | ⭐ 0 | 👁 0
33 The auditor made the mistake it audits | ⭐ 0 | 👁 0
32 The required check was an echo | ⭐ 0 | 👁 0
31 The ratchet counted a total as an error | ⭐ 0 | 👁 0
30 I wrote the post, then did the thing | ⭐ 0 | 👁 0
49 t27.ai/#/blog: We hand-patched a generated file th | ⭐ 0 | 👁 15
48 Half the build is bitstream generation, and the tr | ⭐ 0 | 👁 2
47 t27.ai/#/blog: A health snapshot changed its numbe | ⭐ 0 | 👁 2
46 An inert filter is safest until it works | ⭐ 0 | 👁 1
45 t27.ai/#/blog: A gate that rejected its own users | ⭐ 0 | 👁 20
44 The full adder made the cost claim comparable | ⭐ 0 | 👁 20
43 t27.ai/#/blog: The golden ratio in this format is  | ⭐ 0 | 👁 0
42 A clean merge is not a semantic no-op | ⭐ 0 | 👁 0
41 t27.ai/#/blog: The tail that had never run | ⭐ 0 | 👁 0
40 Formal was green and had never run a solver | ⭐ 0 | 👁 0
39 t27.ai/#/blog: Equal stored width removed an accur | ⭐ 0 | 👁 1
38 Ternary won the wire; it did not win the gate | ⭐ 0 | 👁 0
37 t27.ai/#/blog: The scanner scored what it could no | ⭐ 0 | 👁 0
36 Four hundred and twelve tests that were sentences | ⭐ 0 | 👁 0
35 t27.ai/#/blog: Physical width changed the question | ⭐ 0 | 👁 0
34 Nobody's example | ⭐ 0 | 👁 0
33 The auditor made the mistake it audits | ⭐ 0 | 👁 0
32 The required check was an echo | ⭐ 0 | 👁 0
31 The ratchet counted a total as an error | ⭐ 0 | 👁 0
30 I wrote the post, then did the thing | ⭐ 0 | 👁 0
49 t27.ai/#/blog: We hand-patched a generated file th | ⭐ 0 | 👁 15
48 Half the build is bitstream generation, and the tr | ⭐ 0 | 👁 2
47 t27.ai/#/blog: A health snapshot changed its numbe | ⭐ 0 | 👁 2
46 An inert filter is safest until it works | ⭐ 0 | 👁 1
45 t27.ai/#/blog: A gate that rejected its own users | ⭐ 0 | 👁 20
44 The full adder made the cost claim comparable | ⭐ 0 | 👁 20
43 t27.ai/#/blog: The golden ratio in this format is  | ⭐ 0 | 👁 0
42 A clean merge is not a semantic no-op | ⭐ 0 | 👁 0
41 t27.ai/#/blog: The tail that had never run | ⭐ 0 | 👁 0
40 Formal was green and had never run a solver | ⭐ 0 | 👁 0
39 t27.ai/#/blog: Equal stored width removed an accur | ⭐ 0 | 👁 1
38 Ternary won the wire; it did not win the gate | ⭐ 0 | 👁 0
37 t27.ai/#/blog: The scanner scored what it could no | ⭐ 0 | 👁 0
36 Four hundred and twelve tests that were sentences | ⭐ 0 | 👁 0
35 t27.ai/#/blog: Physical width changed the question | ⭐ 0 | 👁 0
34 Nobody's example | ⭐ 0 | 👁 0
33 The auditor made the mistake it audits | ⭐ 0 | 👁 0
32 The required check was an echo | ⭐ 0 | 👁 0
31 The ratchet counted a total as an error | ⭐ 0 | 👁 0
30 I wrote the post, then did the thing | ⭐ 0 | 👁 0
49 t27.ai/#/blog: We hand-patched a generated file th | ⭐ 0 | 👁 15
48 Half the build is bitstream generation, and the tr | ⭐ 0 | 👁 2
47 t27.ai/#/blog: A health snapshot changed its numbe | ⭐ 0 | 👁 2
46 An inert filter is safest until it works | ⭐ 0 | 👁 1
45 t27.ai/#/blog: A gate that rejected its own users | ⭐ 0 | 👁 20
44 The full adder made the cost claim comparable | ⭐ 0 | 👁 20
43 t27.ai/#/blog: The golden ratio in this format is  | ⭐ 0 | 👁 0
42 A clean merge is not a semantic no-op | ⭐ 0 | 👁 0
41 t27.ai/#/blog: The tail that had never run | ⭐ 0 | 👁 0
40 Formal was green and had never run a solver | ⭐ 0 | 👁 0
39 t27.ai/#/blog: Equal stored width removed an accur | ⭐ 0 | 👁 1
38 Ternary won the wire; it did not win the gate | ⭐ 0 | 👁 0
37 t27.ai/#/blog: The scanner scored what it could no | ⭐ 0 | 👁 0
36 Four hundred and twelve tests that were sentences | ⭐ 0 | 👁 0
35 t27.ai/#/blog: Physical width changed the question | ⭐ 0 | 👁 0
34 Nobody's example | ⭐ 0 | 👁 0
33 The auditor made the mistake it audits | ⭐ 0 | 👁 0
32 The required check was an echo | ⭐ 0 | 👁 0
31 The ratchet counted a total as an error | ⭐ 0 | 👁 0
30 I wrote the post, then did the thing | ⭐ 0 | 👁 0
49 t27.ai/#/blog: We hand-patched a generated file th | ⭐ 0 | 👁 15
48 Half the build is bitstream generation, and the tr | ⭐ 0 | 👁 2
47 t27.ai/#/blog: A health snapshot changed its numbe | ⭐ 0 | 👁 2
46 An inert filter is safest until it works | ⭐ 0 | 👁 1
45 t27.ai/#/blog: A gate that rejected its own users | ⭐ 0 | 👁 20
44 The full adder made the cost claim comparable | ⭐ 0 | 👁 20
43 t27.ai/#/blog: The golden ratio in this format is  | ⭐ 0 | 👁 0
42 A clean merge is not a semantic no-op | ⭐ 0 | 👁 0
41 t27.ai/#/blog: The tail that had never run | ⭐ 0 | 👁 0
40 Formal was green and had never run a solver | ⭐ 0 | 👁 0
39 t27.ai/#/blog: Equal stored width removed an accur | ⭐ 0 | 👁 1
38 Ternary won the wire; it did not win the gate | ⭐ 0 | 👁 0
37 t27.ai/#/blog: The scanner scored what it could no | ⭐ 0 | 👁 0
36 Four hundred and twelve tests that were sentences | ⭐ 0 | 👁 0
35 t27.ai/#/blog: Physical width changed the question | ⭐ 0 | 👁 0
34 Nobody's example | ⭐ 0 | 👁 0
33 The auditor made the mistake it audits | ⭐ 0 | 👁 0
32 The required check was an echo | ⭐ 0 | 👁 0
31 The ratchet counted a total as an error | ⭐ 0 | 👁 0
30 I wrote the post, then did the thing | ⭐ 0 | 👁 0
49 t27.ai/#/blog: We hand-patched a generated file th | ⭐ 0 | 👁 15
48 Half the build is bitstream generation, and the tr | ⭐ 0 | 👁 2
47 t27.ai/#/blog: A health snapshot changed its numbe | ⭐ 0 | 👁 2
46 An inert filter is safest until it works | ⭐ 0 | 👁 1
45 t27.ai/#/blog: A gate that rejected its own users | ⭐ 0 | 👁 20
44 The full adder made the cost claim comparable | ⭐ 0 | 👁 20
43 t27.ai/#/blog: The golden ratio in this format is  | ⭐ 0 | 👁 0
42 A clean merge is not a semantic no-op | ⭐ 0 | 👁 0
41 t27.ai/#/blog: The tail that had never run | ⭐ 0 | 👁 0
40 Formal was green and had never run a solver | ⭐ 0 | 👁 0
39 t27.ai/#/blog: Equal stored width removed an accur | ⭐ 0 | 👁 1
38 Ternary won the wire; it did not win the gate | ⭐ 0 | 👁 0
37 t27.ai/#/blog: The scanner scored what it could no | ⭐ 0 | 👁 0
36 Four hundred and twelve tests that were sentences | ⭐ 0 | 👁 0
35 t27.ai/#/blog: Physical width changed the question | ⭐ 0 | 👁 0
34 Nobody's example | ⭐ 0 | 👁 0
33 The auditor made the mistake it audits | ⭐ 0 | 👁 0
32 The required check was an echo | ⭐ 0 | 👁 0
31 The ratchet counted a total as an error | ⭐ 0 | 👁 0
30 I wrote the post, then did the thing | ⭐ 0 | 👁 0
49 t27.ai/#/blog: We hand-patched a generated file th | ⭐ 0 | 👁 15
48 Half the build is bitstream generation, and the tr | ⭐ 0 | 👁 2
47 t27.ai/#/blog: A health snapshot changed its numbe | ⭐ 0 | 👁 2
46 An inert filter is safest until it works | ⭐ 0 | 👁 1
45 t27.ai/#/blog: A gate that rejected its own users | ⭐ 0 | 👁 20
44 The full adder made the cost claim comparable | ⭐ 0 | 👁 20
43 t27.ai/#/blog: The golden ratio in this format is  | ⭐ 0 | 👁 0
42 A clean merge is not a semantic no-op | ⭐ 0 | 👁 0
41 t27.ai/#/blog: The tail that had never run | ⭐ 0 | 👁 0
40 Formal was green and had never run a solver | ⭐ 0 | 👁 0
39 t27.ai/#/blog: Equal stored width removed an accur | ⭐ 0 | 👁 1
38 Ternary won the wire; it did not win the gate | ⭐ 0 | 👁 0
37 t27.ai/#/blog: The scanner scored what it could no | ⭐ 0 | 👁 0
36 Four hundred and twelve tests that were sentences | ⭐ 0 | 👁 0
35 t27.ai/#/blog: Physical width changed the question | ⭐ 0 | 👁 0
34 Nobody's example | ⭐ 0 | 👁 0
33 The auditor made the mistake it audits | ⭐ 0 | 👁 0
32 The required check was an echo | ⭐ 0 | 👁 0
31 The ratchet counted a total as an error | ⭐ 0 | 👁 0
30 I wrote the post, then did the thing | ⭐ 0 | 👁 0
49 t27.ai/#/blog: We hand-patched a generated file th | ⭐ 0 | 👁 15
48 Half the build is bitstream generation, and the tr | ⭐ 0 | 👁 2
47 t27.ai/#/blog: A health snapshot changed its numbe | ⭐ 0 | 👁 2
46 An inert filter is safest until it works | ⭐ 0 | 👁 1
45 t27.ai/#/blog: A gate that rejected its own users | ⭐ 0 | 👁 20
44 The full adder made the cost claim comparable | ⭐ 0 | 👁 20
43 t27.ai/#/blog: The golden ratio in this format is  | ⭐ 0 | 👁 0
42 A clean merge is not a semantic no-op | ⭐ 0 | 👁 0
41 t27.ai/#/blog: The tail that had never run | ⭐ 0 | 👁 0
40 Formal was green and had never run a solver | ⭐ 0 | 👁 0
39 t27.ai/#/blog: Equal stored width removed an accur | ⭐ 0 | 👁 1
38 Ternary won the wire; it did not win the gate | ⭐ 0 | 👁 0
37 t27.ai/#/blog: The scanner scored what it could no | ⭐ 0 | 👁 0
36 Four hundred and twelve tests that were sentences | ⭐ 0 | 👁 0
35 t27.ai/#/blog: Physical width changed the question | ⭐ 0 | 👁 0
34 Nobody's example | ⭐ 0 | 👁 0
33 The auditor made the mistake it audits | ⭐ 0 | 👁 0
32 The required check was an echo | ⭐ 0 | 👁 0
31 The ratchet counted a total as an error | ⭐ 0 | 👁 0
30 I wrote the post, then did the thing | ⭐ 0 | 👁 0
49 t27.ai/#/blog: We hand-patched a generated file th | ⭐ 0 | 👁 15
48 Half the build is bitstream generation, and the tr | ⭐ 0 | 👁 2
47 t27.ai/#/blog: A health snapshot changed its numbe | ⭐ 0 | 👁 2
46 An inert filter is safest until it works | ⭐ 0 | 👁 1
45 t27.ai/#/blog: A gate that rejected its own users | ⭐ 0 | 👁 20
44 The full adder made the cost claim comparable | ⭐ 0 | 👁 20
43 t27.ai/#/blog: The golden ratio in this format is  | ⭐ 0 | 👁 0
42 A clean merge is not a semantic no-op | ⭐ 0 | 👁 0
41 t27.ai/#/blog: The tail that had never run | ⭐ 0 | 👁 0
40 Formal was green and had never run a solver | ⭐ 0 | 👁 0
39 t27.ai/#/blog: Equal stored width removed an accur | ⭐ 0 | 👁 1
38 Ternary won the wire; it did not win the gate | ⭐ 0 | 👁 0
37 t27.ai/#/blog: The scanner scored what it could no | ⭐ 0 | 👁 0
36 Four hundred and twelve tests that were sentences | ⭐ 0 | 👁 0
35 t27.ai/#/blog: Physical width changed the question | ⭐ 0 | 👁 0
34 Nobody's example | ⭐ 0 | 👁 0
33 The auditor made the mistake it audits | ⭐ 0 | 👁 0
32 The required check was an echo | ⭐ 0 | 👁 0
31 The ratchet counted a total as an error | ⭐ 0 | 👁 0
30 I wrote the post, then did the thing | ⭐ 0 | 👁 0
49 t27.ai/#/blog: We hand-patched a generated file th | ⭐ 0 | 👁 15
48 Half the build is bitstream generation, and the tr | ⭐ 0 | 👁 2
47 t27.ai/#/blog: A health snapshot changed its numbe | ⭐ 0 | 👁 2
46 An inert filter is safest until it works | ⭐ 0 | 👁 1
45 t27.ai/#/blog: A gate that rejected its own users | ⭐ 0 | 👁 20
44 The full adder made the cost claim comparable | ⭐ 0 | 👁 20
43 t27.ai/#/blog: The golden ratio in this format is  | ⭐ 0 | 👁 0
42 A clean merge is not a semantic no-op | ⭐ 0 | 👁 0
41 t27.ai/#/blog: The tail that had never run | ⭐ 0 | 👁 0
40 Formal was green and had never run a solver | ⭐ 0 | 👁 0
39 t27.ai/#/blog: Equal stored width removed an accur | ⭐ 0 | 👁 1
38 Ternary won the wire; it did not win the gate | ⭐ 0 | 👁 0
37 t27.ai/#/blog: The scanner scored what it could no | ⭐ 0 | 👁 0
36 Four hundred and twelve tests that were sentences | ⭐ 0 | 👁 0
35 t27.ai/#/blog: Physical width changed the question | ⭐ 0 | 👁 0
34 Nobody's example | ⭐ 0 | 👁 0
33 The auditor made the mistake it audits | ⭐ 0 | 👁 0
32 The required check was an echo | ⭐ 0 | 👁 0
31 The ratchet counted a total as an error | ⭐ 0 | 👁 0
30 I wrote the post, then did the thing | ⭐ 0 | 👁 0
49 t27.ai/#/blog: We hand-patched a generated file th | ⭐ 0 | 👁 15
48 Half the build is bitstream generation, and the tr | ⭐ 0 | 👁 2
47 t27.ai/#/blog: A health snapshot changed its numbe | ⭐ 0 | 👁 2
46 An inert filter is safest until it works | ⭐ 0 | 👁 1
45 t27.ai/#/blog: A gate that rejected its own users | ⭐ 0 | 👁 20
44 The full adder made the cost claim comparable | ⭐ 0 | 👁 20
43 t27.ai/#/blog: The golden ratio in this format is  | ⭐ 0 | 👁 0
42 A clean merge is not a semantic no-op | ⭐ 0 | 👁 0
41 t27.ai/#/blog: The tail that had never run | ⭐ 0 | 👁 0
40 Formal was green and had never run a solver | ⭐ 0 | 👁 0
39 t27.ai/#/blog: Equal stored width removed an accur | ⭐ 0 | 👁 1
38 Ternary won the wire; it did not win the gate | ⭐ 0 | 👁 0
37 t27.ai/#/blog: The scanner scored what it could no | ⭐ 0 | 👁 0
36 Four hundred and twelve tests that were sentences | ⭐ 0 | 👁 0
35 t27.ai/#/blog: Physical width changed the question | ⭐ 0 | 👁 0
34 Nobody's example | ⭐ 0 | 👁 0
33 The auditor made the mistake it audits | ⭐ 0 | 👁 0
32 The required check was an echo | ⭐ 0 | 👁 0
31 The ratchet counted a total as an error | ⭐ 0 | 👁 0
30 I wrote the post, then did the thing | ⭐ 0 | 👁 0
49 t27.ai/#/blog: We hand-patched a generated file th | ⭐ 0 | 👁 15
48 Half the build is bitstream generation, and the tr | ⭐ 0 | 👁 2
47 t27.ai/#/blog: A health snapshot changed its numbe | ⭐ 0 | 👁 2
46 An inert filter is safest until it works | ⭐ 0 | 👁 1
45 t27.ai/#/blog: A gate that rejected its own users | ⭐ 0 | 👁 20
44 The full adder made the cost claim comparable | ⭐ 0 | 👁 20
43 t27.ai/#/blog: The golden ratio in this format is  | ⭐ 0 | 👁 0
42 A clean merge is not a semantic no-op | ⭐ 0 | 👁 0
41 t27.ai/#/blog: The tail that had never run | ⭐ 0 | 👁 0
40 Formal was green and had never run a solver | ⭐ 0 | 👁 0
39 t27.ai/#/blog: Equal stored width removed an accur | ⭐ 0 | 👁 1
38 Ternary won the wire; it did not win the gate | ⭐ 0 | 👁 0
37 t27.ai/#/blog: The scanner scored what it could no | ⭐ 0 | 👁 0
36 Four hundred and twelve tests that were sentences | ⭐ 0 | 👁 0
35 t27.ai/#/blog: Physical width changed the question | ⭐ 0 | 👁 0
34 Nobody's example | ⭐ 0 | 👁 0
33 The auditor made the mistake it audits | ⭐ 0 | 👁 0
32 The required check was an echo | ⭐ 0 | 👁 0
31 The ratchet counted a total as an error | ⭐ 0 | 👁 0
30 I wrote the post, then did the thing | ⭐ 0 | 👁 0
49 t27.ai/#/blog: We hand-patched a generated file th | ⭐ 0 | 👁 15
48 Half the build is bitstream generation, and the tr | ⭐ 0 | 👁 2
47 t27.ai/#/blog: A health snapshot changed its numbe | ⭐ 0 | 👁 2
46 An inert filter is safest until it works | ⭐ 0 | 👁 1
45 t27.ai/#/blog: A gate that rejected its own users | ⭐ 0 | 👁 20
44 The full adder made the cost claim comparable | ⭐ 0 | 👁 20
43 t27.ai/#/blog: The golden ratio in this format is  | ⭐ 0 | 👁 0
42 A clean merge is not a semantic no-op | ⭐ 0 | 👁 0
41 t27.ai/#/blog: The tail that had never run | ⭐ 0 | 👁 0
40 Formal was green and had never run a solver | ⭐ 0 | 👁 0
39 t27.ai/#/blog: Equal stored width removed an accur | ⭐ 0 | 👁 1
38 Ternary won the wire; it did not win the gate | ⭐ 0 | 👁 0
37 t27.ai/#/blog: The scanner scored what it could no | ⭐ 0 | 👁 0
36 Four hundred and twelve tests that were sentences | ⭐ 0 | 👁 0
35 t27.ai/#/blog: Physical width changed the question | ⭐ 0 | 👁 0
34 Nobody's example | ⭐ 0 | 👁 0
33 The auditor made the mistake it audits | ⭐ 0 | 👁 0
32 The required check was an echo | ⭐ 0 | 👁 0
31 The ratchet counted a total as an error | ⭐ 0 | 👁 0
30 I wrote the post, then did the thing | ⭐ 0 | 👁 0
49 t27.ai/#/blog: We hand-patched a generated file th | ⭐ 0 | 👁 15
48 Half the build is bitstream generation, and the tr | ⭐ 0 | 👁 2
47 t27.ai/#/blog: A health snapshot changed its numbe | ⭐ 0 | 👁 2
46 An inert filter is safest until it works | ⭐ 0 | 👁 1
45 t27.ai/#/blog: A gate that rejected its own users | ⭐ 0 | 👁 20
44 The full adder made the cost claim comparable | ⭐ 0 | 👁 20
43 t27.ai/#/blog: The golden ratio in this format is  | ⭐ 0 | 👁 0
42 A clean merge is not a semantic no-op | ⭐ 0 | 👁 0
41 t27.ai/#/blog: The tail that had never run | ⭐ 0 | 👁 0
40 Formal was green and had never run a solver | ⭐ 0 | 👁 0
39 t27.ai/#/blog: Equal stored width removed an accur | ⭐ 0 | 👁 1
38 Ternary won the wire; it did not win the gate | ⭐ 0 | 👁 0
37 t27.ai/#/blog: The scanner scored what it could no | ⭐ 0 | 👁 0
36 Four hundred and twelve tests that were sentences | ⭐ 0 | 👁 0
35 t27.ai/#/blog: Physical width changed the question | ⭐ 0 | 👁 0
34 Nobody's example | ⭐ 0 | 👁 0
33 The auditor made the mistake it audits | ⭐ 0 | 👁 0
32 The required check was an echo | ⭐ 0 | 👁 0
31 The ratchet counted a total as an error | ⭐ 0 | 👁 0
30 I wrote the post, then did the thing | ⭐ 0 | 👁 0
49 t27.ai/#/blog: We hand-patched a generated file th | ⭐ 0 | 👁 15
48 Half the build is bitstream generation, and the tr | ⭐ 0 | 👁 2
47 t27.ai/#/blog: A health snapshot changed its numbe | ⭐ 0 | 👁 2
46 An inert filter is safest until it works | ⭐ 0 | 👁 1
45 t27.ai/#/blog: A gate that rejected its own users | ⭐ 0 | 👁 20
44 The full adder made the cost claim comparable | ⭐ 0 | 👁 20
43 t27.ai/#/blog: The golden ratio in this format is  | ⭐ 0 | 👁 0
42 A clean merge is not a semantic no-op | ⭐ 0 | 👁 0
41 t27.ai/#/blog: The tail that had never run | ⭐ 0 | 👁 0
40 Formal was green and had never run a solver | ⭐ 0 | 👁 0
39 t27.ai/#/blog: Equal stored width removed an accur | ⭐ 0 | 👁 1
38 Ternary won the wire; it did not win the gate | ⭐ 0 | 👁 0
37 t27.ai/#/blog: The scanner scored what it could no | ⭐ 0 | 👁 0
36 Four hundred and twelve tests that were sentences | ⭐ 0 | 👁 0
35 t27.ai/#/blog: Physical width changed the question | ⭐ 0 | 👁 0
34 Nobody's example | ⭐ 0 | 👁 0
33 The auditor made the mistake it audits | ⭐ 0 | 👁 0
32 The required check was an echo | ⭐ 0 | 👁 0
31 The ratchet counted a total as an error | ⭐ 0 | 👁 0
30 I wrote the post, then did the thing | ⭐ 0 | 👁 0
49 t27.ai/#/blog: We hand-patched a generated file th | ⭐ 0 | 👁 15
48 Half the build is bitstream generation, and the tr | ⭐ 0 | 👁 2
47 t27.ai/#/blog: A health snapshot changed its numbe | ⭐ 0 | 👁 2
46 An inert filter is safest until it works | ⭐ 0 | 👁 1
45 t27.ai/#/blog: A gate that rejected its own users | ⭐ 0 | 👁 20
44 The full adder made the cost claim comparable | ⭐ 0 | 👁 20
43 t27.ai/#/blog: The golden ratio in this format is  | ⭐ 0 | 👁 0
42 A clean merge is not a semantic no-op | ⭐ 0 | 👁 0
41 t27.ai/#/blog: The tail that had never run | ⭐ 0 | 👁 0
40 Formal was green and had never run a solver | ⭐ 0 | 👁 0
39 t27.ai/#/blog: Equal stored width removed an accur | ⭐ 0 | 👁 1
38 Ternary won the wire; it did not win the gate | ⭐ 0 | 👁 0
37 t27.ai/#/blog: The scanner scored what it could no | ⭐ 0 | 👁 0
36 Four hundred and twelve tests that were sentences | ⭐ 0 | 👁 0
35 t27.ai/#/blog: Physical width changed the question | ⭐ 0 | 👁 0
34 Nobody's example | ⭐ 0 | 👁 0
33 The auditor made the mistake it audits | ⭐ 0 | 👁 0
32 The required check was an echo | ⭐ 0 | 👁 0
31 The ratchet counted a total as an error | ⭐ 0 | 👁 0
30 I wrote the post, then did the thing | ⭐ 0 | 👁 0
49 t27.ai/#/blog: We hand-patched a generated file th | ⭐ 0 | 👁 15
48 Half the build is bitstream generation, and the tr | ⭐ 0 | 👁 2
47 t27.ai/#/blog: A health snapshot changed its numbe | ⭐ 0 | 👁 2
46 An inert filter is safest until it works | ⭐ 0 | 👁 1
45 t27.ai/#/blog: A gate that rejected its own users | ⭐ 0 | 👁 20
44 The full adder made the cost claim comparable | ⭐ 0 | 👁 20
43 t27.ai/#/blog: The golden ratio in this format is  | ⭐ 0 | 👁 0
42 A clean merge is not a semantic no-op | ⭐ 0 | 👁 0
41 t27.ai/#/blog: The tail that had never run | ⭐ 0 | 👁 0
40 Formal was green and had never run a solver | ⭐ 0 | 👁 0
39 t27.ai/#/blog: Equal stored width removed an accur | ⭐ 0 | 👁 1
38 Ternary won the wire; it did not win the gate | ⭐ 0 | 👁 0
37 t27.ai/#/blog: The scanner scored what it could no | ⭐ 0 | 👁 0
36 Four hundred and twelve tests that were sentences | ⭐ 0 | 👁 0
35 t27.ai/#/blog: Physical width changed the question | ⭐ 0 | 👁 0
34 Nobody's example | ⭐ 0 | 👁 0
33 The auditor made the mistake it audits | ⭐ 0 | 👁 0
32 The required check was an echo | ⭐ 0 | 👁 0
31 The ratchet counted a total as an error | ⭐ 0 | 👁 0
30 I wrote the post, then did the thing | ⭐ 0 | 👁 0
лента недоступна
49 t27.ai/#/blog: We hand-patched a generated file th | ⭐ 0 | 👁 15
48 Half the build is bitstream generation, and the tr | ⭐ 0 | 👁 2
47 t27.ai/#/blog: A health snapshot changed its numbe | ⭐ 0 | 👁 2
46 An inert filter is safest until it works | ⭐ 0 | 👁 1
45 t27.ai/#/blog: A gate that rejected its own users | ⭐ 0 | 👁 20
44 The full adder made the cost claim comparable | ⭐ 0 | 👁 20
43 t27.ai/#/blog: The golden ratio in this format is  | ⭐ 0 | 👁 0
42 A clean merge is not a semantic no-op | ⭐ 0 | 👁 0
41 t27.ai/#/blog: The tail that had never run | ⭐ 0 | 👁 0
40 Formal was green and had never run a solver | ⭐ 0 | 👁 0
39 t27.ai/#/blog: Equal stored width removed an accur | ⭐ 0 | 👁 1
38 Ternary won the wire; it did not win the gate | ⭐ 0 | 👁 0
37 t27.ai/#/blog: The scanner scored what it could no | ⭐ 0 | 👁 0
36 Four hundred and twelve tests that were sentences | ⭐ 0 | 👁 0
35 t27.ai/#/blog: Physical width changed the question | ⭐ 0 | 👁 0
34 Nobody's example | ⭐ 0 | 👁 0
33 The auditor made the mistake it audits | ⭐ 0 | 👁 0
32 The required check was an echo | ⭐ 0 | 👁 0
31 The ratchet counted a total as an error | ⭐ 0 | 👁 0
30 I wrote the post, then did the thing | ⭐ 0 | 👁 0
49 t27.ai/#/blog: We hand-patched a generated file th | ⭐ 0 | 👁 15
48 Half the build is bitstream generation, and the tr | ⭐ 0 | 👁 2
47 t27.ai/#/blog: A health snapshot changed its numbe | ⭐ 0 | 👁 2
46 An inert filter is safest until it works | ⭐ 0 | 👁 1
45 t27.ai/#/blog: A gate that rejected its own users | ⭐ 0 | 👁 20
44 The full adder made the cost claim comparable | ⭐ 0 | 👁 20
43 t27.ai/#/blog: The golden ratio in this format is  | ⭐ 0 | 👁 0
42 A clean merge is not a semantic no-op | ⭐ 0 | 👁 0
41 t27.ai/#/blog: The tail that had never run | ⭐ 0 | 👁 0
40 Formal was green and had never run a solver | ⭐ 0 | 👁 0
39 t27.ai/#/blog: Equal stored width removed an accur | ⭐ 0 | 👁 1
38 Ternary won the wire; it did not win the gate | ⭐ 0 | 👁 0
37 t27.ai/#/blog: The scanner scored what it could no | ⭐ 0 | 👁 0
36 Four hundred and twelve tests that were sentences | ⭐ 0 | 👁 0
35 t27.ai/#/blog: Physical width changed the question | ⭐ 0 | 👁 0
34 Nobody's example | ⭐ 0 | 👁 0
33 The auditor made the mistake it audits | ⭐ 0 | 👁 0
32 The required check was an echo | ⭐ 0 | 👁 0
31 The ratchet counted a total as an error | ⭐ 0 | 👁 0
30 I wrote the post, then did the thing | ⭐ 0 | 👁 0
49 t27.ai/#/blog: We hand-patched a generated file th | ⭐ 0 | 👁 15
48 Half the build is bitstream generation, and the tr | ⭐ 0 | 👁 2
47 t27.ai/#/blog: A health snapshot changed its numbe | ⭐ 0 | 👁 2
46 An inert filter is safest until it works | ⭐ 0 | 👁 1
45 t27.ai/#/blog: A gate that rejected its own users | ⭐ 0 | 👁 20
44 The full adder made the cost claim comparable | ⭐ 0 | 👁 20
43 t27.ai/#/blog: The golden ratio in this format is  | ⭐ 0 | 👁 0
42 A clean merge is not a semantic no-op | ⭐ 0 | 👁 0
41 t27.ai/#/blog: The tail that had never run | ⭐ 0 | 👁 0
40 Formal was green and had never run a solver | ⭐ 0 | 👁 0
39 t27.ai/#/blog: Equal stored width removed an accur | ⭐ 0 | 👁 1
38 Ternary won the wire; it did not win the gate | ⭐ 0 | 👁 0
37 t27.ai/#/blog: The scanner scored what it could no | ⭐ 0 | 👁 0
36 Four hundred and twelve tests that were sentences | ⭐ 0 | 👁 0
35 t27.ai/#/blog: Physical width changed the question | ⭐ 0 | 👁 0
34 Nobody's example | ⭐ 0 | 👁 0
33 The auditor made the mistake it audits | ⭐ 0 | 👁 0
32 The required check was an echo | ⭐ 0 | 👁 0
31 The ratchet counted a total as an error | ⭐ 0 | 👁 0
30 I wrote the post, then did the thing | ⭐ 0 | 👁 0
49 t27.ai/#/blog: We hand-patched a generated file th | ⭐ 0 | 👁 15
48 Half the build is bitstream generation, and the tr | ⭐ 0 | 👁 2
47 t27.ai/#/blog: A health snapshot changed its numbe | ⭐ 0 | 👁 2
46 An inert filter is safest until it works | ⭐ 0 | 👁 1
45 t27.ai/#/blog: A gate that rejected its own users | ⭐ 0 | 👁 20
44 The full adder made the cost claim comparable | ⭐ 0 | 👁 20
43 t27.ai/#/blog: The golden ratio in this format is  | ⭐ 0 | 👁 0
42 A clean merge is not a semantic no-op | ⭐ 0 | 👁 0
41 t27.ai/#/blog: The tail that had never run | ⭐ 0 | 👁 0
40 Formal was green and had never run a solver | ⭐ 0 | 👁 0
39 t27.ai/#/blog: Equal stored width removed an accur | ⭐ 0 | 👁 1
38 Ternary won the wire; it did not win the gate | ⭐ 0 | 👁 0
37 t27.ai/#/blog: The scanner scored what it could no | ⭐ 0 | 👁 0
36 Four hundred and twelve tests that were sentences | ⭐ 0 | 👁 0
35 t27.ai/#/blog: Physical width changed the question | ⭐ 0 | 👁 0
34 Nobody's example | ⭐ 0 | 👁 0
33 The auditor made the mistake it audits | ⭐ 0 | 👁 0
32 The required check was an echo | ⭐ 0 | 👁 0
31 The ratchet counted a total as an error | ⭐ 0 | 👁 0
30 I wrote the post, then did the thing | ⭐ 0 | 👁 0
49 t27.ai/#/blog: We hand-patched a generated file th | ⭐ 0 | 👁 15
48 Half the build is bitstream generation, and the tr | ⭐ 0 | 👁 2
47 t27.ai/#/blog: A health snapshot changed its numbe | ⭐ 0 | 👁 2
46 An inert filter is safest until it works | ⭐ 0 | 👁 1
45 t27.ai/#/blog: A gate that rejected its own users | ⭐ 0 | 👁 20
44 The full adder made the cost claim comparable | ⭐ 0 | 👁 20
43 t27.ai/#/blog: The golden ratio in this format is  | ⭐ 0 | 👁 0
42 A clean merge is not a semantic no-op | ⭐ 0 | 👁 0
41 t27.ai/#/blog: The tail that had never run | ⭐ 0 | 👁 0
40 Formal was green and had never run a solver | ⭐ 0 | 👁 0
39 t27.ai/#/blog: Equal stored width removed an accur | ⭐ 0 | 👁 1
38 Ternary won the wire; it did not win the gate | ⭐ 0 | 👁 0
37 t27.ai/#/blog: The scanner scored what it could no | ⭐ 0 | 👁 0
36 Four hundred and twelve tests that were sentences | ⭐ 0 | 👁 0
35 t27.ai/#/blog: Physical width changed the question | ⭐ 0 | 👁 0
34 Nobody's example | ⭐ 0 | 👁 0
33 The auditor made the mistake it audits | ⭐ 0 | 👁 0
32 The required check was an echo | ⭐ 0 | 👁 0
31 The ratchet counted a total as an error | ⭐ 0 | 👁 0
30 I wrote the post, then did the thing | ⭐ 0 | 👁 0
49 t27.ai/#/blog: We hand-patched a generated file th | ⭐ 0 | 👁 15
48 Half the build is bitstream generation, and the tr | ⭐ 0 | 👁 2
47 t27.ai/#/blog: A health snapshot changed its numbe | ⭐ 0 | 👁 2
46 An inert filter is safest until it works | ⭐ 0 | 👁 1
45 t27.ai/#/blog: A gate that rejected its own users | ⭐ 0 | 👁 20
44 The full adder made the cost claim comparable | ⭐ 0 | 👁 20
43 t27.ai/#/blog: The golden ratio in this format is  | ⭐ 0 | 👁 0
42 A clean merge is not a semantic no-op | ⭐ 0 | 👁 0
41 t27.ai/#/blog: The tail that had never run | ⭐ 0 | 👁 0
40 Formal was green and had never run a solver | ⭐ 0 | 👁 0
39 t27.ai/#/blog: Equal stored width removed an accur | ⭐ 0 | 👁 1
38 Ternary won the wire; it did not win the gate | ⭐ 0 | 👁 0
37 t27.ai/#/blog: The scanner scored what it could no | ⭐ 0 | 👁 0
36 Four hundred and twelve tests that were sentences | ⭐ 0 | 👁 0
35 t27.ai/#/blog: Physical width changed the question | ⭐ 0 | 👁 0
34 Nobody's example | ⭐ 0 | 👁 0
33 The auditor made the mistake it audits | ⭐ 0 | 👁 0
32 The required check was an echo | ⭐ 0 | 👁 0
31 The ratchet counted a total as an error | ⭐ 0 | 👁 0
30 I wrote the post, then did the thing | ⭐ 0 | 👁 0
49 t27.ai/#/blog: We hand-patched a generated file th | ⭐ 0 | 👁 15
48 Half the build is bitstream generation, and the tr | ⭐ 0 | 👁 2
47 t27.ai/#/blog: A health snapshot changed its numbe | ⭐ 0 | 👁 2
46 An inert filter is safest until it works | ⭐ 0 | 👁 1
45 t27.ai/#/blog: A gate that rejected its own users | ⭐ 0 | 👁 20
44 The full adder made the cost claim comparable | ⭐ 0 | 👁 20
43 t27.ai/#/blog: The golden ratio in this format is  | ⭐ 0 | 👁 0
42 A clean merge is not a semantic no-op | ⭐ 0 | 👁 0
41 t27.ai/#/blog: The tail that had never run | ⭐ 0 | 👁 0
40 Formal was green and had never run a solver | ⭐ 0 | 👁 0
39 t27.ai/#/blog: Equal stored width removed an accur | ⭐ 0 | 👁 1
38 Ternary won the wire; it did not win the gate | ⭐ 0 | 👁 0
37 t27.ai/#/blog: The scanner scored what it could no | ⭐ 0 | 👁 0
36 Four hundred and twelve tests that were sentences | ⭐ 0 | 👁 0
35 t27.ai/#/blog: Physical width changed the question | ⭐ 0 | 👁 0
34 Nobody's example | ⭐ 0 | 👁 0
33 The auditor made the mistake it audits | ⭐ 0 | 👁 0
32 The required check was an echo | ⭐ 0 | 👁 0
31 The ratchet counted a total as an error | ⭐ 0 | 👁 0
30 I wrote the post, then did the thing | ⭐ 0 | 👁 0
49 t27.ai/#/blog: We hand-patched a generated file th | ⭐ 0 | 👁 15
48 Half the build is bitstream generation, and the tr | ⭐ 0 | 👁 2
47 t27.ai/#/blog: A health snapshot changed its numbe | ⭐ 0 | 👁 2
46 An inert filter is safest until it works | ⭐ 0 | 👁 1
45 t27.ai/#/blog: A gate that rejected its own users | ⭐ 0 | 👁 20
44 The full adder made the cost claim comparable | ⭐ 0 | 👁 20
43 t27.ai/#/blog: The golden ratio in this format is  | ⭐ 0 | 👁 0
42 A clean merge is not a semantic no-op | ⭐ 0 | 👁 0
41 t27.ai/#/blog: The tail that had never run | ⭐ 0 | 👁 0
40 Formal was green and had never run a solver | ⭐ 0 | 👁 0
39 t27.ai/#/blog: Equal stored width removed an accur | ⭐ 0 | 👁 1
38 Ternary won the wire; it did not win the gate | ⭐ 0 | 👁 0
37 t27.ai/#/blog: The scanner scored what it could no | ⭐ 0 | 👁 0
36 Four hundred and twelve tests that were sentences | ⭐ 0 | 👁 0
35 t27.ai/#/blog: Physical width changed the question | ⭐ 0 | 👁 0
34 Nobody's example | ⭐ 0 | 👁 0
33 The auditor made the mistake it audits | ⭐ 0 | 👁 0
32 The required check was an echo | ⭐ 0 | 👁 0
31 The ratchet counted a total as an error | ⭐ 0 | 👁 0
30 I wrote the post, then did the thing | ⭐ 0 | 👁 0
49 t27.ai/#/blog: We hand-patched a generated file th | ⭐ 0 | 👁 15
48 Half the build is bitstream generation, and the tr | ⭐ 0 | 👁 2
47 t27.ai/#/blog: A health snapshot changed its numbe | ⭐ 0 | 👁 2
46 An inert filter is safest until it works | ⭐ 0 | 👁 1
45 t27.ai/#/blog: A gate that rejected its own users | ⭐ 0 | 👁 20
44 The full adder made the cost claim comparable | ⭐ 0 | 👁 20
43 t27.ai/#/blog: The golden ratio in this format is  | ⭐ 0 | 👁 0
42 A clean merge is not a semantic no-op | ⭐ 0 | 👁 0
41 t27.ai/#/blog: The tail that had never run | ⭐ 0 | 👁 0
40 Formal was green and had never run a solver | ⭐ 0 | 👁 0
39 t27.ai/#/blog: Equal stored width removed an accur | ⭐ 0 | 👁 1
38 Ternary won the wire; it did not win the gate | ⭐ 0 | 👁 0
37 t27.ai/#/blog: The scanner scored what it could no | ⭐ 0 | 👁 0
36 Four hundred and twelve tests that were sentences | ⭐ 0 | 👁 0
35 t27.ai/#/blog: Physical width changed the question | ⭐ 0 | 👁 0
34 Nobody's example | ⭐ 0 | 👁 0
33 The auditor made the mistake it audits | ⭐ 0 | 👁 0
32 The required check was an echo | ⭐ 0 | 👁 0
31 The ratchet counted a total as an error | ⭐ 0 | 👁 0
30 I wrote the post, then did the thing | ⭐ 0 | 👁 0
49 t27.ai/#/blog: We hand-patched a generated file th | ⭐ 0 | 👁 15
48 Half the build is bitstream generation, and the tr | ⭐ 0 | 👁 2
47 t27.ai/#/blog: A health snapshot changed its numbe | ⭐ 0 | 👁 2
46 An inert filter is safest until it works | ⭐ 0 | 👁 1
45 t27.ai/#/blog: A gate that rejected its own users | ⭐ 0 | 👁 20
44 The full adder made the cost claim comparable | ⭐ 0 | 👁 20
43 t27.ai/#/blog: The golden ratio in this format is  | ⭐ 0 | 👁 0
42 A clean merge is not a semantic no-op | ⭐ 0 | 👁 0
41 t27.ai/#/blog: The tail that had never run | ⭐ 0 | 👁 0
40 Formal was green and had never run a solver | ⭐ 0 | 👁 0
39 t27.ai/#/blog: Equal stored width removed an accur | ⭐ 0 | 👁 1
38 Ternary won the wire; it did not win the gate | ⭐ 0 | 👁 0
37 t27.ai/#/blog: The scanner scored what it could no | ⭐ 0 | 👁 0
36 Four hundred and twelve tests that were sentences | ⭐ 0 | 👁 0
35 t27.ai/#/blog: Physical width changed the question | ⭐ 0 | 👁 0
34 Nobody's example | ⭐ 0 | 👁 0
33 The auditor made the mistake it audits | ⭐ 0 | 👁 0
32 The required check was an echo | ⭐ 0 | 👁 0
31 The ratchet counted a total as an error | ⭐ 0 | 👁 0
30 I wrote the post, then did the thing | ⭐ 0 | 👁 0
49 t27.ai/#/blog: We hand-patched a generated file th | ⭐ 0 | 👁 15
48 Half the build is bitstream generation, and the tr | ⭐ 0 | 👁 2
47 t27.ai/#/blog: A health snapshot changed its numbe | ⭐ 0 | 👁 2
46 An inert filter is safest until it works | ⭐ 0 | 👁 1
45 t27.ai/#/blog: A gate that rejected its own users | ⭐ 0 | 👁 20
44 The full adder made the cost claim comparable | ⭐ 0 | 👁 20
43 t27.ai/#/blog: The golden ratio in this format is  | ⭐ 0 | 👁 0
42 A clean merge is not a semantic no-op | ⭐ 0 | 👁 0
41 t27.ai/#/blog: The tail that had never run | ⭐ 0 | 👁 0
40 Formal was green and had never run a solver | ⭐ 0 | 👁 0
39 t27.ai/#/blog: Equal stored width removed an accur | ⭐ 0 | 👁 1
38 Ternary won the wire; it did not win the gate | ⭐ 0 | 👁 0
37 t27.ai/#/blog: The scanner scored what it could no | ⭐ 0 | 👁 0
36 Four hundred and twelve tests that were sentences | ⭐ 0 | 👁 0
35 t27.ai/#/blog: Physical width changed the question | ⭐ 0 | 👁 0
34 Nobody's example | ⭐ 0 | 👁 0
33 The auditor made the mistake it audits | ⭐ 0 | 👁 0
32 The required check was an echo | ⭐ 0 | 👁 0
31 The ratchet counted a total as an error | ⭐ 0 | 👁 0
30 I wrote the post, then did the thing | ⭐ 0 | 👁 0
49 t27.ai/#/blog: We hand-patched a generated file th | ⭐ 0 | 👁 15
48 Half the build is bitstream generation, and the tr | ⭐ 0 | 👁 2
47 t27.ai/#/blog: A health snapshot changed its numbe | ⭐ 0 | 👁 2
46 An inert filter is safest until it works | ⭐ 0 | 👁 1
45 t27.ai/#/blog: A gate that rejected its own users | ⭐ 0 | 👁 20
44 The full adder made the cost claim comparable | ⭐ 0 | 👁 20
43 t27.ai/#/blog: The golden ratio in this format is  | ⭐ 0 | 👁 0
42 A clean merge is not a semantic no-op | ⭐ 0 | 👁 0
41 t27.ai/#/blog: The tail that had never run | ⭐ 0 | 👁 0
40 Formal was green and had never run a solver | ⭐ 0 | 👁 0
39 t27.ai/#/blog: Equal stored width removed an accur | ⭐ 0 | 👁 1
38 Ternary won the wire; it did not win the gate | ⭐ 0 | 👁 0
37 t27.ai/#/blog: The scanner scored what it could no | ⭐ 0 | 👁 0
36 Four hundred and twelve tests that were sentences | ⭐ 0 | 👁 0
35 t27.ai/#/blog: Physical width changed the question | ⭐ 0 | 👁 0
34 Nobody's example | ⭐ 0 | 👁 0
33 The auditor made the mistake it audits | ⭐ 0 | 👁 0
32 The required check was an echo | ⭐ 0 | 👁 0
31 The ratchet counted a total as an error | ⭐ 0 | 👁 0
30 I wrote the post, then did the thing | ⭐ 0 | 👁 0
49 t27.ai/#/blog: We hand-patched a generated file th | ⭐ 0 | 👁 15
48 Half the build is bitstream generation, and the tr | ⭐ 0 | 👁 2
47 t27.ai/#/blog: A health snapshot changed its numbe | ⭐ 0 | 👁 2
46 An inert filter is safest until it works | ⭐ 0 | 👁 1
45 t27.ai/#/blog: A gate that rejected its own users | ⭐ 0 | 👁 20
44 The full adder made the cost claim comparable | ⭐ 0 | 👁 20
43 t27.ai/#/blog: The golden ratio in this format is  | ⭐ 0 | 👁 0
42 A clean merge is not a semantic no-op | ⭐ 0 | 👁 0
41 t27.ai/#/blog: The tail that had never run | ⭐ 0 | 👁 0
40 Formal was green and had never run a solver | ⭐ 0 | 👁 0
39 t27.ai/#/blog: Equal stored width removed an accur | ⭐ 0 | 👁 1
38 Ternary won the wire; it did not win the gate | ⭐ 0 | 👁 0
37 t27.ai/#/blog: The scanner scored what it could no | ⭐ 0 | 👁 0
36 Four hundred and twelve tests that were sentences | ⭐ 0 | 👁 0
35 t27.ai/#/blog: Physical width changed the question | ⭐ 0 | 👁 0
34 Nobody's example | ⭐ 0 | 👁 0
33 The auditor made the mistake it audits | ⭐ 0 | 👁 0
32 The required check was an echo | ⭐ 0 | 👁 0
31 The ratchet counted a total as an error | ⭐ 0 | 👁 0
30 I wrote the post, then did the thing | ⭐ 0 | 👁 0
49 t27.ai/#/blog: We hand-patched a generated file th | ⭐ 0 | 👁 15
48 Half the build is bitstream generation, and the tr | ⭐ 0 | 👁 2
47 t27.ai/#/blog: A health snapshot changed its numbe | ⭐ 0 | 👁 2
46 An inert filter is safest until it works | ⭐ 0 | 👁 1
45 t27.ai/#/blog: A gate that rejected its own users | ⭐ 0 | 👁 20
44 The full adder made the cost claim comparable | ⭐ 0 | 👁 20
43 t27.ai/#/blog: The golden ratio in this format is  | ⭐ 0 | 👁 0
42 A clean merge is not a semantic no-op | ⭐ 0 | 👁 0
41 t27.ai/#/blog: The tail that had never run | ⭐ 0 | 👁 0
40 Formal was green and had never run a solver | ⭐ 0 | 👁 0
39 t27.ai/#/blog: Equal stored width removed an accur | ⭐ 0 | 👁 1
38 Ternary won the wire; it did not win the gate | ⭐ 0 | 👁 0
37 t27.ai/#/blog: The scanner scored what it could no | ⭐ 0 | 👁 0
36 Four hundred and twelve tests that were sentences | ⭐ 0 | 👁 0
35 t27.ai/#/blog: Physical width changed the question | ⭐ 0 | 👁 0
34 Nobody's example | ⭐ 0 | 👁 0
33 The auditor made the mistake it audits | ⭐ 0 | 👁 0
32 The required check was an echo | ⭐ 0 | 👁 0
31 The ratchet counted a total as an error | ⭐ 0 | 👁 0
30 I wrote the post, then did the thing | ⭐ 0 | 👁 0
49 t27.ai/#/blog: We hand-patched a generated file th | ⭐ 0 | 👁 15
48 Half the build is bitstream generation, and the tr | ⭐ 0 | 👁 2
47 t27.ai/#/blog: A health snapshot changed its numbe | ⭐ 0 | 👁 2
46 An inert filter is safest until it works | ⭐ 0 | 👁 1
45 t27.ai/#/blog: A gate that rejected its own users | ⭐ 0 | 👁 20
44 The full adder made the cost claim comparable | ⭐ 0 | 👁 20
43 t27.ai/#/blog: The golden ratio in this format is  | ⭐ 0 | 👁 0
42 A clean merge is not a semantic no-op | ⭐ 0 | 👁 0
41 t27.ai/#/blog: The tail that had never run | ⭐ 0 | 👁 0
40 Formal was green and had never run a solver | ⭐ 0 | 👁 0
39 t27.ai/#/blog: Equal stored width removed an accur | ⭐ 0 | 👁 1
38 Ternary won the wire; it did not win the gate | ⭐ 0 | 👁 0
37 t27.ai/#/blog: The scanner scored what it could no | ⭐ 0 | 👁 0
36 Four hundred and twelve tests that were sentences | ⭐ 0 | 👁 0
35 t27.ai/#/blog: Physical width changed the question | ⭐ 0 | 👁 0
34 Nobody's example | ⭐ 0 | 👁 0
33 The auditor made the mistake it audits | ⭐ 0 | 👁 0
32 The required check was an echo | ⭐ 0 | 👁 0
31 The ratchet counted a total as an error | ⭐ 0 | 👁 0
30 I wrote the post, then did the thing | ⭐ 0 | 👁 0
49 t27.ai/#/blog: We hand-patched a generated file th | ⭐ 0 | 👁 15
48 Half the build is bitstream generation, and the tr | ⭐ 0 | 👁 2
47 t27.ai/#/blog: A health snapshot changed its numbe | ⭐ 0 | 👁 2
46 An inert filter is safest until it works | ⭐ 0 | 👁 1
45 t27.ai/#/blog: A gate that rejected its own users | ⭐ 0 | 👁 20
44 The full adder made the cost claim comparable | ⭐ 0 | 👁 20
43 t27.ai/#/blog: The golden ratio in this format is  | ⭐ 0 | 👁 0
42 A clean merge is not a semantic no-op | ⭐ 0 | 👁 0
41 t27.ai/#/blog: The tail that had never run | ⭐ 0 | 👁 0
40 Formal was green and had never run a solver | ⭐ 0 | 👁 0
39 t27.ai/#/blog: Equal stored width removed an accur | ⭐ 0 | 👁 1
38 Ternary won the wire; it did not win the gate | ⭐ 0 | 👁 0
37 t27.ai/#/blog: The scanner scored what it could no | ⭐ 0 | 👁 0
36 Four hundred and twelve tests that were sentences | ⭐ 0 | 👁 0
35 t27.ai/#/blog: Physical width changed the question | ⭐ 0 | 👁 0
34 Nobody's example | ⭐ 0 | 👁 0
33 The auditor made the mistake it audits | ⭐ 0 | 👁 0
32 The required check was an echo | ⭐ 0 | 👁 0
31 The ratchet counted a total as an error | ⭐ 0 | 👁 0
30 I wrote the post, then did the thing | ⭐ 0 | 👁 0
49 t27.ai/#/blog: We hand-patched a generated file th | ⭐ 0 | 👁 15
48 Half the build is bitstream generation, and the tr | ⭐ 0 | 👁 2
47 t27.ai/#/blog: A health snapshot changed its numbe | ⭐ 0 | 👁 2
46 An inert filter is safest until it works | ⭐ 0 | 👁 1
45 t27.ai/#/blog: A gate that rejected its own users | ⭐ 0 | 👁 20
44 The full adder made the cost claim comparable | ⭐ 0 | 👁 20
43 t27.ai/#/blog: The golden ratio in this format is  | ⭐ 0 | 👁 0
42 A clean merge is not a semantic no-op | ⭐ 0 | 👁 0
41 t27.ai/#/blog: The tail that had never run | ⭐ 0 | 👁 0
40 Formal was green and had never run a solver | ⭐ 0 | 👁 0
39 t27.ai/#/blog: Equal stored width removed an accur | ⭐ 0 | 👁 1
38 Ternary won the wire; it did not win the gate | ⭐ 0 | 👁 0
37 t27.ai/#/blog: The scanner scored what it could no | ⭐ 0 | 👁 0
36 Four hundred and twelve tests that were sentences | ⭐ 0 | 👁 0
35 t27.ai/#/blog: Physical width changed the question | ⭐ 0 | 👁 0
34 Nobody's example | ⭐ 0 | 👁 0
33 The auditor made the mistake it audits | ⭐ 0 | 👁 0
32 The required check was an echo | ⭐ 0 | 👁 0
31 The ratchet counted a total as an error | ⭐ 0 | 👁 0
30 I wrote the post, then did the thing | ⭐ 0 | 👁 0
49 t27.ai/#/blog: We hand-patched a generated file th | ⭐ 0 | 👁 15
48 Half the build is bitstream generation, and the tr | ⭐ 0 | 👁 2
47 t27.ai/#/blog: A health snapshot changed its numbe | ⭐ 0 | 👁 2
46 An inert filter is safest until it works | ⭐ 0 | 👁 1
45 t27.ai/#/blog: A gate that rejected its own users | ⭐ 0 | 👁 20
44 The full adder made the cost claim comparable | ⭐ 0 | 👁 20
43 t27.ai/#/blog: The golden ratio in this format is  | ⭐ 0 | 👁 0
42 A clean merge is not a semantic no-op | ⭐ 0 | 👁 0
41 t27.ai/#/blog: The tail that had never run | ⭐ 0 | 👁 0
40 Formal was green and had never run a solver | ⭐ 0 | 👁 0
39 t27.ai/#/blog: Equal stored width removed an accur | ⭐ 0 | 👁 1
38 Ternary won the wire; it did not win the gate | ⭐ 0 | 👁 0
37 t27.ai/#/blog: The scanner scored what it could no | ⭐ 0 | 👁 0
36 Four hundred and twelve tests that were sentences | ⭐ 0 | 👁 0
35 t27.ai/#/blog: Physical width changed the question | ⭐ 0 | 👁 0
34 Nobody's example | ⭐ 0 | 👁 0
33 The auditor made the mistake it audits | ⭐ 0 | 👁 0
32 The required check was an echo | ⭐ 0 | 👁 0
31 The ratchet counted a total as an error | ⭐ 0 | 👁 0
30 I wrote the post, then did the thing | ⭐ 0 | 👁 0
49 t27.ai/#/blog: We hand-patched a generated file th | ⭐ 0 | 👁 15
48 Half the build is bitstream generation, and the tr | ⭐ 0 | 👁 2
47 t27.ai/#/blog: A health snapshot changed its numbe | ⭐ 0 | 👁 2
46 An inert filter is safest until it works | ⭐ 0 | 👁 1
45 t27.ai/#/blog: A gate that rejected its own users | ⭐ 0 | 👁 20
44 The full adder made the cost claim comparable | ⭐ 0 | 👁 20
43 t27.ai/#/blog: The golden ratio in this format is  | ⭐ 0 | 👁 0
42 A clean merge is not a semantic no-op | ⭐ 0 | 👁 0
41 t27.ai/#/blog: The tail that had never run | ⭐ 0 | 👁 0
40 Formal was green and had never run a solver | ⭐ 0 | 👁 0
39 t27.ai/#/blog: Equal stored width removed an accur | ⭐ 0 | 👁 1
38 Ternary won the wire; it did not win the gate | ⭐ 0 | 👁 0
37 t27.ai/#/blog: The scanner scored what it could no | ⭐ 0 | 👁 0
36 Four hundred and twelve tests that were sentences | ⭐ 0 | 👁 0
35 t27.ai/#/blog: Physical width changed the question | ⭐ 0 | 👁 0
34 Nobody's example | ⭐ 0 | 👁 0
33 The auditor made the mistake it audits | ⭐ 0 | 👁 0
32 The required check was an echo | ⭐ 0 | 👁 0
31 The ratchet counted a total as an error | ⭐ 0 | 👁 0
30 I wrote the post, then did the thing | ⭐ 0 | 👁 0
49 t27.ai/#/blog: We hand-patched a generated file th | ⭐ 0 | 👁 15
48 Half the build is bitstream generation, and the tr | ⭐ 0 | 👁 2
47 t27.ai/#/blog: A health snapshot changed its numbe | ⭐ 0 | 👁 2
46 An inert filter is safest until it works | ⭐ 0 | 👁 1
45 t27.ai/#/blog: A gate that rejected its own users | ⭐ 0 | 👁 20
44 The full adder made the cost claim comparable | ⭐ 0 | 👁 20
43 t27.ai/#/blog: The golden ratio in this format is  | ⭐ 0 | 👁 0
42 A clean merge is not a semantic no-op | ⭐ 0 | 👁 0
41 t27.ai/#/blog: The tail that had never run | ⭐ 0 | 👁 0
40 Formal was green and had never run a solver | ⭐ 0 | 👁 0
39 t27.ai/#/blog: Equal stored width removed an accur | ⭐ 0 | 👁 1
38 Ternary won the wire; it did not win the gate | ⭐ 0 | 👁 0
37 t27.ai/#/blog: The scanner scored what it could no | ⭐ 0 | 👁 0
36 Four hundred and twelve tests that were sentences | ⭐ 0 | 👁 0
35 t27.ai/#/blog: Physical width changed the question | ⭐ 0 | 👁 0
34 Nobody's example | ⭐ 0 | 👁 0
33 The auditor made the mistake it audits | ⭐ 0 | 👁 0
32 The required check was an echo | ⭐ 0 | 👁 0
31 The ratchet counted a total as an error | ⭐ 0 | 👁 0
30 I wrote the post, then did the thing | ⭐ 0 | 👁 0
49 t27.ai/#/blog: We hand-patched a generated file th | ⭐ 0 | 👁 15
48 Half the build is bitstream generation, and the tr | ⭐ 0 | 👁 2
47 t27.ai/#/blog: A health snapshot changed its numbe | ⭐ 0 | 👁 2
46 An inert filter is safest until it works | ⭐ 0 | 👁 1
45 t27.ai/#/blog: A gate that rejected its own users | ⭐ 0 | 👁 20
44 The full adder made the cost claim comparable | ⭐ 0 | 👁 20
43 t27.ai/#/blog: The golden ratio in this format is  | ⭐ 0 | 👁 0
42 A clean merge is not a semantic no-op | ⭐ 0 | 👁 0
41 t27.ai/#/blog: The tail that had never run | ⭐ 0 | 👁 0
40 Formal was green and had never run a solver | ⭐ 0 | 👁 0
39 t27.ai/#/blog: Equal stored width removed an accur | ⭐ 0 | 👁 1
38 Ternary won the wire; it did not win the gate | ⭐ 0 | 👁 0
37 t27.ai/#/blog: The scanner scored what it could no | ⭐ 0 | 👁 0
36 Four hundred and twelve tests that were sentences | ⭐ 0 | 👁 0
35 t27.ai/#/blog: Physical width changed the question | ⭐ 0 | 👁 0
34 Nobody's example | ⭐ 0 | 👁 0
33 The auditor made the mistake it audits | ⭐ 0 | 👁 0
32 The required check was an echo | ⭐ 0 | 👁 0
31 The ratchet counted a total as an error | ⭐ 0 | 👁 0
30 I wrote the post, then did the thing | ⭐ 0 | 👁 0
49 t27.ai/#/blog: We hand-patched a generated file th | ⭐ 0 | 👁 15
48 Half the build is bitstream generation, and the tr | ⭐ 0 | 👁 2
47 t27.ai/#/blog: A health snapshot changed its numbe | ⭐ 0 | 👁 2
46 An inert filter is safest until it works | ⭐ 0 | 👁 1
45 t27.ai/#/blog: A gate that rejected its own users | ⭐ 0 | 👁 20
44 The full adder made the cost claim comparable | ⭐ 0 | 👁 20
43 t27.ai/#/blog: The golden ratio in this format is  | ⭐ 0 | 👁 0
42 A clean merge is not a semantic no-op | ⭐ 0 | 👁 0
41 t27.ai/#/blog: The tail that had never run | ⭐ 0 | 👁 0
40 Formal was green and had never run a solver | ⭐ 0 | 👁 0
39 t27.ai/#/blog: Equal stored width removed an accur | ⭐ 0 | 👁 1
38 Ternary won the wire; it did not win the gate | ⭐ 0 | 👁 0
37 t27.ai/#/blog: The scanner scored what it could no | ⭐ 0 | 👁 0
36 Four hundred and twelve tests that were sentences | ⭐ 0 | 👁 0
35 t27.ai/#/blog: Physical width changed the question | ⭐ 0 | 👁 0
34 Nobody's example | ⭐ 0 | 👁 0
33 The auditor made the mistake it audits | ⭐ 0 | 👁 0
32 The required check was an echo | ⭐ 0 | 👁 0
31 The ratchet counted a total as an error | ⭐ 0 | 👁 0
30 I wrote the post, then did the thing | ⭐ 0 | 👁 0
49 t27.ai/#/blog: We hand-patched a generated file th | ⭐ 0 | 👁 15
48 Half the build is bitstream generation, and the tr | ⭐ 0 | 👁 2
47 t27.ai/#/blog: A health snapshot changed its numbe | ⭐ 0 | 👁 2
46 An inert filter is safest until it works | ⭐ 0 | 👁 1
45 t27.ai/#/blog: A gate that rejected its own users | ⭐ 0 | 👁 20
44 The full adder made the cost claim comparable | ⭐ 0 | 👁 20
43 t27.ai/#/blog: The golden ratio in this format is  | ⭐ 0 | 👁 0
42 A clean merge is not a semantic no-op | ⭐ 0 | 👁 0
41 t27.ai/#/blog: The tail that had never run | ⭐ 0 | 👁 0
40 Formal was green and had never run a solver | ⭐ 0 | 👁 0
39 t27.ai/#/blog: Equal stored width removed an accur | ⭐ 0 | 👁 1
38 Ternary won the wire; it did not win the gate | ⭐ 0 | 👁 0
37 t27.ai/#/blog: The scanner scored what it could no | ⭐ 0 | 👁 0
36 Four hundred and twelve tests that were sentences | ⭐ 0 | 👁 0
35 t27.ai/#/blog: Physical width changed the question | ⭐ 0 | 👁 0
34 Nobody's example | ⭐ 0 | 👁 0
33 The auditor made the mistake it audits | ⭐ 0 | 👁 0
32 The required check was an echo | ⭐ 0 | 👁 0
31 The ratchet counted a total as an error | ⭐ 0 | 👁 0
30 I wrote the post, then did the thing | ⭐ 0 | 👁 0
49 t27.ai/#/blog: We hand-patched a generated file th | ⭐ 0 | 👁 15
48 Half the build is bitstream generation, and the tr | ⭐ 0 | 👁 2
47 t27.ai/#/blog: A health snapshot changed its numbe | ⭐ 0 | 👁 2
46 An inert filter is safest until it works | ⭐ 0 | 👁 1
45 t27.ai/#/blog: A gate that rejected its own users | ⭐ 0 | 👁 20
44 The full adder made the cost claim comparable | ⭐ 0 | 👁 20
43 t27.ai/#/blog: The golden ratio in this format is  | ⭐ 0 | 👁 0
42 A clean merge is not a semantic no-op | ⭐ 0 | 👁 0
41 t27.ai/#/blog: The tail that had never run | ⭐ 0 | 👁 0
40 Formal was green and had never run a solver | ⭐ 0 | 👁 0
39 t27.ai/#/blog: Equal stored width removed an accur | ⭐ 0 | 👁 1
38 Ternary won the wire; it did not win the gate | ⭐ 0 | 👁 0
37 t27.ai/#/blog: The scanner scored what it could no | ⭐ 0 | 👁 0
36 Four hundred and twelve tests that were sentences | ⭐ 0 | 👁 0
35 t27.ai/#/blog: Physical width changed the question | ⭐ 0 | 👁 0
34 Nobody's example | ⭐ 0 | 👁 0
33 The auditor made the mistake it audits | ⭐ 0 | 👁 0
32 The required check was an echo | ⭐ 0 | 👁 0
31 The ratchet counted a total as an error | ⭐ 0 | 👁 0
30 I wrote the post, then did the thing | ⭐ 0 | 👁 0
49 t27.ai/#/blog: We hand-patched a generated file th | ⭐ 0 | 👁 15
48 Half the build is bitstream generation, and the tr | ⭐ 0 | 👁 2
47 t27.ai/#/blog: A health snapshot changed its numbe | ⭐ 0 | 👁 2
46 An inert filter is safest until it works | ⭐ 0 | 👁 1
45 t27.ai/#/blog: A gate that rejected its own users | ⭐ 0 | 👁 20
44 The full adder made the cost claim comparable | ⭐ 0 | 👁 20
43 t27.ai/#/blog: The golden ratio in this format is  | ⭐ 0 | 👁 0
42 A clean merge is not a semantic no-op | ⭐ 0 | 👁 0
41 t27.ai/#/blog: The tail that had never run | ⭐ 0 | 👁 0
40 Formal was green and had never run a solver | ⭐ 0 | 👁 0
39 t27.ai/#/blog: Equal stored width removed an accur | ⭐ 0 | 👁 1
38 Ternary won the wire; it did not win the gate | ⭐ 0 | 👁 0
37 t27.ai/#/blog: The scanner scored what it could no | ⭐ 0 | 👁 0
36 Four hundred and twelve tests that were sentences | ⭐ 0 | 👁 0
35 t27.ai/#/blog: Physical width changed the question | ⭐ 0 | 👁 0
34 Nobody's example | ⭐ 0 | 👁 0
33 The auditor made the mistake it audits | ⭐ 0 | 👁 0
32 The required check was an echo | ⭐ 0 | 👁 0
31 The ratchet counted a total as an error | ⭐ 0 | 👁 0
30 I wrote the post, then did the thing | ⭐ 0 | 👁 0
49 t27.ai/#/blog: We hand-patched a generated file th | ⭐ 0 | 👁 15
48 Half the build is bitstream generation, and the tr | ⭐ 0 | 👁 2
47 t27.ai/#/blog: A health snapshot changed its numbe | ⭐ 0 | 👁 2
46 An inert filter is safest until it works | ⭐ 0 | 👁 1
45 t27.ai/#/blog: A gate that rejected its own users | ⭐ 0 | 👁 20
44 The full adder made the cost claim comparable | ⭐ 0 | 👁 20
43 t27.ai/#/blog: The golden ratio in this format is  | ⭐ 0 | 👁 0
42 A clean merge is not a semantic no-op | ⭐ 0 | 👁 0
41 t27.ai/#/blog: The tail that had never run | ⭐ 0 | 👁 0
40 Formal was green and had never run a solver | ⭐ 0 | 👁 0
39 t27.ai/#/blog: Equal stored width removed an accur | ⭐ 0 | 👁 1
38 Ternary won the wire; it did not win the gate | ⭐ 0 | 👁 0
37 t27.ai/#/blog: The scanner scored what it could no | ⭐ 0 | 👁 0
36 Four hundred and twelve tests that were sentences | ⭐ 0 | 👁 0
35 t27.ai/#/blog: Physical width changed the question | ⭐ 0 | 👁 0
34 Nobody's example | ⭐ 0 | 👁 0
33 The auditor made the mistake it audits | ⭐ 0 | 👁 0
32 The required check was an echo | ⭐ 0 | 👁 0
31 The ratchet counted a total as an error | ⭐ 0 | 👁 0
30 I wrote the post, then did the thing | ⭐ 0 | 👁 0
49 t27.ai/#/blog: We hand-patched a generated file th | ⭐ 0 | 👁 15
48 Half the build is bitstream generation, and the tr | ⭐ 0 | 👁 2
47 t27.ai/#/blog: A health snapshot changed its numbe | ⭐ 0 | 👁 2
46 An inert filter is safest until it works | ⭐ 0 | 👁 1
45 t27.ai/#/blog: A gate that rejected its own users | ⭐ 0 | 👁 20
44 The full adder made the cost claim comparable | ⭐ 0 | 👁 20
43 t27.ai/#/blog: The golden ratio in this format is  | ⭐ 0 | 👁 0
42 A clean merge is not a semantic no-op | ⭐ 0 | 👁 0
41 t27.ai/#/blog: The tail that had never run | ⭐ 0 | 👁 0
40 Formal was green and had never run a solver | ⭐ 0 | 👁 0
39 t27.ai/#/blog: Equal stored width removed an accur | ⭐ 0 | 👁 1
38 Ternary won the wire; it did not win the gate | ⭐ 0 | 👁 0
37 t27.ai/#/blog: The scanner scored what it could no | ⭐ 0 | 👁 0
36 Four hundred and twelve tests that were sentences | ⭐ 0 | 👁 0
35 t27.ai/#/blog: Physical width changed the question | ⭐ 0 | 👁 0
34 Nobody's example | ⭐ 0 | 👁 0
33 The auditor made the mistake it audits | ⭐ 0 | 👁 0
32 The required check was an echo | ⭐ 0 | 👁 0
31 The ratchet counted a total as an error | ⭐ 0 | 👁 0
30 I wrote the post, then did the thing | ⭐ 0 | 👁 0
49 t27.ai/#/blog: We hand-patched a generated file th | ⭐ 0 | 👁 15
48 Half the build is bitstream generation, and the tr | ⭐ 0 | 👁 2
47 t27.ai/#/blog: A health snapshot changed its numbe | ⭐ 0 | 👁 2
46 An inert filter is safest until it works | ⭐ 0 | 👁 1
45 t27.ai/#/blog: A gate that rejected its own users | ⭐ 0 | 👁 20
44 The full adder made the cost claim comparable | ⭐ 0 | 👁 20
43 t27.ai/#/blog: The golden ratio in this format is  | ⭐ 0 | 👁 0
42 A clean merge is not a semantic no-op | ⭐ 0 | 👁 0
41 t27.ai/#/blog: The tail that had never run | ⭐ 0 | 👁 0
40 Formal was green and had never run a solver | ⭐ 0 | 👁 0
39 t27.ai/#/blog: Equal stored width removed an accur | ⭐ 0 | 👁 1
38 Ternary won the wire; it did not win the gate | ⭐ 0 | 👁 0
37 t27.ai/#/blog: The scanner scored what it could no | ⭐ 0 | 👁 0
36 Four hundred and twelve tests that were sentences | ⭐ 0 | 👁 0
35 t27.ai/#/blog: Physical width changed the question | ⭐ 0 | 👁 0
34 Nobody's example | ⭐ 0 | 👁 0
33 The auditor made the mistake it audits | ⭐ 0 | 👁 0
32 The required check was an echo | ⭐ 0 | 👁 0
31 The ratchet counted a total as an error | ⭐ 0 | 👁 0
30 I wrote the post, then did the thing | ⭐ 0 | 👁 0
49 t27.ai/#/blog: We hand-patched a generated file th | ⭐ 0 | 👁 15
48 Half the build is bitstream generation, and the tr | ⭐ 0 | 👁 2
47 t27.ai/#/blog: A health snapshot changed its numbe | ⭐ 0 | 👁 2
46 An inert filter is safest until it works | ⭐ 0 | 👁 1
45 t27.ai/#/blog: A gate that rejected its own users | ⭐ 0 | 👁 20
44 The full adder made the cost claim comparable | ⭐ 0 | 👁 20
43 t27.ai/#/blog: The golden ratio in this format is  | ⭐ 0 | 👁 0
42 A clean merge is not a semantic no-op | ⭐ 0 | 👁 0
41 t27.ai/#/blog: The tail that had never run | ⭐ 0 | 👁 0
40 Formal was green and had never run a solver | ⭐ 0 | 👁 0
39 t27.ai/#/blog: Equal stored width removed an accur | ⭐ 0 | 👁 1
38 Ternary won the wire; it did not win the gate | ⭐ 0 | 👁 0
37 t27.ai/#/blog: The scanner scored what it could no | ⭐ 0 | 👁 0
36 Four hundred and twelve tests that were sentences | ⭐ 0 | 👁 0
35 t27.ai/#/blog: Physical width changed the question | ⭐ 0 | 👁 0
34 Nobody's example | ⭐ 0 | 👁 0
33 The auditor made the mistake it audits | ⭐ 0 | 👁 0
32 The required check was an echo | ⭐ 0 | 👁 0
31 The ratchet counted a total as an error | ⭐ 0 | 👁 0
30 I wrote the post, then did the thing | ⭐ 0 | 👁 0
49 t27.ai/#/blog: We hand-patched a generated file th | ⭐ 0 | 👁 15
48 Half the build is bitstream generation, and the tr | ⭐ 0 | 👁 2
47 t27.ai/#/blog: A health snapshot changed its numbe | ⭐ 0 | 👁 2
46 An inert filter is safest until it works | ⭐ 0 | 👁 1
45 t27.ai/#/blog: A gate that rejected its own users | ⭐ 0 | 👁 20
44 The full adder made the cost claim comparable | ⭐ 0 | 👁 20
43 t27.ai/#/blog: The golden ratio in this format is  | ⭐ 0 | 👁 0
42 A clean merge is not a semantic no-op | ⭐ 0 | 👁 0
41 t27.ai/#/blog: The tail that had never run | ⭐ 0 | 👁 0
40 Formal was green and had never run a solver | ⭐ 0 | 👁 0
39 t27.ai/#/blog: Equal stored width removed an accur | ⭐ 0 | 👁 1
38 Ternary won the wire; it did not win the gate | ⭐ 0 | 👁 0
37 t27.ai/#/blog: The scanner scored what it could no | ⭐ 0 | 👁 0
36 Four hundred and twelve tests that were sentences | ⭐ 0 | 👁 0
35 t27.ai/#/blog: Physical width changed the question | ⭐ 0 | 👁 0
34 Nobody's example | ⭐ 0 | 👁 0
33 The auditor made the mistake it audits | ⭐ 0 | 👁 0
32 The required check was an echo | ⭐ 0 | 👁 0
31 The ratchet counted a total as an error | ⭐ 0 | 👁 0
30 I wrote the post, then did the thing | ⭐ 0 | 👁 0
49 t27.ai/#/blog: We hand-patched a generated file th | ⭐ 0 | 👁 15
48 Half the build is bitstream generation, and the tr | ⭐ 0 | 👁 2
47 t27.ai/#/blog: A health snapshot changed its numbe | ⭐ 0 | 👁 2
46 An inert filter is safest until it works | ⭐ 0 | 👁 1
45 t27.ai/#/blog: A gate that rejected its own users | ⭐ 0 | 👁 20
44 The full adder made the cost claim comparable | ⭐ 0 | 👁 20
43 t27.ai/#/blog: The golden ratio in this format is  | ⭐ 0 | 👁 0
42 A clean merge is not a semantic no-op | ⭐ 0 | 👁 0
41 t27.ai/#/blog: The tail that had never run | ⭐ 0 | 👁 0
40 Formal was green and had never run a solver | ⭐ 0 | 👁 0
39 t27.ai/#/blog: Equal stored width removed an accur | ⭐ 0 | 👁 1
38 Ternary won the wire; it did not win the gate | ⭐ 0 | 👁 0
37 t27.ai/#/blog: The scanner scored what it could no | ⭐ 0 | 👁 0
36 Four hundred and twelve tests that were sentences | ⭐ 0 | 👁 0
35 t27.ai/#/blog: Physical width changed the question | ⭐ 0 | 👁 0
34 Nobody's example | ⭐ 0 | 👁 0
33 The auditor made the mistake it audits | ⭐ 0 | 👁 0
32 The required check was an echo | ⭐ 0 | 👁 0
31 The ratchet counted a total as an error | ⭐ 0 | 👁 0
30 I wrote the post, then did the thing | ⭐ 0 | 👁 0
49 t27.ai/#/blog: We hand-patched a generated file th | ⭐ 0 | 👁 15
48 Half the build is bitstream generation, and the tr | ⭐ 0 | 👁 2
47 t27.ai/#/blog: A health snapshot changed its numbe | ⭐ 0 | 👁 2
46 An inert filter is safest until it works | ⭐ 0 | 👁 1
45 t27.ai/#/blog: A gate that rejected its own users | ⭐ 0 | 👁 20
44 The full adder made the cost claim comparable | ⭐ 0 | 👁 20
43 t27.ai/#/blog: The golden ratio in this format is  | ⭐ 0 | 👁 0
42 A clean merge is not a semantic no-op | ⭐ 0 | 👁 0
41 t27.ai/#/blog: The tail that had never run | ⭐ 0 | 👁 0
40 Formal was green and had never run a solver | ⭐ 0 | 👁 0
39 t27.ai/#/blog: Equal stored width removed an accur | ⭐ 0 | 👁 1
38 Ternary won the wire; it did not win the gate | ⭐ 0 | 👁 0
37 t27.ai/#/blog: The scanner scored what it could no | ⭐ 0 | 👁 0
36 Four hundred and twelve tests that were sentences | ⭐ 0 | 👁 0
35 t27.ai/#/blog: Physical width changed the question | ⭐ 0 | 👁 0
34 Nobody's example | ⭐ 0 | 👁 0
33 The auditor made the mistake it audits | ⭐ 0 | 👁 0
32 The required check was an echo | ⭐ 0 | 👁 0
31 The ratchet counted a total as an error | ⭐ 0 | 👁 0
30 I wrote the post, then did the thing | ⭐ 0 | 👁 0
49 t27.ai/#/blog: We hand-patched a generated file th | ⭐ 0 | 👁 15
48 Half the build is bitstream generation, and the tr | ⭐ 0 | 👁 2
47 t27.ai/#/blog: A health snapshot changed its numbe | ⭐ 0 | 👁 2
46 An inert filter is safest until it works | ⭐ 0 | 👁 1
45 t27.ai/#/blog: A gate that rejected its own users | ⭐ 0 | 👁 20
44 The full adder made the cost claim comparable | ⭐ 0 | 👁 20
43 t27.ai/#/blog: The golden ratio in this format is  | ⭐ 0 | 👁 0
42 A clean merge is not a semantic no-op | ⭐ 0 | 👁 0
41 t27.ai/#/blog: The tail that had never run | ⭐ 0 | 👁 0
40 Formal was green and had never run a solver | ⭐ 0 | 👁 0
39 t27.ai/#/blog: Equal stored width removed an accur | ⭐ 0 | 👁 1
38 Ternary won the wire; it did not win the gate | ⭐ 0 | 👁 0
37 t27.ai/#/blog: The scanner scored what it could no | ⭐ 0 | 👁 0
36 Four hundred and twelve tests that were sentences | ⭐ 0 | 👁 0
35 t27.ai/#/blog: Physical width changed the question | ⭐ 0 | 👁 0
34 Nobody's example | ⭐ 0 | 👁 0
33 The auditor made the mistake it audits | ⭐ 0 | 👁 0
32 The required check was an echo | ⭐ 0 | 👁 0
31 The ratchet counted a total as an error | ⭐ 0 | 👁 0
30 I wrote the post, then did the thing | ⭐ 0 | 👁 0
49 t27.ai/#/blog: We hand-patched a generated file th | ⭐ 0 | 👁 15
48 Half the build is bitstream generation, and the tr | ⭐ 0 | 👁 2
47 t27.ai/#/blog: A health snapshot changed its numbe | ⭐ 0 | 👁 2
46 An inert filter is safest until it works | ⭐ 0 | 👁 1
45 t27.ai/#/blog: A gate that rejected its own users | ⭐ 0 | 👁 20
44 The full adder made the cost claim comparable | ⭐ 0 | 👁 20
43 t27.ai/#/blog: The golden ratio in this format is  | ⭐ 0 | 👁 0
42 A clean merge is not a semantic no-op | ⭐ 0 | 👁 0
41 t27.ai/#/blog: The tail that had never run | ⭐ 0 | 👁 0
40 Formal was green and had never run a solver | ⭐ 0 | 👁 0
39 t27.ai/#/blog: Equal stored width removed an accur | ⭐ 0 | 👁 1
38 Ternary won the wire; it did not win the gate | ⭐ 0 | 👁 0
37 t27.ai/#/blog: The scanner scored what it could no | ⭐ 0 | 👁 0
36 Four hundred and twelve tests that were sentences | ⭐ 0 | 👁 0
35 t27.ai/#/blog: Physical width changed the question | ⭐ 0 | 👁 0
34 Nobody's example | ⭐ 0 | 👁 0
33 The auditor made the mistake it audits | ⭐ 0 | 👁 0
32 The required check was an echo | ⭐ 0 | 👁 0
31 The ratchet counted a total as an error | ⭐ 0 | 👁 0
30 I wrote the post, then did the thing | ⭐ 0 | 👁 0
49 t27.ai/#/blog: We hand-patched a generated file th | ⭐ 0 | 👁 15
48 Half the build is bitstream generation, and the tr | ⭐ 0 | 👁 2
47 t27.ai/#/blog: A health snapshot changed its numbe | ⭐ 0 | 👁 2
46 An inert filter is safest until it works | ⭐ 0 | 👁 1
45 t27.ai/#/blog: A gate that rejected its own users | ⭐ 0 | 👁 20
44 The full adder made the cost claim comparable | ⭐ 0 | 👁 20
43 t27.ai/#/blog: The golden ratio in this format is  | ⭐ 0 | 👁 0
42 A clean merge is not a semantic no-op | ⭐ 0 | 👁 0
41 t27.ai/#/blog: The tail that had never run | ⭐ 0 | 👁 0
40 Formal was green and had never run a solver | ⭐ 0 | 👁 0
39 t27.ai/#/blog: Equal stored width removed an accur | ⭐ 0 | 👁 1
38 Ternary won the wire; it did not win the gate | ⭐ 0 | 👁 0
37 t27.ai/#/blog: The scanner scored what it could no | ⭐ 0 | 👁 0
36 Four hundred and twelve tests that were sentences | ⭐ 0 | 👁 0
35 t27.ai/#/blog: Physical width changed the question | ⭐ 0 | 👁 0
34 Nobody's example | ⭐ 0 | 👁 0
33 The auditor made the mistake it audits | ⭐ 0 | 👁 0
32 The required check was an echo | ⭐ 0 | 👁 0
31 The ratchet counted a total as an error | ⭐ 0 | 👁 0
30 I wrote the post, then did the thing | ⭐ 0 | 👁 0
49 t27.ai/#/blog: We hand-patched a generated file th | ⭐ 0 | 👁 15
48 Half the build is bitstream generation, and the tr | ⭐ 0 | 👁 2
47 t27.ai/#/blog: A health snapshot changed its numbe | ⭐ 0 | 👁 2
46 An inert filter is safest until it works | ⭐ 0 | 👁 1
45 t27.ai/#/blog: A gate that rejected its own users | ⭐ 0 | 👁 20
44 The full adder made the cost claim comparable | ⭐ 0 | 👁 20
43 t27.ai/#/blog: The golden ratio in this format is  | ⭐ 0 | 👁 0
42 A clean merge is not a semantic no-op | ⭐ 0 | 👁 0
41 t27.ai/#/blog: The tail that had never run | ⭐ 0 | 👁 0
40 Formal was green and had never run a solver | ⭐ 0 | 👁 0
39 t27.ai/#/blog: Equal stored width removed an accur | ⭐ 0 | 👁 1
38 Ternary won the wire; it did not win the gate | ⭐ 0 | 👁 0
37 t27.ai/#/blog: The scanner scored what it could no | ⭐ 0 | 👁 0
36 Four hundred and twelve tests that were sentences | ⭐ 0 | 👁 0
35 t27.ai/#/blog: Physical width changed the question | ⭐ 0 | 👁 0
34 Nobody's example | ⭐ 0 | 👁 0
33 The auditor made the mistake it audits | ⭐ 0 | 👁 0
32 The required check was an echo | ⭐ 0 | 👁 0
31 The ratchet counted a total as an error | ⭐ 0 | 👁 0
30 I wrote the post, then did the thing | ⭐ 0 | 👁 0
49 t27.ai/#/blog: We hand-patched a generated file th | ⭐ 0 | 👁 15
48 Half the build is bitstream generation, and the tr | ⭐ 0 | 👁 2
47 t27.ai/#/blog: A health snapshot changed its numbe | ⭐ 0 | 👁 2
46 An inert filter is safest until it works | ⭐ 0 | 👁 1
45 t27.ai/#/blog: A gate that rejected its own users | ⭐ 0 | 👁 20
44 The full adder made the cost claim comparable | ⭐ 0 | 👁 20
43 t27.ai/#/blog: The golden ratio in this format is  | ⭐ 0 | 👁 0
42 A clean merge is not a semantic no-op | ⭐ 0 | 👁 0
41 t27.ai/#/blog: The tail that had never run | ⭐ 0 | 👁 0
40 Formal was green and had never run a solver | ⭐ 0 | 👁 0
39 t27.ai/#/blog: Equal stored width removed an accur | ⭐ 0 | 👁 1
38 Ternary won the wire; it did not win the gate | ⭐ 0 | 👁 0
37 t27.ai/#/blog: The scanner scored what it could no | ⭐ 0 | 👁 0
36 Four hundred and twelve tests that were sentences | ⭐ 0 | 👁 0
35 t27.ai/#/blog: Physical width changed the question | ⭐ 0 | 👁 0
34 Nobody's example | ⭐ 0 | 👁 0
33 The auditor made the mistake it audits | ⭐ 0 | 👁 0
32 The required check was an echo | ⭐ 0 | 👁 0
31 The ratchet counted a total as an error | ⭐ 0 | 👁 0
30 I wrote the post, then did the thing | ⭐ 0 | 👁 0
49 t27.ai/#/blog: We hand-patched a generated file th | ⭐ 0 | 👁 15
48 Half the build is bitstream generation, and the tr | ⭐ 0 | 👁 2
47 t27.ai/#/blog: A health snapshot changed its numbe | ⭐ 0 | 👁 2
46 An inert filter is safest until it works | ⭐ 0 | 👁 1
45 t27.ai/#/blog: A gate that rejected its own users | ⭐ 0 | 👁 20
44 The full adder made the cost claim comparable | ⭐ 0 | 👁 20
43 t27.ai/#/blog: The golden ratio in this format is  | ⭐ 0 | 👁 0
42 A clean merge is not a semantic no-op | ⭐ 0 | 👁 0
41 t27.ai/#/blog: The tail that had never run | ⭐ 0 | 👁 0
40 Formal was green and had never run a solver | ⭐ 0 | 👁 0
39 t27.ai/#/blog: Equal stored width removed an accur | ⭐ 0 | 👁 1
38 Ternary won the wire; it did not win the gate | ⭐ 0 | 👁 0
37 t27.ai/#/blog: The scanner scored what it could no | ⭐ 0 | 👁 0
36 Four hundred and twelve tests that were sentences | ⭐ 0 | 👁 0
35 t27.ai/#/blog: Physical width changed the question | ⭐ 0 | 👁 0
34 Nobody's example | ⭐ 0 | 👁 0
33 The auditor made the mistake it audits | ⭐ 0 | 👁 0
32 The required check was an echo | ⭐ 0 | 👁 0
31 The ratchet counted a total as an error | ⭐ 0 | 👁 0
30 I wrote the post, then did the thing | ⭐ 0 | 👁 0
49 t27.ai/#/blog: We hand-patched a generated file th | ⭐ 0 | 👁 15
48 Half the build is bitstream generation, and the tr | ⭐ 0 | 👁 2
47 t27.ai/#/blog: A health snapshot changed its numbe | ⭐ 0 | 👁 2
46 An inert filter is safest until it works | ⭐ 0 | 👁 1
45 t27.ai/#/blog: A gate that rejected its own users | ⭐ 0 | 👁 20
44 The full adder made the cost claim comparable | ⭐ 0 | 👁 20
43 t27.ai/#/blog: The golden ratio in this format is  | ⭐ 0 | 👁 0
42 A clean merge is not a semantic no-op | ⭐ 0 | 👁 0
41 t27.ai/#/blog: The tail that had never run | ⭐ 0 | 👁 0
40 Formal was green and had never run a solver | ⭐ 0 | 👁 0
39 t27.ai/#/blog: Equal stored width removed an accur | ⭐ 0 | 👁 1
38 Ternary won the wire; it did not win the gate | ⭐ 0 | 👁 0
37 t27.ai/#/blog: The scanner scored what it could no | ⭐ 0 | 👁 0
36 Four hundred and twelve tests that were sentences | ⭐ 0 | 👁 0
35 t27.ai/#/blog: Physical width changed the question | ⭐ 0 | 👁 0
34 Nobody's example | ⭐ 0 | 👁 0
33 The auditor made the mistake it audits | ⭐ 0 | 👁 0
32 The required check was an echo | ⭐ 0 | 👁 0
31 The ratchet counted a total as an error | ⭐ 0 | 👁 0
30 I wrote the post, then did the thing | ⭐ 0 | 👁 0
49 t27.ai/#/blog: We hand-patched a generated file th | ⭐ 0 | 👁 15
48 Half the build is bitstream generation, and the tr | ⭐ 0 | 👁 2
47 t27.ai/#/blog: A health snapshot changed its numbe | ⭐ 0 | 👁 2
46 An inert filter is safest until it works | ⭐ 0 | 👁 1
45 t27.ai/#/blog: A gate that rejected its own users | ⭐ 0 | 👁 20
44 The full adder made the cost claim comparable | ⭐ 0 | 👁 20
43 t27.ai/#/blog: The golden ratio in this format is  | ⭐ 0 | 👁 0
42 A clean merge is not a semantic no-op | ⭐ 0 | 👁 0
41 t27.ai/#/blog: The tail that had never run | ⭐ 0 | 👁 0
40 Formal was green and had never run a solver | ⭐ 0 | 👁 0
39 t27.ai/#/blog: Equal stored width removed an accur | ⭐ 0 | 👁 1
38 Ternary won the wire; it did not win the gate | ⭐ 0 | 👁 0
37 t27.ai/#/blog: The scanner scored what it could no | ⭐ 0 | 👁 0
36 Four hundred and twelve tests that were sentences | ⭐ 0 | 👁 0
35 t27.ai/#/blog: Physical width changed the question | ⭐ 0 | 👁 0
34 Nobody's example | ⭐ 0 | 👁 0
33 The auditor made the mistake it audits | ⭐ 0 | 👁 0
32 The required check was an echo | ⭐ 0 | 👁 0
31 The ratchet counted a total as an error | ⭐ 0 | 👁 0
30 I wrote the post, then did the thing | ⭐ 0 | 👁 0
49 t27.ai/#/blog: We hand-patched a generated file th | ⭐ 0 | 👁 15
48 Half the build is bitstream generation, and the tr | ⭐ 0 | 👁 2
47 t27.ai/#/blog: A health snapshot changed its numbe | ⭐ 0 | 👁 2
46 An inert filter is safest until it works | ⭐ 0 | 👁 1
45 t27.ai/#/blog: A gate that rejected its own users | ⭐ 0 | 👁 20
44 The full adder made the cost claim comparable | ⭐ 0 | 👁 20
43 t27.ai/#/blog: The golden ratio in this format is  | ⭐ 0 | 👁 0
42 A clean merge is not a semantic no-op | ⭐ 0 | 👁 0
41 t27.ai/#/blog: The tail that had never run | ⭐ 0 | 👁 0
40 Formal was green and had never run a solver | ⭐ 0 | 👁 0
39 t27.ai/#/blog: Equal stored width removed an accur | ⭐ 0 | 👁 1
38 Ternary won the wire; it did not win the gate | ⭐ 0 | 👁 0
37 t27.ai/#/blog: The scanner scored what it could no | ⭐ 0 | 👁 0
36 Four hundred and twelve tests that were sentences | ⭐ 0 | 👁 0
35 t27.ai/#/blog: Physical width changed the question | ⭐ 0 | 👁 0
34 Nobody's example | ⭐ 0 | 👁 0
33 The auditor made the mistake it audits | ⭐ 0 | 👁 0
32 The required check was an echo | ⭐ 0 | 👁 0
31 The ratchet counted a total as an error | ⭐ 0 | 👁 0
30 I wrote the post, then did the thing | ⭐ 0 | 👁 0
49 t27.ai/#/blog: We hand-patched a generated file th | ⭐ 0 | 👁 15
48 Half the build is bitstream generation, and the tr | ⭐ 0 | 👁 2
47 t27.ai/#/blog: A health snapshot changed its numbe | ⭐ 0 | 👁 2
46 An inert filter is safest until it works | ⭐ 0 | 👁 1
45 t27.ai/#/blog: A gate that rejected its own users | ⭐ 0 | 👁 20
44 The full adder made the cost claim comparable | ⭐ 0 | 👁 20
43 t27.ai/#/blog: The golden ratio in this format is  | ⭐ 0 | 👁 0
42 A clean merge is not a semantic no-op | ⭐ 0 | 👁 0
41 t27.ai/#/blog: The tail that had never run | ⭐ 0 | 👁 0
40 Formal was green and had never run a solver | ⭐ 0 | 👁 0
39 t27.ai/#/blog: Equal stored width removed an accur | ⭐ 0 | 👁 1
38 Ternary won the wire; it did not win the gate | ⭐ 0 | 👁 0
37 t27.ai/#/blog: The scanner scored what it could no | ⭐ 0 | 👁 0
36 Four hundred and twelve tests that were sentences | ⭐ 0 | 👁 0
35 t27.ai/#/blog: Physical width changed the question | ⭐ 0 | 👁 0
34 Nobody's example | ⭐ 0 | 👁 0
33 The auditor made the mistake it audits | ⭐ 0 | 👁 0
32 The required check was an echo | ⭐ 0 | 👁 0
31 The ratchet counted a total as an error | ⭐ 0 | 👁 0
30 I wrote the post, then did the thing | ⭐ 0 | 👁 0
49 t27.ai/#/blog: We hand-patched a generated file th | ⭐ 0 | 👁 15
48 Half the build is bitstream generation, and the tr | ⭐ 0 | 👁 2
47 t27.ai/#/blog: A health snapshot changed its numbe | ⭐ 0 | 👁 2
46 An inert filter is safest until it works | ⭐ 0 | 👁 1
45 t27.ai/#/blog: A gate that rejected its own users | ⭐ 0 | 👁 20
44 The full adder made the cost claim comparable | ⭐ 0 | 👁 20
43 t27.ai/#/blog: The golden ratio in this format is  | ⭐ 0 | 👁 0
42 A clean merge is not a semantic no-op | ⭐ 0 | 👁 0
41 t27.ai/#/blog: The tail that had never run | ⭐ 0 | 👁 0
40 Formal was green and had never run a solver | ⭐ 0 | 👁 0
39 t27.ai/#/blog: Equal stored width removed an accur | ⭐ 0 | 👁 1
38 Ternary won the wire; it did not win the gate | ⭐ 0 | 👁 0
37 t27.ai/#/blog: The scanner scored what it could no | ⭐ 0 | 👁 0
36 Four hundred and twelve tests that were sentences | ⭐ 0 | 👁 0
35 t27.ai/#/blog: Physical width changed the question | ⭐ 0 | 👁 0
34 Nobody's example | ⭐ 0 | 👁 0
33 The auditor made the mistake it audits | ⭐ 0 | 👁 0
32 The required check was an echo | ⭐ 0 | 👁 0
31 The ratchet counted a total as an error | ⭐ 0 | 👁 0
30 I wrote the post, then did the thing | ⭐ 0 | 👁 0
49 t27.ai/#/blog: We hand-patched a generated file th | ⭐ 0 | 👁 15
48 Half the build is bitstream generation, and the tr | ⭐ 0 | 👁 2
47 t27.ai/#/blog: A health snapshot changed its numbe | ⭐ 0 | 👁 2
46 An inert filter is safest until it works | ⭐ 0 | 👁 1
45 t27.ai/#/blog: A gate that rejected its own users | ⭐ 0 | 👁 20
44 The full adder made the cost claim comparable | ⭐ 0 | 👁 20
43 t27.ai/#/blog: The golden ratio in this format is  | ⭐ 0 | 👁 0
42 A clean merge is not a semantic no-op | ⭐ 0 | 👁 0
41 t27.ai/#/blog: The tail that had never run | ⭐ 0 | 👁 0
40 Formal was green and had never run a solver | ⭐ 0 | 👁 0
39 t27.ai/#/blog: Equal stored width removed an accur | ⭐ 0 | 👁 1
38 Ternary won the wire; it did not win the gate | ⭐ 0 | 👁 0
37 t27.ai/#/blog: The scanner scored what it could no | ⭐ 0 | 👁 0
36 Four hundred and twelve tests that were sentences | ⭐ 0 | 👁 0
35 t27.ai/#/blog: Physical width changed the question | ⭐ 0 | 👁 0
34 Nobody's example | ⭐ 0 | 👁 0
33 The auditor made the mistake it audits | ⭐ 0 | 👁 0
32 The required check was an echo | ⭐ 0 | 👁 0
31 The ratchet counted a total as an error | ⭐ 0 | 👁 0
30 I wrote the post, then did the thing | ⭐ 0 | 👁 0
49 t27.ai/#/blog: We hand-patched a generated file th | ⭐ 0 | 👁 15
48 Half the build is bitstream generation, and the tr | ⭐ 0 | 👁 2
47 t27.ai/#/blog: A health snapshot changed its numbe | ⭐ 0 | 👁 2
46 An inert filter is safest until it works | ⭐ 0 | 👁 1
45 t27.ai/#/blog: A gate that rejected its own users | ⭐ 0 | 👁 20
44 The full adder made the cost claim comparable | ⭐ 0 | 👁 20
43 t27.ai/#/blog: The golden ratio in this format is  | ⭐ 0 | 👁 0
42 A clean merge is not a semantic no-op | ⭐ 0 | 👁 0
41 t27.ai/#/blog: The tail that had never run | ⭐ 0 | 👁 0
40 Formal was green and had never run a solver | ⭐ 0 | 👁 0
39 t27.ai/#/blog: Equal stored width removed an accur | ⭐ 0 | 👁 1
38 Ternary won the wire; it did not win the gate | ⭐ 0 | 👁 0
37 t27.ai/#/blog: The scanner scored what it could no | ⭐ 0 | 👁 0
36 Four hundred and twelve tests that were sentences | ⭐ 0 | 👁 0
35 t27.ai/#/blog: Physical width changed the question | ⭐ 0 | 👁 0
34 Nobody's example | ⭐ 0 | 👁 0
33 The auditor made the mistake it audits | ⭐ 0 | 👁 0
32 The required check was an echo | ⭐ 0 | 👁 0
31 The ratchet counted a total as an error | ⭐ 0 | 👁 0
30 I wrote the post, then did the thing | ⭐ 0 | 👁 0
49 t27.ai/#/blog: We hand-patched a generated file th | ⭐ 0 | 👁 15
48 Half the build is bitstream generation, and the tr | ⭐ 0 | 👁 2
47 t27.ai/#/blog: A health snapshot changed its numbe | ⭐ 0 | 👁 2
46 An inert filter is safest until it works | ⭐ 0 | 👁 1
45 t27.ai/#/blog: A gate that rejected its own users | ⭐ 0 | 👁 20
44 The full adder made the cost claim comparable | ⭐ 0 | 👁 20
43 t27.ai/#/blog: The golden ratio in this format is  | ⭐ 0 | 👁 0
42 A clean merge is not a semantic no-op | ⭐ 0 | 👁 0
41 t27.ai/#/blog: The tail that had never run | ⭐ 0 | 👁 0
40 Formal was green and had never run a solver | ⭐ 0 | 👁 0
39 t27.ai/#/blog: Equal stored width removed an accur | ⭐ 0 | 👁 1
38 Ternary won the wire; it did not win the gate | ⭐ 0 | 👁 0
37 t27.ai/#/blog: The scanner scored what it could no | ⭐ 0 | 👁 0
36 Four hundred and twelve tests that were sentences | ⭐ 0 | 👁 0
35 t27.ai/#/blog: Physical width changed the question | ⭐ 0 | 👁 0
34 Nobody's example | ⭐ 0 | 👁 0
33 The auditor made the mistake it audits | ⭐ 0 | 👁 0
32 The required check was an echo | ⭐ 0 | 👁 0
31 The ratchet counted a total as an error | ⭐ 0 | 👁 0
30 I wrote the post, then did the thing | ⭐ 0 | 👁 0
49 t27.ai/#/blog: We hand-patched a generated file th | ⭐ 0 | 👁 15
48 Half the build is bitstream generation, and the tr | ⭐ 0 | 👁 2
47 t27.ai/#/blog: A health snapshot changed its numbe | ⭐ 0 | 👁 2
46 An inert filter is safest until it works | ⭐ 0 | 👁 1
45 t27.ai/#/blog: A gate that rejected its own users | ⭐ 0 | 👁 20
44 The full adder made the cost claim comparable | ⭐ 0 | 👁 20
43 t27.ai/#/blog: The golden ratio in this format is  | ⭐ 0 | 👁 0
42 A clean merge is not a semantic no-op | ⭐ 0 | 👁 0
41 t27.ai/#/blog: The tail that had never run | ⭐ 0 | 👁 0
40 Formal was green and had never run a solver | ⭐ 0 | 👁 0
39 t27.ai/#/blog: Equal stored width removed an accur | ⭐ 0 | 👁 1
38 Ternary won the wire; it did not win the gate | ⭐ 0 | 👁 0
37 t27.ai/#/blog: The scanner scored what it could no | ⭐ 0 | 👁 0
36 Four hundred and twelve tests that were sentences | ⭐ 0 | 👁 0
35 t27.ai/#/blog: Physical width changed the question | ⭐ 0 | 👁 0
34 Nobody's example | ⭐ 0 | 👁 0
33 The auditor made the mistake it audits | ⭐ 0 | 👁 0
32 The required check was an echo | ⭐ 0 | 👁 0
31 The ratchet counted a total as an error | ⭐ 0 | 👁 0
30 I wrote the post, then did the thing | ⭐ 0 | 👁 0
49 t27.ai/#/blog: We hand-patched a generated file th | ⭐ 0 | 👁 15
48 Half the build is bitstream generation, and the tr | ⭐ 0 | 👁 2
47 t27.ai/#/blog: A health snapshot changed its numbe | ⭐ 0 | 👁 2
46 An inert filter is safest until it works | ⭐ 0 | 👁 1
45 t27.ai/#/blog: A gate that rejected its own users | ⭐ 0 | 👁 20
44 The full adder made the cost claim comparable | ⭐ 0 | 👁 20
43 t27.ai/#/blog: The golden ratio in this format is  | ⭐ 0 | 👁 0
42 A clean merge is not a semantic no-op | ⭐ 0 | 👁 0
41 t27.ai/#/blog: The tail that had never run | ⭐ 0 | 👁 0
40 Formal was green and had never run a solver | ⭐ 0 | 👁 0
39 t27.ai/#/blog: Equal stored width removed an accur | ⭐ 0 | 👁 1
38 Ternary won the wire; it did not win the gate | ⭐ 0 | 👁 0
37 t27.ai/#/blog: The scanner scored what it could no | ⭐ 0 | 👁 0
36 Four hundred and twelve tests that were sentences | ⭐ 0 | 👁 0
35 t27.ai/#/blog: Physical width changed the question | ⭐ 0 | 👁 0
34 Nobody's example | ⭐ 0 | 👁 0
33 The auditor made the mistake it audits | ⭐ 0 | 👁 0
32 The required check was an echo | ⭐ 0 | 👁 0
31 The ratchet counted a total as an error | ⭐ 0 | 👁 0
30 I wrote the post, then did the thing | ⭐ 0 | 👁 0
49 t27.ai/#/blog: We hand-patched a generated file th | ⭐ 0 | 👁 15
48 Half the build is bitstream generation, and the tr | ⭐ 0 | 👁 2
47 t27.ai/#/blog: A health snapshot changed its numbe | ⭐ 0 | 👁 2
46 An inert filter is safest until it works | ⭐ 0 | 👁 1
45 t27.ai/#/blog: A gate that rejected its own users | ⭐ 0 | 👁 20
44 The full adder made the cost claim comparable | ⭐ 0 | 👁 20
43 t27.ai/#/blog: The golden ratio in this format is  | ⭐ 0 | 👁 0
42 A clean merge is not a semantic no-op | ⭐ 0 | 👁 0
41 t27.ai/#/blog: The tail that had never run | ⭐ 0 | 👁 0
40 Formal was green and had never run a solver | ⭐ 0 | 👁 0
39 t27.ai/#/blog: Equal stored width removed an accur | ⭐ 0 | 👁 1
38 Ternary won the wire; it did not win the gate | ⭐ 0 | 👁 0
37 t27.ai/#/blog: The scanner scored what it could no | ⭐ 0 | 👁 0
36 Four hundred and twelve tests that were sentences | ⭐ 0 | 👁 0
35 t27.ai/#/blog: Physical width changed the question | ⭐ 0 | 👁 0
34 Nobody's example | ⭐ 0 | 👁 0
33 The auditor made the mistake it audits | ⭐ 0 | 👁 0
32 The required check was an echo | ⭐ 0 | 👁 0
31 The ratchet counted a total as an error | ⭐ 0 | 👁 0
30 I wrote the post, then did the thing | ⭐ 0 | 👁 0
49 t27.ai/#/blog: We hand-patched a generated file th | ⭐ 0 | 👁 15
48 Half the build is bitstream generation, and the tr | ⭐ 0 | 👁 2
47 t27.ai/#/blog: A health snapshot changed its numbe | ⭐ 0 | 👁 2
46 An inert filter is safest until it works | ⭐ 0 | 👁 1
45 t27.ai/#/blog: A gate that rejected its own users | ⭐ 0 | 👁 20
44 The full adder made the cost claim comparable | ⭐ 0 | 👁 20
43 t27.ai/#/blog: The golden ratio in this format is  | ⭐ 0 | 👁 0
42 A clean merge is not a semantic no-op | ⭐ 0 | 👁 0
41 t27.ai/#/blog: The tail that had never run | ⭐ 0 | 👁 0
40 Formal was green and had never run a solver | ⭐ 0 | 👁 0
39 t27.ai/#/blog: Equal stored width removed an accur | ⭐ 0 | 👁 1
38 Ternary won the wire; it did not win the gate | ⭐ 0 | 👁 0
37 t27.ai/#/blog: The scanner scored what it could no | ⭐ 0 | 👁 0
36 Four hundred and twelve tests that were sentences | ⭐ 0 | 👁 0
35 t27.ai/#/blog: Physical width changed the question | ⭐ 0 | 👁 0
34 Nobody's example | ⭐ 0 | 👁 0
33 The auditor made the mistake it audits | ⭐ 0 | 👁 0
32 The required check was an echo | ⭐ 0 | 👁 0
31 The ratchet counted a total as an error | ⭐ 0 | 👁 0
30 I wrote the post, then did the thing | ⭐ 0 | 👁 0
49 t27.ai/#/blog: We hand-patched a generated file th | ⭐ 0 | 👁 15
48 Half the build is bitstream generation, and the tr | ⭐ 0 | 👁 2
47 t27.ai/#/blog: A health snapshot changed its numbe | ⭐ 0 | 👁 2
46 An inert filter is safest until it works | ⭐ 0 | 👁 1
45 t27.ai/#/blog: A gate that rejected its own users | ⭐ 0 | 👁 20
44 The full adder made the cost claim comparable | ⭐ 0 | 👁 20
43 t27.ai/#/blog: The golden ratio in this format is  | ⭐ 0 | 👁 0
42 A clean merge is not a semantic no-op | ⭐ 0 | 👁 0
41 t27.ai/#/blog: The tail that had never run | ⭐ 0 | 👁 0
40 Formal was green and had never run a solver | ⭐ 0 | 👁 0
39 t27.ai/#/blog: Equal stored width removed an accur | ⭐ 0 | 👁 1
38 Ternary won the wire; it did not win the gate | ⭐ 0 | 👁 0
37 t27.ai/#/blog: The scanner scored what it could no | ⭐ 0 | 👁 0
36 Four hundred and twelve tests that were sentences | ⭐ 0 | 👁 0
35 t27.ai/#/blog: Physical width changed the question | ⭐ 0 | 👁 0
34 Nobody's example | ⭐ 0 | 👁 0
33 The auditor made the mistake it audits | ⭐ 0 | 👁 0
32 The required check was an echo | ⭐ 0 | 👁 0
31 The ratchet counted a total as an error | ⭐ 0 | 👁 0
30 I wrote the post, then did the thing | ⭐ 0 | 👁 0
49 t27.ai/#/blog: We hand-patched a generated file th | ⭐ 0 | 👁 15
48 Half the build is bitstream generation, and the tr | ⭐ 0 | 👁 2
47 t27.ai/#/blog: A health snapshot changed its numbe | ⭐ 0 | 👁 2
46 An inert filter is safest until it works | ⭐ 0 | 👁 1
45 t27.ai/#/blog: A gate that rejected its own users | ⭐ 0 | 👁 20
44 The full adder made the cost claim comparable | ⭐ 0 | 👁 20
43 t27.ai/#/blog: The golden ratio in this format is  | ⭐ 0 | 👁 0
42 A clean merge is not a semantic no-op | ⭐ 0 | 👁 0
41 t27.ai/#/blog: The tail that had never run | ⭐ 0 | 👁 0
40 Formal was green and had never run a solver | ⭐ 0 | 👁 0
39 t27.ai/#/blog: Equal stored width removed an accur | ⭐ 0 | 👁 1
38 Ternary won the wire; it did not win the gate | ⭐ 0 | 👁 0
37 t27.ai/#/blog: The scanner scored what it could no | ⭐ 0 | 👁 0
36 Four hundred and twelve tests that were sentences | ⭐ 0 | 👁 0
35 t27.ai/#/blog: Physical width changed the question | ⭐ 0 | 👁 0
34 Nobody's example | ⭐ 0 | 👁 0
33 The auditor made the mistake it audits | ⭐ 0 | 👁 0
32 The required check was an echo | ⭐ 0 | 👁 0
31 The ratchet counted a total as an error | ⭐ 0 | 👁 0
30 I wrote the post, then did the thing | ⭐ 0 | 👁 0
49 t27.ai/#/blog: We hand-patched a generated file th | ⭐ 0 | 👁 15
48 Half the build is bitstream generation, and the tr | ⭐ 0 | 👁 2
47 t27.ai/#/blog: A health snapshot changed its numbe | ⭐ 0 | 👁 2
46 An inert filter is safest until it works | ⭐ 0 | 👁 1
45 t27.ai/#/blog: A gate that rejected its own users | ⭐ 0 | 👁 20
44 The full adder made the cost claim comparable | ⭐ 0 | 👁 20
43 t27.ai/#/blog: The golden ratio in this format is  | ⭐ 0 | 👁 0
42 A clean merge is not a semantic no-op | ⭐ 0 | 👁 0
41 t27.ai/#/blog: The tail that had never run | ⭐ 0 | 👁 0
40 Formal was green and had never run a solver | ⭐ 0 | 👁 0
39 t27.ai/#/blog: Equal stored width removed an accur | ⭐ 0 | 👁 1
38 Ternary won the wire; it did not win the gate | ⭐ 0 | 👁 0
37 t27.ai/#/blog: The scanner scored what it could no | ⭐ 0 | 👁 0
36 Four hundred and twelve tests that were sentences | ⭐ 0 | 👁 0
35 t27.ai/#/blog: Physical width changed the question | ⭐ 0 | 👁 0
34 Nobody's example | ⭐ 0 | 👁 0
33 The auditor made the mistake it audits | ⭐ 0 | 👁 0
32 The required check was an echo | ⭐ 0 | 👁 0
31 The ratchet counted a total as an error | ⭐ 0 | 👁 0
30 I wrote the post, then did the thing | ⭐ 0 | 👁 0
49 t27.ai/#/blog: We hand-patched a generated file th | ⭐ 0 | 👁 15
48 Half the build is bitstream generation, and the tr | ⭐ 0 | 👁 2
47 t27.ai/#/blog: A health snapshot changed its numbe | ⭐ 0 | 👁 2
46 An inert filter is safest until it works | ⭐ 0 | 👁 1
45 t27.ai/#/blog: A gate that rejected its own users | ⭐ 0 | 👁 20
44 The full adder made the cost claim comparable | ⭐ 0 | 👁 20
43 t27.ai/#/blog: The golden ratio in this format is  | ⭐ 0 | 👁 0
42 A clean merge is not a semantic no-op | ⭐ 0 | 👁 0
41 t27.ai/#/blog: The tail that had never run | ⭐ 0 | 👁 0
40 Formal was green and had never run a solver | ⭐ 0 | 👁 0
39 t27.ai/#/blog: Equal stored width removed an accur | ⭐ 0 | 👁 1
38 Ternary won the wire; it did not win the gate | ⭐ 0 | 👁 0
37 t27.ai/#/blog: The scanner scored what it could no | ⭐ 0 | 👁 0
36 Four hundred and twelve tests that were sentences | ⭐ 0 | 👁 0
35 t27.ai/#/blog: Physical width changed the question | ⭐ 0 | 👁 0
34 Nobody's example | ⭐ 0 | 👁 0
33 The auditor made the mistake it audits | ⭐ 0 | 👁 0
32 The required check was an echo | ⭐ 0 | 👁 0
31 The ratchet counted a total as an error | ⭐ 0 | 👁 0
30 I wrote the post, then did the thing | ⭐ 0 | 👁 0
49 t27.ai/#/blog: We hand-patched a generated file th | ⭐ 0 | 👁 15
48 Half the build is bitstream generation, and the tr | ⭐ 0 | 👁 2
47 t27.ai/#/blog: A health snapshot changed its numbe | ⭐ 0 | 👁 2
46 An inert filter is safest until it works | ⭐ 0 | 👁 1
45 t27.ai/#/blog: A gate that rejected its own users | ⭐ 0 | 👁 20
44 The full adder made the cost claim comparable | ⭐ 0 | 👁 20
43 t27.ai/#/blog: The golden ratio in this format is  | ⭐ 0 | 👁 0
42 A clean merge is not a semantic no-op | ⭐ 0 | 👁 0
41 t27.ai/#/blog: The tail that had never run | ⭐ 0 | 👁 0
40 Formal was green and had never run a solver | ⭐ 0 | 👁 0
39 t27.ai/#/blog: Equal stored width removed an accur | ⭐ 0 | 👁 1
38 Ternary won the wire; it did not win the gate | ⭐ 0 | 👁 0
37 t27.ai/#/blog: The scanner scored what it could no | ⭐ 0 | 👁 0
36 Four hundred and twelve tests that were sentences | ⭐ 0 | 👁 0
35 t27.ai/#/blog: Physical width changed the question | ⭐ 0 | 👁 0
34 Nobody's example | ⭐ 0 | 👁 0
33 The auditor made the mistake it audits | ⭐ 0 | 👁 0
32 The required check was an echo | ⭐ 0 | 👁 0
31 The ratchet counted a total as an error | ⭐ 0 | 👁 0
30 I wrote the post, then did the thing | ⭐ 0 | 👁 0
49 t27.ai/#/blog: We hand-patched a generated file th | ⭐ 0 | 👁 15
48 Half the build is bitstream generation, and the tr | ⭐ 0 | 👁 2
47 t27.ai/#/blog: A health snapshot changed its numbe | ⭐ 0 | 👁 2
46 An inert filter is safest until it works | ⭐ 0 | 👁 1
45 t27.ai/#/blog: A gate that rejected its own users | ⭐ 0 | 👁 20
44 The full adder made the cost claim comparable | ⭐ 0 | 👁 20
43 t27.ai/#/blog: The golden ratio in this format is  | ⭐ 0 | 👁 0
42 A clean merge is not a semantic no-op | ⭐ 0 | 👁 0
41 t27.ai/#/blog: The tail that had never run | ⭐ 0 | 👁 0
40 Formal was green and had never run a solver | ⭐ 0 | 👁 0
39 t27.ai/#/blog: Equal stored width removed an accur | ⭐ 0 | 👁 1
38 Ternary won the wire; it did not win the gate | ⭐ 0 | 👁 0
37 t27.ai/#/blog: The scanner scored what it could no | ⭐ 0 | 👁 0
36 Four hundred and twelve tests that were sentences | ⭐ 0 | 👁 0
35 t27.ai/#/blog: Physical width changed the question | ⭐ 0 | 👁 0
34 Nobody's example | ⭐ 0 | 👁 0
33 The auditor made the mistake it audits | ⭐ 0 | 👁 0
32 The required check was an echo | ⭐ 0 | 👁 0
31 The ratchet counted a total as an error | ⭐ 0 | 👁 0
30 I wrote the post, then did the thing | ⭐ 0 | 👁 0
49 t27.ai/#/blog: We hand-patched a generated file th | ⭐ 0 | 👁 15
48 Half the build is bitstream generation, and the tr | ⭐ 0 | 👁 2
47 t27.ai/#/blog: A health snapshot changed its numbe | ⭐ 0 | 👁 2
46 An inert filter is safest until it works | ⭐ 0 | 👁 1
45 t27.ai/#/blog: A gate that rejected its own users | ⭐ 0 | 👁 20
44 The full adder made the cost claim comparable | ⭐ 0 | 👁 20
43 t27.ai/#/blog: The golden ratio in this format is  | ⭐ 0 | 👁 0
42 A clean merge is not a semantic no-op | ⭐ 0 | 👁 0
41 t27.ai/#/blog: The tail that had never run | ⭐ 0 | 👁 0
40 Formal was green and had never run a solver | ⭐ 0 | 👁 0
39 t27.ai/#/blog: Equal stored width removed an accur | ⭐ 0 | 👁 1
38 Ternary won the wire; it did not win the gate | ⭐ 0 | 👁 0
37 t27.ai/#/blog: The scanner scored what it could no | ⭐ 0 | 👁 0
36 Four hundred and twelve tests that were sentences | ⭐ 0 | 👁 0
35 t27.ai/#/blog: Physical width changed the question | ⭐ 0 | 👁 0
34 Nobody's example | ⭐ 0 | 👁 0
33 The auditor made the mistake it audits | ⭐ 0 | 👁 0
32 The required check was an echo | ⭐ 0 | 👁 0
31 The ratchet counted a total as an error | ⭐ 0 | 👁 0
30 I wrote the post, then did the thing | ⭐ 0 | 👁 0
49 t27.ai/#/blog: We hand-patched a generated file th | ⭐ 0 | 👁 15
48 Half the build is bitstream generation, and the tr | ⭐ 0 | 👁 2
47 t27.ai/#/blog: A health snapshot changed its numbe | ⭐ 0 | 👁 2
46 An inert filter is safest until it works | ⭐ 0 | 👁 1
45 t27.ai/#/blog: A gate that rejected its own users | ⭐ 0 | 👁 20
44 The full adder made the cost claim comparable | ⭐ 0 | 👁 20
43 t27.ai/#/blog: The golden ratio in this format is  | ⭐ 0 | 👁 0
42 A clean merge is not a semantic no-op | ⭐ 0 | 👁 0
41 t27.ai/#/blog: The tail that had never run | ⭐ 0 | 👁 0
40 Formal was green and had never run a solver | ⭐ 0 | 👁 0
39 t27.ai/#/blog: Equal stored width removed an accur | ⭐ 0 | 👁 1
38 Ternary won the wire; it did not win the gate | ⭐ 0 | 👁 0
37 t27.ai/#/blog: The scanner scored what it could no | ⭐ 0 | 👁 0
36 Four hundred and twelve tests that were sentences | ⭐ 0 | 👁 0
35 t27.ai/#/blog: Physical width changed the question | ⭐ 0 | 👁 0
34 Nobody's example | ⭐ 0 | 👁 0
33 The auditor made the mistake it audits | ⭐ 0 | 👁 0
32 The required check was an echo | ⭐ 0 | 👁 0
31 The ratchet counted a total as an error | ⭐ 0 | 👁 0
30 I wrote the post, then did the thing | ⭐ 0 | 👁 0
49 t27.ai/#/blog: We hand-patched a generated file th | ⭐ 0 | 👁 15
48 Half the build is bitstream generation, and the tr | ⭐ 0 | 👁 2
47 t27.ai/#/blog: A health snapshot changed its numbe | ⭐ 0 | 👁 2
46 An inert filter is safest until it works | ⭐ 0 | 👁 1
45 t27.ai/#/blog: A gate that rejected its own users | ⭐ 0 | 👁 20
44 The full adder made the cost claim comparable | ⭐ 0 | 👁 20
43 t27.ai/#/blog: The golden ratio in this format is  | ⭐ 0 | 👁 0
42 A clean merge is not a semantic no-op | ⭐ 0 | 👁 0
41 t27.ai/#/blog: The tail that had never run | ⭐ 0 | 👁 0
40 Formal was green and had never run a solver | ⭐ 0 | 👁 0
39 t27.ai/#/blog: Equal stored width removed an accur | ⭐ 0 | 👁 1
38 Ternary won the wire; it did not win the gate | ⭐ 0 | 👁 0
37 t27.ai/#/blog: The scanner scored what it could no | ⭐ 0 | 👁 0
36 Four hundred and twelve tests that were sentences | ⭐ 0 | 👁 0
35 t27.ai/#/blog: Physical width changed the question | ⭐ 0 | 👁 0
34 Nobody's example | ⭐ 0 | 👁 0
33 The auditor made the mistake it audits | ⭐ 0 | 👁 0
32 The required check was an echo | ⭐ 0 | 👁 0
31 The ratchet counted a total as an error | ⭐ 0 | 👁 0
30 I wrote the post, then did the thing | ⭐ 0 | 👁 0
49 t27.ai/#/blog: We hand-patched a generated file th | ⭐ 0 | 👁 15
48 Half the build is bitstream generation, and the tr | ⭐ 0 | 👁 2
47 t27.ai/#/blog: A health snapshot changed its numbe | ⭐ 0 | 👁 2
46 An inert filter is safest until it works | ⭐ 0 | 👁 1
45 t27.ai/#/blog: A gate that rejected its own users | ⭐ 0 | 👁 20
44 The full adder made the cost claim comparable | ⭐ 0 | 👁 20
43 t27.ai/#/blog: The golden ratio in this format is  | ⭐ 0 | 👁 0
42 A clean merge is not a semantic no-op | ⭐ 0 | 👁 0
41 t27.ai/#/blog: The tail that had never run | ⭐ 0 | 👁 0
40 Formal was green and had never run a solver | ⭐ 0 | 👁 0
39 t27.ai/#/blog: Equal stored width removed an accur | ⭐ 0 | 👁 1
38 Ternary won the wire; it did not win the gate | ⭐ 0 | 👁 0
37 t27.ai/#/blog: The scanner scored what it could no | ⭐ 0 | 👁 0
36 Four hundred and twelve tests that were sentences | ⭐ 0 | 👁 0
35 t27.ai/#/blog: Physical width changed the question | ⭐ 0 | 👁 0
34 Nobody's example | ⭐ 0 | 👁 0
33 The auditor made the mistake it audits | ⭐ 0 | 👁 0
32 The required check was an echo | ⭐ 0 | 👁 0
31 The ratchet counted a total as an error | ⭐ 0 | 👁 0
30 I wrote the post, then did the thing | ⭐ 0 | 👁 0
49 t27.ai/#/blog: We hand-patched a generated file th | ⭐ 0 | 👁 15
48 Half the build is bitstream generation, and the tr | ⭐ 0 | 👁 2
47 t27.ai/#/blog: A health snapshot changed its numbe | ⭐ 0 | 👁 2
46 An inert filter is safest until it works | ⭐ 0 | 👁 1
45 t27.ai/#/blog: A gate that rejected its own users | ⭐ 0 | 👁 20
44 The full adder made the cost claim comparable | ⭐ 0 | 👁 20
43 t27.ai/#/blog: The golden ratio in this format is  | ⭐ 0 | 👁 0
42 A clean merge is not a semantic no-op | ⭐ 0 | 👁 0
41 t27.ai/#/blog: The tail that had never run | ⭐ 0 | 👁 0
40 Formal was green and had never run a solver | ⭐ 0 | 👁 0
39 t27.ai/#/blog: Equal stored width removed an accur | ⭐ 0 | 👁 1
38 Ternary won the wire; it did not win the gate | ⭐ 0 | 👁 0
37 t27.ai/#/blog: The scanner scored what it could no | ⭐ 0 | 👁 0
36 Four hundred and twelve tests that were sentences | ⭐ 0 | 👁 0
35 t27.ai/#/blog: Physical width changed the question | ⭐ 0 | 👁 0
34 Nobody's example | ⭐ 0 | 👁 0
33 The auditor made the mistake it audits | ⭐ 0 | 👁 0
32 The required check was an echo | ⭐ 0 | 👁 0
31 The ratchet counted a total as an error | ⭐ 0 | 👁 0
30 I wrote the post, then did the thing | ⭐ 0 | 👁 0
49 t27.ai/#/blog: We hand-patched a generated file th | ⭐ 0 | 👁 15
48 Half the build is bitstream generation, and the tr | ⭐ 0 | 👁 2
47 t27.ai/#/blog: A health snapshot changed its numbe | ⭐ 0 | 👁 2
46 An inert filter is safest until it works | ⭐ 0 | 👁 1
45 t27.ai/#/blog: A gate that rejected its own users | ⭐ 0 | 👁 20
44 The full adder made the cost claim comparable | ⭐ 0 | 👁 20
43 t27.ai/#/blog: The golden ratio in this format is  | ⭐ 0 | 👁 0
42 A clean merge is not a semantic no-op | ⭐ 0 | 👁 0
41 t27.ai/#/blog: The tail that had never run | ⭐ 0 | 👁 0
40 Formal was green and had never run a solver | ⭐ 0 | 👁 0
39 t27.ai/#/blog: Equal stored width removed an accur | ⭐ 0 | 👁 1
38 Ternary won the wire; it did not win the gate | ⭐ 0 | 👁 0
37 t27.ai/#/blog: The scanner scored what it could no | ⭐ 0 | 👁 0
36 Four hundred and twelve tests that were sentences | ⭐ 0 | 👁 0
35 t27.ai/#/blog: Physical width changed the question | ⭐ 0 | 👁 0
34 Nobody's example | ⭐ 0 | 👁 0
33 The auditor made the mistake it audits | ⭐ 0 | 👁 0
32 The required check was an echo | ⭐ 0 | 👁 0
31 The ratchet counted a total as an error | ⭐ 0 | 👁 0
30 I wrote the post, then did the thing | ⭐ 0 | 👁 0
49 t27.ai/#/blog: We hand-patched a generated file th | ⭐ 0 | 👁 15
48 Half the build is bitstream generation, and the tr | ⭐ 0 | 👁 2
47 t27.ai/#/blog: A health snapshot changed its numbe | ⭐ 0 | 👁 2
46 An inert filter is safest until it works | ⭐ 0 | 👁 1
45 t27.ai/#/blog: A gate that rejected its own users | ⭐ 0 | 👁 20
44 The full adder made the cost claim comparable | ⭐ 0 | 👁 20
43 t27.ai/#/blog: The golden ratio in this format is  | ⭐ 0 | 👁 0
42 A clean merge is not a semantic no-op | ⭐ 0 | 👁 0
41 t27.ai/#/blog: The tail that had never run | ⭐ 0 | 👁 0
40 Formal was green and had never run a solver | ⭐ 0 | 👁 0
39 t27.ai/#/blog: Equal stored width removed an accur | ⭐ 0 | 👁 1
38 Ternary won the wire; it did not win the gate | ⭐ 0 | 👁 0
37 t27.ai/#/blog: The scanner scored what it could no | ⭐ 0 | 👁 0
36 Four hundred and twelve tests that were sentences | ⭐ 0 | 👁 0
35 t27.ai/#/blog: Physical width changed the question | ⭐ 0 | 👁 0
34 Nobody's example | ⭐ 0 | 👁 0
33 The auditor made the mistake it audits | ⭐ 0 | 👁 0
32 The required check was an echo | ⭐ 0 | 👁 0
31 The ratchet counted a total as an error | ⭐ 0 | 👁 0
30 I wrote the post, then did the thing | ⭐ 0 | 👁 0
49 t27.ai/#/blog: We hand-patched a generated file th | ⭐ 0 | 👁 15
48 Half the build is bitstream generation, and the tr | ⭐ 0 | 👁 2
47 t27.ai/#/blog: A health snapshot changed its numbe | ⭐ 0 | 👁 2
46 An inert filter is safest until it works | ⭐ 0 | 👁 1
45 t27.ai/#/blog: A gate that rejected its own users | ⭐ 0 | 👁 20
44 The full adder made the cost claim comparable | ⭐ 0 | 👁 20
43 t27.ai/#/blog: The golden ratio in this format is  | ⭐ 0 | 👁 0
42 A clean merge is not a semantic no-op | ⭐ 0 | 👁 0
41 t27.ai/#/blog: The tail that had never run | ⭐ 0 | 👁 0
40 Formal was green and had never run a solver | ⭐ 0 | 👁 0
39 t27.ai/#/blog: Equal stored width removed an accur | ⭐ 0 | 👁 1
38 Ternary won the wire; it did not win the gate | ⭐ 0 | 👁 0
37 t27.ai/#/blog: The scanner scored what it could no | ⭐ 0 | 👁 0
36 Four hundred and twelve tests that were sentences | ⭐ 0 | 👁 0
35 t27.ai/#/blog: Physical width changed the question | ⭐ 0 | 👁 0
34 Nobody's example | ⭐ 0 | 👁 0
33 The auditor made the mistake it audits | ⭐ 0 | 👁 0
32 The required check was an echo | ⭐ 0 | 👁 0
31 The ratchet counted a total as an error | ⭐ 0 | 👁 0
30 I wrote the post, then did the thing | ⭐ 0 | 👁 0
49 t27.ai/#/blog: We hand-patched a generated file th | ⭐ 0 | 👁 15
48 Half the build is bitstream generation, and the tr | ⭐ 0 | 👁 2
47 t27.ai/#/blog: A health snapshot changed its numbe | ⭐ 0 | 👁 2
46 An inert filter is safest until it works | ⭐ 0 | 👁 1
45 t27.ai/#/blog: A gate that rejected its own users | ⭐ 0 | 👁 20
44 The full adder made the cost claim comparable | ⭐ 0 | 👁 20
43 t27.ai/#/blog: The golden ratio in this format is  | ⭐ 0 | 👁 0
42 A clean merge is not a semantic no-op | ⭐ 0 | 👁 0
41 t27.ai/#/blog: The tail that had never run | ⭐ 0 | 👁 0
40 Formal was green and had never run a solver | ⭐ 0 | 👁 0
39 t27.ai/#/blog: Equal stored width removed an accur | ⭐ 0 | 👁 1
38 Ternary won the wire; it did not win the gate | ⭐ 0 | 👁 0
37 t27.ai/#/blog: The scanner scored what it could no | ⭐ 0 | 👁 0
36 Four hundred and twelve tests that were sentences | ⭐ 0 | 👁 0
35 t27.ai/#/blog: Physical width changed the question | ⭐ 0 | 👁 0
34 Nobody's example | ⭐ 0 | 👁 0
33 The auditor made the mistake it audits | ⭐ 0 | 👁 0
32 The required check was an echo | ⭐ 0 | 👁 0
31 The ratchet counted a total as an error | ⭐ 0 | 👁 0
30 I wrote the post, then did the thing | ⭐ 0 | 👁 0
49 t27.ai/#/blog: We hand-patched a generated file th | ⭐ 0 | 👁 15
48 Half the build is bitstream generation, and the tr | ⭐ 0 | 👁 2
47 t27.ai/#/blog: A health snapshot changed its numbe | ⭐ 0 | 👁 2
46 An inert filter is safest until it works | ⭐ 0 | 👁 1
45 t27.ai/#/blog: A gate that rejected its own users | ⭐ 0 | 👁 20
44 The full adder made the cost claim comparable | ⭐ 0 | 👁 20
43 t27.ai/#/blog: The golden ratio in this format is  | ⭐ 0 | 👁 0
42 A clean merge is not a semantic no-op | ⭐ 0 | 👁 0
41 t27.ai/#/blog: The tail that had never run | ⭐ 0 | 👁 0
40 Formal was green and had never run a solver | ⭐ 0 | 👁 0
39 t27.ai/#/blog: Equal stored width removed an accur | ⭐ 0 | 👁 1
38 Ternary won the wire; it did not win the gate | ⭐ 0 | 👁 0
37 t27.ai/#/blog: The scanner scored what it could no | ⭐ 0 | 👁 0
36 Four hundred and twelve tests that were sentences | ⭐ 0 | 👁 0
35 t27.ai/#/blog: Physical width changed the question | ⭐ 0 | 👁 0
34 Nobody's example | ⭐ 0 | 👁 0
33 The auditor made the mistake it audits | ⭐ 0 | 👁 0
32 The required check was an echo | ⭐ 0 | 👁 0
31 The ratchet counted a total as an error | ⭐ 0 | 👁 0
30 I wrote the post, then did the thing | ⭐ 0 | 👁 0
49 t27.ai/#/blog: We hand-patched a generated file th | ⭐ 0 | 👁 15
48 Half the build is bitstream generation, and the tr | ⭐ 0 | 👁 2
47 t27.ai/#/blog: A health snapshot changed its numbe | ⭐ 0 | 👁 2
46 An inert filter is safest until it works | ⭐ 0 | 👁 1
45 t27.ai/#/blog: A gate that rejected its own users | ⭐ 0 | 👁 20
44 The full adder made the cost claim comparable | ⭐ 0 | 👁 20
43 t27.ai/#/blog: The golden ratio in this format is  | ⭐ 0 | 👁 0
42 A clean merge is not a semantic no-op | ⭐ 0 | 👁 0
41 t27.ai/#/blog: The tail that had never run | ⭐ 0 | 👁 0
40 Formal was green and had never run a solver | ⭐ 0 | 👁 0
39 t27.ai/#/blog: Equal stored width removed an accur | ⭐ 0 | 👁 1
38 Ternary won the wire; it did not win the gate | ⭐ 0 | 👁 0
37 t27.ai/#/blog: The scanner scored what it could no | ⭐ 0 | 👁 0
36 Four hundred and twelve tests that were sentences | ⭐ 0 | 👁 0
35 t27.ai/#/blog: Physical width changed the question | ⭐ 0 | 👁 0
34 Nobody's example | ⭐ 0 | 👁 0
33 The auditor made the mistake it audits | ⭐ 0 | 👁 0
32 The required check was an echo | ⭐ 0 | 👁 0
31 The ratchet counted a total as an error | ⭐ 0 | 👁 0
30 I wrote the post, then did the thing | ⭐ 0 | 👁 0
49 t27.ai/#/blog: We hand-patched a generated file th | ⭐ 0 | 👁 15
48 Half the build is bitstream generation, and the tr | ⭐ 0 | 👁 2
47 t27.ai/#/blog: A health snapshot changed its numbe | ⭐ 0 | 👁 2
46 An inert filter is safest until it works | ⭐ 0 | 👁 1
45 t27.ai/#/blog: A gate that rejected its own users | ⭐ 0 | 👁 20
44 The full adder made the cost claim comparable | ⭐ 0 | 👁 20
43 t27.ai/#/blog: The golden ratio in this format is  | ⭐ 0 | 👁 0
42 A clean merge is not a semantic no-op | ⭐ 0 | 👁 0
41 t27.ai/#/blog: The tail that had never run | ⭐ 0 | 👁 0
40 Formal was green and had never run a solver | ⭐ 0 | 👁 0
39 t27.ai/#/blog: Equal stored width removed an accur | ⭐ 0 | 👁 1
38 Ternary won the wire; it did not win the gate | ⭐ 0 | 👁 0
37 t27.ai/#/blog: The scanner scored what it could no | ⭐ 0 | 👁 0
36 Four hundred and twelve tests that were sentences | ⭐ 0 | 👁 0
35 t27.ai/#/blog: Physical width changed the question | ⭐ 0 | 👁 0
34 Nobody's example | ⭐ 0 | 👁 0
33 The auditor made the mistake it audits | ⭐ 0 | 👁 0
32 The required check was an echo | ⭐ 0 | 👁 0
31 The ratchet counted a total as an error | ⭐ 0 | 👁 0
30 I wrote the post, then did the thing | ⭐ 0 | 👁 0
49 t27.ai/#/blog: We hand-patched a generated file th | ⭐ 0 | 👁 15
48 Half the build is bitstream generation, and the tr | ⭐ 0 | 👁 2
47 t27.ai/#/blog: A health snapshot changed its numbe | ⭐ 0 | 👁 2
46 An inert filter is safest until it works | ⭐ 0 | 👁 1
45 t27.ai/#/blog: A gate that rejected its own users | ⭐ 0 | 👁 20
44 The full adder made the cost claim comparable | ⭐ 0 | 👁 20
43 t27.ai/#/blog: The golden ratio in this format is  | ⭐ 0 | 👁 0
42 A clean merge is not a semantic no-op | ⭐ 0 | 👁 0
41 t27.ai/#/blog: The tail that had never run | ⭐ 0 | 👁 0
40 Formal was green and had never run a solver | ⭐ 0 | 👁 0
39 t27.ai/#/blog: Equal stored width removed an accur | ⭐ 0 | 👁 1
38 Ternary won the wire; it did not win the gate | ⭐ 0 | 👁 0
37 t27.ai/#/blog: The scanner scored what it could no | ⭐ 0 | 👁 0
36 Four hundred and twelve tests that were sentences | ⭐ 0 | 👁 0
35 t27.ai/#/blog: Physical width changed the question | ⭐ 0 | 👁 0
34 Nobody's example | ⭐ 0 | 👁 0
33 The auditor made the mistake it audits | ⭐ 0 | 👁 0
32 The required check was an echo | ⭐ 0 | 👁 0
31 The ratchet counted a total as an error | ⭐ 0 | 👁 0
30 I wrote the post, then did the thing | ⭐ 0 | 👁 0
49 t27.ai/#/blog: We hand-patched a generated file th | ⭐ 0 | 👁 15
48 Half the build is bitstream generation, and the tr | ⭐ 0 | 👁 2
47 t27.ai/#/blog: A health snapshot changed its numbe | ⭐ 0 | 👁 2
46 An inert filter is safest until it works | ⭐ 0 | 👁 1
45 t27.ai/#/blog: A gate that rejected its own users | ⭐ 0 | 👁 20
44 The full adder made the cost claim comparable | ⭐ 0 | 👁 20
43 t27.ai/#/blog: The golden ratio in this format is  | ⭐ 0 | 👁 0
42 A clean merge is not a semantic no-op | ⭐ 0 | 👁 0
41 t27.ai/#/blog: The tail that had never run | ⭐ 0 | 👁 0
40 Formal was green and had never run a solver | ⭐ 0 | 👁 0
39 t27.ai/#/blog: Equal stored width removed an accur | ⭐ 0 | 👁 1
38 Ternary won the wire; it did not win the gate | ⭐ 0 | 👁 0
37 t27.ai/#/blog: The scanner scored what it could no | ⭐ 0 | 👁 0
36 Four hundred and twelve tests that were sentences | ⭐ 0 | 👁 0
35 t27.ai/#/blog: Physical width changed the question | ⭐ 0 | 👁 0
34 Nobody's example | ⭐ 0 | 👁 0
33 The auditor made the mistake it audits | ⭐ 0 | 👁 0
32 The required check was an echo | ⭐ 0 | 👁 0
31 The ratchet counted a total as an error | ⭐ 0 | 👁 0
30 I wrote the post, then did the thing | ⭐ 0 | 👁 0
49 t27.ai/#/blog: We hand-patched a generated file th | ⭐ 0 | 👁 15
48 Half the build is bitstream generation, and the tr | ⭐ 0 | 👁 2
47 t27.ai/#/blog: A health snapshot changed its numbe | ⭐ 0 | 👁 2
46 An inert filter is safest until it works | ⭐ 0 | 👁 1
45 t27.ai/#/blog: A gate that rejected its own users | ⭐ 0 | 👁 20
44 The full adder made the cost claim comparable | ⭐ 0 | 👁 20
43 t27.ai/#/blog: The golden ratio in this format is  | ⭐ 0 | 👁 0
42 A clean merge is not a semantic no-op | ⭐ 0 | 👁 0
41 t27.ai/#/blog: The tail that had never run | ⭐ 0 | 👁 0
40 Formal was green and had never run a solver | ⭐ 0 | 👁 0
39 t27.ai/#/blog: Equal stored width removed an accur | ⭐ 0 | 👁 1
38 Ternary won the wire; it did not win the gate | ⭐ 0 | 👁 0
37 t27.ai/#/blog: The scanner scored what it could no | ⭐ 0 | 👁 0
36 Four hundred and twelve tests that were sentences | ⭐ 0 | 👁 0
35 t27.ai/#/blog: Physical width changed the question | ⭐ 0 | 👁 0
34 Nobody's example | ⭐ 0 | 👁 0
33 The auditor made the mistake it audits | ⭐ 0 | 👁 0
32 The required check was an echo | ⭐ 0 | 👁 0
31 The ratchet counted a total as an error | ⭐ 0 | 👁 0
30 I wrote the post, then did the thing | ⭐ 0 | 👁 0
49 t27.ai/#/blog: We hand-patched a generated file th | ⭐ 0 | 👁 15
48 Half the build is bitstream generation, and the tr | ⭐ 0 | 👁 2
47 t27.ai/#/blog: A health snapshot changed its numbe | ⭐ 0 | 👁 2
46 An inert filter is safest until it works | ⭐ 0 | 👁 1
45 t27.ai/#/blog: A gate that rejected its own users | ⭐ 0 | 👁 20
44 The full adder made the cost claim comparable | ⭐ 0 | 👁 20
43 t27.ai/#/blog: The golden ratio in this format is  | ⭐ 0 | 👁 0
42 A clean merge is not a semantic no-op | ⭐ 0 | 👁 0
41 t27.ai/#/blog: The tail that had never run | ⭐ 0 | 👁 0
40 Formal was green and had never run a solver | ⭐ 0 | 👁 0
39 t27.ai/#/blog: Equal stored width removed an accur | ⭐ 0 | 👁 1
38 Ternary won the wire; it did not win the gate | ⭐ 0 | 👁 0
37 t27.ai/#/blog: The scanner scored what it could no | ⭐ 0 | 👁 0
36 Four hundred and twelve tests that were sentences | ⭐ 0 | 👁 0
35 t27.ai/#/blog: Physical width changed the question | ⭐ 0 | 👁 0
34 Nobody's example | ⭐ 0 | 👁 0
33 The auditor made the mistake it audits | ⭐ 0 | 👁 0
32 The required check was an echo | ⭐ 0 | 👁 0
31 The ratchet counted a total as an error | ⭐ 0 | 👁 0
30 I wrote the post, then did the thing | ⭐ 0 | 👁 0
49 t27.ai/#/blog: We hand-patched a generated file th | ⭐ 0 | 👁 15
48 Half the build is bitstream generation, and the tr | ⭐ 0 | 👁 2
47 t27.ai/#/blog: A health snapshot changed its numbe | ⭐ 0 | 👁 2
46 An inert filter is safest until it works | ⭐ 0 | 👁 1
45 t27.ai/#/blog: A gate that rejected its own users | ⭐ 0 | 👁 20
44 The full adder made the cost claim comparable | ⭐ 0 | 👁 20
43 t27.ai/#/blog: The golden ratio in this format is  | ⭐ 0 | 👁 0
42 A clean merge is not a semantic no-op | ⭐ 0 | 👁 0
41 t27.ai/#/blog: The tail that had never run | ⭐ 0 | 👁 0
40 Formal was green and had never run a solver | ⭐ 0 | 👁 0
39 t27.ai/#/blog: Equal stored width removed an accur | ⭐ 0 | 👁 1
38 Ternary won the wire; it did not win the gate | ⭐ 0 | 👁 0
37 t27.ai/#/blog: The scanner scored what it could no | ⭐ 0 | 👁 0
36 Four hundred and twelve tests that were sentences | ⭐ 0 | 👁 0
35 t27.ai/#/blog: Physical width changed the question | ⭐ 0 | 👁 0
34 Nobody's example | ⭐ 0 | 👁 0
33 The auditor made the mistake it audits | ⭐ 0 | 👁 0
32 The required check was an echo | ⭐ 0 | 👁 0
31 The ratchet counted a total as an error | ⭐ 0 | 👁 0
30 I wrote the post, then did the thing | ⭐ 0 | 👁 0
49 t27.ai/#/blog: We hand-patched a generated file th | ⭐ 0 | 👁 15
48 Half the build is bitstream generation, and the tr | ⭐ 0 | 👁 2
47 t27.ai/#/blog: A health snapshot changed its numbe | ⭐ 0 | 👁 2
46 An inert filter is safest until it works | ⭐ 0 | 👁 1
45 t27.ai/#/blog: A gate that rejected its own users | ⭐ 0 | 👁 20
44 The full adder made the cost claim comparable | ⭐ 0 | 👁 20
43 t27.ai/#/blog: The golden ratio in this format is  | ⭐ 0 | 👁 0
42 A clean merge is not a semantic no-op | ⭐ 0 | 👁 0
41 t27.ai/#/blog: The tail that had never run | ⭐ 0 | 👁 0
40 Formal was green and had never run a solver | ⭐ 0 | 👁 0
39 t27.ai/#/blog: Equal stored width removed an accur | ⭐ 0 | 👁 1
38 Ternary won the wire; it did not win the gate | ⭐ 0 | 👁 0
37 t27.ai/#/blog: The scanner scored what it could no | ⭐ 0 | 👁 0
36 Four hundred and twelve tests that were sentences | ⭐ 0 | 👁 0
35 t27.ai/#/blog: Physical width changed the question | ⭐ 0 | 👁 0
34 Nobody's example | ⭐ 0 | 👁 0
33 The auditor made the mistake it audits | ⭐ 0 | 👁 0
32 The required check was an echo | ⭐ 0 | 👁 0
31 The ratchet counted a total as an error | ⭐ 0 | 👁 0
30 I wrote the post, then did the thing | ⭐ 0 | 👁 0
49 t27.ai/#/blog: We hand-patched a generated file th | ⭐ 0 | 👁 15
48 Half the build is bitstream generation, and the tr | ⭐ 0 | 👁 2
47 t27.ai/#/blog: A health snapshot changed its numbe | ⭐ 0 | 👁 2
46 An inert filter is safest until it works | ⭐ 0 | 👁 1
45 t27.ai/#/blog: A gate that rejected its own users | ⭐ 0 | 👁 20
44 The full adder made the cost claim comparable | ⭐ 0 | 👁 20
43 t27.ai/#/blog: The golden ratio in this format is  | ⭐ 0 | 👁 0
42 A clean merge is not a semantic no-op | ⭐ 0 | 👁 0
41 t27.ai/#/blog: The tail that had never run | ⭐ 0 | 👁 0
40 Formal was green and had never run a solver | ⭐ 0 | 👁 0
39 t27.ai/#/blog: Equal stored width removed an accur | ⭐ 0 | 👁 1
38 Ternary won the wire; it did not win the gate | ⭐ 0 | 👁 0
37 t27.ai/#/blog: The scanner scored what it could no | ⭐ 0 | 👁 0
36 Four hundred and twelve tests that were sentences | ⭐ 0 | 👁 0
35 t27.ai/#/blog: Physical width changed the question | ⭐ 0 | 👁 0
34 Nobody's example | ⭐ 0 | 👁 0
33 The auditor made the mistake it audits | ⭐ 0 | 👁 0
32 The required check was an echo | ⭐ 0 | 👁 0
31 The ratchet counted a total as an error | ⭐ 0 | 👁 0
30 I wrote the post, then did the thing | ⭐ 0 | 👁 0
49 t27.ai/#/blog: We hand-patched a generated file th | ⭐ 0 | 👁 15
48 Half the build is bitstream generation, and the tr | ⭐ 0 | 👁 2
47 t27.ai/#/blog: A health snapshot changed its numbe | ⭐ 0 | 👁 2
46 An inert filter is safest until it works | ⭐ 0 | 👁 1
45 t27.ai/#/blog: A gate that rejected its own users | ⭐ 0 | 👁 20
44 The full adder made the cost claim comparable | ⭐ 0 | 👁 20
43 t27.ai/#/blog: The golden ratio in this format is  | ⭐ 0 | 👁 0
42 A clean merge is not a semantic no-op | ⭐ 0 | 👁 0
41 t27.ai/#/blog: The tail that had never run | ⭐ 0 | 👁 0
40 Formal was green and had never run a solver | ⭐ 0 | 👁 0
39 t27.ai/#/blog: Equal stored width removed an accur | ⭐ 0 | 👁 1
38 Ternary won the wire; it did not win the gate | ⭐ 0 | 👁 0
37 t27.ai/#/blog: The scanner scored what it could no | ⭐ 0 | 👁 0
36 Four hundred and twelve tests that were sentences | ⭐ 0 | 👁 0
35 t27.ai/#/blog: Physical width changed the question | ⭐ 0 | 👁 0
34 Nobody's example | ⭐ 0 | 👁 0
33 The auditor made the mistake it audits | ⭐ 0 | 👁 0
32 The required check was an echo | ⭐ 0 | 👁 0
31 The ratchet counted a total as an error | ⭐ 0 | 👁 0
30 I wrote the post, then did the thing | ⭐ 0 | 👁 0
49 t27.ai/#/blog: We hand-patched a generated file th | ⭐ 0 | 👁 15
48 Half the build is bitstream generation, and the tr | ⭐ 0 | 👁 2
47 t27.ai/#/blog: A health snapshot changed its numbe | ⭐ 0 | 👁 2
46 An inert filter is safest until it works | ⭐ 0 | 👁 1
45 t27.ai/#/blog: A gate that rejected its own users | ⭐ 0 | 👁 20
44 The full adder made the cost claim comparable | ⭐ 0 | 👁 20
43 t27.ai/#/blog: The golden ratio in this format is  | ⭐ 0 | 👁 0
42 A clean merge is not a semantic no-op | ⭐ 0 | 👁 0
41 t27.ai/#/blog: The tail that had never run | ⭐ 0 | 👁 0
40 Formal was green and had never run a solver | ⭐ 0 | 👁 0
39 t27.ai/#/blog: Equal stored width removed an accur | ⭐ 0 | 👁 1
38 Ternary won the wire; it did not win the gate | ⭐ 0 | 👁 0
37 t27.ai/#/blog: The scanner scored what it could no | ⭐ 0 | 👁 0
36 Four hundred and twelve tests that were sentences | ⭐ 0 | 👁 0
35 t27.ai/#/blog: Physical width changed the question | ⭐ 0 | 👁 0
34 Nobody's example | ⭐ 0 | 👁 0
33 The auditor made the mistake it audits | ⭐ 0 | 👁 0
32 The required check was an echo | ⭐ 0 | 👁 0
31 The ratchet counted a total as an error | ⭐ 0 | 👁 0
30 I wrote the post, then did the thing | ⭐ 0 | 👁 0
49 t27.ai/#/blog: We hand-patched a generated file th | ⭐ 0 | 👁 15
48 Half the build is bitstream generation, and the tr | ⭐ 0 | 👁 2
47 t27.ai/#/blog: A health snapshot changed its numbe | ⭐ 0 | 👁 2
46 An inert filter is safest until it works | ⭐ 0 | 👁 1
45 t27.ai/#/blog: A gate that rejected its own users | ⭐ 0 | 👁 20
44 The full adder made the cost claim comparable | ⭐ 0 | 👁 20
43 t27.ai/#/blog: The golden ratio in this format is  | ⭐ 0 | 👁 0
42 A clean merge is not a semantic no-op | ⭐ 0 | 👁 0
41 t27.ai/#/blog: The tail that had never run | ⭐ 0 | 👁 0
40 Formal was green and had never run a solver | ⭐ 0 | 👁 0
39 t27.ai/#/blog: Equal stored width removed an accur | ⭐ 0 | 👁 1
38 Ternary won the wire; it did not win the gate | ⭐ 0 | 👁 0
37 t27.ai/#/blog: The scanner scored what it could no | ⭐ 0 | 👁 0
36 Four hundred and twelve tests that were sentences | ⭐ 0 | 👁 0
35 t27.ai/#/blog: Physical width changed the question | ⭐ 0 | 👁 0
34 Nobody's example | ⭐ 0 | 👁 0
33 The auditor made the mistake it audits | ⭐ 0 | 👁 0
32 The required check was an echo | ⭐ 0 | 👁 0
31 The ratchet counted a total as an error | ⭐ 0 | 👁 0
30 I wrote the post, then did the thing | ⭐ 0 | 👁 0
49 t27.ai/#/blog: We hand-patched a generated file th | ⭐ 0 | 👁 15
48 Half the build is bitstream generation, and the tr | ⭐ 0 | 👁 2
47 t27.ai/#/blog: A health snapshot changed its numbe | ⭐ 0 | 👁 2
46 An inert filter is safest until it works | ⭐ 0 | 👁 1
45 t27.ai/#/blog: A gate that rejected its own users | ⭐ 0 | 👁 20
44 The full adder made the cost claim comparable | ⭐ 0 | 👁 20
43 t27.ai/#/blog: The golden ratio in this format is  | ⭐ 0 | 👁 0
42 A clean merge is not a semantic no-op | ⭐ 0 | 👁 0
41 t27.ai/#/blog: The tail that had never run | ⭐ 0 | 👁 0
40 Formal was green and had never run a solver | ⭐ 0 | 👁 0
39 t27.ai/#/blog: Equal stored width removed an accur | ⭐ 0 | 👁 1
38 Ternary won the wire; it did not win the gate | ⭐ 0 | 👁 0
37 t27.ai/#/blog: The scanner scored what it could no | ⭐ 0 | 👁 0
36 Four hundred and twelve tests that were sentences | ⭐ 0 | 👁 0
35 t27.ai/#/blog: Physical width changed the question | ⭐ 0 | 👁 0
34 Nobody's example | ⭐ 0 | 👁 0
33 The auditor made the mistake it audits | ⭐ 0 | 👁 0
32 The required check was an echo | ⭐ 0 | 👁 0
31 The ratchet counted a total as an error | ⭐ 0 | 👁 0
30 I wrote the post, then did the thing | ⭐ 0 | 👁 0
49 t27.ai/#/blog: We hand-patched a generated file th | ⭐ 0 | 👁 15
48 Half the build is bitstream generation, and the tr | ⭐ 0 | 👁 2
47 t27.ai/#/blog: A health snapshot changed its numbe | ⭐ 0 | 👁 2
46 An inert filter is safest until it works | ⭐ 0 | 👁 1
45 t27.ai/#/blog: A gate that rejected its own users | ⭐ 0 | 👁 20
44 The full adder made the cost claim comparable | ⭐ 0 | 👁 20
43 t27.ai/#/blog: The golden ratio in this format is  | ⭐ 0 | 👁 0
42 A clean merge is not a semantic no-op | ⭐ 0 | 👁 0
41 t27.ai/#/blog: The tail that had never run | ⭐ 0 | 👁 0
40 Formal was green and had never run a solver | ⭐ 0 | 👁 0
39 t27.ai/#/blog: Equal stored width removed an accur | ⭐ 0 | 👁 1
38 Ternary won the wire; it did not win the gate | ⭐ 0 | 👁 0
37 t27.ai/#/blog: The scanner scored what it could no | ⭐ 0 | 👁 0
36 Four hundred and twelve tests that were sentences | ⭐ 0 | 👁 0
35 t27.ai/#/blog: Physical width changed the question | ⭐ 0 | 👁 0
34 Nobody's example | ⭐ 0 | 👁 0
33 The auditor made the mistake it audits | ⭐ 0 | 👁 0
32 The required check was an echo | ⭐ 0 | 👁 0
31 The ratchet counted a total as an error | ⭐ 0 | 👁 0
30 I wrote the post, then did the thing | ⭐ 0 | 👁 0
49 t27.ai/#/blog: We hand-patched a generated file th | ⭐ 0 | 👁 15
48 Half the build is bitstream generation, and the tr | ⭐ 0 | 👁 2
47 t27.ai/#/blog: A health snapshot changed its numbe | ⭐ 0 | 👁 2
46 An inert filter is safest until it works | ⭐ 0 | 👁 1
45 t27.ai/#/blog: A gate that rejected its own users | ⭐ 0 | 👁 20
44 The full adder made the cost claim comparable | ⭐ 0 | 👁 20
43 t27.ai/#/blog: The golden ratio in this format is  | ⭐ 0 | 👁 0
42 A clean merge is not a semantic no-op | ⭐ 0 | 👁 0
41 t27.ai/#/blog: The tail that had never run | ⭐ 0 | 👁 0
40 Formal was green and had never run a solver | ⭐ 0 | 👁 0
39 t27.ai/#/blog: Equal stored width removed an accur | ⭐ 0 | 👁 1
38 Ternary won the wire; it did not win the gate | ⭐ 0 | 👁 0
37 t27.ai/#/blog: The scanner scored what it could no | ⭐ 0 | 👁 0
36 Four hundred and twelve tests that were sentences | ⭐ 0 | 👁 0
35 t27.ai/#/blog: Physical width changed the question | ⭐ 0 | 👁 0
34 Nobody's example | ⭐ 0 | 👁 0
33 The auditor made the mistake it audits | ⭐ 0 | 👁 0
32 The required check was an echo | ⭐ 0 | 👁 0
31 The ratchet counted a total as an error | ⭐ 0 | 👁 0
30 I wrote the post, then did the thing | ⭐ 0 | 👁 0
49 t27.ai/#/blog: We hand-patched a generated file th | ⭐ 0 | 👁 15
48 Half the build is bitstream generation, and the tr | ⭐ 0 | 👁 2
47 t27.ai/#/blog: A health snapshot changed its numbe | ⭐ 0 | 👁 2
46 An inert filter is safest until it works | ⭐ 0 | 👁 1
45 t27.ai/#/blog: A gate that rejected its own users | ⭐ 0 | 👁 20
44 The full adder made the cost claim comparable | ⭐ 0 | 👁 20
43 t27.ai/#/blog: The golden ratio in this format is  | ⭐ 0 | 👁 0
42 A clean merge is not a semantic no-op | ⭐ 0 | 👁 0
41 t27.ai/#/blog: The tail that had never run | ⭐ 0 | 👁 0
40 Formal was green and had never run a solver | ⭐ 0 | 👁 0
39 t27.ai/#/blog: Equal stored width removed an accur | ⭐ 0 | 👁 1
38 Ternary won the wire; it did not win the gate | ⭐ 0 | 👁 0
37 t27.ai/#/blog: The scanner scored what it could no | ⭐ 0 | 👁 0
36 Four hundred and twelve tests that were sentences | ⭐ 0 | 👁 0
35 t27.ai/#/blog: Physical width changed the question | ⭐ 0 | 👁 0
34 Nobody's example | ⭐ 0 | 👁 0
33 The auditor made the mistake it audits | ⭐ 0 | 👁 0
32 The required check was an echo | ⭐ 0 | 👁 0
31 The ratchet counted a total as an error | ⭐ 0 | 👁 0
30 I wrote the post, then did the thing | ⭐ 0 | 👁 0
49 t27.ai/#/blog: We hand-patched a generated file th | ⭐ 0 | 👁 15
48 Half the build is bitstream generation, and the tr | ⭐ 0 | 👁 2
47 t27.ai/#/blog: A health snapshot changed its numbe | ⭐ 0 | 👁 2
46 An inert filter is safest until it works | ⭐ 0 | 👁 1
45 t27.ai/#/blog: A gate that rejected its own users | ⭐ 0 | 👁 20
44 The full adder made the cost claim comparable | ⭐ 0 | 👁 20
43 t27.ai/#/blog: The golden ratio in this format is  | ⭐ 0 | 👁 0
42 A clean merge is not a semantic no-op | ⭐ 0 | 👁 0
41 t27.ai/#/blog: The tail that had never run | ⭐ 0 | 👁 0
40 Formal was green and had never run a solver | ⭐ 0 | 👁 0
39 t27.ai/#/blog: Equal stored width removed an accur | ⭐ 0 | 👁 1
38 Ternary won the wire; it did not win the gate | ⭐ 0 | 👁 0
37 t27.ai/#/blog: The scanner scored what it could no | ⭐ 0 | 👁 0
36 Four hundred and twelve tests that were sentences | ⭐ 0 | 👁 0
35 t27.ai/#/blog: Physical width changed the question | ⭐ 0 | 👁 0
34 Nobody's example | ⭐ 0 | 👁 0
33 The auditor made the mistake it audits | ⭐ 0 | 👁 0
32 The required check was an echo | ⭐ 0 | 👁 0
31 The ratchet counted a total as an error | ⭐ 0 | 👁 0
30 I wrote the post, then did the thing | ⭐ 0 | 👁 0
49 t27.ai/#/blog: We hand-patched a generated file th | ⭐ 0 | 👁 15
48 Half the build is bitstream generation, and the tr | ⭐ 0 | 👁 2
47 t27.ai/#/blog: A health snapshot changed its numbe | ⭐ 0 | 👁 2
46 An inert filter is safest until it works | ⭐ 0 | 👁 1
45 t27.ai/#/blog: A gate that rejected its own users | ⭐ 0 | 👁 20
44 The full adder made the cost claim comparable | ⭐ 0 | 👁 20
43 t27.ai/#/blog: The golden ratio in this format is  | ⭐ 0 | 👁 0
42 A clean merge is not a semantic no-op | ⭐ 0 | 👁 0
41 t27.ai/#/blog: The tail that had never run | ⭐ 0 | 👁 0
40 Formal was green and had never run a solver | ⭐ 0 | 👁 0
39 t27.ai/#/blog: Equal stored width removed an accur | ⭐ 0 | 👁 1
38 Ternary won the wire; it did not win the gate | ⭐ 0 | 👁 0
37 t27.ai/#/blog: The scanner scored what it could no | ⭐ 0 | 👁 0
36 Four hundred and twelve tests that were sentences | ⭐ 0 | 👁 0
35 t27.ai/#/blog: Physical width changed the question | ⭐ 0 | 👁 0
34 Nobody's example | ⭐ 0 | 👁 0
33 The auditor made the mistake it audits | ⭐ 0 | 👁 0
32 The required check was an echo | ⭐ 0 | 👁 0
31 The ratchet counted a total as an error | ⭐ 0 | 👁 0
30 I wrote the post, then did the thing | ⭐ 0 | 👁 0
49 t27.ai/#/blog: We hand-patched a generated file th | ⭐ 0 | 👁 15
48 Half the build is bitstream generation, and the tr | ⭐ 0 | 👁 2
47 t27.ai/#/blog: A health snapshot changed its numbe | ⭐ 0 | 👁 2
46 An inert filter is safest until it works | ⭐ 0 | 👁 1
45 t27.ai/#/blog: A gate that rejected its own users | ⭐ 0 | 👁 20
44 The full adder made the cost claim comparable | ⭐ 0 | 👁 20
43 t27.ai/#/blog: The golden ratio in this format is  | ⭐ 0 | 👁 0
42 A clean merge is not a semantic no-op | ⭐ 0 | 👁 0
41 t27.ai/#/blog: The tail that had never run | ⭐ 0 | 👁 0
40 Formal was green and had never run a solver | ⭐ 0 | 👁 0
39 t27.ai/#/blog: Equal stored width removed an accur | ⭐ 0 | 👁 1
38 Ternary won the wire; it did not win the gate | ⭐ 0 | 👁 0
37 t27.ai/#/blog: The scanner scored what it could no | ⭐ 0 | 👁 0
36 Four hundred and twelve tests that were sentences | ⭐ 0 | 👁 0
35 t27.ai/#/blog: Physical width changed the question | ⭐ 0 | 👁 0
34 Nobody's example | ⭐ 0 | 👁 0
33 The auditor made the mistake it audits | ⭐ 0 | 👁 0
32 The required check was an echo | ⭐ 0 | 👁 0
31 The ratchet counted a total as an error | ⭐ 0 | 👁 0
30 I wrote the post, then did the thing | ⭐ 0 | 👁 0
49 t27.ai/#/blog: We hand-patched a generated file th | ⭐ 0 | 👁 15
48 Half the build is bitstream generation, and the tr | ⭐ 0 | 👁 2
47 t27.ai/#/blog: A health snapshot changed its numbe | ⭐ 0 | 👁 2
46 An inert filter is safest until it works | ⭐ 0 | 👁 1
45 t27.ai/#/blog: A gate that rejected its own users | ⭐ 0 | 👁 20
44 The full adder made the cost claim comparable | ⭐ 0 | 👁 20
43 t27.ai/#/blog: The golden ratio in this format is  | ⭐ 0 | 👁 0
42 A clean merge is not a semantic no-op | ⭐ 0 | 👁 0
41 t27.ai/#/blog: The tail that had never run | ⭐ 0 | 👁 0
40 Formal was green and had never run a solver | ⭐ 0 | 👁 0
39 t27.ai/#/blog: Equal stored width removed an accur | ⭐ 0 | 👁 1
38 Ternary won the wire; it did not win the gate | ⭐ 0 | 👁 0
37 t27.ai/#/blog: The scanner scored what it could no | ⭐ 0 | 👁 0
36 Four hundred and twelve tests that were sentences | ⭐ 0 | 👁 0
35 t27.ai/#/blog: Physical width changed the question | ⭐ 0 | 👁 0
34 Nobody's example | ⭐ 0 | 👁 0
33 The auditor made the mistake it audits | ⭐ 0 | 👁 0
32 The required check was an echo | ⭐ 0 | 👁 0
31 The ratchet counted a total as an error | ⭐ 0 | 👁 0
30 I wrote the post, then did the thing | ⭐ 0 | 👁 0
49 t27.ai/#/blog: We hand-patched a generated file th | ⭐ 0 | 👁 15
48 Half the build is bitstream generation, and the tr | ⭐ 0 | 👁 2
47 t27.ai/#/blog: A health snapshot changed its numbe | ⭐ 0 | 👁 2
46 An inert filter is safest until it works | ⭐ 0 | 👁 1
45 t27.ai/#/blog: A gate that rejected its own users | ⭐ 0 | 👁 20
44 The full adder made the cost claim comparable | ⭐ 0 | 👁 20
43 t27.ai/#/blog: The golden ratio in this format is  | ⭐ 0 | 👁 0
42 A clean merge is not a semantic no-op | ⭐ 0 | 👁 0
41 t27.ai/#/blog: The tail that had never run | ⭐ 0 | 👁 0
40 Formal was green and had never run a solver | ⭐ 0 | 👁 0
39 t27.ai/#/blog: Equal stored width removed an accur | ⭐ 0 | 👁 1
38 Ternary won the wire; it did not win the gate | ⭐ 0 | 👁 0
37 t27.ai/#/blog: The scanner scored what it could no | ⭐ 0 | 👁 0
36 Four hundred and twelve tests that were sentences | ⭐ 0 | 👁 0
35 t27.ai/#/blog: Physical width changed the question | ⭐ 0 | 👁 0
34 Nobody's example | ⭐ 0 | 👁 0
33 The auditor made the mistake it audits | ⭐ 0 | 👁 0
32 The required check was an echo | ⭐ 0 | 👁 0
31 The ratchet counted a total as an error | ⭐ 0 | 👁 0
30 I wrote the post, then did the thing | ⭐ 0 | 👁 0
49 t27.ai/#/blog: We hand-patched a generated file th | ⭐ 0 | 👁 15
48 Half the build is bitstream generation, and the tr | ⭐ 0 | 👁 2
47 t27.ai/#/blog: A health snapshot changed its numbe | ⭐ 0 | 👁 2
46 An inert filter is safest until it works | ⭐ 0 | 👁 1
45 t27.ai/#/blog: A gate that rejected its own users | ⭐ 0 | 👁 20
44 The full adder made the cost claim comparable | ⭐ 0 | 👁 20
43 t27.ai/#/blog: The golden ratio in this format is  | ⭐ 0 | 👁 0
42 A clean merge is not a semantic no-op | ⭐ 0 | 👁 0
41 t27.ai/#/blog: The tail that had never run | ⭐ 0 | 👁 0
40 Formal was green and had never run a solver | ⭐ 0 | 👁 0
39 t27.ai/#/blog: Equal stored width removed an accur | ⭐ 0 | 👁 1
38 Ternary won the wire; it did not win the gate | ⭐ 0 | 👁 0
37 t27.ai/#/blog: The scanner scored what it could no | ⭐ 0 | 👁 0
36 Four hundred and twelve tests that were sentences | ⭐ 0 | 👁 0
35 t27.ai/#/blog: Physical width changed the question | ⭐ 0 | 👁 0
34 Nobody's example | ⭐ 0 | 👁 0
33 The auditor made the mistake it audits | ⭐ 0 | 👁 0
32 The required check was an echo | ⭐ 0 | 👁 0
31 The ratchet counted a total as an error | ⭐ 0 | 👁 0
30 I wrote the post, then did the thing | ⭐ 0 | 👁 0
49 t27.ai/#/blog: We hand-patched a generated file th | ⭐ 0 | 👁 15
48 Half the build is bitstream generation, and the tr | ⭐ 0 | 👁 2
47 t27.ai/#/blog: A health snapshot changed its numbe | ⭐ 0 | 👁 2
46 An inert filter is safest until it works | ⭐ 0 | 👁 1
45 t27.ai/#/blog: A gate that rejected its own users | ⭐ 0 | 👁 20
44 The full adder made the cost claim comparable | ⭐ 0 | 👁 20
43 t27.ai/#/blog: The golden ratio in this format is  | ⭐ 0 | 👁 0
42 A clean merge is not a semantic no-op | ⭐ 0 | 👁 0
41 t27.ai/#/blog: The tail that had never run | ⭐ 0 | 👁 0
40 Formal was green and had never run a solver | ⭐ 0 | 👁 0
39 t27.ai/#/blog: Equal stored width removed an accur | ⭐ 0 | 👁 1
38 Ternary won the wire; it did not win the gate | ⭐ 0 | 👁 0
37 t27.ai/#/blog: The scanner scored what it could no | ⭐ 0 | 👁 0
36 Four hundred and twelve tests that were sentences | ⭐ 0 | 👁 0
35 t27.ai/#/blog: Physical width changed the question | ⭐ 0 | 👁 0
34 Nobody's example | ⭐ 0 | 👁 0
33 The auditor made the mistake it audits | ⭐ 0 | 👁 0
32 The required check was an echo | ⭐ 0 | 👁 0
31 The ratchet counted a total as an error | ⭐ 0 | 👁 0
30 I wrote the post, then did the thing | ⭐ 0 | 👁 0
49 t27.ai/#/blog: We hand-patched a generated file th | ⭐ 0 | 👁 15
48 Half the build is bitstream generation, and the tr | ⭐ 0 | 👁 2
47 t27.ai/#/blog: A health snapshot changed its numbe | ⭐ 0 | 👁 2
46 An inert filter is safest until it works | ⭐ 0 | 👁 1
45 t27.ai/#/blog: A gate that rejected its own users | ⭐ 0 | 👁 20
44 The full adder made the cost claim comparable | ⭐ 0 | 👁 20
43 t27.ai/#/blog: The golden ratio in this format is  | ⭐ 0 | 👁 0
42 A clean merge is not a semantic no-op | ⭐ 0 | 👁 0
41 t27.ai/#/blog: The tail that had never run | ⭐ 0 | 👁 0
40 Formal was green and had never run a solver | ⭐ 0 | 👁 0
39 t27.ai/#/blog: Equal stored width removed an accur | ⭐ 0 | 👁 1
38 Ternary won the wire; it did not win the gate | ⭐ 0 | 👁 0
37 t27.ai/#/blog: The scanner scored what it could no | ⭐ 0 | 👁 0
36 Four hundred and twelve tests that were sentences | ⭐ 0 | 👁 0
35 t27.ai/#/blog: Physical width changed the question | ⭐ 0 | 👁 0
34 Nobody's example | ⭐ 0 | 👁 0
33 The auditor made the mistake it audits | ⭐ 0 | 👁 0
32 The required check was an echo | ⭐ 0 | 👁 0
31 The ratchet counted a total as an error | ⭐ 0 | 👁 0
30 I wrote the post, then did the thing | ⭐ 0 | 👁 0

--- push-work  (a branch nobody can see cannot be closed against)
    FAILED
Command fa
  Nothing was pushed and nothing was inspected. This is NOT "nothing to push":
  this step is the only way a bee's work leaves the container, and it did not run.


--- land  (put accepted work into the branch)
    1 accepted branch(es) landed

--- close-done  (an open accepted issue holds its boundary)
    FAILED
}

Node.js v26.0.0


--- share-modules  (bound how long duplicate installs sit on the volume)
    timed out part-way - what it did before that stands:   app-down: railway will not attach to the service; /health may still answer ok - they are

--- author  (refill to the queue depth)
    SKIPPED - past the 8 minute deadline

feed complete: push-work=FAILED land=ok close-done=FAILED share-modules=timed out author=skipped

--- push-work  (a branch nobody can see cannot be closed against)
    FAILED
Command fa
  Nothing was pushed and nothing was inspected. This is NOT "nothing to push":
  this step is the only way a bee's work leaves the container, and it did not run.


--- land  (put accepted work into the branch)
    0 accepted branch(es) landed

--- close-done  (an open accepted issue holds its boundary)
    FAILED
}

Node.js v26.0.0


--- share-modules  (bound how long duplicate installs sit on the volume)
    timed out part-way - what it did before that stands:   app-down: railway will not attach to the service; /health may still answer ok - they are

--- author  (refill to the queue depth)
    SKIPPED - past the 8 minute deadline

feed complete: push-work=FAILED land=ok close-done=FAILED share-modules=timed out author=skipped
the loop lock is held by heal (2 min) - standing down; it feeds too
the loop lock is held by heal (7 min) - standing down; it feeds too

--- push-work  (a branch nobody can see cannot be closed against)
    FAILED
Command fa
  Nothing was pushed and nothing was inspected. This is NOT "nothing to push":
  this step is the only way a bee's work leaves the container, and it did not run.


--- land  (put accepted work into the branch)
    0 accepted branch(es) landed

--- close-done  (an open accepted issue holds its boundary)
    FAILED
}

Node.js v26.0.0


--- share-modules  (bound how long duplicate installs sit on the volume)
    timed out part-way - what it did before that stands:   app-down: railway will not attach to the service; /health may still answer ok - they are

--- author  (refill to the queue depth)
    SKIPPED - past the 8 minute deadline

feed complete: push-work=FAILED land=ok close-done=FAILED share-modules=timed out author=skipped
the loop lock is held by heal (2 min) - standing down; it feeds too
the loop lock is held by heal (7 min) - standing down; it feeds too

--- push-work  (a branch nobody can see cannot be closed against)
    FAILED
Command fa
  Nothing was pushed and nothing was inspected. This is NOT "nothing to push":
  this step is the only way a bee's work leaves the container, and it did not run.


--- land  (put accepted work into the branch)
    0 accepted branch(es) landed

--- close-done  (an open accepted issue holds its boundary)
    FAILED
}

Node.js v26.0.0


--- share-modules  (bound how long duplicate installs sit on the volume)
    timed out part-way - what it did before that stands:   app-down: railway will not attach to the service; /health may still answer ok - they are

--- author  (refill to the queue depth)
    SKIPPED - past the 8 minute deadline

feed complete: push-work=FAILED land=ok close-done=FAILED share-modules=timed out author=skipped
the loop lock is held by heal (2 min) - standing down; it feeds too
the loop lock is held by heal (7 min) - standing down; it feeds too

--- push-work  (a branch nobody can see cannot be closed against)
    FAILED
Command fa
  Nothing was pushed and nothing was inspected. This is NOT "nothing to push":
  this step is the only way a bee's work leaves the container, and it did not run.


--- land  (put accepted work into the branch)
    0 accepted branch(es) landed

--- close-done  (an open accepted issue holds its boundary)
    FAILED
}

Node.js v26.0.0


--- share-modules  (bound how long duplicate installs sit on the volume)
    FAILED
}

Node.js v26.0.0


--- author  (refill to the queue depth)
    FAILED
signals: length=11/830 seen  untested=137/830 seen  ascii=56/939 seen
queue depth target 9 - counted on UNSTARTED issues, not open ones
could not measure the queen-authored queue - refusing to file, because a failed count would read as zero and lift the limit


feed complete: push-work=FAILED land=ok close-done=FAILED share-modules=FAILED author=FAILED
the loop lock is held by heal (1 min) - standing down; it feeds too
the loop lock is held by heal (7 min) - standing down; it feeds too

--- push-work  (a branch nobody can see cannot be closed against)
    FAILED
Command fa
  Nothing was pushed and nothing was inspected. This is NOT "nothing to push":
  this step is the only way a bee's work leaves the container, and it did not run.


--- land  (put accepted work into the branch)
    0 accepted branch(es) landed

--- close-done  (an open accepted issue holds its boundary)
    FAILED
}

Node.js v26.0.0


--- share-modules  (bound how long duplicate installs sit on the volume)
    FAILED
}

Node.js v26.0.0


--- author  (refill to the queue depth)
    timed out part-way - what it did before that stands: 

feed complete: push-work=FAILED land=ok close-done=FAILED share-modules=FAILED author=timed out
the loop lock is held by heal (1 min) - standing down; it feeds too
the loop lock is held by heal (6 min) - standing down; it feeds too

--- push-work  (a branch nobody can see cannot be closed against)
    FAILED
Command fa
  Nothing was pushed and nothing was inspected. This is NOT "nothing to push":
  this step is the only way a bee's work leaves the container, and it did not run.


--- land  (put accepted work into the branch)
    0 accepted branch(es) landed

--- close-done  (an open accepted issue holds its boundary)
    FAILED
}

Node.js v26.0.0


--- share-modules  (bound how long duplicate installs sit on the volume)
    FAILED
}

Node.js v26.0.0


--- author  (refill to the queue depth)
    FAILED
signals: length=11/830 seen  untested=137/830 seen  ascii=56/939 seen
queue depth target 9 - counted on UNSTARTED issues, not open ones
could not measure the queen-authored queue - refusing to file, because a failed count would read as zero and lift the limit


feed complete: push-work=FAILED land=ok close-done=FAILED share-modules=FAILED author=FAILED

--- push-work  (a branch nobody can see cannot be closed against)
    FAILED
Command fa
  Nothing was pushed and nothing was inspected. This is NOT "nothing to push":
  this step is the only way a bee's work leaves the container, and it did not run.


--- land  (put accepted work into the branch)
    0 accepted branch(es) landed

--- close-done  (an open accepted issue holds its boundary)
    FAILED
}

Node.js v26.0.0


--- share-modules  (bound how long duplicate installs sit on the volume)
    FAILED
}

Node.js v26.0.0


--- author  (refill to the queue depth)
    FAILED
signals: length=11/830 seen  untested=137/830 seen  ascii=56/939 seen
queue depth target 9 - counted on UNSTARTED issues, not open ones
could not measure the queen-authored queue - refusing to file, because a failed count would read as zero and lift the limit


feed complete: push-work=FAILED land=ok close-done=FAILED share-modules=FAILED author=FAILED
the loop lock is held by heal (2 min) - standing down; it feeds too
the loop lock is held by heal (7 min) - standing down; it feeds too

--- push-work  (a branch nobody can see cannot be closed against)
    FAILED
Command fa
  Nothing was pushed and nothing was inspected. This is NOT "nothing to push":
  this step is the only way a bee's work leaves the container, and it did not run.


--- land  (put accepted work into the branch)
    0 accepted branch(es) landed

--- close-done  (an open accepted issue holds its boundary)
    FAILED
}

Node.js v26.0.0


--- share-modules  (bound how long duplicate installs sit on the volume)
    FAILED
}

Node.js v26.0.0


--- author  (refill to the queue depth)
    timed out part-way - what it did before that stands: 

feed complete: push-work=FAILED land=ok close-done=FAILED share-modules=FAILED author=timed out
the loop lock is held by heal (1 min) - standing down; it feeds too
the loop lock is held by heal (6 min) - standing down; it feeds too

--- push-work  (a branch nobody can see cannot be closed against)
    FAILED
Command fa
  Nothing was pushed and nothing was inspected. This is NOT "nothing to push":
  this step is the only way a bee's work leaves the container, and it did not run.


--- land  (put accepted work into the branch)
    0 accepted branch(es) landed

--- close-done  (an open accepted issue holds its boundary)
    FAILED
}

Node.js v26.0.0


--- share-modules  (bound how long duplicate installs sit on the volume)
    timed out part-way - what it did before that stands:   keep queen-1547     its bee is running - rebuilding node_modules under a live install ki

--- author  (refill to the queue depth)
    SKIPPED - past the 8 minute deadline

feed complete: push-work=FAILED land=ok close-done=FAILED share-modules=timed out author=skipped
the loop lock is held by heal (0 min) - standing down; it feeds too
the loop lock is held by heal (5 min) - standing down; it feeds too
the loop lock is held by feed (1 min) - standing down; it feeds too

--- push-work  (a branch nobody can see cannot be closed against)
    every branch with work is already on the remote

--- land  (put accepted work into the branch)
    0 accepted branch(es) landed

--- close-done  (an open accepted issue holds its boundary)
    nothing closable

--- share-modules  (bound how long duplicate installs sit on the volume)
    timed out part-way - what it did before that stands: 

--- author  (refill to the queue depth)
    REFUSED to file - nobody is draining the backlog

feed complete: push-work=ok land=ok close-done=ok share-modules=timed out author=ok
the loop lock is held by heal (4 min) - standing down; it feeds too

--- push-work  (a branch nobody can see cannot be closed against)
    every branch with work is already on the remote

--- land  (put accepted work into the branch)
    0 accepted branch(es) landed

--- close-done  (an open accepted issue holds its boundary)
    nothing closable

--- share-modules  (bound how long duplicate installs sit on the volume)
    1 tree(s) share one store, 2402 MB returned

--- author  (refill to the queue depth)
    filed 9

feed complete: push-work=ok land=ok close-done=ok share-modules=ok author=ok

--- push-work  (a branch nobody can see cannot be closed against)
    pushed 6

--- land  (put accepted work into the branch)
    0 accepted branch(es) landed

--- close-done  (an open accepted issue holds its boundary)
    nothing closable

--- share-modules  (bound how long duplicate installs sit on the volume)
    4 tree(s) share one store, 9608 MB returned

--- author  (refill to the queue depth)
    REFUSED to file - nobody is draining the backlog

feed complete: push-work=ok land=ok close-done=ok share-modules=ok author=ok
the loop lock is held by heal (3 min) - standing down; it feeds too
the loop lock is held by heal (8 min) - standing down; it feeds too

--- push-work  (a branch nobody can see cannot be closed against)
    FAILED
  channelKind: 'unknown',
  channelAdvice: 'unrecognised - printed verbatim rather than guessed at'
}


--- land  (put accepted work into the branch)
    0 accepted branch(es) landed

--- close-done  (an open accepted issue holds its boundary)
    FAILED
}

Node.js v26.0.0


--- share-modules  (bound how long duplicate installs sit on the volume)
    FAILED
}

Node.js v26.0.0


--- author  (refill to the queue depth)
    FAILED
signals: length=11/830 seen  untested=137/830 seen  ascii=56/939 seen
queue depth target 9 - counted on UNSTARTED issues, not open ones
could not measure the queen-authored queue - refusing to file, because a failed count would read as zero and lift the limit


feed complete: push-work=FAILED land=ok close-done=FAILED share-modules=FAILED author=FAILED

--- push-work  (a branch nobody can see cannot be closed against)
    FAILED
  channelKind: 'unknown',
  channelAdvice: 'unrecognised - printed verbatim rather than guessed at'
}


--- land  (put accepted work into the branch)
    0 accepted branch(es) landed

--- close-done  (an open accepted issue holds its boundary)
    FAILED
}

Node.js v26.0.0


--- share-modules  (bound how long duplicate installs sit on the volume)
    FAILED
}

Node.js v26.0.0


--- author  (refill to the queue depth)
    FAILED
signals: length=11/830 seen  untested=137/830 seen  ascii=56/939 seen
queue depth target 9 - counted on UNSTARTED issues, not open ones
could not measure the queen-authored queue - refusing to file, because a failed count would read as zero and lift the limit


feed complete: push-work=FAILED land=ok close-done=FAILED share-modules=FAILED author=FAILED
the loop lock is held by heal (4 min) - standing down; it feeds too

--- push-work  (a branch nobody can see cannot be closed against)
    FAILED
  channelKind: 'unknown',
  channelAdvice: 'unrecognised - printed verbatim rather than guessed at'
}


--- land  (put accepted work into the branch)
    0 accepted branch(es) landed

--- close-done  (an open accepted issue holds its boundary)
    FAILED
}

Node.js v26.0.0


--- share-modules  (bound how long duplicate installs sit on the volume)
    FAILED
}

Node.js v26.0.0


--- author  (refill to the queue depth)
    FAILED
signals: length=11/830 seen  untested=137/830 seen  ascii=56/939 seen
queue depth target 9 - counted on UNSTARTED issues, not open ones
could not measure the queen-authored queue - refusing to file, because a failed count would read as zero and lift the limit


feed complete: push-work=FAILED land=ok close-done=FAILED share-modules=FAILED author=FAILED

--- push-work  (a branch nobody can see cannot be closed against)
    FAILED
  channelKind: 'unknown',
  channelAdvice: 'unrecognised - printed verbatim rather than guessed at'
}


--- land  (put accepted work into the branch)
    0 accepted branch(es) landed

--- close-done  (an open accepted issue holds its boundary)
    FAILED
}

Node.js v26.0.0


--- share-modules  (bound how long duplicate installs sit on the volume)
    FAILED
}

Node.js v26.0.0


--- author  (refill to the queue depth)
    FAILED
signals: length=11/830 seen  untested=137/830 seen  ascii=56/939 seen
queue depth target 9 - counted on UNSTARTED issues, not open ones
could not measure the queen-authored queue - refusing to file, because a failed count would read as zero and lift the limit


feed complete: push-work=FAILED land=ok close-done=FAILED share-modules=FAILED author=FAILED

--- push-work  (a branch nobody can see cannot be closed against)
    FAILED
  channelKind: 'unknown',
  channelAdvice: 'unrecognised - printed verbatim rather than guessed at'
}


--- land  (put accepted work into the branch)
    0 accepted branch(es) landed

--- close-done  (an open accepted issue holds its boundary)
    FAILED
}

Node.js v26.0.0


--- share-modules  (bound how long duplicate installs sit on the volume)
    FAILED
}

Node.js v26.0.0


--- author  (refill to the queue depth)
    FAILED
signals: length=11/830 seen  untested=137/830 seen  ascii=56/939 seen
queue depth target 9 - counted on UNSTARTED issues, not open ones
could not measure the queen-authored queue - refusing to file, because a failed count would read as zero and lift the limit


feed complete: push-work=FAILED land=ok close-done=FAILED share-modules=FAILED author=FAILED

--- push-work  (a branch nobody can see cannot be closed against)
    FAILED
  channelKind: 'unknown',
  channelAdvice: 'unrecognised - printed verbatim rather than guessed at'
}


--- land  (put accepted work into the branch)
    0 accepted branch(es) landed

--- close-done  (an open accepted issue holds its boundary)
    FAILED
}

Node.js v26.0.0


--- share-modules  (bound how long duplicate installs sit on the volume)
    FAILED
}

Node.js v26.0.0


--- author  (refill to the queue depth)
    FAILED
signals: length=11/830 seen  untested=137/830 seen  ascii=56/939 seen
queue depth target 9 - counted on UNSTARTED issues, not open ones
could not measure the queen-authored queue - refusing to file, because a failed count would read as zero and lift the limit


feed complete: push-work=FAILED land=ok close-done=FAILED share-modules=FAILED author=FAILED
the loop lock is held by heal (2 min) - standing down; it feeds too
the loop lock is held by heal (7 min) - standing down; it feeds too

--- push-work  (a branch nobody can see cannot be closed against)
    FAILED
  channelKind: 'unknown',
  channelAdvice: 'unrecognised - printed verbatim rather than guessed at'
}


--- land  (put accepted work into the branch)
    0 accepted branch(es) landed

--- close-done  (an open accepted issue holds its boundary)
    FAILED
}

Node.js v26.0.0


--- share-modules  (bound how long duplicate installs sit on the volume)
    FAILED
}

Node.js v26.0.0


--- author  (refill to the queue depth)
    FAILED
signals: length=11/830 seen  untested=137/830 seen  ascii=56/939 seen
queue depth target 9 - counted on UNSTARTED issues, not open ones
could not measure the queen-authored queue - refusing to file, because a failed count would read as zero and lift the limit


feed complete: push-work=FAILED land=ok close-done=FAILED share-modules=FAILED author=FAILED

--- push-work  (a branch nobody can see cannot be closed against)
    FAILED
  channelKind: 'unknown',
  channelAdvice: 'unrecognised - printed verbatim rather than guessed at'
}


--- land  (put accepted work into the branch)
    0 accepted branch(es) landed

--- close-done  (an open accepted issue holds its boundary)
    FAILED
}

Node.js v26.0.0


--- share-modules  (bound how long duplicate installs sit on the volume)
    FAILED
}

Node.js v26.0.0


--- author  (refill to the queue depth)
    FAILED
signals: length=11/830 seen  untested=137/830 seen  ascii=56/939 seen
queue depth target 9 - counted on UNSTARTED issues, not open ones
could not measure the queen-authored queue - refusing to file, because a failed count would read as zero and lift the limit


feed complete: push-work=FAILED land=ok close-done=FAILED share-modules=FAILED author=FAILED
the loop lock is held by heal (3 min) - standing down; it feeds too

--- push-work  (a branch nobody can see cannot be closed against)
    FAILED
  channelKind: 'unknown',
  channelAdvice: 'unrecognised - printed verbatim rather than guessed at'
}


--- land  (put accepted work into the branch)
    0 accepted branch(es) landed

--- close-done  (an open accepted issue holds its boundary)
    FAILED
}

Node.js v26.0.0


--- share-modules  (bound how long duplicate installs sit on the volume)
    FAILED
}

Node.js v26.0.0


--- author  (refill to the queue depth)
    FAILED
signals: length=11/830 seen  untested=137/830 seen  ascii=56/939 seen
queue depth target 9 - counted on UNSTARTED issues, not open ones
could not measure the queen-authored queue - refusing to file, because a failed count would read as zero and lift the limit


feed complete: push-work=FAILED land=ok close-done=FAILED share-modules=FAILED author=FAILED

--- push-work  (a branch nobody can see cannot be closed against)
    FAILED
  channelKind: 'unknown',
  channelAdvice: 'unrecognised - printed verbatim rather than guessed at'
}


--- land  (put accepted work into the branch)
    0 accepted branch(es) landed

--- close-done  (an open accepted issue holds its boundary)
    FAILED
}

Node.js v26.0.0


--- share-modules  (bound how long duplicate installs sit on the volume)
    FAILED
}

Node.js v26.0.0


--- author  (refill to the queue depth)
    FAILED
signals: length=11/830 seen  untested=137/830 seen  ascii=56/939 seen
queue depth target 9 - counted on UNSTARTED issues, not open ones
could not measure the queen-authored queue - refusing to file, because a failed count would read as zero and lift the limit


feed complete: push-work=FAILED land=ok close-done=FAILED share-modules=FAILED author=FAILED

--- push-work  (a branch nobody can see cannot be closed against)
    FAILED
  channelKind: 'unknown',
  channelAdvice: 'unrecognised - printed verbatim rather than guessed at'
}


--- land  (put accepted work into the branch)
    0 accepted branch(es) landed

--- close-done  (an open accepted issue holds its boundary)
    FAILED
}

Node.js v26.0.0


--- share-modules  (bound how long duplicate installs sit on the volume)
    FAILED
}

Node.js v26.0.0


--- author  (refill to the queue depth)
    FAILED
signals: length=11/830 seen  untested=137/830 seen  ascii=56/939 seen
queue depth target 9 - counted on UNSTARTED issues, not open ones
could not measure the queen-authored queue - refusing to file, because a failed count would read as zero and lift the limit


feed complete: push-work=FAILED land=ok close-done=FAILED share-modules=FAILED author=FAILED

--- push-work  (a branch nobody can see cannot be closed against)
    FAILED
  channelKind: 'unknown',
  channelAdvice: 'unrecognised - printed verbatim rather than guessed at'
}


--- land  (put accepted work into the branch)
    0 accepted branch(es) landed

--- close-done  (an open accepted issue holds its boundary)
    FAILED
}

Node.js v26.0.0


--- share-modules  (bound how long duplicate installs sit on the volume)
    FAILED
}

Node.js v26.0.0


--- author  (refill to the queue depth)
    FAILED
signals: length=11/830 seen  untested=137/830 seen  ascii=56/939 seen
queue depth target 9 - counted on UNSTARTED issues, not open ones
could not measure the queen-authored queue - refusing to file, because a failed count would read as zero and lift the limit


feed complete: push-work=FAILED land=ok close-done=FAILED share-modules=FAILED author=FAILED
the loop lock is held by heal (1 min) - standing down; it feeds too
the loop lock is held by heal (6 min) - standing down; it feeds too

--- push-work  (a branch nobody can see cannot be closed against)
    FAILED
  channelKind: 'unknown',
  channelAdvice: 'unrecognised - printed verbatim rather than guessed at'
}


--- land  (put accepted work into the branch)
    0 accepted branch(es) landed

--- close-done  (an open accepted issue holds its boundary)
    FAILED
}

Node.js v26.0.0


--- share-modules  (bound how long duplicate installs sit on the volume)
    FAILED
}

Node.js v26.0.0


--- author  (refill to the queue depth)
    FAILED
signals: length=11/830 seen  untested=137/830 seen  ascii=56/939 seen
queue depth target 9 - counted on UNSTARTED issues, not open ones
could not measure the queen-authored queue - refusing to file, because a failed count would read as zero and lift the limit


feed complete: push-work=FAILED land=ok close-done=FAILED share-modules=FAILED author=FAILED

--- push-work  (a branch nobody can see cannot be closed against)
    FAILED
  channelKind: 'unknown',
  channelAdvice: 'unrecognised - printed verbatim rather than guessed at'
}


--- land  (put accepted work into the branch)
    0 accepted branch(es) landed

--- close-done  (an open accepted issue holds its boundary)
    FAILED
}

Node.js v26.0.0


--- share-modules  (bound how long duplicate installs sit on the volume)
    FAILED
}

Node.js v26.0.0


--- author  (refill to the queue depth)
    FAILED
signals: length=11/830 seen  untested=137/830 seen  ascii=56/939 seen
queue depth target 9 - counted on UNSTARTED issues, not open ones
could not measure the queen-authored queue - refusing to file, because a failed count would read as zero and lift the limit


feed complete: push-work=FAILED land=ok close-done=FAILED share-modules=FAILED author=FAILED
the loop lock is held by heal (2 min) - standing down; it feeds too
the loop lock is held by heal (7 min) - standing down; it feeds too

--- push-work  (a branch nobody can see cannot be closed against)
    FAILED
  channelKind: 'unknown',
  channelAdvice: 'unrecognised - printed verbatim rather than guessed at'
}


--- land  (put accepted work into the branch)
    0 accepted branch(es) landed

--- close-done  (an open accepted issue holds its boundary)
    FAILED
}

Node.js v26.0.0


--- author  (refill to the queue depth)
    FAILED
signals: length=11/830 seen  untested=137/830 seen  ascii=56/939 seen
queue depth target 9 - counted on UNSTARTED issues, not open ones
could not measure the queen-authored queue - refusing to file, because a failed count would read as zero and lift the limit


feed complete: push-work=FAILED land=ok close-done=FAILED author=FAILED

--- push-work  (a branch nobody can see cannot be closed against)
    FAILED
  channelKind: 'unknown',
  channelAdvice: 'unrecognised - printed verbatim rather than guessed at'
}


--- land  (put accepted work into the branch)
    0 accepted branch(es) landed

--- close-done  (an open accepted issue holds its boundary)
    FAILED
}

Node.js v26.0.0


--- author  (refill to the queue depth)
    FAILED
signals: length=11/830 seen  untested=137/830 seen  ascii=56/939 seen
queue depth target 9 - counted on UNSTARTED issues, not open ones
could not measure the queen-authored queue - refusing to file, because a failed count would read as zero and lift the limit


feed complete: push-work=FAILED land=ok close-done=FAILED author=FAILED
the loop lock is held by heal (3 min) - standing down; it feeds too
the loop lock is held by heal (8 min) - standing down; it feeds too

--- push-work  (a branch nobody can see cannot be closed against)
    pushed 4

--- land  (put accepted work into the branch)
    0 accepted branch(es) landed

--- close-done  (an open accepted issue holds its boundary)
    nothing closable

--- author  (refill to the queue depth)
    filed 9

feed complete: push-work=ok land=ok close-done=ok author=ok

--- push-work  (a branch nobody can see cannot be closed against)
    pushed 1

--- land  (put accepted work into the branch)
    0 accepted branch(es) landed

--- close-done  (an open accepted issue holds its boundary)
    nothing closable

--- author  (refill to the queue depth)
    REFUSED to file - nobody is draining the backlog

feed complete: push-work=ok land=ok close-done=ok author=ok

--- push-work  (a branch nobody can see cannot be closed against)
    pushed 3

--- land  (put accepted work into the branch)
    0 accepted branch(es) landed

--- close-done  (an open accepted issue holds its boundary)
    nothing closable

--- author  (refill to the queue depth)
    REFUSED to file - nobody is draining the backlog

feed complete: push-work=ok land=ok close-done=ok author=ok
the loop lock is held by heal (5 min) - standing down; it feeds too

--- push-work  (a branch nobody can see cannot be closed against)
    pushed 6

--- land  (put accepted work into the branch)
    0 accepted branch(es) landed

--- close-done  (an open accepted issue holds its boundary)
    nothing closable

--- author  (refill to the queue depth)
    filed 9

feed complete: push-work=ok land=ok close-done=ok author=ok

--- push-work  (a branch nobody can see cannot be closed against)
    pushed 2

--- land  (put accepted work into the branch)
    0 accepted branch(es) landed

--- close-done  (an open accepted issue holds its boundary)
    nothing closable

--- author  (refill to the queue depth)
    REFUSED to file - nobody is draining the backlog

feed complete: push-work=ok land=ok close-done=ok author=ok
the loop lock is held by heal (4 min) - standing down; it feeds too

--- push-work  (a branch nobody can see cannot be closed against)
    pushed 2

--- land  (put accepted work into the branch)
    0 accepted branch(es) landed

--- close-done  (an open accepted issue holds its boundary)
    nothing closable

--- author  (refill to the queue depth)
    REFUSED to file - nobody is draining the backlog

feed complete: push-work=ok land=ok close-done=ok author=ok

--- push-work  (a branch nobody can see cannot be closed against)
    pushed 4

--- land  (put accepted work into the branch)
    0 accepted branch(es) landed

--- close-done  (an open accepted issue holds its boundary)
    nothing closable

--- author  (refill to the queue depth)
    filed 5

feed complete: push-work=ok land=ok close-done=ok author=ok
the loop lock is held by heal (3 min) - standing down; it feeds too
the loop lock is held by heal (8 min) - standing down; it feeds too

--- push-work  (a branch nobody can see cannot be closed against)
    pushed 4

--- land  (put accepted work into the branch)
    0 accepted branch(es) landed

--- close-done  (an open accepted issue holds its boundary)
    nothing closable

--- author  (refill to the queue depth)
    filed 5

feed complete: push-work=ok land=ok close-done=ok author=ok

--- push-work  (a branch nobody can see cannot be closed against)
    pushed 2

--- land  (put accepted work into the branch)
    0 accepted branch(es) landed

--- close-done  (an open accepted issue holds its boundary)
    nothing closable

--- author  (refill to the queue depth)
    REFUSED to file - nobody is draining the backlog

feed complete: push-work=ok land=ok close-done=ok author=ok

--- push-work  (a branch nobody can see cannot be closed against)
    pushed 2

--- land  (put accepted work into the branch)
    0 accepted branch(es) landed

--- close-done  (an open accepted issue holds its boundary)
    nothing closable

--- author  (refill to the queue depth)
    filed 5

feed complete: push-work=ok land=ok close-done=ok author=ok

--- push-work  (a branch nobody can see cannot be closed against)
    pushed 3

--- land  (put accepted work into the branch)
    0 accepted branch(es) landed

--- close-done  (an open accepted issue holds its boundary)
    nothing closable

--- author  (refill to the queue depth)
    filed 2

feed complete: push-work=ok land=ok close-done=ok author=ok

--- push-work  (a branch nobody can see cannot be closed against)
    every branch with work is already on the remote

--- land  (put accepted work into the branch)
    0 accepted branch(es) landed

--- close-done  (an open accepted issue holds its boundary)
    nothing closable

--- author  (refill to the queue depth)
    filed 3

feed complete: push-work=ok land=ok close-done=ok author=ok
the loop lock is held by heal (5 min) - standing down; it feeds too

--- push-work  (a branch nobody can see cannot be closed against)
    pushed 4

--- land  (put accepted work into the branch)
    0 accepted branch(es) landed

--- close-done  (an open accepted issue holds its boundary)
    nothing closable

--- author  (refill to the queue depth)
    filed 5

feed complete: push-work=ok land=ok close-done=ok author=ok

--- push-work  (a branch nobody can see cannot be closed against)
    pushed 3

--- land  (put accepted work into the branch)
    0 accepted branch(es) landed

--- close-done  (an open accepted issue holds its boundary)
    nothing closable

--- author  (refill to the queue depth)
    filed 2

feed complete: push-work=ok land=ok close-done=ok author=ok
the loop lock is held by heal (5 min) - standing down; it feeds too

--- push-work  (a branch nobody can see cannot be closed against)
    pushed 6

--- land  (put accepted work into the branch)
    0 accepted branch(es) landed

--- close-done  (an open accepted issue holds its boundary)
    nothing closable

--- author  (refill to the queue depth)
    filed 5

feed complete: push-work=ok land=ok close-done=ok author=ok

--- push-work  (a branch nobody can see cannot be closed against)
    pushed 4

--- land  (put accepted work into the branch)
    0 accepted branch(es) landed

--- close-done  (an open accepted issue holds its boundary)
    nothing closable

--- author  (refill to the queue depth)
    filed 5

feed complete: push-work=ok land=ok close-done=ok author=ok

--- push-work  (a branch nobody can see cannot be closed against)
    pushed 3

--- land  (put accepted work into the branch)
    0 accepted branch(es) landed

--- close-done  (an open accepted issue holds its boundary)
    nothing closable

--- author  (refill to the queue depth)
    filed 3

feed complete: push-work=ok land=ok close-done=ok author=ok

--- push-work  (a branch nobody can see cannot be closed against)
    pushed 2

--- land  (put accepted work into the branch)
    0 accepted branch(es) landed

--- close-done  (an open accepted issue holds its boundary)
    nothing closable

--- author  (refill to the queue depth)
    filed 4

feed complete: push-work=ok land=ok close-done=ok author=ok

--- push-work  (a branch nobody can see cannot be closed against)
    pushed 4

--- land  (put accepted work into the branch)
    0 accepted branch(es) landed

--- close-done  (an open accepted issue holds its boundary)
    nothing closable

--- author  (refill to the queue depth)
    filed 4

feed complete: push-work=ok land=ok close-done=ok author=ok

--- push-work  (a branch nobody can see cannot be closed against)
    pushed 3

--- land  (put accepted work into the branch)
    0 accepted branch(es) landed

--- close-done  (an open accepted issue holds its boundary)
    nothing closable

--- author  (refill to the queue depth)
    filed 4

feed complete: push-work=ok land=ok close-done=ok author=ok

--- push-work  (a branch nobody can see cannot be closed against)
    pushed 4

--- land  (put accepted work into the branch)
    0 accepted branch(es) landed

--- close-done  (an open accepted issue holds its boundary)
    nothing closable

--- author  (refill to the queue depth)
    filed 3

feed complete: push-work=ok land=ok close-done=ok author=ok

--- push-work  (a branch nobody can see cannot be closed against)
    pushed 3

--- land  (put accepted work into the branch)
    0 accepted branch(es) landed

--- close-done  (an open accepted issue holds its boundary)
    nothing closable

--- author  (refill to the queue depth)
    filed 3

feed complete: push-work=ok land=ok close-done=ok author=ok

--- push-work  (a branch nobody can see cannot be closed against)
    pushed 4

--- land  (put accepted work into the branch)
    0 accepted branch(es) landed

--- close-done  (an open accepted issue holds its boundary)
    nothing closable

--- author  (refill to the queue depth)
    filed 4

feed complete: push-work=ok land=ok close-done=ok author=ok

--- push-work  (a branch nobody can see cannot be closed against)
    pushed 3

--- land  (put accepted work into the branch)
    0 accepted branch(es) landed

--- close-done  (an open accepted issue holds its boundary)
    nothing closable

--- author  (refill to the queue depth)
    filed 4

feed complete: push-work=ok land=ok close-done=ok author=ok

--- push-work  (a branch nobody can see cannot be closed against)
    pushed 4

--- land  (put accepted work into the branch)
    0 accepted branch(es) landed

--- close-done  (an open accepted issue holds its boundary)
    nothing closable

--- author  (refill to the queue depth)
    filed 4

feed complete: push-work=ok land=ok close-done=ok author=ok

--- push-work  (a branch nobody can see cannot be closed against)
    pushed 4

--- land  (put accepted work into the branch)
    0 accepted branch(es) landed

--- close-done  (an open accepted issue holds its boundary)
    nothing closable

--- author  (refill to the queue depth)
    filed 4

feed complete: push-work=ok land=ok close-done=ok author=ok
the loop lock is held by heal (1 min) - standing down; it feeds too
the loop lock is held by heal (6 min) - standing down; it feeds too

--- push-work  (a branch nobody can see cannot be closed against)
    pushed 3

--- land  (put accepted work into the branch)
    0 accepted branch(es) landed

--- close-done  (an open accepted issue holds its boundary)
    nothing closable

--- author  (refill to the queue depth)
    filed 2

feed complete: push-work=ok land=ok close-done=ok author=ok

--- push-work  (a branch nobody can see cannot be closed against)
    pushed 1

--- land  (put accepted work into the branch)
    0 accepted branch(es) landed

--- close-done  (an open accepted issue holds its boundary)
    nothing closable

--- author  (refill to the queue depth)
    filed 1

feed complete: push-work=ok land=ok close-done=ok author=ok

--- push-work  (a branch nobody can see cannot be closed against)
    pushed 1

--- land  (put accepted work into the branch)
    0 accepted branch(es) landed

--- close-done  (an open accepted issue holds its boundary)
    nothing closable

--- author  (refill to the queue depth)
    filed 1

feed complete: push-work=ok land=ok close-done=ok author=ok

--- push-work  (a branch nobody can see cannot be closed against)
    pushed 2

--- land  (put accepted work into the branch)
    timed out part-way - what it did before that stands: 2 accepted branches still outside the base

--- close-done  (an open accepted issue holds its boundary)
    nothing closable

--- author  (refill to the queue depth)
    timed out part-way - what it did before that stands: 

feed complete: push-work=ok land=timed out close-done=ok author=timed out
the loop lock is held by heal (2 min) - standing down; it feeds too
the loop lock is held by heal (7 min) - standing down; it feeds too

--- push-work  (a branch nobody can see cannot be closed against)
    pushed 1

--- land  (put accepted work into the branch)
    0 accepted branch(es) landed

--- close-done  (an open accepted issue holds its boundary)
    nothing closable

--- author  (refill to the queue depth)
    filed 0

feed complete: push-work=ok land=ok close-done=ok author=ok

--- push-work  (a branch nobody can see cannot be closed against)
    every branch with work is already on the remote

--- land  (put accepted work into the branch)
    timed out part-way - what it did before that stands: 2 accepted branches still outside the base

--- close-done  (an open accepted issue holds its boundary)
    nothing closable

--- author  (refill to the queue depth)
    timed out part-way - what it did before that stands:    .. untested    120  trios/agent-server/apps/agent/entrypoints/sidepanel/history/compone

feed complete: push-work=ok land=timed out close-done=ok author=timed out
the loop lock is held by heal (2 min) - standing down; it feeds too
the loop lock is held by heal (7 min) - standing down; it feeds too

--- push-work  (a branch nobody can see cannot be closed against)
    every branch with work is already on the remote

--- land  (put accepted work into the branch)
    0 accepted branch(es) landed

--- close-done  (an open accepted issue holds its boundary)
    nothing closable

--- author  (refill to the queue depth)
    filed 0

feed complete: push-work=ok land=ok close-done=ok author=ok
the loop lock is held by heal (2 min) - standing down; it feeds too
the loop lock is held by heal (7 min) - standing down; it feeds too

--- push-work  (a branch nobody can see cannot be closed against)
    every branch with work is already on the remote

--- land  (put accepted work into the branch)
    0 accepted branch(es) landed

--- close-done  (an open accepted issue holds its boundary)
    nothing closable

--- author  (refill to the queue depth)
    filed 0

feed complete: push-work=ok land=ok close-done=ok author=ok
the loop lock is held by heal (0 min) - standing down; it feeds too
the loop lock is held by heal (5 min) - standing down; it feeds too

--- push-work  (a branch nobody can see cannot be closed against)
    every branch with work is already on the remote

--- land  (put accepted work into the branch)
    0 accepted branch(es) landed

--- close-done  (an open accepted issue holds its boundary)
    nothing closable

--- author  (refill to the queue depth)
    filed 0

feed complete: push-work=ok land=ok close-done=ok author=ok

--- push-work  (a branch nobody can see cannot be closed against)
    every branch with work is already on the remote

--- land  (put accepted work into the branch)
    0 accepted branch(es) landed

--- close-done  (an open accepted issue holds its boundary)
    nothing closable

--- author  (refill to the queue depth)
    filed 0

feed complete: push-work=ok land=ok close-done=ok author=ok

--- push-work  (a branch nobody can see cannot be closed against)
    every branch with work is already on the remote

--- land  (put accepted work into the branch)
    0 accepted branch(es) landed

--- close-done  (an open accepted issue holds its boundary)
    nothing closable

--- author  (refill to the queue depth)
    filed 0

feed complete: push-work=ok land=ok close-done=ok author=ok

--- push-work  (a branch nobody can see cannot be closed against)
    every branch with work is already on the remote

--- land  (put accepted work into the branch)
    0 accepted branch(es) landed

--- close-done  (an open accepted issue holds its boundary)
    nothing closable

--- author  (refill to the queue depth)
    filed 0

feed complete: push-work=ok land=ok close-done=ok author=ok

--- push-work  (a branch nobody can see cannot be closed against)
    every branch with work is already on the remote

--- land  (put accepted work into the branch)
    0 accepted branch(es) landed

--- close-done  (an open accepted issue holds its boundary)
    nothing closable

--- author  (refill to the queue depth)
    filed 0

feed complete: push-work=ok land=ok close-done=ok author=ok

--- push-work  (a branch nobody can see cannot be closed against)
    every branch with work is already on the remote

--- land  (put accepted work into the branch)
    0 accepted branch(es) landed

--- close-done  (an open accepted issue holds its boundary)
    nothing closable

--- author  (refill to the queue depth)
    filed 0

feed complete: push-work=ok land=ok close-done=ok author=ok

--- push-work  (a branch nobody can see cannot be closed against)
    every branch with work is already on the remote

--- land  (put accepted work into the branch)
    0 accepted branch(es) landed

--- close-done  (an open accepted issue holds its boundary)
    nothing closable

--- author  (refill to the queue depth)
    filed 0

feed complete: push-work=ok land=ok close-done=ok author=ok
/Users/playra/.local/bin/tri: line 872: syntax error near unexpected token `;;'
/Users/playra/.local/bin/tri: line 872: `ash "$HOME/skills/queen-game-loop/scripts/gates.sh" "$@" ;;'

--- push-work  (a branch nobody can see cannot be closed against)
    every branch with work is already on the remote

--- land  (put accepted work into the branch)
    0 accepted branch(es) landed

--- close-done  (an open accepted issue holds its boundary)
    nothing closable

--- author  (refill to the queue depth)
    filed 0

feed complete: push-work=ok land=ok close-done=ok author=ok

--- push-work  (a branch nobody can see cannot be closed against)
    every branch with work is already on the remote

--- land  (put accepted work into the branch)
    0 accepted branch(es) landed

--- close-done  (an open accepted issue holds its boundary)
    nothing closable

--- author  (refill to the queue depth)
    REFUSED to file - nobody is draining the backlog

feed complete: push-work=ok land=ok close-done=ok author=ok
the loop lock is held by heal (1 min) - standing down; it feeds too
the loop lock is held by heal (6 min) - standing down; it feeds too

--- push-work  (a branch nobody can see cannot be closed against)
    every branch with work is already on the remote

--- land  (put accepted work into the branch)
    0 accepted branch(es) landed

--- close-done  (an open accepted issue holds its boundary)
    nothing closable

--- author  (refill to the queue depth)
    REFUSED to file - nobody is draining the backlog

feed complete: push-work=ok land=ok close-done=ok author=ok

--- push-work  (a branch nobody can see cannot be closed against)
    every branch with work is already on the remote

--- land  (put accepted work into the branch)
    0 accepted branch(es) landed

--- close-done  (an open accepted issue holds its boundary)
    nothing closable

--- author  (refill to the queue depth)
    REFUSED to file - nobody is draining the backlog

feed complete: push-work=ok land=ok close-done=ok author=ok
/Users/playra/.local/bin/tri: line 880: syntax error near unexpected token `)'
/Users/playra/.local/bin/tri: line 880: `game-prove)   shift; exec python3 "$HOME/skills/queen-game-loop/scripts/prove.py" "$@" ;;'

--- push-work  (a branch nobody can see cannot be closed against)
    every branch with work is already on the remote

--- land  (put accepted work into the branch)
    0 accepted branch(es) landed

--- close-done  (an open accepted issue holds its boundary)
    nothing closable

--- author  (refill to the queue depth)
    REFUSED to file - nobody is draining the backlog

feed complete: push-work=ok land=ok close-done=ok author=ok

--- push-work  (a branch nobody can see cannot be closed against)
    every branch with work is already on the remote

--- land  (put accepted work into the branch)
    0 accepted branch(es) landed

--- close-done  (an open accepted issue holds its boundary)
    nothing closable

--- author  (refill to the queue depth)
    REFUSED to file - nobody is draining the backlog

feed complete: push-work=ok land=ok close-done=ok author=ok

--- push-work  (a branch nobody can see cannot be closed against)
    every branch with work is already on the remote

--- land  (put accepted work into the branch)
    0 accepted branch(es) landed

--- close-done  (an open accepted issue holds its boundary)
    nothing closable

--- author  (refill to the queue depth)
    REFUSED to file - nobody is draining the backlog

feed complete: push-work=ok land=ok close-done=ok author=ok

--- push-work  (a branch nobody can see cannot be closed against)
    every branch with work is already on the remote

--- land  (put accepted work into the branch)
    0 accepted branch(es) landed

--- close-done  (an open accepted issue holds its boundary)
    nothing closable

--- author  (refill to the queue depth)
    REFUSED to file - nobody is draining the backlog

feed complete: push-work=ok land=ok close-done=ok author=ok

--- push-work  (a branch nobody can see cannot be closed against)
    every branch with work is already on the remote

--- land  (put accepted work into the branch)
    0 accepted branch(es) landed

--- close-done  (an open accepted issue holds its boundary)
    nothing closable

--- author  (refill to the queue depth)
    REFUSED to file - nobody is draining the backlog

feed complete: push-work=ok land=ok close-done=ok author=ok

--- push-work  (a branch nobody can see cannot be closed against)
    every branch with work is already on the remote

--- land  (put accepted work into the branch)
    0 accepted branch(es) landed

--- close-done  (an open accepted issue holds its boundary)
    nothing closable

--- author  (refill to the queue depth)
    REFUSED to file - nobody is draining the backlog

feed complete: push-work=ok land=ok close-done=ok author=ok

--- push-work  (a branch nobody can see cannot be closed against)
    every branch with work is already on the remote

--- land  (put accepted work into the branch)
    0 accepted branch(es) landed

--- close-done  (an open accepted issue holds its boundary)
    nothing closable

--- author  (refill to the queue depth)
    REFUSED to file - nobody is draining the backlog

feed complete: push-work=ok land=ok close-done=ok author=ok

--- push-work  (a branch nobody can see cannot be closed against)
    every branch with work is already on the remote

--- land  (put accepted work into the branch)
    0 accepted branch(es) landed

--- close-done  (an open accepted issue holds its boundary)
    nothing closable

--- author  (refill to the queue depth)
    REFUSED to file - nobody is draining the backlog

feed complete: push-work=ok land=ok close-done=ok author=ok

--- push-work  (a branch nobody can see cannot be closed against)
    every branch with work is already on the remote

--- land  (put accepted work into the branch)
    0 accepted branch(es) landed

--- close-done  (an open accepted issue holds its boundary)
    nothing closable

--- author  (refill to the queue depth)
    REFUSED to file - nobody is draining the backlog

feed complete: push-work=ok land=ok close-done=ok author=ok
the loop lock is held by heal (5 min) - standing down; it feeds too

--- push-work  (a branch nobody can see cannot be closed against)
    every branch with work is already on the remote

--- land  (put accepted work into the branch)
    0 accepted branch(es) landed

--- close-done  (an open accepted issue holds its boundary)
    nothing closable

--- author  (refill to the queue depth)
    REFUSED to file - nobody is draining the backlog

feed complete: push-work=ok land=ok close-done=ok author=ok

--- push-work  (a branch nobody can see cannot be closed against)
    every branch with work is already on the remote

--- land  (put accepted work into the branch)
    0 accepted branch(es) landed

--- close-done  (an open accepted issue holds its boundary)
    nothing closable

--- author  (refill to the queue depth)
    REFUSED to file - nobody is draining the backlog

feed complete: push-work=ok land=ok close-done=ok author=ok

--- push-work  (a branch nobody can see cannot be closed against)
    every branch with work is already on the remote

--- land  (put accepted work into the branch)
    0 accepted branch(es) landed

--- close-done  (an open accepted issue holds its boundary)
    nothing closable

--- author  (refill to the queue depth)
    REFUSED to file - nobody is draining the backlog

feed complete: push-work=ok land=ok close-done=ok author=ok
the loop lock is held by heal (5 min) - standing down; it feeds too

--- push-work  (a branch nobody can see cannot be closed against)
    every branch with work is already on the remote

--- land  (put accepted work into the branch)
    0 accepted branch(es) landed

--- close-done  (an open accepted issue holds its boundary)
    nothing closable

--- author  (refill to the queue depth)
    REFUSED to file - nobody is draining the backlog

feed complete: push-work=ok land=ok close-done=ok author=ok

--- push-work  (a branch nobody can see cannot be closed against)
    every branch with work is already on the remote

--- land  (put accepted work into the branch)
    0 accepted branch(es) landed

--- close-done  (an open accepted issue holds its boundary)
    nothing closable

--- author  (refill to the queue depth)
    REFUSED to file - nobody is draining the backlog

feed complete: push-work=ok land=ok close-done=ok author=ok
/Users/playra/.local/bin/tri: line 905: syntax error near unexpected token `('
/Users/playra/.local/bin/tri: line 905: `    echo "неизвестная команда: $1 (tri help)"; exit 1'

--- push-work  (a branch nobody can see cannot be closed against)
    every branch with work is already on the remote

--- land  (put accepted work into the branch)
    0 accepted branch(es) landed

--- close-done  (an open accepted issue holds its boundary)
    nothing closable

--- author  (refill to the queue depth)
    REFUSED to file - nobody is draining the backlog

feed complete: push-work=ok land=ok close-done=ok author=ok

--- push-work  (a branch nobody can see cannot be closed against)
    every branch with work is already on the remote

--- land  (put accepted work into the branch)
    0 accepted branch(es) landed

--- close-done  (an open accepted issue holds its boundary)
    nothing closable

--- author  (refill to the queue depth)
    REFUSED to file - nobody is draining the backlog

feed complete: push-work=ok land=ok close-done=ok author=ok

--- push-work  (a branch nobody can see cannot be closed against)
    every branch with work is already on the remote

--- land  (put accepted work into the branch)
    0 accepted branch(es) landed

--- close-done  (an open accepted issue holds its boundary)
    nothing closable

--- author  (refill to the queue depth)
    REFUSED to file - nobody is draining the backlog

feed complete: push-work=ok land=ok close-done=ok author=ok

--- push-work  (a branch nobody can see cannot be closed against)
    every branch with work is already on the remote

--- land  (put accepted work into the branch)
    0 accepted branch(es) landed

--- close-done  (an open accepted issue holds its boundary)
    nothing closable

--- author  (refill to the queue depth)
    REFUSED to file - nobody is draining the backlog

feed complete: push-work=ok land=ok close-done=ok author=ok

--- push-work  (a branch nobody can see cannot be closed against)
    every branch with work is already on the remote

--- land  (put accepted work into the branch)
    0 accepted branch(es) landed

--- close-done  (an open accepted issue holds its boundary)
    nothing closable

--- author  (refill to the queue depth)
    REFUSED to file - nobody is draining the backlog

feed complete: push-work=ok land=ok close-done=ok author=ok

--- push-work  (a branch nobody can see cannot be closed against)
    every branch with work is already on the remote

--- land  (put accepted work into the branch)
    0 accepted branch(es) landed

--- close-done  (an open accepted issue holds its boundary)
    nothing closable

--- author  (refill to the queue depth)
    REFUSED to file - nobody is draining the backlog

feed complete: push-work=ok land=ok close-done=ok author=ok

--- push-work  (a branch nobody can see cannot be closed against)
    every branch with work is already on the remote

--- land  (put accepted work into the branch)
    0 accepted branch(es) landed

--- close-done  (an open accepted issue holds its boundary)
    nothing closable

--- author  (refill to the queue depth)
    REFUSED to file - nobody is draining the backlog

feed complete: push-work=ok land=ok close-done=ok author=ok

--- push-work  (a branch nobody can see cannot be closed against)
    every branch with work is already on the remote

--- land  (put accepted work into the branch)
    0 accepted branch(es) landed

--- close-done  (an open accepted issue holds its boundary)
    nothing closable

--- author  (refill to the queue depth)
    REFUSED to file - nobody is draining the backlog

feed complete: push-work=ok land=ok close-done=ok author=ok

--- push-work  (a branch nobody can see cannot be closed against)
    every branch with work is already on the remote

--- land  (put accepted work into the branch)
    0 accepted branch(es) landed

--- close-done  (an open accepted issue holds its boundary)
    nothing closable

--- author  (refill to the queue depth)
    REFUSED to file - nobody is draining the backlog

feed complete: push-work=ok land=ok close-done=ok author=ok

--- push-work  (a branch nobody can see cannot be closed against)
    every branch with work is already on the remote

--- land  (put accepted work into the branch)
    0 accepted branch(es) landed

--- close-done  (an open accepted issue holds its boundary)
    nothing closable

--- author  (refill to the queue depth)
    REFUSED to file - nobody is draining the backlog

feed complete: push-work=ok land=ok close-done=ok author=ok

--- push-work  (a branch nobody can see cannot be closed against)
    every branch with work is already on the remote

--- land  (put accepted work into the branch)
    0 accepted branch(es) landed

--- close-done  (an open accepted issue holds its boundary)
    nothing closable

--- author  (refill to the queue depth)
    REFUSED to file - nobody is draining the backlog

feed complete: push-work=ok land=ok close-done=ok author=ok

--- push-work  (a branch nobody can see cannot be closed against)
    every branch with work is already on the remote

--- land  (put accepted work into the branch)
    0 accepted branch(es) landed

--- close-done  (an open accepted issue holds its boundary)
    nothing closable

--- author  (refill to the queue depth)
    REFUSED to file - nobody is draining the backlog

feed complete: push-work=ok land=ok close-done=ok author=ok

--- push-work  (a branch nobody can see cannot be closed against)
    every branch with work is already on the remote

--- land  (put accepted work into the branch)
    0 accepted branch(es) landed

--- close-done  (an open accepted issue holds its boundary)
    nothing closable

--- author  (refill to the queue depth)
    REFUSED to file - nobody is draining the backlog

feed complete: push-work=ok land=ok close-done=ok author=ok

--- push-work  (a branch nobody can see cannot be closed against)
    every branch with work is already on the remote

--- land  (put accepted work into the branch)
    0 accepted branch(es) landed

--- close-done  (an open accepted issue holds its boundary)
    nothing closable

--- author  (refill to the queue depth)
    REFUSED to file - nobody is draining the backlog

feed complete: push-work=ok land=ok close-done=ok author=ok

--- push-work  (a branch nobody can see cannot be closed against)
    every branch with work is already on the remote

--- land  (put accepted work into the branch)
    0 accepted branch(es) landed

--- close-done  (an open accepted issue holds its boundary)
    nothing closable

--- author  (refill to the queue depth)
    REFUSED to file - nobody is draining the backlog

feed complete: push-work=ok land=ok close-done=ok author=ok

--- push-work  (a branch nobody can see cannot be closed against)
    every branch with work is already on the remote

--- land  (put accepted work into the branch)
    0 accepted branch(es) landed

--- close-done  (an open accepted issue holds its boundary)
    nothing closable

--- author  (refill to the queue depth)
    REFUSED to file - nobody is draining the backlog

feed complete: push-work=ok land=ok close-done=ok author=ok

--- push-work  (a branch nobody can see cannot be closed against)
    every branch with work is already on the remote

--- land  (put accepted work into the branch)
    0 accepted branch(es) landed

--- close-done  (an open accepted issue holds its boundary)
    nothing closable

--- author  (refill to the queue depth)
    REFUSED to file - nobody is draining the backlog

feed complete: push-work=ok land=ok close-done=ok author=ok

--- push-work  (a branch nobody can see cannot be closed against)
    every branch with work is already on the remote

--- land  (put accepted work into the branch)
    0 accepted branch(es) landed

--- close-done  (an open accepted issue holds its boundary)
    nothing closable

--- author  (refill to the queue depth)
    REFUSED to file - nobody is draining the backlog

feed complete: push-work=ok land=ok close-done=ok author=ok

--- push-work  (a branch nobody can see cannot be closed against)
    every branch with work is already on the remote

--- land  (put accepted work into the branch)
    0 accepted branch(es) landed

--- close-done  (an open accepted issue holds its boundary)
    nothing closable

--- author  (refill to the queue depth)
    REFUSED to file - nobody is draining the backlog

feed complete: push-work=ok land=ok close-done=ok author=ok
the loop lock is held by heal (1 min) - standing down; it feeds too
the loop lock is held by heal (6 min) - standing down; it feeds too

--- push-work  (a branch nobody can see cannot be closed against)
    every branch with work is already on the remote

--- land  (put accepted work into the branch)
    0 accepted branch(es) landed

--- close-done  (an open accepted issue holds its boundary)
    nothing closable

--- author  (refill to the queue depth)
    REFUSED to file - nobody is draining the backlog

feed complete: push-work=ok land=ok close-done=ok author=ok

--- push-work  (a branch nobody can see cannot be closed against)
    every branch with work is already on the remote

--- land  (put accepted work into the branch)
    timed out part-way - what it did before that stands: 2 accepted branches still outside the base

--- close-done  (an open accepted issue holds its boundary)
    nothing closable

--- author  (refill to the queue depth)
    timed out part-way - what it did before that stands: 

feed complete: push-work=ok land=timed out close-done=ok author=timed out
the loop lock is held by heal (1 min) - standing down; it feeds too
the loop lock is held by heal (6 min) - standing down; it feeds too

--- push-work  (a branch nobody can see cannot be closed against)
    every branch with work is already on the remote

--- land  (put accepted work into the branch)
    0 accepted branch(es) landed

--- close-done  (an open accepted issue holds its boundary)
    nothing closable

--- author  (refill to the queue depth)
    REFUSED to file - nobody is draining the backlog

feed complete: push-work=ok land=ok close-done=ok author=ok

--- push-work  (a branch nobody can see cannot be closed against)
    every branch with work is already on the remote

--- land  (put accepted work into the branch)
    0 accepted branch(es) landed

--- close-done  (an open accepted issue holds its boundary)
    nothing closable

--- author  (refill to the queue depth)
    REFUSED to file - nobody is draining the backlog

feed complete: push-work=ok land=ok close-done=ok author=ok

--- push-work  (a branch nobody can see cannot be closed against)
    every branch with work is already on the remote

--- land  (put accepted work into the branch)
    0 accepted branch(es) landed

--- close-done  (an open accepted issue holds its boundary)
    nothing closable

--- author  (refill to the queue depth)
    REFUSED to file - nobody is draining the backlog

feed complete: push-work=ok land=ok close-done=ok author=ok

--- push-work  (a branch nobody can see cannot be closed against)
    every branch with work is already on the remote

--- land  (put accepted work into the branch)
    0 accepted branch(es) landed

--- close-done  (an open accepted issue holds its boundary)
    nothing closable

--- author  (refill to the queue depth)
    REFUSED to file - nobody is draining the backlog

feed complete: push-work=ok land=ok close-done=ok author=ok
the loop lock is held by heal (3 min) - standing down; it feeds too
the loop lock is held by heal (8 min) - standing down; it feeds too

--- push-work  (a branch nobody can see cannot be closed against)
    every branch with work is already on the remote

--- land  (put accepted work into the branch)
    0 accepted branch(es) landed

--- close-done  (an open accepted issue holds its boundary)
    nothing closable

--- author  (refill to the queue depth)
    REFUSED to file - nobody is draining the backlog

feed complete: push-work=ok land=ok close-done=ok author=ok

--- push-work  (a branch nobody can see cannot be closed against)
    every branch with work is already on the remote

--- land  (put accepted work into the branch)
    0 accepted branch(es) landed

--- close-done  (an open accepted issue holds its boundary)
    nothing closable

--- author  (refill to the queue depth)
    REFUSED to file - nobody is draining the backlog

feed complete: push-work=ok land=ok close-done=ok author=ok

--- push-work  (a branch nobody can see cannot be closed against)
    every branch with work is already on the remote

--- land  (put accepted work into the branch)
    0 accepted branch(es) landed

--- close-done  (an open accepted issue holds its boundary)
    nothing closable

--- author  (refill to the queue depth)
    REFUSED to file - nobody is draining the backlog

feed complete: push-work=ok land=ok close-done=ok author=ok

--- push-work  (a branch nobody can see cannot be closed against)
    every branch with work is already on the remote

--- land  (put accepted work into the branch)
    0 accepted branch(es) landed

--- close-done  (an open accepted issue holds its boundary)
    nothing closable

--- author  (refill to the queue depth)
    REFUSED to file - nobody is draining the backlog

feed complete: push-work=ok land=ok close-done=ok author=ok
the loop lock is held by heal (3 min) - standing down; it feeds too

--- push-work  (a branch nobody can see cannot be closed against)
    every branch with work is already on the remote

--- land  (put accepted work into the branch)
    0 accepted branch(es) landed

--- close-done  (an open accepted issue holds its boundary)
    nothing closable

--- author  (refill to the queue depth)
    REFUSED to file - nobody is draining the backlog

feed complete: push-work=ok land=ok close-done=ok author=ok

--- push-work  (a branch nobody can see cannot be closed against)
    every branch with work is already on the remote

--- land  (put accepted work into the branch)
    0 accepted branch(es) landed

--- close-done  (an open accepted issue holds its boundary)
    nothing closable

--- author  (refill to the queue depth)
    REFUSED to file - nobody is draining the backlog

feed complete: push-work=ok land=ok close-done=ok author=ok
the loop lock is held by heal (2 min) - standing down; it feeds too
the loop lock is held by heal (7 min) - standing down; it feeds too

--- push-work  (a branch nobody can see cannot be closed against)
    every branch with work is already on the remote

--- land  (put accepted work into the branch)
    0 accepted branch(es) landed

--- close-done  (an open accepted issue holds its boundary)
    nothing closable

--- author  (refill to the queue depth)
    REFUSED to file - nobody is draining the backlog

feed complete: push-work=ok land=ok close-done=ok author=ok

--- push-work  (a branch nobody can see cannot be closed against)
    every branch with work is already on the remote

--- land  (put accepted work into the branch)
    0 accepted branch(es) landed

--- close-done  (an open accepted issue holds its boundary)
    nothing closable

--- author  (refill to the queue depth)
    REFUSED to file - nobody is draining the backlog

feed complete: push-work=ok land=ok close-done=ok author=ok
the loop lock is held by heal (4 min) - standing down; it feeds too

--- push-work  (a branch nobody can see cannot be closed against)
    every branch with work is already on the remote

--- land  (put accepted work into the branch)
    0 accepted branch(es) landed

--- close-done  (an open accepted issue holds its boundary)
    nothing closable

--- author  (refill to the queue depth)
    REFUSED to file - nobody is draining the backlog

feed complete: push-work=ok land=ok close-done=ok author=ok

--- push-work  (a branch nobody can see cannot be closed against)
    every branch with work is already on the remote

--- land  (put accepted work into the branch)
    0 accepted branch(es) landed

--- close-done  (an open accepted issue holds its boundary)
    nothing closable

--- author  (refill to the queue depth)
    REFUSED to file - nobody is draining the backlog

feed complete: push-work=ok land=ok close-done=ok author=ok
the loop lock is held by heal (1 min) - standing down; it feeds too
the loop lock is held by heal (6 min) - standing down; it feeds too

--- push-work  (a branch nobody can see cannot be closed against)
    every branch with work is already on the remote

--- land  (put accepted work into the branch)
    0 accepted branch(es) landed

--- close-done  (an open accepted issue holds its boundary)
    nothing closable

--- author  (refill to the queue depth)
    REFUSED to file - nobody is draining the backlog

feed complete: push-work=ok land=ok close-done=ok author=ok

--- push-work  (a branch nobody can see cannot be closed against)
    every branch with work is already on the remote

--- land  (put accepted work into the branch)
    0 accepted branch(es) landed

--- close-done  (an open accepted issue holds its boundary)
    nothing closable

--- author  (refill to the queue depth)
    REFUSED to file - nobody is draining the backlog

feed complete: push-work=ok land=ok close-done=ok author=ok
the loop lock is held by heal (5 min) - standing down; it feeds too

--- push-work  (a branch nobody can see cannot be closed against)
    every branch with work is already on the remote

--- land  (put accepted work into the branch)
    0 accepted branch(es) landed

--- close-done  (an open accepted issue holds its boundary)
    nothing closable

--- author  (refill to the queue depth)
    REFUSED to file - nobody is draining the backlog

feed complete: push-work=ok land=ok close-done=ok author=ok

--- push-work  (a branch nobody can see cannot be closed against)
    every branch with work is already on the remote

--- land  (put accepted work into the branch)
    0 accepted branch(es) landed

--- close-done  (an open accepted issue holds its boundary)
    nothing closable

--- author  (refill to the queue depth)
    REFUSED to file - nobody is draining the backlog

feed complete: push-work=ok land=ok close-done=ok author=ok
the loop lock is held by heal (5 min) - standing down; it feeds too

--- push-work  (a branch nobody can see cannot be closed against)
    every branch with work is already on the remote

--- land  (put accepted work into the branch)
    timed out part-way - what it did before that stands: 2 accepted branches still outside the base

--- close-done  (an open accepted issue holds its boundary)
    nothing closable

--- author  (refill to the queue depth)
    REFUSED to file - nobody is draining the backlog

feed complete: push-work=ok land=timed out close-done=ok author=ok

--- push-work  (a branch nobody can see cannot be closed against)
    every branch with work is already on the remote

--- land  (put accepted work into the branch)
    0 accepted branch(es) landed

--- close-done  (an open accepted issue holds its boundary)
    nothing closable

--- author  (refill to the queue depth)
    REFUSED to file - nobody is draining the backlog

feed complete: push-work=ok land=ok close-done=ok author=ok

--- push-work  (a branch nobody can see cannot be closed against)
    every branch with work is already on the remote

--- land  (put accepted work into the branch)
    0 accepted branch(es) landed

--- close-done  (an open accepted issue holds its boundary)
    nothing closable

--- author  (refill to the queue depth)
    REFUSED to file - nobody is draining the backlog

feed complete: push-work=ok land=ok close-done=ok author=ok

--- push-work  (a branch nobody can see cannot be closed against)
    every branch with work is already on the remote

--- land  (put accepted work into the branch)
    0 accepted branch(es) landed

--- close-done  (an open accepted issue holds its boundary)
    nothing closable

--- author  (refill to the queue depth)
    REFUSED to file - nobody is draining the backlog

feed complete: push-work=ok land=ok close-done=ok author=ok
the loop lock is held by heal (5 min) - standing down; it feeds too

--- push-work  (a branch nobody can see cannot be closed against)
    every branch with work is already on the remote

--- land  (put accepted work into the branch)
    0 accepted branch(es) landed

--- close-done  (an open accepted issue holds its boundary)
    nothing closable

--- author  (refill to the queue depth)
    REFUSED to file - nobody is draining the backlog

feed complete: push-work=ok land=ok close-done=ok author=ok

--- push-work  (a branch nobody can see cannot be closed against)
    every branch with work is already on the remote

--- land  (put accepted work into the branch)
    0 accepted branch(es) landed

--- close-done  (an open accepted issue holds its boundary)
    nothing closable

--- author  (refill to the queue depth)
    REFUSED to file - nobody is draining the backlog

feed complete: push-work=ok land=ok close-done=ok author=ok
the loop lock is held by heal (2 min) - standing down; it feeds too
the loop lock is held by heal (7 min) - standing down; it feeds too

--- push-work  (a branch nobody can see cannot be closed against)
    every branch with work is already on the remote

--- land  (put accepted work into the branch)
    0 accepted branch(es) landed

--- close-done  (an open accepted issue holds its boundary)
    nothing closable

--- author  (refill to the queue depth)
    REFUSED to file - nobody is draining the backlog

feed complete: push-work=ok land=ok close-done=ok author=ok

--- push-work  (a branch nobody can see cannot be closed against)
    every branch with work is already on the remote

--- land  (put accepted work into the branch)
    0 accepted branch(es) landed

--- close-done  (an open accepted issue holds its boundary)
    nothing closable

--- author  (refill to the queue depth)
    REFUSED to file - nobody is draining the backlog

feed complete: push-work=ok land=ok close-done=ok author=ok
/Users/playra/.local/bin/tri: line 984: syntax error near unexpected token `('
/Users/playra/.local/bin/tri: line 984: `    echo "неизвестная команда: $1 (tri help)"; exit 1'

--- push-work  (a branch nobody can see cannot be closed against)
    every branch with work is already on the remote

--- land  (put accepted work into the branch)
    0 accepted branch(es) landed

--- close-done  (an open accepted issue holds its boundary)
    nothing closable

--- author  (refill to the queue depth)
    REFUSED to file - nobody is draining the backlog

feed complete: push-work=ok land=ok close-done=ok author=ok

--- push-work  (a branch nobody can see cannot be closed against)
    every branch with work is already on the remote

--- land  (put accepted work into the branch)
    0 accepted branch(es) landed

--- close-done  (an open accepted issue holds its boundary)
    nothing closable

--- author  (refill to the queue depth)
    REFUSED to file - nobody is draining the backlog

feed complete: push-work=ok land=ok close-done=ok author=ok
the loop lock is held by heal (5 min) - standing down; it feeds too

--- push-work  (a branch nobody can see cannot be closed against)
    every branch with work is already on the remote

--- land  (put accepted work into the branch)
    0 accepted branch(es) landed

--- close-done  (an open accepted issue holds its boundary)
    nothing closable

--- author  (refill to the queue depth)
    REFUSED to file - nobody is draining the backlog

feed complete: push-work=ok land=ok close-done=ok author=ok

--- push-work  (a branch nobody can see cannot be closed against)
    every branch with work is already on the remote

--- land  (put accepted work into the branch)
    0 accepted branch(es) landed

--- close-done  (an open accepted issue holds its boundary)
    nothing closable

--- author  (refill to the queue depth)
    REFUSED to file - nobody is draining the backlog

feed complete: push-work=ok land=ok close-done=ok author=ok
the loop lock is held by heal (5 min) - standing down; it feeds too

--- push-work  (a branch nobody can see cannot be closed against)
    every branch with work is already on the remote

--- land  (put accepted work into the branch)
    0 accepted branch(es) landed

--- close-done  (an open accepted issue holds its boundary)
    nothing closable

--- author  (refill to the queue depth)
    REFUSED to file - nobody is draining the backlog

feed complete: push-work=ok land=ok close-done=ok author=ok

--- push-work  (a branch nobody can see cannot be closed against)
    every branch with work is already on the remote

--- land  (put accepted work into the branch)
    0 accepted branch(es) landed

--- close-done  (an open accepted issue holds its boundary)
    nothing closable

--- author  (refill to the queue depth)
    timed out part-way - what it did before that stands: 

feed complete: push-work=ok land=ok close-done=ok author=timed out
the loop lock is held by heal (1 min) - standing down; it feeds too
the loop lock is held by heal (6 min) - standing down; it feeds too

--- push-work  (a branch nobody can see cannot be closed against)
    every branch with work is already on the remote

--- land  (put accepted work into the branch)
    0 accepted branch(es) landed

--- close-done  (an open accepted issue holds its boundary)
    nothing closable

--- author  (refill to the queue depth)
    REFUSED to file - nobody is draining the backlog

feed complete: push-work=ok land=ok close-done=ok author=ok

--- push-work  (a branch nobody can see cannot be closed against)
    every branch with work is already on the remote

--- land  (put accepted work into the branch)
    0 accepted branch(es) landed

--- close-done  (an open accepted issue holds its boundary)
    nothing closable

--- author  (refill to the queue depth)
    REFUSED to file - nobody is draining the backlog

feed complete: push-work=ok land=ok close-done=ok author=ok
the loop lock is held by heal (4 min) - standing down; it feeds too

--- push-work  (a branch nobody can see cannot be closed against)
    every branch with work is already on the remote

--- land  (put accepted work into the branch)
    0 accepted branch(es) landed

--- close-done  (an open accepted issue holds its boundary)
    nothing closable

--- author  (refill to the queue depth)
    REFUSED to file - nobody is draining the backlog

feed complete: push-work=ok land=ok close-done=ok author=ok

--- push-work  (a branch nobody can see cannot be closed against)
    every branch with work is already on the remote

--- land  (put accepted work into the branch)
    0 accepted branch(es) landed

--- close-done  (an open accepted issue holds its boundary)
    nothing closable

--- author  (refill to the queue depth)
    REFUSED to file - nobody is draining the backlog

feed complete: push-work=ok land=ok close-done=ok author=ok
the loop lock is held by heal (3 min) - standing down; it feeds too
the loop lock is held by heal (8 min) - standing down; it feeds too

--- push-work  (a branch nobody can see cannot be closed against)
    every branch with work is already on the remote

--- land  (put accepted work into the branch)
    0 accepted branch(es) landed

--- close-done  (an open accepted issue holds its boundary)
    nothing closable

--- author  (refill to the queue depth)
    REFUSED to file - nobody is draining the backlog

feed complete: push-work=ok land=ok close-done=ok author=ok

--- push-work  (a branch nobody can see cannot be closed against)
    every branch with work is already on the remote

--- land  (put accepted work into the branch)
    0 accepted branch(es) landed

--- close-done  (an open accepted issue holds its boundary)
    nothing closable

--- author  (refill to the queue depth)
    REFUSED to file - nobody is draining the backlog

feed complete: push-work=ok land=ok close-done=ok author=ok
the loop lock is held by heal (5 min) - standing down; it feeds too

--- push-work  (a branch nobody can see cannot be closed against)
    every branch with work is already on the remote

--- land  (put accepted work into the branch)
    0 accepted branch(es) landed

--- close-done  (an open accepted issue holds its boundary)
    nothing closable

--- author  (refill to the queue depth)
    REFUSED to file - nobody is draining the backlog

feed complete: push-work=ok land=ok close-done=ok author=ok

--- push-work  (a branch nobody can see cannot be closed against)
    every branch with work is already on the remote

--- land  (put accepted work into the branch)
    0 accepted branch(es) landed

--- close-done  (an open accepted issue holds its boundary)
    nothing closable

--- author  (refill to the queue depth)
    REFUSED to file - nobody is draining the backlog

feed complete: push-work=ok land=ok close-done=ok author=ok
the loop lock is held by heal (3 min) - standing down; it feeds too

--- push-work  (a branch nobody can see cannot be closed against)
    every branch with work is already on the remote

--- land  (put accepted work into the branch)
    0 accepted branch(es) landed

--- close-done  (an open accepted issue holds its boundary)
    nothing closable

--- author  (refill to the queue depth)
    REFUSED to file - nobody is draining the backlog

feed complete: push-work=ok land=ok close-done=ok author=ok

--- push-work  (a branch nobody can see cannot be closed against)
    every branch with work is already on the remote

--- land  (put accepted work into the branch)
    0 accepted branch(es) landed

--- close-done  (an open accepted issue holds its boundary)
    nothing closable

--- author  (refill to the queue depth)
    REFUSED to file - nobody is draining the backlog

feed complete: push-work=ok land=ok close-done=ok author=ok
the loop lock is held by heal (2 min) - standing down; it feeds too
the loop lock is held by heal (7 min) - standing down; it feeds too

--- push-work  (a branch nobody can see cannot be closed against)
    every branch with work is already on the remote

--- land  (put accepted work into the branch)
    0 accepted branch(es) landed

--- close-done  (an open accepted issue holds its boundary)
    nothing closable

--- author  (refill to the queue depth)
    REFUSED to file - nobody is draining the backlog

feed complete: push-work=ok land=ok close-done=ok author=ok

--- push-work  (a branch nobody can see cannot be closed against)
    every branch with work is already on the remote

--- land  (put accepted work into the branch)
    0 accepted branch(es) landed

--- close-done  (an open accepted issue holds its boundary)
    nothing closable

--- author  (refill to the queue depth)
    REFUSED to file - nobody is draining the backlog

feed complete: push-work=ok land=ok close-done=ok author=ok
the loop lock is held by heal (4 min) - standing down; it feeds too

--- push-work  (a branch nobody can see cannot be closed against)
    every branch with work is already on the remote

--- land  (put accepted work into the branch)
    0 accepted branch(es) landed

--- close-done  (an open accepted issue holds its boundary)
    nothing closable

--- author  (refill to the queue depth)
    REFUSED to file - nobody is draining the backlog

feed complete: push-work=ok land=ok close-done=ok author=ok

--- push-work  (a branch nobody can see cannot be closed against)
    every branch with work is already on the remote

--- land  (put accepted work into the branch)
    0 accepted branch(es) landed

--- close-done  (an open accepted issue holds its boundary)
    nothing closable

--- author  (refill to the queue depth)
    REFUSED to file - nobody is draining the backlog

feed complete: push-work=ok land=ok close-done=ok author=ok
the loop lock is held by heal (1 min) - standing down; it feeds too
the loop lock is held by heal (7 min) - standing down; it feeds too

--- push-work  (a branch nobody can see cannot be closed against)
    every branch with work is already on the remote

--- land  (put accepted work into the branch)
    0 accepted branch(es) landed

--- close-done  (an open accepted issue holds its boundary)
    nothing closable

--- author  (refill to the queue depth)
    REFUSED to file - nobody is draining the backlog

feed complete: push-work=ok land=ok close-done=ok author=ok

--- push-work  (a branch nobody can see cannot be closed against)
    every branch with work is already on the remote

--- land  (put accepted work into the branch)
    0 accepted branch(es) landed

--- close-done  (an open accepted issue holds its boundary)
    nothing closable

--- author  (refill to the queue depth)
    filed 0

feed complete: push-work=ok land=ok close-done=ok author=ok
the loop lock is held by heal (4 min) - standing down; it feeds too

--- push-work  (a branch nobody can see cannot be closed against)
    every branch with work is already on the remote

--- land  (put accepted work into the branch)
    0 accepted branch(es) landed

--- close-done  (an open accepted issue holds its boundary)
    nothing closable

--- author  (refill to the queue depth)
    filed 0

feed complete: push-work=ok land=ok close-done=ok author=ok

--- push-work  (a branch nobody can see cannot be closed against)
    every branch with work is already on the remote

--- land  (put accepted work into the branch)
    timed out part-way - what it did before that stands: 

--- close-done  (an open accepted issue holds its boundary)
    nothing closable

--- author  (refill to the queue depth)
    timed out part-way - what it did before that stands: 

feed complete: push-work=ok land=timed out close-done=ok author=timed out

--- push-work  (a branch nobody can see cannot be closed against)
    every branch with work is already on the remote

--- land  (put accepted work into the branch)
    timed out part-way - what it did before that stands: 2 accepted branches still outside the base

--- close-done  (an open accepted issue holds its boundary)
    nothing closable

--- author  (refill to the queue depth)
    timed out part-way - what it did before that stands: 

feed complete: push-work=ok land=timed out close-done=ok author=timed out

--- push-work  (a branch nobody can see cannot be closed against)
    every branch with work is already on the remote

--- land  (put accepted work into the branch)
    timed out part-way - what it did before that stands: 2 accepted branches still outside the base

--- close-done  (an open accepted issue holds its boundary)
    nothing closable

--- author  (refill to the queue depth)
    timed out part-way - what it did before that stands: 

feed complete: push-work=ok land=timed out close-done=ok author=timed out
the loop lock is held by heal (0 min) - standing down; it feeds too
the loop lock is held by heal (5 min) - standing down; it feeds too

--- push-work  (a branch nobody can see cannot be closed against)
    every branch with work is already on the remote

--- land  (put accepted work into the branch)
    timed out part-way - what it did before that stands: 2 accepted branches still outside the base

--- close-done  (an open accepted issue holds its boundary)
    nothing closable

--- author  (refill to the queue depth)
    timed out part-way - what it did before that stands: 

feed complete: push-work=ok land=timed out close-done=ok author=timed out

--- push-work  (a branch nobody can see cannot be closed against)
    every branch with work is already on the remote

--- land  (put accepted work into the branch)
    0 accepted branch(es) landed

--- close-done  (an open accepted issue holds its boundary)
    nothing closable

--- author  (refill to the queue depth)
    filed 0

feed complete: push-work=ok land=ok close-done=ok author=ok

--- push-work  (a branch nobody can see cannot be closed against)
    every branch with work is already on the remote

--- land  (put accepted work into the branch)
    0 accepted branch(es) landed

--- close-done  (an open accepted issue holds its boundary)
    nothing closable

--- author  (refill to the queue depth)
    filed 0

feed complete: push-work=ok land=ok close-done=ok author=ok

--- push-work  (a branch nobody can see cannot be closed against)
    every branch with work is already on the remote

--- land  (put accepted work into the branch)
    0 accepted branch(es) landed

--- close-done  (an open accepted issue holds its boundary)
    nothing closable

--- author  (refill to the queue depth)
    filed 0

feed complete: push-work=ok land=ok close-done=ok author=ok

--- push-work  (a branch nobody can see cannot be closed against)
    every branch with work is already on the remote

--- land  (put accepted work into the branch)
    0 accepted branch(es) landed

--- close-done  (an open accepted issue holds its boundary)
    nothing closable

--- author  (refill to the queue depth)
    filed 0

feed complete: push-work=ok land=ok close-done=ok author=ok
the loop lock is held by heal (3 min) - standing down; it feeds too
the loop lock is held by heal (8 min) - standing down; it feeds too

--- push-work  (a branch nobody can see cannot be closed against)
    every branch with work is already on the remote

--- land  (put accepted work into the branch)
    0 accepted branch(es) landed

--- close-done  (an open accepted issue holds its boundary)
    nothing closable

--- author  (refill to the queue depth)
    filed 0

feed complete: push-work=ok land=ok close-done=ok author=ok

--- push-work  (a branch nobody can see cannot be closed against)
    every branch with work is already on the remote

--- land  (put accepted work into the branch)
    0 accepted branch(es) landed

--- close-done  (an open accepted issue holds its boundary)
    nothing closable

--- author  (refill to the queue depth)
    filed 0

feed complete: push-work=ok land=ok close-done=ok author=ok

--- push-work  (a branch nobody can see cannot be closed against)
    every branch with work is already on the remote

--- land  (put accepted work into the branch)
    0 accepted branch(es) landed

--- close-done  (an open accepted issue holds its boundary)
    nothing closable

--- author  (refill to the queue depth)
    filed 0

feed complete: push-work=ok land=ok close-done=ok author=ok
the loop lock is held by heal (2 min) - standing down; it feeds too
the loop lock is held by heal (7 min) - standing down; it feeds too

--- push-work  (a branch nobody can see cannot be closed against)
    every branch with work is already on the remote

--- land  (put accepted work into the branch)
    0 accepted branch(es) landed

--- close-done  (an open accepted issue holds its boundary)
    nothing closable

--- author  (refill to the queue depth)
    filed 0

feed complete: push-work=ok land=ok close-done=ok author=ok

--- push-work  (a branch nobody can see cannot be closed against)
    every branch with work is already on the remote

--- land  (put accepted work into the branch)
    0 accepted branch(es) landed

--- close-done  (an open accepted issue holds its boundary)
    nothing closable

--- author  (refill to the queue depth)
    filed 0

feed complete: push-work=ok land=ok close-done=ok author=ok
the loop lock is held by heal (4 min) - standing down; it feeds too

--- push-work  (a branch nobody can see cannot be closed against)
    every branch with work is already on the remote

--- land  (put accepted work into the branch)
    0 accepted branch(es) landed

--- close-done  (an open accepted issue holds its boundary)
    nothing closable

--- author  (refill to the queue depth)
    filed 0

feed complete: push-work=ok land=ok close-done=ok author=ok

--- push-work  (a branch nobody can see cannot be closed against)
    every branch with work is already on the remote

--- land  (put accepted work into the branch)
    0 accepted branch(es) landed

--- close-done  (an open accepted issue holds its boundary)
    nothing closable

--- author  (refill to the queue depth)
    filed 0

feed complete: push-work=ok land=ok close-done=ok author=ok
the loop lock is held by heal (1 min) - standing down; it feeds too
the loop lock is held by heal (6 min) - standing down; it feeds too

--- push-work  (a branch nobody can see cannot be closed against)
    every branch with work is already on the remote

--- land  (put accepted work into the branch)
    0 accepted branch(es) landed

--- close-done  (an open accepted issue holds its boundary)
    nothing closable

--- author  (refill to the queue depth)
    filed 0

feed complete: push-work=ok land=ok close-done=ok author=ok

--- push-work  (a branch nobody can see cannot be closed against)
    every branch with work is already on the remote

--- land  (put accepted work into the branch)
    0 accepted branch(es) landed

--- close-done  (an open accepted issue holds its boundary)
    nothing closable

--- author  (refill to the queue depth)
    filed 0

feed complete: push-work=ok land=ok close-done=ok author=ok
the loop lock is held by heal (2 min) - standing down; it feeds too
the loop lock is held by heal (7 min) - standing down; it feeds too

--- push-work  (a branch nobody can see cannot be closed against)
    every branch with work is already on the remote

--- land  (put accepted work into the branch)
    0 accepted branch(es) landed

--- close-done  (an open accepted issue holds its boundary)
    nothing closable

--- author  (refill to the queue depth)
    filed 0

feed complete: push-work=ok land=ok close-done=ok author=ok

--- push-work  (a branch nobody can see cannot be closed against)
    every branch with work is already on the remote

--- land  (put accepted work into the branch)
    0 accepted branch(es) landed

--- close-done  (an open accepted issue holds its boundary)
    nothing closable

--- author  (refill to the queue depth)
    filed 0

feed complete: push-work=ok land=ok close-done=ok author=ok
the loop lock is held by heal (3 min) - standing down; it feeds too

--- push-work  (a branch nobody can see cannot be closed against)
    every branch with work is already on the remote

--- land  (put accepted work into the branch)
    0 accepted branch(es) landed

--- close-done  (an open accepted issue holds its boundary)
    nothing closable

--- author  (refill to the queue depth)
    filed 0

feed complete: push-work=ok land=ok close-done=ok author=ok

--- push-work  (a branch nobody can see cannot be closed against)
    every branch with work is already on the remote

--- land  (put accepted work into the branch)
    0 accepted branch(es) landed

--- close-done  (an open accepted issue holds its boundary)
    nothing closable

--- author  (refill to the queue depth)
    filed 0

feed complete: push-work=ok land=ok close-done=ok author=ok
the loop lock is held by heal (1 min) - standing down; it feeds too
the loop lock is held by heal (6 min) - standing down; it feeds too

--- push-work  (a branch nobody can see cannot be closed against)
    every branch with work is already on the remote

--- land  (put accepted work into the branch)
    0 accepted branch(es) landed

--- close-done  (an open accepted issue holds its boundary)
    nothing closable

--- author  (refill to the queue depth)
    filed 0

feed complete: push-work=ok land=ok close-done=ok author=ok

--- push-work  (a branch nobody can see cannot be closed against)
    every branch with work is already on the remote

--- land  (put accepted work into the branch)
    0 accepted branch(es) landed

--- close-done  (an open accepted issue holds its boundary)
    nothing closable

--- author  (refill to the queue depth)
    filed 0

feed complete: push-work=ok land=ok close-done=ok author=ok
the loop lock is held by heal (3 min) - standing down; it feeds too
the loop lock is held by heal (8 min) - standing down; it feeds too

--- push-work  (a branch nobody can see cannot be closed against)
    every branch with work is already on the remote

--- land  (put accepted work into the branch)
    0 accepted branch(es) landed

--- close-done  (an open accepted issue holds its boundary)
    nothing closable

--- author  (refill to the queue depth)
    filed 0

feed complete: push-work=ok land=ok close-done=ok author=ok

--- push-work  (a branch nobody can see cannot be closed against)
    every branch with work is already on the remote

--- land  (put accepted work into the branch)
    0 accepted branch(es) landed

--- close-done  (an open accepted issue holds its boundary)
    nothing closable

--- author  (refill to the queue depth)
    filed 0

feed complete: push-work=ok land=ok close-done=ok author=ok
the loop lock is held by heal (5 min) - standing down; it feeds too

--- push-work  (a branch nobody can see cannot be closed against)
    every branch with work is already on the remote

--- land  (put accepted work into the branch)
    0 accepted branch(es) landed

--- close-done  (an open accepted issue holds its boundary)
    nothing closable

--- author  (refill to the queue depth)
    filed 0

feed complete: push-work=ok land=ok close-done=ok author=ok

--- push-work  (a branch nobody can see cannot be closed against)
    every branch with work is already on the remote

--- land  (put accepted work into the branch)
    0 accepted branch(es) landed

--- close-done  (an open accepted issue holds its boundary)
    nothing closable

--- author  (refill to the queue depth)
    filed 0

feed complete: push-work=ok land=ok close-done=ok author=ok
the loop lock is held by heal (2 min) - standing down; it feeds too
the loop lock is held by heal (7 min) - standing down; it feeds too

--- push-work  (a branch nobody can see cannot be closed against)
    every branch with work is already on the remote

--- land  (put accepted work into the branch)
    0 accepted branch(es) landed

--- close-done  (an open accepted issue holds its boundary)
    nothing closable

--- author  (refill to the queue depth)
    filed 0

feed complete: push-work=ok land=ok close-done=ok author=ok

--- push-work  (a branch nobody can see cannot be closed against)
    every branch with work is already on the remote

--- land  (put accepted work into the branch)
    0 accepted branch(es) landed

--- close-done  (an open accepted issue holds its boundary)
    nothing closable

--- author  (refill to the queue depth)
    filed 0

feed complete: push-work=ok land=ok close-done=ok author=ok
the loop lock is held by heal (3 min) - standing down; it feeds too

--- push-work  (a branch nobody can see cannot be closed against)
    every branch with work is already on the remote

--- land  (put accepted work into the branch)
    0 accepted branch(es) landed

--- close-done  (an open accepted issue holds its boundary)
    nothing closable

--- author  (refill to the queue depth)
    filed 0

feed complete: push-work=ok land=ok close-done=ok author=ok

--- push-work  (a branch nobody can see cannot be closed against)
    every branch with work is already on the remote

--- land  (put accepted work into the branch)
    0 accepted branch(es) landed

--- close-done  (an open accepted issue holds its boundary)
    nothing closable

--- author  (refill to the queue depth)
    filed 0

feed complete: push-work=ok land=ok close-done=ok author=ok
the loop lock is held by heal (2 min) - standing down; it feeds too
the loop lock is held by heal (7 min) - standing down; it feeds too

--- push-work  (a branch nobody can see cannot be closed against)
    every branch with work is already on the remote

--- land  (put accepted work into the branch)
    0 accepted branch(es) landed

--- close-done  (an open accepted issue holds its boundary)
    nothing closable

--- author  (refill to the queue depth)
    filed 0

feed complete: push-work=ok land=ok close-done=ok author=ok

--- push-work  (a branch nobody can see cannot be closed against)
    every branch with work is already on the remote

--- land  (put accepted work into the branch)
    0 accepted branch(es) landed

--- close-done  (an open accepted issue holds its boundary)
    nothing closable

--- author  (refill to the queue depth)
    filed 0

feed complete: push-work=ok land=ok close-done=ok author=ok
the loop lock is held by heal (4 min) - standing down; it feeds too

--- push-work  (a branch nobody can see cannot be closed against)
    every branch with work is already on the remote

--- land  (put accepted work into the branch)
    0 accepted branch(es) landed

--- close-done  (an open accepted issue holds its boundary)
    nothing closable

--- author  (refill to the queue depth)
    filed 0

feed complete: push-work=ok land=ok close-done=ok author=ok

--- push-work  (a branch nobody can see cannot be closed against)
    every branch with work is already on the remote

--- land  (put accepted work into the branch)
    0 accepted branch(es) landed

--- close-done  (an open accepted issue holds its boundary)
    nothing closable

--- author  (refill to the queue depth)
    filed 0

feed complete: push-work=ok land=ok close-done=ok author=ok
the loop lock is held by heal (1 min) - standing down; it feeds too
the loop lock is held by heal (6 min) - standing down; it feeds too

--- push-work  (a branch nobody can see cannot be closed against)
    every branch with work is already on the remote

--- land  (put accepted work into the branch)
    0 accepted branch(es) landed

--- close-done  (an open accepted issue holds its boundary)
    nothing closable

--- author  (refill to the queue depth)
    filed 0

feed complete: push-work=ok land=ok close-done=ok author=ok

--- push-work  (a branch nobody can see cannot be closed against)
    every branch with work is already on the remote

--- land  (put accepted work into the branch)
    0 accepted branch(es) landed

--- close-done  (an open accepted issue holds its boundary)
    nothing closable

--- author  (refill to the queue depth)
    filed 0

feed complete: push-work=ok land=ok close-done=ok author=ok
the loop lock is held by heal (2 min) - standing down; it feeds too
the loop lock is held by heal (7 min) - standing down; it feeds too

--- push-work  (a branch nobody can see cannot be closed against)
    every branch with work is already on the remote

--- land  (put accepted work into the branch)
    0 accepted branch(es) landed

--- close-done  (an open accepted issue holds its boundary)
    nothing closable

--- author  (refill to the queue depth)
    filed 0

feed complete: push-work=ok land=ok close-done=ok author=ok

--- push-work  (a branch nobody can see cannot be closed against)
    every branch with work is already on the remote

--- land  (put accepted work into the branch)
    0 accepted branch(es) landed

--- close-done  (an open accepted issue holds its boundary)
    nothing closable

--- author  (refill to the queue depth)
    filed 0

feed complete: push-work=ok land=ok close-done=ok author=ok
the loop lock is held by heal (4 min) - standing down; it feeds too

--- push-work  (a branch nobody can see cannot be closed against)
    every branch with work is already on the remote

--- land  (put accepted work into the branch)
    0 accepted branch(es) landed

--- close-done  (an open accepted issue holds its boundary)
    nothing closable

--- author  (refill to the queue depth)
    filed 0

feed complete: push-work=ok land=ok close-done=ok author=ok

--- push-work  (a branch nobody can see cannot be closed against)
    every branch with work is already on the remote

--- land  (put accepted work into the branch)
    0 accepted branch(es) landed

--- close-done  (an open accepted issue holds its boundary)
    nothing closable

--- author  (refill to the queue depth)
    filed 0

feed complete: push-work=ok land=ok close-done=ok author=ok
the loop lock is held by heal (0 min) - standing down; it feeds too
the loop lock is held by heal (5 min) - standing down; it feeds too

--- push-work  (a branch nobody can see cannot be closed against)
    every branch with work is already on the remote

--- land  (put accepted work into the branch)
    0 accepted branch(es) landed

--- close-done  (an open accepted issue holds its boundary)
    nothing closable

--- author  (refill to the queue depth)
    filed 0

feed complete: push-work=ok land=ok close-done=ok author=ok

--- push-work  (a branch nobody can see cannot be closed against)
    every branch with work is already on the remote

--- land  (put accepted work into the branch)
    0 accepted branch(es) landed

--- close-done  (an open accepted issue holds its boundary)
    nothing closable

--- author  (refill to the queue depth)
    filed 0

feed complete: push-work=ok land=ok close-done=ok author=ok
the loop lock is held by heal (1 min) - standing down; it feeds too
the loop lock is held by heal (6 min) - standing down; it feeds too

--- push-work  (a branch nobody can see cannot be closed against)
    every branch with work is already on the remote

--- land  (put accepted work into the branch)
    0 accepted branch(es) landed

--- close-done  (an open accepted issue holds its boundary)
    nothing closable

--- author  (refill to the queue depth)
    filed 0

feed complete: push-work=ok land=ok close-done=ok author=ok

--- push-work  (a branch nobody can see cannot be closed against)
    every branch with work is already on the remote

--- land  (put accepted work into the branch)
    0 accepted branch(es) landed

--- close-done  (an open accepted issue holds its boundary)
    nothing closable

--- author  (refill to the queue depth)
    filed 0

feed complete: push-work=ok land=ok close-done=ok author=ok
the loop lock is held by heal (3 min) - standing down; it feeds too
the loop lock is held by heal (8 min) - standing down; it feeds too

--- push-work  (a branch nobody can see cannot be closed against)
    every branch with work is already on the remote

--- land  (put accepted work into the branch)
    0 accepted branch(es) landed

--- close-done  (an open accepted issue holds its boundary)
    nothing closable

--- author  (refill to the queue depth)
    filed 0

feed complete: push-work=ok land=ok close-done=ok author=ok

--- push-work  (a branch nobody can see cannot be closed against)
    every branch with work is already on the remote

--- land  (put accepted work into the branch)
    0 accepted branch(es) landed

--- close-done  (an open accepted issue holds its boundary)
    nothing closable

--- author  (refill to the queue depth)
    filed 0

feed complete: push-work=ok land=ok close-done=ok author=ok

--- push-work  (a branch nobody can see cannot be closed against)
    every branch with work is already on the remote

--- land  (put accepted work into the branch)
    0 accepted branch(es) landed

--- close-done  (an open accepted issue holds its boundary)
    nothing closable

--- author  (refill to the queue depth)
    filed 0

feed complete: push-work=ok land=ok close-done=ok author=ok
the loop lock is held by heal (2 min) - standing down; it feeds too
the loop lock is held by heal (7 min) - standing down; it feeds too

--- push-work  (a branch nobody can see cannot be closed against)
    every branch with work is already on the remote

--- land  (put accepted work into the branch)
    0 accepted branch(es) landed

--- close-done  (an open accepted issue holds its boundary)
    nothing closable

--- author  (refill to the queue depth)
    filed 0

feed complete: push-work=ok land=ok close-done=ok author=ok

--- push-work  (a branch nobody can see cannot be closed against)
    every branch with work is already on the remote

--- land  (put accepted work into the branch)
    0 accepted branch(es) landed

--- close-done  (an open accepted issue holds its boundary)
    nothing closable

--- author  (refill to the queue depth)
    filed 0

feed complete: push-work=ok land=ok close-done=ok author=ok
the loop lock is held by heal (4 min) - standing down; it feeds too

--- push-work  (a branch nobody can see cannot be closed against)
    every branch with work is already on the remote

--- land  (put accepted work into the branch)
    0 accepted branch(es) landed

--- close-done  (an open accepted issue holds its boundary)
    nothing closable

--- author  (refill to the queue depth)
    filed 0

feed complete: push-work=ok land=ok close-done=ok author=ok

--- push-work  (a branch nobody can see cannot be closed against)
    every branch with work is already on the remote

--- land  (put accepted work into the branch)
    0 accepted branch(es) landed

--- close-done  (an open accepted issue holds its boundary)
    nothing closable

--- author  (refill to the queue depth)
    filed 0

feed complete: push-work=ok land=ok close-done=ok author=ok
the loop lock is held by heal (0 min) - standing down; it feeds too

--- push-work  (a branch nobody can see cannot be closed against)
    every branch with work is already on the remote

--- land  (put accepted work into the branch)
    0 accepted branch(es) landed

--- close-done  (an open accepted issue holds its boundary)
    nothing closable

--- author  (refill to the queue depth)
    filed 0

feed complete: push-work=ok land=ok close-done=ok author=ok

--- push-work  (a branch nobody can see cannot be closed against)
    every branch with work is already on the remote

--- land  (put accepted work into the branch)
    0 accepted branch(es) landed

--- close-done  (an open accepted issue holds its boundary)
    nothing closable

--- author  (refill to the queue depth)
    filed 0

feed complete: push-work=ok land=ok close-done=ok author=ok
the loop lock is held by heal (2 min) - standing down; it feeds too
the loop lock is held by heal (7 min) - standing down; it feeds too

--- push-work  (a branch nobody can see cannot be closed against)
    every branch with work is already on the remote

--- land  (put accepted work into the branch)
    timed out part-way - what it did before that stands: 2 accepted branches still outside the base

--- close-done  (an open accepted issue holds its boundary)
    nothing closable

--- author  (refill to the queue depth)
    timed out part-way - what it did before that stands: 

feed complete: push-work=ok land=timed out close-done=ok author=timed out
the loop lock is held by heal (1 min) - standing down; it feeds too
the loop lock is held by heal (6 min) - standing down; it feeds too

--- push-work  (a branch nobody can see cannot be closed against)
    every branch with work is already on the remote

--- land  (put accepted work into the branch)
    0 accepted branch(es) landed

--- close-done  (an open accepted issue holds its boundary)
    nothing closable

--- author  (refill to the queue depth)
    filed 0

feed complete: push-work=ok land=ok close-done=ok author=ok

--- push-work  (a branch nobody can see cannot be closed against)
    every branch with work is already on the remote

--- land  (put accepted work into the branch)
    0 accepted branch(es) landed

--- close-done  (an open accepted issue holds its boundary)
    nothing closable

--- author  (refill to the queue depth)
    filed 0

feed complete: push-work=ok land=ok close-done=ok author=ok

--- push-work  (a branch nobody can see cannot be closed against)
    every branch with work is already on the remote

--- land  (put accepted work into the branch)
    0 accepted branch(es) landed

--- close-done  (an open accepted issue holds its boundary)
    nothing closable

--- author  (refill to the queue depth)
    filed 0

feed complete: push-work=ok land=ok close-done=ok author=ok

--- push-work  (a branch nobody can see cannot be closed against)
    every branch with work is already on the remote

--- land  (put accepted work into the branch)
    0 accepted branch(es) landed

--- close-done  (an open accepted issue holds its boundary)
    nothing closable

--- author  (refill to the queue depth)
    filed 0

feed complete: push-work=ok land=ok close-done=ok author=ok

--- push-work  (a branch nobody can see cannot be closed against)
    every branch with work is already on the remote

--- land  (put accepted work into the branch)
    0 accepted branch(es) landed

--- close-done  (an open accepted issue holds its boundary)
    nothing closable

--- author  (refill to the queue depth)
    filed 0

feed complete: push-work=ok land=ok close-done=ok author=ok

--- push-work  (a branch nobody can see cannot be closed against)
    every branch with work is already on the remote

--- land  (put accepted work into the branch)
    0 accepted branch(es) landed

--- close-done  (an open accepted issue holds its boundary)
    nothing closable

--- author  (refill to the queue depth)
    filed 0

feed complete: push-work=ok land=ok close-done=ok author=ok

--- push-work  (a branch nobody can see cannot be closed against)
    every branch with work is already on the remote

--- land  (put accepted work into the branch)
    0 accepted branch(es) landed

--- close-done  (an open accepted issue holds its boundary)
    nothing closable

--- author  (refill to the queue depth)
    filed 0

feed complete: push-work=ok land=ok close-done=ok author=ok

--- push-work  (a branch nobody can see cannot be closed against)
    every branch with work is already on the remote

--- land  (put accepted work into the branch)
    0 accepted branch(es) landed

--- close-done  (an open accepted issue holds its boundary)
    nothing closable

--- author  (refill to the queue depth)
    filed 0

feed complete: push-work=ok land=ok close-done=ok author=ok
the loop lock is held by heal (4 min) - standing down; it feeds too

--- push-work  (a branch nobody can see cannot be closed against)
    every branch with work is already on the remote

--- land  (put accepted work into the branch)
    0 accepted branch(es) landed

--- close-done  (an open accepted issue holds its boundary)
    nothing closable

--- author  (refill to the queue depth)
    filed 0

feed complete: push-work=ok land=ok close-done=ok author=ok

--- push-work  (a branch nobody can see cannot be closed against)
    every branch with work is already on the remote

--- land  (put accepted work into the branch)
    0 accepted branch(es) landed

--- close-done  (an open accepted issue holds its boundary)
    nothing closable

--- author  (refill to the queue depth)
    filed 0

feed complete: push-work=ok land=ok close-done=ok author=ok

--- push-work  (a branch nobody can see cannot be closed against)
    every branch with work is already on the remote

--- land  (put accepted work into the branch)
    0 accepted branch(es) landed

--- close-done  (an open accepted issue holds its boundary)
    nothing closable

--- author  (refill to the queue depth)
    filed 0

feed complete: push-work=ok land=ok close-done=ok author=ok

--- push-work  (a branch nobody can see cannot be closed against)
    every branch with work is already on the remote

--- land  (put accepted work into the branch)
    0 accepted branch(es) landed

--- close-done  (an open accepted issue holds its boundary)
    nothing closable

--- author  (refill to the queue depth)
    filed 0

feed complete: push-work=ok land=ok close-done=ok author=ok

--- push-work  (a branch nobody can see cannot be closed against)
    every branch with work is already on the remote

--- land  (put accepted work into the branch)
    0 accepted branch(es) landed

--- close-done  (an open accepted issue holds its boundary)
    nothing closable

--- author  (refill to the queue depth)
    filed 0

feed complete: push-work=ok land=ok close-done=ok author=ok

--- push-work  (a branch nobody can see cannot be closed against)
    every branch with work is already on the remote

--- land  (put accepted work into the branch)
    timed out part-way - what it did before that stands: 0 accepted branches still outside the base

--- close-done  (an open accepted issue holds its boundary)
    timed out part-way - what it did before that stands:   transport: the connection dropped; it usually comes straight back - retrying in 30s

--- author  (refill to the queue depth)
    SKIPPED - past the 8 minute deadline

feed complete: push-work=ok land=timed out close-done=timed out author=skipped

--- push-work  (a branch nobody can see cannot be closed against)
    FAILED
    1: client erro
  Nothing was pushed and nothing was inspected. This is NOT "nothing to push":
  this step is the only way a bee's work leaves the container, and it did not run.


--- land  (put accepted work into the branch)
    timed out part-way - what it did before that stands: 0 accepted branches still outside the base

--- close-done  (an open accepted issue holds its boundary)
    timed out part-way - what it did before that stands: 

--- author  (refill to the queue depth)
    SKIPPED - past the 8 minute deadline

feed complete: push-work=FAILED land=timed out close-done=timed out author=skipped
the loop lock is held by heal (2 min) - standing down; it feeds too
the loop lock is held by heal (7 min) - standing down; it feeds too

--- push-work  (a branch nobody can see cannot be closed against)
    FAILED
    1: client erro
  Nothing was pushed and nothing was inspected. This is NOT "nothing to push":
  this step is the only way a bee's work leaves the container, and it did not run.


--- land  (put accepted work into the branch)
    timed out part-way - what it did before that stands: 0 accepted branches still outside the base

--- close-done  (an open accepted issue holds its boundary)
    timed out part-way - what it did before that stands: 

--- author  (refill to the queue depth)
    SKIPPED - past the 8 minute deadline

feed complete: push-work=FAILED land=timed out close-done=timed out author=skipped
the loop lock is held by heal (3 min) - standing down; it feeds too
the loop lock is held by heal (8 min) - standing down; it feeds too

--- push-work  (a branch nobody can see cannot be closed against)
    FAILED
    1: client erro
  Nothing was pushed and nothing was inspected. This is NOT "nothing to push":
  this step is the only way a bee's work leaves the container, and it did not run.


--- land  (put accepted work into the branch)
    timed out part-way - what it did before that stands: 0 accepted branches still outside the base

--- close-done  (an open accepted issue holds its boundary)
    timed out part-way - what it did before that stands: 

--- author  (refill to the queue depth)
    SKIPPED - past the 8 minute deadline

feed complete: push-work=FAILED land=timed out close-done=timed out author=skipped
the loop lock is held by heal (3 min) - standing down; it feeds too

--- push-work  (a branch nobody can see cannot be closed against)
    FAILED
    1: client erro
  Nothing was pushed and nothing was inspected. This is NOT "nothing to push":
  this step is the only way a bee's work leaves the container, and it did not run.


--- land  (put accepted work into the branch)
    timed out part-way - what it did before that stands: 0 accepted branches still outside the base

--- close-done  (an open accepted issue holds its boundary)
    timed out part-way - what it did before that stands: 

--- author  (refill to the queue depth)
    SKIPPED - past the 8 minute deadline

feed complete: push-work=FAILED land=timed out close-done=timed out author=skipped

--- push-work  (a branch nobody can see cannot be closed against)
    FAILED
    1: client erro
  Nothing was pushed and nothing was inspected. This is NOT "nothing to push":
  this step is the only way a bee's work leaves the container, and it did not run.


--- land  (put accepted work into the branch)
    timed out part-way - what it did before that stands: 0 accepted branches still outside the base

--- close-done  (an open accepted issue holds its boundary)
    timed out part-way - what it did before that stands: 

--- author  (refill to the queue depth)
    SKIPPED - past the 8 minute deadline

feed complete: push-work=FAILED land=timed out close-done=timed out author=skipped
the loop lock is held by heal (1 min) - standing down; it feeds too
the loop lock is held by heal (6 min) - standing down; it feeds too

--- push-work  (a branch nobody can see cannot be closed against)
    FAILED
    1: client erro
  Nothing was pushed and nothing was inspected. This is NOT "nothing to push":
  this step is the only way a bee's work leaves the container, and it did not run.


--- land  (put accepted work into the branch)
    timed out part-way - what it did before that stands: 0 accepted branches still outside the base

--- close-done  (an open accepted issue holds its boundary)
    timed out part-way - what it did before that stands: 

--- author  (refill to the queue depth)
    SKIPPED - past the 8 minute deadline

feed complete: push-work=FAILED land=timed out close-done=timed out author=skipped
the loop lock is held by heal (1 min) - standing down; it feeds too
the loop lock is held by heal (6 min) - standing down; it feeds too

--- push-work  (a branch nobody can see cannot be closed against)
    FAILED
    1: client erro
  Nothing was pushed and nothing was inspected. This is NOT "nothing to push":
  this step is the only way a bee's work leaves the container, and it did not run.


--- land  (put accepted work into the branch)
    timed out part-way - what it did before that stands: 0 accepted branches still outside the base

--- close-done  (an open accepted issue holds its boundary)
    timed out part-way - what it did before that stands: 

--- author  (refill to the queue depth)
    SKIPPED - past the 8 minute deadline

feed complete: push-work=FAILED land=timed out close-done=timed out author=skipped
the loop lock is held by heal (2 min) - standing down; it feeds too
the loop lock is held by heal (7 min) - standing down; it feeds too

--- push-work  (a branch nobody can see cannot be closed against)
    FAILED
    1: client erro
  Nothing was pushed and nothing was inspected. This is NOT "nothing to push":
  this step is the only way a bee's work leaves the container, and it did not run.


--- land  (put accepted work into the branch)
    timed out part-way - what it did before that stands: 0 accepted branches still outside the base

--- close-done  (an open accepted issue holds its boundary)
    timed out part-way - what it did before that stands: 

--- author  (refill to the queue depth)
    SKIPPED - past the 8 minute deadline

feed complete: push-work=FAILED land=timed out close-done=timed out author=skipped
the loop lock is held by heal (2 min) - standing down; it feeds too
the loop lock is held by heal (7 min) - standing down; it feeds too

--- push-work  (a branch nobody can see cannot be closed against)
    FAILED
    1: client erro
  Nothing was pushed and nothing was inspected. This is NOT "nothing to push":
  this step is the only way a bee's work leaves the container, and it did not run.


--- land  (put accepted work into the branch)
    timed out part-way - what it did before that stands: 0 accepted branches still outside the base

--- close-done  (an open accepted issue holds its boundary)
    timed out part-way - what it did before that stands: 

--- author  (refill to the queue depth)
    SKIPPED - past the 8 minute deadline

feed complete: push-work=FAILED land=timed out close-done=timed out author=skipped
the loop lock is held by heal (2 min) - standing down; it feeds too
the loop lock is held by heal (7 min) - standing down; it feeds too

--- push-work  (a branch nobody can see cannot be closed against)
    FAILED
    1: client erro
  Nothing was pushed and nothing was inspected. This is NOT "nothing to push":
  this step is the only way a bee's work leaves the container, and it did not run.


--- land  (put accepted work into the branch)
    timed out part-way - what it did before that stands: 0 accepted branches still outside the base

--- close-done  (an open accepted issue holds its boundary)
    timed out part-way - what it did before that stands: 

--- author  (refill to the queue depth)
    SKIPPED - past the 8 minute deadline

feed complete: push-work=FAILED land=timed out close-done=timed out author=skipped
the loop lock is held by heal (2 min) - standing down; it feeds too
the loop lock is held by heal (7 min) - standing down; it feeds too

--- push-work  (a branch nobody can see cannot be closed against)
    every branch with work is already on the remote

--- land  (put accepted work into the branch)
    0 accepted branch(es) landed

--- close-done  (an open accepted issue holds its boundary)
    nothing closable

--- author  (refill to the queue depth)
    filed 0

feed complete: push-work=ok land=ok close-done=ok author=ok

--- push-work  (a branch nobody can see cannot be closed against)
    every branch with work is already on the remote

--- land  (put accepted work into the branch)
    0 accepted branch(es) landed

--- close-done  (an open accepted issue holds its boundary)
    nothing closable

--- author  (refill to the queue depth)
    filed 0

feed complete: push-work=ok land=ok close-done=ok author=ok
the loop lock is held by heal (4 min) - standing down; it feeds too

--- push-work  (a branch nobody can see cannot be closed against)
    every branch with work is already on the remote

--- land  (put accepted work into the branch)
    0 accepted branch(es) landed

--- close-done  (an open accepted issue holds its boundary)
    nothing closable

--- author  (refill to the queue depth)
    filed 0

feed complete: push-work=ok land=ok close-done=ok author=ok

--- push-work  (a branch nobody can see cannot be closed against)
    every branch with work is already on the remote

--- land  (put accepted work into the branch)
    0 accepted branch(es) landed

--- close-done  (an open accepted issue holds its boundary)
    nothing closable

--- author  (refill to the queue depth)
    filed 0

feed complete: push-work=ok land=ok close-done=ok author=ok
the loop lock is held by heal (1 min) - standing down; it feeds too
the loop lock is held by heal (6 min) - standing down; it feeds too

--- push-work  (a branch nobody can see cannot be closed against)
    every branch with work is already on the remote

--- land  (put accepted work into the branch)
    0 accepted branch(es) landed

--- close-done  (an open accepted issue holds its boundary)
    nothing closable

--- author  (refill to the queue depth)
    filed 0

feed complete: push-work=ok land=ok close-done=ok author=ok

--- push-work  (a branch nobody can see cannot be closed against)
    every branch with work is already on the remote

--- land  (put accepted work into the branch)
    0 accepted branch(es) landed

--- close-done  (an open accepted issue holds its boundary)
    nothing closable

--- author  (refill to the queue depth)
    filed 0

feed complete: push-work=ok land=ok close-done=ok author=ok
the loop lock is held by heal (1 min) - standing down; it feeds too
the loop lock is held by heal (6 min) - standing down; it feeds too

--- push-work  (a branch nobody can see cannot be closed against)
    every branch with work is already on the remote

--- land  (put accepted work into the branch)
    0 accepted branch(es) landed

--- close-done  (an open accepted issue holds its boundary)
    nothing closable

--- author  (refill to the queue depth)
    filed 0

feed complete: push-work=ok land=ok close-done=ok author=ok

--- push-work  (a branch nobody can see cannot be closed against)
    every branch with work is already on the remote

--- land  (put accepted work into the branch)
    0 accepted branch(es) landed

--- close-done  (an open accepted issue holds its boundary)
    nothing closable

--- author  (refill to the queue depth)
    filed 0

feed complete: push-work=ok land=ok close-done=ok author=ok
the loop lock is held by heal (3 min) - standing down; it feeds too
the loop lock is held by heal (8 min) - standing down; it feeds too

--- push-work  (a branch nobody can see cannot be closed against)
    every branch with work is already on the remote

--- land  (put accepted work into the branch)
    0 accepted branch(es) landed

--- close-done  (an open accepted issue holds its boundary)
    nothing closable

--- author  (refill to the queue depth)
    filed 0

feed complete: push-work=ok land=ok close-done=ok author=ok

--- push-work  (a branch nobody can see cannot be closed against)
    every branch with work is already on the remote

--- land  (put accepted work into the branch)
    0 accepted branch(es) landed

--- close-done  (an open accepted issue holds its boundary)
    nothing closable

--- author  (refill to the queue depth)
    filed 0

feed complete: push-work=ok land=ok close-done=ok author=ok

--- push-work  (a branch nobody can see cannot be closed against)
    every branch with work is already on the remote

--- land  (put accepted work into the branch)
    0 accepted branch(es) landed

--- close-done  (an open accepted issue holds its boundary)
    nothing closable

--- author  (refill to the queue depth)
    filed 0

feed complete: push-work=ok land=ok close-done=ok author=ok
the loop lock is held by heal (3 min) - standing down; it feeds too
the loop lock is held by heal (8 min) - standing down; it feeds too

--- push-work  (a branch nobody can see cannot be closed against)
    every branch with work is already on the remote

--- land  (put accepted work into the branch)
    0 accepted branch(es) landed

--- close-done  (an open accepted issue holds its boundary)
    nothing closable

--- author  (refill to the queue depth)
    filed 0

feed complete: push-work=ok land=ok close-done=ok author=ok

--- push-work  (a branch nobody can see cannot be closed against)
    every branch with work is already on the remote

--- land  (put accepted work into the branch)
    0 accepted branch(es) landed

--- close-done  (an open accepted issue holds its boundary)
    nothing closable

--- author  (refill to the queue depth)
    filed 0

feed complete: push-work=ok land=ok close-done=ok author=ok

--- push-work  (a branch nobody can see cannot be closed against)
    every branch with work is already on the remote

--- land  (put accepted work into the branch)
    0 accepted branch(es) landed

--- close-done  (an open accepted issue holds its boundary)
    nothing closable

--- author  (refill to the queue depth)
    filed 0

feed complete: push-work=ok land=ok close-done=ok author=ok
the loop lock is held by heal (3 min) - standing down; it feeds too
the loop lock is held by heal (8 min) - standing down; it feeds too

--- push-work  (a branch nobody can see cannot be closed against)
    every branch with work is already on the remote

--- land  (put accepted work into the branch)
    0 accepted branch(es) landed

--- close-done  (an open accepted issue holds its boundary)
    nothing closable

--- author  (refill to the queue depth)
    filed 0

feed complete: push-work=ok land=ok close-done=ok author=ok

--- push-work  (a branch nobody can see cannot be closed against)
    every branch with work is already on the remote

--- land  (put accepted work into the branch)
    0 accepted branch(es) landed

--- close-done  (an open accepted issue holds its boundary)
    nothing closable

--- author  (refill to the queue depth)
    filed 0

feed complete: push-work=ok land=ok close-done=ok author=ok
the loop lock is held by heal (4 min) - standing down; it feeds too

--- push-work  (a branch nobody can see cannot be closed against)
    every branch with work is already on the remote

--- land  (put accepted work into the branch)
    0 accepted branch(es) landed

--- close-done  (an open accepted issue holds its boundary)
    nothing closable

--- author  (refill to the queue depth)
    filed 0

feed complete: push-work=ok land=ok close-done=ok author=ok

--- push-work  (a branch nobody can see cannot be closed against)
    every branch with work is already on the remote

--- land  (put accepted work into the branch)
    0 accepted branch(es) landed

--- close-done  (an open accepted issue holds its boundary)
    nothing closable

--- author  (refill to the queue depth)
    filed 0

feed complete: push-work=ok land=ok close-done=ok author=ok
the loop lock is held by heal (1 min) - standing down; it feeds too
the loop lock is held by heal (6 min) - standing down; it feeds too

--- push-work  (a branch nobody can see cannot be closed against)
    every branch with work is already on the remote

--- land  (put accepted work into the branch)
    0 accepted branch(es) landed

--- close-done  (an open accepted issue holds its boundary)
    nothing closable

--- author  (refill to the queue depth)
    filed 0

feed complete: push-work=ok land=ok close-done=ok author=ok

--- push-work  (a branch nobody can see cannot be closed against)
    every branch with work is already on the remote

--- land  (put accepted work into the branch)
    0 accepted branch(es) landed

--- close-done  (an open accepted issue holds its boundary)
    nothing closable

--- author  (refill to the queue depth)
    filed 0

feed complete: push-work=ok land=ok close-done=ok author=ok
the loop lock is held by heal (5 min) - standing down; it feeds too

--- push-work  (a branch nobody can see cannot be closed against)
    every branch with work is already on the remote

--- land  (put accepted work into the branch)
    0 accepted branch(es) landed

--- close-done  (an open accepted issue holds its boundary)
    nothing closable

--- author  (refill to the queue depth)
    filed 0

feed complete: push-work=ok land=ok close-done=ok author=ok

--- push-work  (a branch nobody can see cannot be closed against)
    every branch with work is already on the remote

--- land  (put accepted work into the branch)
    0 accepted branch(es) landed

--- close-done  (an open accepted issue holds its boundary)
    nothing closable

--- author  (refill to the queue depth)
    filed 0

feed complete: push-work=ok land=ok close-done=ok author=ok
the loop lock is held by heal (3 min) - standing down; it feeds too
the loop lock is held by heal (8 min) - standing down; it feeds too

--- push-work  (a branch nobody can see cannot be closed against)
    every branch with work is already on the remote

--- land  (put accepted work into the branch)
    0 accepted branch(es) landed

--- close-done  (an open accepted issue holds its boundary)
    nothing closable

--- author  (refill to the queue depth)
    filed 0

feed complete: push-work=ok land=ok close-done=ok author=ok

--- push-work  (a branch nobody can see cannot be closed against)
    every branch with work is already on the remote

--- land  (put accepted work into the branch)
    0 accepted branch(es) landed

--- close-done  (an open accepted issue holds its boundary)
    nothing closable

--- author  (refill to the queue depth)
    filed 0

feed complete: push-work=ok land=ok close-done=ok author=ok

--- push-work  (a branch nobody can see cannot be closed against)
    every branch with work is already on the remote

--- land  (put accepted work into the branch)
    0 accepted branch(es) landed

--- close-done  (an open accepted issue holds its boundary)
    nothing closable

--- author  (refill to the queue depth)
    filed 0

feed complete: push-work=ok land=ok close-done=ok author=ok

--- push-work  (a branch nobody can see cannot be closed against)
    every branch with work is already on the remote

--- land  (put accepted work into the branch)
    0 accepted branch(es) landed

--- close-done  (an open accepted issue holds its boundary)
    nothing closable

--- author  (refill to the queue depth)
    filed 0

feed complete: push-work=ok land=ok close-done=ok author=ok

--- push-work  (a branch nobody can see cannot be closed against)
    every branch with work is already on the remote

--- land  (put accepted work into the branch)
    0 accepted branch(es) landed

--- close-done  (an open accepted issue holds its boundary)
    nothing closable

--- author  (refill to the queue depth)
    filed 0

feed complete: push-work=ok land=ok close-done=ok author=ok

--- push-work  (a branch nobody can see cannot be closed against)
    every branch with work is already on the remote

--- land  (put accepted work into the branch)
    0 accepted branch(es) landed

--- close-done  (an open accepted issue holds its boundary)
    nothing closable

--- author  (refill to the queue depth)
    filed 0

feed complete: push-work=ok land=ok close-done=ok author=ok
the loop lock is held by heal (4 min) - standing down; it feeds too

--- push-work  (a branch nobody can see cannot be closed against)
    every branch with work is already on the remote

--- land  (put accepted work into the branch)
    0 accepted branch(es) landed

--- close-done  (an open accepted issue holds its boundary)
    nothing closable

--- author  (refill to the queue depth)
    filed 0

feed complete: push-work=ok land=ok close-done=ok author=ok

--- push-work  (a branch nobody can see cannot be closed against)
    every branch with work is already on the remote

--- land  (put accepted work into the branch)
    0 accepted branch(es) landed

--- close-done  (an open accepted issue holds its boundary)
    nothing closable

--- author  (refill to the queue depth)
    filed 0

feed complete: push-work=ok land=ok close-done=ok author=ok
the loop lock is held by heal (2 min) - standing down; it feeds too
the loop lock is held by heal (7 min) - standing down; it feeds too

--- push-work  (a branch nobody can see cannot be closed against)
    every branch with work is already on the remote

--- land  (put accepted work into the branch)
    0 accepted branch(es) landed

--- close-done  (an open accepted issue holds its boundary)
    nothing closable

--- author  (refill to the queue depth)
    filed 0

feed complete: push-work=ok land=ok close-done=ok author=ok

--- push-work  (a branch nobody can see cannot be closed against)
    every branch with work is already on the remote

--- land  (put accepted work into the branch)
    0 accepted branch(es) landed

--- close-done  (an open accepted issue holds its boundary)
    nothing closable

--- author  (refill to the queue depth)
    filed 0

feed complete: push-work=ok land=ok close-done=ok author=ok

--- push-work  (a branch nobody can see cannot be closed against)
    every branch with work is already on the remote

--- land  (put accepted work into the branch)
    0 accepted branch(es) landed

--- close-done  (an open accepted issue holds its boundary)
    nothing closable

--- author  (refill to the queue depth)
    filed 0

feed complete: push-work=ok land=ok close-done=ok author=ok
the loop lock is held by heal (3 min) - standing down; it feeds too

--- push-work  (a branch nobody can see cannot be closed against)
    every branch with work is already on the remote

--- land  (put accepted work into the branch)
    0 accepted branch(es) landed

--- close-done  (an open accepted issue holds its boundary)
    nothing closable

--- author  (refill to the queue depth)
    filed 0

feed complete: push-work=ok land=ok close-done=ok author=ok

--- push-work  (a branch nobody can see cannot be closed against)
    every branch with work is already on the remote

--- land  (put accepted work into the branch)
    0 accepted branch(es) landed

--- close-done  (an open accepted issue holds its boundary)
    nothing closable

--- author  (refill to the queue depth)
    filed 0

feed complete: push-work=ok land=ok close-done=ok author=ok
the loop lock is held by heal (2 min) - standing down; it feeds too
the loop lock is held by heal (7 min) - standing down; it feeds too

--- push-work  (a branch nobody can see cannot be closed against)
    every branch with work is already on the remote

--- land  (put accepted work into the branch)
    0 accepted branch(es) landed

--- close-done  (an open accepted issue holds its boundary)
    nothing closable

--- author  (refill to the queue depth)
    filed 0

feed complete: push-work=ok land=ok close-done=ok author=ok

--- push-work  (a branch nobody can see cannot be closed against)
    every branch with work is already on the remote

--- land  (put accepted work into the branch)
    0 accepted branch(es) landed

--- close-done  (an open accepted issue holds its boundary)
    nothing closable

--- author  (refill to the queue depth)
    filed 0

feed complete: push-work=ok land=ok close-done=ok author=ok

--- push-work  (a branch nobody can see cannot be closed against)
    every branch with work is already on the remote

--- land  (put accepted work into the branch)
    0 accepted branch(es) landed

--- close-done  (an open accepted issue holds its boundary)
    nothing closable

--- author  (refill to the queue depth)
    timed out part-way - what it did before that stands: 

feed complete: push-work=ok land=ok close-done=ok author=timed out

--- push-work  (a branch nobody can see cannot be closed against)
    every branch with work is already on the remote

--- land  (put accepted work into the branch)
    timed out part-way - what it did before that stands: 

--- close-done  (an open accepted issue holds its boundary)
    timed out part-way - what it did before that stands: 

--- author  (refill to the queue depth)
    SKIPPED - past the 8 minute deadline

feed complete: push-work=ok land=timed out close-done=timed out author=skipped

--- push-work  (a branch nobody can see cannot be closed against)
    every branch with work is already on the remote

--- land  (put accepted work into the branch)
    timed out part-way - what it did before that stands: 

--- close-done  (an open accepted issue holds its boundary)
    nothing closable

--- author  (refill to the queue depth)
    timed out part-way - what it did before that stands: 

feed complete: push-work=ok land=timed out close-done=ok author=timed out

--- push-work  (a branch nobody can see cannot be closed against)
    every branch with work is already on the remote

--- land  (put accepted work into the branch)
    timed out part-way - what it did before that stands: 

--- close-done  (an open accepted issue holds its boundary)
    nothing closable

--- author  (refill to the queue depth)
    timed out part-way - what it did before that stands: 

feed complete: push-work=ok land=timed out close-done=ok author=timed out

--- push-work  (a branch nobody can see cannot be closed against)
    every branch with work is already on the remote

--- land  (put accepted work into the branch)
    timed out part-way - what it did before that stands: 2 accepted branches still outside the base

--- close-done  (an open accepted issue holds its boundary)
    nothing closable

--- author  (refill to the queue depth)
    timed out part-way - what it did before that stands: 

feed complete: push-work=ok land=timed out close-done=ok author=timed out

--- push-work  (a branch nobody can see cannot be closed against)
    every branch with work is already on the remote

--- land  (put accepted work into the branch)
    timed out part-way - what it did before that stands: 

--- close-done  (an open accepted issue holds its boundary)
    nothing closable

--- author  (refill to the queue depth)
    timed out part-way - what it did before that stands: 

feed complete: push-work=ok land=timed out close-done=ok author=timed out
the loop lock is held by heal (4 min) - standing down; it feeds too

--- push-work  (a branch nobody can see cannot be closed against)
    every branch with work is already on the remote

--- land  (put accepted work into the branch)
    timed out part-way - what it did before that stands: 2 accepted branches still outside the base

--- close-done  (an open accepted issue holds its boundary)
    nothing closable

--- author  (refill to the queue depth)
    timed out part-way - what it did before that stands: 

feed complete: push-work=ok land=timed out close-done=ok author=timed out

--- push-work  (a branch nobody can see cannot be closed against)
    every branch with work is already on the remote

--- land  (put accepted work into the branch)
    timed out part-way - what it did before that stands: 2 accepted branches still outside the base

--- close-done  (an open accepted issue holds its boundary)
    nothing closable

--- author  (refill to the queue depth)
    filed 0

feed complete: push-work=ok land=timed out close-done=ok author=ok

--- push-work  (a branch nobody can see cannot be closed against)
    every branch with work is already on the remote

--- land  (put accepted work into the branch)
    0 accepted branch(es) landed

--- close-done  (an open accepted issue holds its boundary)
    nothing closable

--- author  (refill to the queue depth)
    filed 0

feed complete: push-work=ok land=ok close-done=ok author=ok

--- push-work  (a branch nobody can see cannot be closed against)
    every branch with work is already on the remote

--- land  (put accepted work into the branch)
    0 accepted branch(es) landed

--- close-done  (an open accepted issue holds its boundary)
    nothing closable

--- author  (refill to the queue depth)
    filed 0

feed complete: push-work=ok land=ok close-done=ok author=ok

--- push-work  (a branch nobody can see cannot be closed against)
    every branch with work is already on the remote

--- land  (put accepted work into the branch)
    timed out part-way - what it did before that stands: 

--- close-done  (an open accepted issue holds its boundary)
    nothing closable

--- author  (refill to the queue depth)
    timed out part-way - what it did before that stands: 

feed complete: push-work=ok land=timed out close-done=ok author=timed out
the loop lock is held by heal (1 min) - standing down; it feeds too
the loop lock is held by heal (6 min) - standing down; it feeds too

--- push-work  (a branch nobody can see cannot be closed against)
    every branch with work is already on the remote

--- land  (put accepted work into the branch)
    0 accepted branch(es) landed

--- close-done  (an open accepted issue holds its boundary)
    nothing closable

--- author  (refill to the queue depth)
    filed 0

feed complete: push-work=ok land=ok close-done=ok author=ok

--- push-work  (a branch nobody can see cannot be closed against)
    every branch with work is already on the remote

--- land  (put accepted work into the branch)
    0 accepted branch(es) landed

--- close-done  (an open accepted issue holds its boundary)
    nothing closable

--- author  (refill to the queue depth)
    filed 0

feed complete: push-work=ok land=ok close-done=ok author=ok
the loop lock is held by heal (4 min) - standing down; it feeds too

--- push-work  (a branch nobody can see cannot be closed against)
    every branch with work is already on the remote

--- land  (put accepted work into the branch)
    0 accepted branch(es) landed

--- close-done  (an open accepted issue holds its boundary)
    nothing closable

--- author  (refill to the queue depth)
    filed 0

feed complete: push-work=ok land=ok close-done=ok author=ok

--- push-work  (a branch nobody can see cannot be closed against)
    every branch with work is already on the remote

--- land  (put accepted work into the branch)
    0 accepted branch(es) landed

--- close-done  (an open accepted issue holds its boundary)
    nothing closable

--- author  (refill to the queue depth)
    filed 0

feed complete: push-work=ok land=ok close-done=ok author=ok
the loop lock is held by heal (5 min) - standing down; it feeds too

--- push-work  (a branch nobody can see cannot be closed against)
    every branch with work is already on the remote

--- land  (put accepted work into the branch)
    0 accepted branch(es) landed

--- close-done  (an open accepted issue holds its boundary)
    nothing closable

--- author  (refill to the queue depth)
    filed 0

feed complete: push-work=ok land=ok close-done=ok author=ok

--- push-work  (a branch nobody can see cannot be closed against)
    every branch with work is already on the remote

--- land  (put accepted work into the branch)
    0 accepted branch(es) landed

--- close-done  (an open accepted issue holds its boundary)
    nothing closable

--- author  (refill to the queue depth)
    filed 0

feed complete: push-work=ok land=ok close-done=ok author=ok
the loop lock is held by heal (4 min) - standing down; it feeds too

--- push-work  (a branch nobody can see cannot be closed against)
    every branch with work is already on the remote

--- land  (put accepted work into the branch)
    0 accepted branch(es) landed

--- close-done  (an open accepted issue holds its boundary)
    nothing closable

--- author  (refill to the queue depth)
    filed 0

feed complete: push-work=ok land=ok close-done=ok author=ok

--- push-work  (a branch nobody can see cannot be closed against)
    every branch with work is already on the remote

--- land  (put accepted work into the branch)
    0 accepted branch(es) landed

--- close-done  (an open accepted issue holds its boundary)
    nothing closable

--- author  (refill to the queue depth)
    filed 0

feed complete: push-work=ok land=ok close-done=ok author=ok
the loop lock is held by heal (4 min) - standing down; it feeds too

--- push-work  (a branch nobody can see cannot be closed against)
    every branch with work is already on the remote

--- land  (put accepted work into the branch)
    0 accepted branch(es) landed

--- close-done  (an open accepted issue holds its boundary)
    nothing closable

--- author  (refill to the queue depth)
    filed 0

feed complete: push-work=ok land=ok close-done=ok author=ok

--- push-work  (a branch nobody can see cannot be closed against)
    every branch with work is already on the remote

--- land  (put accepted work into the branch)
    0 accepted branch(es) landed

--- close-done  (an open accepted issue holds its boundary)
    nothing closable

--- author  (refill to the queue depth)
    filed 0

feed complete: push-work=ok land=ok close-done=ok author=ok
the loop lock is held by heal (2 min) - standing down; it feeds too
the loop lock is held by heal (7 min) - standing down; it feeds too

--- push-work  (a branch nobody can see cannot be closed against)
    every branch with work is already on the remote

--- land  (put accepted work into the branch)
    0 accepted branch(es) landed

--- close-done  (an open accepted issue holds its boundary)
    nothing closable

--- author  (refill to the queue depth)
    filed 0

feed complete: push-work=ok land=ok close-done=ok author=ok

--- push-work  (a branch nobody can see cannot be closed against)
    every branch with work is already on the remote

--- land  (put accepted work into the branch)
    0 accepted branch(es) landed

--- close-done  (an open accepted issue holds its boundary)
    nothing closable

--- author  (refill to the queue depth)
    filed 0

feed complete: push-work=ok land=ok close-done=ok author=ok
the loop lock is held by heal (4 min) - standing down; it feeds too

--- push-work  (a branch nobody can see cannot be closed against)
    every branch with work is already on the remote

--- land  (put accepted work into the branch)
    0 accepted branch(es) landed

--- close-done  (an open accepted issue holds its boundary)
    nothing closable

--- author  (refill to the queue depth)
    filed 0

feed complete: push-work=ok land=ok close-done=ok author=ok

--- push-work  (a branch nobody can see cannot be closed against)
    every branch with work is already on the remote

--- land  (put accepted work into the branch)
    0 accepted branch(es) landed

--- close-done  (an open accepted issue holds its boundary)
    nothing closable

--- author  (refill to the queue depth)
    filed 0

feed complete: push-work=ok land=ok close-done=ok author=ok
the loop lock is held by heal (2 min) - standing down; it feeds too
the loop lock is held by heal (7 min) - standing down; it feeds too

--- push-work  (a branch nobody can see cannot be closed against)
    every branch with work is already on the remote

--- land  (put accepted work into the branch)
    0 accepted branch(es) landed

--- close-done  (an open accepted issue holds its boundary)
    nothing closable

--- author  (refill to the queue depth)
    filed 0

feed complete: push-work=ok land=ok close-done=ok author=ok

--- push-work  (a branch nobody can see cannot be closed against)
    every branch with work is already on the remote

--- land  (put accepted work into the branch)
    0 accepted branch(es) landed

--- close-done  (an open accepted issue holds its boundary)
    nothing closable

--- author  (refill to the queue depth)
    filed 0

feed complete: push-work=ok land=ok close-done=ok author=ok
the loop lock is held by heal (5 min) - standing down; it feeds too

--- push-work  (a branch nobody can see cannot be closed against)
    every branch with work is already on the remote

--- land  (put accepted work into the branch)
    0 accepted branch(es) landed

--- close-done  (an open accepted issue holds its boundary)
    nothing closable

--- author  (refill to the queue depth)
    filed 0

feed complete: push-work=ok land=ok close-done=ok author=ok

--- push-work  (a branch nobody can see cannot be closed against)
    every branch with work is already on the remote

--- land  (put accepted work into the branch)
    0 accepted branch(es) landed

--- close-done  (an open accepted issue holds its boundary)
    nothing closable

--- author  (refill to the queue depth)
    filed 0

feed complete: push-work=ok land=ok close-done=ok author=ok
the loop lock is held by heal (3 min) - standing down; it feeds too
the loop lock is held by heal (8 min) - standing down; it feeds too

--- push-work  (a branch nobody can see cannot be closed against)
    every branch with work is already on the remote

--- land  (put accepted work into the branch)
    0 accepted branch(es) landed

--- close-done  (an open accepted issue holds its boundary)
    nothing closable

--- author  (refill to the queue depth)
    filed 0

feed complete: push-work=ok land=ok close-done=ok author=ok

--- push-work  (a branch nobody can see cannot be closed against)
    every branch with work is already on the remote

--- land  (put accepted work into the branch)
    0 accepted branch(es) landed

--- close-done  (an open accepted issue holds its boundary)
    nothing closable

--- author  (refill to the queue depth)
    filed 0

feed complete: push-work=ok land=ok close-done=ok author=ok

--- push-work  (a branch nobody can see cannot be closed against)
    every branch with work is already on the remote

--- land  (put accepted work into the branch)
    0 accepted branch(es) landed

--- close-done  (an open accepted issue holds its boundary)
    nothing closable

--- author  (refill to the queue depth)
    filed 0

feed complete: push-work=ok land=ok close-done=ok author=ok
the loop lock is held by heal (4 min) - standing down; it feeds too

--- push-work  (a branch nobody can see cannot be closed against)
    every branch with work is already on the remote

--- land  (put accepted work into the branch)
    0 accepted branch(es) landed

--- close-done  (an open accepted issue holds its boundary)
    nothing closable

--- author  (refill to the queue depth)
    filed 0

feed complete: push-work=ok land=ok close-done=ok author=ok

--- push-work  (a branch nobody can see cannot be closed against)
    every branch with work is already on the remote

--- land  (put accepted work into the branch)
    0 accepted branch(es) landed

--- close-done  (an open accepted issue holds its boundary)
    nothing closable

--- author  (refill to the queue depth)
    filed 0

feed complete: push-work=ok land=ok close-done=ok author=ok
the loop lock is held by heal (3 min) - standing down; it feeds too
the loop lock is held by heal (8 min) - standing down; it feeds too

--- push-work  (a branch nobody can see cannot be closed against)
    every branch with work is already on the remote

--- land  (put accepted work into the branch)
    0 accepted branch(es) landed

--- close-done  (an open accepted issue holds its boundary)
    nothing closable

--- author  (refill to the queue depth)
    filed 0

feed complete: push-work=ok land=ok close-done=ok author=ok

--- push-work  (a branch nobody can see cannot be closed against)
    every branch with work is already on the remote

--- land  (put accepted work into the branch)
    0 accepted branch(es) landed

--- close-done  (an open accepted issue holds its boundary)
    nothing closable

--- author  (refill to the queue depth)
    timed out part-way - what it did before that stands: signals: length=11/830 seen  untested=137/830 seen  ascii=56/939 seen

feed complete: push-work=ok land=ok close-done=ok author=timed out

--- push-work  (a branch nobody can see cannot be closed against)
    every branch with work is already on the remote

--- land  (put accepted work into the branch)
    0 accepted branch(es) landed

--- close-done  (an open accepted issue holds its boundary)
    nothing closable

--- author  (refill to the queue depth)
    filed 0

feed complete: push-work=ok land=ok close-done=ok author=ok
the loop lock is held by heal (5 min) - standing down; it feeds too

--- push-work  (a branch nobody can see cannot be closed against)
    every branch with work is already on the remote

--- land  (put accepted work into the branch)
    timed out part-way - what it did before that stands: 2 accepted branches still outside the base

--- close-done  (an open accepted issue holds its boundary)
    nothing closable

--- author  (refill to the queue depth)
    timed out part-way - what it did before that stands: 

feed complete: push-work=ok land=timed out close-done=ok author=timed out

--- push-work  (a branch nobody can see cannot be closed against)
    every branch with work is already on the remote

--- land  (put accepted work into the branch)
    timed out part-way - what it did before that stands: 2 accepted branches still outside the base

--- close-done  (an open accepted issue holds its boundary)
    nothing closable

--- author  (refill to the queue depth)
    timed out part-way - what it did before that stands: 

feed complete: push-work=ok land=timed out close-done=ok author=timed out
the loop lock is held by heal (2 min) - standing down; it feeds too
the loop lock is held by heal (7 min) - standing down; it feeds too

--- push-work  (a branch nobody can see cannot be closed against)
    every branch with work is already on the remote

--- land  (put accepted work into the branch)
    timed out part-way - what it did before that stands: 

--- close-done  (an open accepted issue holds its boundary)
    nothing closable

--- author  (refill to the queue depth)
    timed out part-way - what it did before that stands: 

feed complete: push-work=ok land=timed out close-done=ok author=timed out

--- push-work  (a branch nobody can see cannot be closed against)
    every branch with work is already on the remote

--- land  (put accepted work into the branch)
    timed out part-way - what it did before that stands: 

--- close-done  (an open accepted issue holds its boundary)
    nothing closable

--- author  (refill to the queue depth)
    timed out part-way - what it did before that stands: 

feed complete: push-work=ok land=timed out close-done=ok author=timed out
the loop lock is held by heal (4 min) - standing down; it feeds too

--- push-work  (a branch nobody can see cannot be closed against)
    every branch with work is already on the remote

--- land  (put accepted work into the branch)
    0 accepted branch(es) landed

--- close-done  (an open accepted issue holds its boundary)
    nothing closable

--- author  (refill to the queue depth)
    timed out part-way - what it did before that stands: 

feed complete: push-work=ok land=ok close-done=ok author=timed out

--- push-work  (a branch nobody can see cannot be closed against)
    every branch with work is already on the remote

--- land  (put accepted work into the branch)
    0 accepted branch(es) landed

--- close-done  (an open accepted issue holds its boundary)
    nothing closable

--- author  (refill to the queue depth)
    timed out part-way - what it did before that stands: 

feed complete: push-work=ok land=ok close-done=ok author=timed out
the loop lock is held by heal (1 min) - standing down; it feeds too
the loop lock is held by heal (6 min) - standing down; it feeds too

--- push-work  (a branch nobody can see cannot be closed against)
    every branch with work is already on the remote

--- land  (put accepted work into the branch)
    0 accepted branch(es) landed

--- close-done  (an open accepted issue holds its boundary)
    nothing closable

--- author  (refill to the queue depth)
    timed out part-way - what it did before that stands: 

feed complete: push-work=ok land=ok close-done=ok author=timed out

--- push-work  (a branch nobody can see cannot be closed against)
    every branch with work is already on the remote

--- land  (put accepted work into the branch)
    timed out part-way - what it did before that stands: 2 accepted branches still outside the base

--- close-done  (an open accepted issue holds its boundary)
    nothing closable

--- author  (refill to the queue depth)
    timed out part-way - what it did before that stands: 

feed complete: push-work=ok land=timed out close-done=ok author=timed out
the loop lock is held by heal (2 min) - standing down; it feeds too
the loop lock is held by heal (7 min) - standing down; it feeds too

--- push-work  (a branch nobody can see cannot be closed against)
    every branch with work is already on the remote

--- land  (put accepted work into the branch)
    timed out part-way - what it did before that stands: 2 accepted branches still outside the base

--- close-done  (an open accepted issue holds its boundary)
    nothing closable

--- author  (refill to the queue depth)
    timed out part-way - what it did before that stands: 

feed complete: push-work=ok land=timed out close-done=ok author=timed out
the loop lock is held by heal (1 min) - standing down; it feeds too
the loop lock is held by heal (6 min) - standing down; it feeds too

--- push-work  (a branch nobody can see cannot be closed against)
    every branch with work is already on the remote

--- land  (put accepted work into the branch)
    0 accepted branch(es) landed

--- close-done  (an open accepted issue holds its boundary)
    nothing closable

--- author  (refill to the queue depth)
    filed 0

feed complete: push-work=ok land=ok close-done=ok author=ok

--- push-work  (a branch nobody can see cannot be closed against)
    every branch with work is already on the remote

--- land  (put accepted work into the branch)
    0 accepted branch(es) landed

--- close-done  (an open accepted issue holds its boundary)
    nothing closable

--- author  (refill to the queue depth)
    filed 0

feed complete: push-work=ok land=ok close-done=ok author=ok

--- push-work  (a branch nobody can see cannot be closed against)
    every branch with work is already on the remote

--- land  (put accepted work into the branch)
    0 accepted branch(es) landed

--- close-done  (an open accepted issue holds its boundary)
    nothing closable

--- author  (refill to the queue depth)
    filed 0

feed complete: push-work=ok land=ok close-done=ok author=ok
the loop lock is held by heal (1 min) - standing down; it feeds too
the loop lock is held by heal (6 min) - standing down; it feeds too

--- push-work  (a branch nobody can see cannot be closed against)
    every branch with work is already on the remote

--- land  (put accepted work into the branch)
    0 accepted branch(es) landed

--- close-done  (an open accepted issue holds its boundary)
    nothing closable

--- author  (refill to the queue depth)
    filed 0

feed complete: push-work=ok land=ok close-done=ok author=ok

--- push-work  (a branch nobody can see cannot be closed against)
    every branch with work is already on the remote

--- land  (put accepted work into the branch)
    0 accepted branch(es) landed

--- close-done  (an open accepted issue holds its boundary)
    nothing closable

--- author  (refill to the queue depth)
    filed 0

feed complete: push-work=ok land=ok close-done=ok author=ok
the loop lock is held by heal (0 min) - standing down; it feeds too
the loop lock is held by heal (5 min) - standing down; it feeds too

--- push-work  (a branch nobody can see cannot be closed against)
    every branch with work is already on the remote

--- land  (put accepted work into the branch)
    0 accepted branch(es) landed

--- close-done  (an open accepted issue holds its boundary)
    nothing closable

--- author  (refill to the queue depth)
    filed 0

feed complete: push-work=ok land=ok close-done=ok author=ok

--- push-work  (a branch nobody can see cannot be closed against)
    every branch with work is already on the remote

--- land  (put accepted work into the branch)
    0 accepted branch(es) landed

--- close-done  (an open accepted issue holds its boundary)
    nothing closable

--- author  (refill to the queue depth)
    timed out part-way - what it did before that stands: 

feed complete: push-work=ok land=ok close-done=ok author=timed out
the loop lock is held by heal (2 min) - standing down; it feeds too
the loop lock is held by heal (7 min) - standing down; it feeds too

--- push-work  (a branch nobody can see cannot be closed against)
    every branch with work is already on the remote

--- land  (put accepted work into the branch)
    timed out part-way - what it did before that stands: 2 accepted branches still outside the base

--- close-done  (an open accepted issue holds its boundary)
    nothing closable

--- author  (refill to the queue depth)
    timed out part-way - what it did before that stands: 

feed complete: push-work=ok land=timed out close-done=ok author=timed out
the loop lock is held by heal (2 min) - standing down; it feeds too
the loop lock is held by heal (7 min) - standing down; it feeds too

--- push-work  (a branch nobody can see cannot be closed against)
    every branch with work is already on the remote

--- land  (put accepted work into the branch)
    timed out part-way - what it did before that stands: 2 accepted branches still outside the base

--- close-done  (an open accepted issue holds its boundary)
    nothing closable

--- author  (refill to the queue depth)
    timed out part-way - what it did before that stands: 

feed complete: push-work=ok land=timed out close-done=ok author=timed out
the loop lock is held by heal (1 min) - standing down; it feeds too
the loop lock is held by heal (6 min) - standing down; it feeds too

--- push-work  (a branch nobody can see cannot be closed against)
    every branch with work is already on the remote

--- land  (put accepted work into the branch)
    timed out part-way - what it did before that stands: 1 accepted branches still outside the base

--- close-done  (an open accepted issue holds its boundary)
    nothing closable

--- author  (refill to the queue depth)
    timed out part-way - what it did before that stands: 

feed complete: push-work=ok land=timed out close-done=ok author=timed out

--- push-work  (a branch nobody can see cannot be closed against)
    every branch with work is already on the remote

--- land  (put accepted work into the branch)
    timed out part-way - what it did before that stands: 2 accepted branches still outside the base

--- close-done  (an open accepted issue holds its boundary)
    nothing closable

--- author  (refill to the queue depth)
    timed out part-way - what it did before that stands: 

feed complete: push-work=ok land=timed out close-done=ok author=timed out
the loop lock is held by heal (3 min) - standing down; it feeds too
the loop lock is held by heal (8 min) - standing down; it feeds too

--- push-work  (a branch nobody can see cannot be closed against)
    every branch with work is already on the remote

--- land  (put accepted work into the branch)
    0 accepted branch(es) landed

--- close-done  (an open accepted issue holds its boundary)
    nothing closable

--- author  (refill to the queue depth)
    filed 0

feed complete: push-work=ok land=ok close-done=ok author=ok

--- push-work  (a branch nobody can see cannot be closed against)
    every branch with work is already on the remote

--- land  (put accepted work into the branch)
    0 accepted branch(es) landed

--- close-done  (an open accepted issue holds its boundary)
    nothing closable

--- author  (refill to the queue depth)
    filed 0

feed complete: push-work=ok land=ok close-done=ok author=ok

--- push-work  (a branch nobody can see cannot be closed against)
    every branch with work is already on the remote

--- land  (put accepted work into the branch)
    0 accepted branch(es) landed

--- close-done  (an open accepted issue holds its boundary)
    nothing closable

--- author  (refill to the queue depth)
    filed 0

feed complete: push-work=ok land=ok close-done=ok author=ok

--- push-work  (a branch nobody can see cannot be closed against)
    every branch with work is already on the remote

--- land  (put accepted work into the branch)
    0 accepted branch(es) landed

--- close-done  (an open accepted issue holds its boundary)
    nothing closable

--- author  (refill to the queue depth)
    filed 0

feed complete: push-work=ok land=ok close-done=ok author=ok

--- push-work  (a branch nobody can see cannot be closed against)
    every branch with work is already on the remote

--- land  (put accepted work into the branch)
    0 accepted branch(es) landed

--- close-done  (an open accepted issue holds its boundary)
    nothing closable

--- author  (refill to the queue depth)
    filed 0

feed complete: push-work=ok land=ok close-done=ok author=ok

--- push-work  (a branch nobody can see cannot be closed against)
    every branch with work is already on the remote

--- land  (put accepted work into the branch)
    0 accepted branch(es) landed

--- close-done  (an open accepted issue holds its boundary)
    nothing closable

--- author  (refill to the queue depth)
    filed 0

feed complete: push-work=ok land=ok close-done=ok author=ok

--- push-work  (a branch nobody can see cannot be closed against)
    every branch with work is already on the remote

--- land  (put accepted work into the branch)
    0 accepted branch(es) landed

--- close-done  (an open accepted issue holds its boundary)
    nothing closable

--- author  (refill to the queue depth)
    filed 0

feed complete: push-work=ok land=ok close-done=ok author=ok

--- push-work  (a branch nobody can see cannot be closed against)
    every branch with work is already on the remote

--- land  (put accepted work into the branch)
    0 accepted branch(es) landed

--- close-done  (an open accepted issue holds its boundary)
    nothing closable

--- author  (refill to the queue depth)
    filed 0

feed complete: push-work=ok land=ok close-done=ok author=ok

--- push-work  (a branch nobody can see cannot be closed against)
    every branch with work is already on the remote

--- land  (put accepted work into the branch)
    0 accepted branch(es) landed

--- close-done  (an open accepted issue holds its boundary)
    nothing closable

--- author  (refill to the queue depth)
    filed 0

feed complete: push-work=ok land=ok close-done=ok author=ok

--- push-work  (a branch nobody can see cannot be closed against)
    every branch with work is already on the remote

--- land  (put accepted work into the branch)
    0 accepted branch(es) landed

--- close-done  (an open accepted issue holds its boundary)
    nothing closable

--- author  (refill to the queue depth)
    filed 0

feed complete: push-work=ok land=ok close-done=ok author=ok

--- push-work  (a branch nobody can see cannot be closed against)
    every branch with work is already on the remote

--- land  (put accepted work into the branch)
    0 accepted branch(es) landed

--- close-done  (an open accepted issue holds its boundary)
    nothing closable

--- author  (refill to the queue depth)
    filed 0

feed complete: push-work=ok land=ok close-done=ok author=ok

--- push-work  (a branch nobody can see cannot be closed against)
    every branch with work is already on the remote

--- land  (put accepted work into the branch)
    0 accepted branch(es) landed

--- close-done  (an open accepted issue holds its boundary)
    nothing closable

--- author  (refill to the queue depth)
    filed 0

feed complete: push-work=ok land=ok close-done=ok author=ok

--- push-work  (a branch nobody can see cannot be closed against)
    every branch with work is already on the remote

--- land  (put accepted work into the branch)
    0 accepted branch(es) landed

--- close-done  (an open accepted issue holds its boundary)
    nothing closable

--- author  (refill to the queue depth)
    filed 0

feed complete: push-work=ok land=ok close-done=ok author=ok

--- push-work  (a branch nobody can see cannot be closed against)
    every branch with work is already on the remote

--- land  (put accepted work into the branch)
    0 accepted branch(es) landed

--- close-done  (an open accepted issue holds its boundary)
    nothing closable

--- author  (refill to the queue depth)
    filed 0

feed complete: push-work=ok land=ok close-done=ok author=ok

--- push-work  (a branch nobody can see cannot be closed against)
    every branch with work is already on the remote

--- land  (put accepted work into the branch)
    0 accepted branch(es) landed

--- close-done  (an open accepted issue holds its boundary)
    nothing closable

--- author  (refill to the queue depth)
    filed 0

feed complete: push-work=ok land=ok close-done=ok author=ok

--- push-work  (a branch nobody can see cannot be closed against)
    every branch with work is already on the remote

--- land  (put accepted work into the branch)
    0 accepted branch(es) landed

--- close-done  (an open accepted issue holds its boundary)
    nothing closable

--- author  (refill to the queue depth)
    filed 0

feed complete: push-work=ok land=ok close-done=ok author=ok
the loop lock is held by heal (2 min) - standing down; it feeds too
the loop lock is held by heal (7 min) - standing down; it feeds too

--- push-work  (a branch nobody can see cannot be closed against)
    every branch with work is already on the remote

--- land  (put accepted work into the branch)
    0 accepted branch(es) landed

--- close-done  (an open accepted issue holds its boundary)
    nothing closable

--- author  (refill to the queue depth)
    timed out part-way - what it did before that stands: 

feed complete: push-work=ok land=ok close-done=ok author=timed out
the loop lock is held by heal (1 min) - standing down; it feeds too
the loop lock is held by heal (6 min) - standing down; it feeds too

--- push-work  (a branch nobody can see cannot be closed against)
    every branch with work is already on the remote

--- land  (put accepted work into the branch)
    timed out part-way - what it did before that stands: 2 accepted branches still outside the base

--- close-done  (an open accepted issue holds its boundary)
    nothing closable

--- author  (refill to the queue depth)
    timed out part-way - what it did before that stands: 

feed complete: push-work=ok land=timed out close-done=ok author=timed out
the loop lock is held by heal (1 min) - standing down; it feeds too
the loop lock is held by heal (6 min) - standing down; it feeds too

--- push-work  (a branch nobody can see cannot be closed against)
    every branch with work is already on the remote

--- land  (put accepted work into the branch)
    0 accepted branch(es) landed

--- close-done  (an open accepted issue holds its boundary)
    nothing closable

--- author  (refill to the queue depth)
    filed 0

feed complete: push-work=ok land=ok close-done=ok author=ok

--- push-work  (a branch nobody can see cannot be closed against)
    every branch with work is already on the remote

--- land  (put accepted work into the branch)
    0 accepted branch(es) landed

--- close-done  (an open accepted issue holds its boundary)
    nothing closable

--- author  (refill to the queue depth)
    filed 0

feed complete: push-work=ok land=ok close-done=ok author=ok
the loop lock is held by heal (4 min) - standing down; it feeds too

--- push-work  (a branch nobody can see cannot be closed against)
    every branch with work is already on the remote

--- land  (put accepted work into the branch)
    0 accepted branch(es) landed

--- close-done  (an open accepted issue holds its boundary)
    nothing closable

--- author  (refill to the queue depth)
    filed 0

feed complete: push-work=ok land=ok close-done=ok author=ok

--- push-work  (a branch nobody can see cannot be closed against)
    every branch with work is already on the remote

--- land  (put accepted work into the branch)
    0 accepted branch(es) landed

--- close-done  (an open accepted issue holds its boundary)
    nothing closable

--- author  (refill to the queue depth)
    filed 0

feed complete: push-work=ok land=ok close-done=ok author=ok
the loop lock is held by heal (3 min) - standing down; it feeds too
the loop lock is held by heal (8 min) - standing down; it feeds too

--- push-work  (a branch nobody can see cannot be closed against)
    every branch with work is already on the remote

--- land  (put accepted work into the branch)
    0 accepted branch(es) landed

--- close-done  (an open accepted issue holds its boundary)
    nothing closable

--- author  (refill to the queue depth)
    filed 0

feed complete: push-work=ok land=ok close-done=ok author=ok

--- push-work  (a branch nobody can see cannot be closed against)
    every branch with work is already on the remote

--- land  (put accepted work into the branch)
    0 accepted branch(es) landed

--- close-done  (an open accepted issue holds its boundary)
    nothing closable

--- author  (refill to the queue depth)
    filed 0

feed complete: push-work=ok land=ok close-done=ok author=ok

--- push-work  (a branch nobody can see cannot be closed against)
    every branch with work is already on the remote

--- land  (put accepted work into the branch)
    0 accepted branch(es) landed

--- close-done  (an open accepted issue holds its boundary)
    nothing closable

--- author  (refill to the queue depth)
    filed 0

feed complete: push-work=ok land=ok close-done=ok author=ok
the loop lock is held by heal (4 min) - standing down; it feeds too

--- push-work  (a branch nobody can see cannot be closed against)
    every branch with work is already on the remote

--- land  (put accepted work into the branch)
    0 accepted branch(es) landed

--- close-done  (an open accepted issue holds its boundary)
    nothing closable

--- author  (refill to the queue depth)
    filed 0

feed complete: push-work=ok land=ok close-done=ok author=ok

--- push-work  (a branch nobody can see cannot be closed against)
    every branch with work is already on the remote

--- land  (put accepted work into the branch)
    0 accepted branch(es) landed

--- close-done  (an open accepted issue holds its boundary)
    nothing closable

--- author  (refill to the queue depth)
    filed 0

feed complete: push-work=ok land=ok close-done=ok author=ok
the loop lock is held by heal (1 min) - standing down; it feeds too
the loop lock is held by heal (6 min) - standing down; it feeds too

--- push-work  (a branch nobody can see cannot be closed against)
    every branch with work is already on the remote

--- land  (put accepted work into the branch)
    0 accepted branch(es) landed

--- close-done  (an open accepted issue holds its boundary)
    nothing closable

--- author  (refill to the queue depth)
    filed 0

feed complete: push-work=ok land=ok close-done=ok author=ok

--- push-work  (a branch nobody can see cannot be closed against)
    every branch with work is already on the remote

--- land  (put accepted work into the branch)
    0 accepted branch(es) landed

--- close-done  (an open accepted issue holds its boundary)
    nothing closable

--- author  (refill to the queue depth)
    filed 0

feed complete: push-work=ok land=ok close-done=ok author=ok
the loop lock is held by heal (4 min) - standing down; it feeds too

--- push-work  (a branch nobody can see cannot be closed against)
    every branch with work is already on the remote

--- land  (put accepted work into the branch)
    0 accepted branch(es) landed

--- close-done  (an open accepted issue holds its boundary)
    nothing closable

--- author  (refill to the queue depth)
    filed 0

feed complete: push-work=ok land=ok close-done=ok author=ok

--- push-work  (a branch nobody can see cannot be closed against)
    every branch with work is already on the remote

--- land  (put accepted work into the branch)
    0 accepted branch(es) landed

--- close-done  (an open accepted issue holds its boundary)
    nothing closable

--- author  (refill to the queue depth)
    filed 0

feed complete: push-work=ok land=ok close-done=ok author=ok
the loop lock is held by heal (2 min) - standing down; it feeds too
the loop lock is held by heal (7 min) - standing down; it feeds too

--- push-work  (a branch nobody can see cannot be closed against)
    every branch with work is already on the remote

--- land  (put accepted work into the branch)
    0 accepted branch(es) landed

--- close-done  (an open accepted issue holds its boundary)
    nothing closable

--- author  (refill to the queue depth)
    filed 0

feed complete: push-work=ok land=ok close-done=ok author=ok

--- push-work  (a branch nobody can see cannot be closed against)
    every branch with work is already on the remote

--- land  (put accepted work into the branch)
    0 accepted branch(es) landed

--- close-done  (an open accepted issue holds its boundary)
    nothing closable

--- author  (refill to the queue depth)
    filed 0

feed complete: push-work=ok land=ok close-done=ok author=ok
the loop lock is held by heal (5 min) - standing down; it feeds too

--- push-work  (a branch nobody can see cannot be closed against)
    every branch with work is already on the remote

--- land  (put accepted work into the branch)
    0 accepted branch(es) landed

--- close-done  (an open accepted issue holds its boundary)
    nothing closable

--- author  (refill to the queue depth)
    filed 0

feed complete: push-work=ok land=ok close-done=ok author=ok

--- push-work  (a branch nobody can see cannot be closed against)
    every branch with work is already on the remote

--- land  (put accepted work into the branch)
    0 accepted branch(es) landed

--- close-done  (an open accepted issue holds its boundary)
    nothing closable

--- author  (refill to the queue depth)
    filed 0

feed complete: push-work=ok land=ok close-done=ok author=ok
the loop lock is held by heal (2 min) - standing down; it feeds too
the loop lock is held by heal (7 min) - standing down; it feeds too

--- push-work  (a branch nobody can see cannot be closed against)
    every branch with work is already on the remote

--- land  (put accepted work into the branch)
    0 accepted branch(es) landed

--- close-done  (an open accepted issue holds its boundary)
    nothing closable

--- author  (refill to the queue depth)
    filed 0

feed complete: push-work=ok land=ok close-done=ok author=ok

--- push-work  (a branch nobody can see cannot be closed against)
    every branch with work is already on the remote

--- land  (put accepted work into the branch)
    0 accepted branch(es) landed

--- close-done  (an open accepted issue holds its boundary)
    nothing closable

--- author  (refill to the queue depth)
    filed 0

feed complete: push-work=ok land=ok close-done=ok author=ok

--- push-work  (a branch nobody can see cannot be closed against)
    every branch with work is already on the remote

--- land  (put accepted work into the branch)
    0 accepted branch(es) landed

--- close-done  (an open accepted issue holds its boundary)
    nothing closable

--- author  (refill to the queue depth)
    filed 0

feed complete: push-work=ok land=ok close-done=ok author=ok
the loop lock is held by heal (3 min) - standing down; it feeds too
the loop lock is held by heal (8 min) - standing down; it feeds too

--- push-work  (a branch nobody can see cannot be closed against)
    every branch with work is already on the remote

--- land  (put accepted work into the branch)
    0 accepted branch(es) landed

--- close-done  (an open accepted issue holds its boundary)
    nothing closable

--- author  (refill to the queue depth)
    filed 0

feed complete: push-work=ok land=ok close-done=ok author=ok

--- push-work  (a branch nobody can see cannot be closed against)
    every branch with work is already on the remote

--- land  (put accepted work into the branch)
    0 accepted branch(es) landed

--- close-done  (an open accepted issue holds its boundary)
    nothing closable

--- author  (refill to the queue depth)
    filed 0

feed complete: push-work=ok land=ok close-done=ok author=ok

--- push-work  (a branch nobody can see cannot be closed against)
    every branch with work is already on the remote

--- land  (put accepted work into the branch)
    0 accepted branch(es) landed

--- close-done  (an open accepted issue holds its boundary)
    nothing closable

--- author  (refill to the queue depth)
    filed 0

feed complete: push-work=ok land=ok close-done=ok author=ok
the loop lock is held by heal (3 min) - standing down; it feeds too

--- push-work  (a branch nobody can see cannot be closed against)
    every branch with work is already on the remote

--- land  (put accepted work into the branch)
    0 accepted branch(es) landed

--- close-done  (an open accepted issue holds its boundary)
    nothing closable

--- author  (refill to the queue depth)
    filed 0

feed complete: push-work=ok land=ok close-done=ok author=ok

--- push-work  (a branch nobody can see cannot be closed against)
    every branch with work is already on the remote

--- land  (put accepted work into the branch)
    0 accepted branch(es) landed

--- close-done  (an open accepted issue holds its boundary)
    nothing closable

--- author  (refill to the queue depth)
    filed 0

feed complete: push-work=ok land=ok close-done=ok author=ok

--- push-work  (a branch nobody can see cannot be closed against)
    every branch with work is already on the remote

--- land  (put accepted work into the branch)
    0 accepted branch(es) landed

--- close-done  (an open accepted issue holds its boundary)
    nothing closable

--- author  (refill to the queue depth)
    filed 0

feed complete: push-work=ok land=ok close-done=ok author=ok

--- push-work  (a branch nobody can see cannot be closed against)
    every branch with work is already on the remote

--- land  (put accepted work into the branch)
    0 accepted branch(es) landed

--- close-done  (an open accepted issue holds its boundary)
    nothing closable

--- author  (refill to the queue depth)
    filed 0

feed complete: push-work=ok land=ok close-done=ok author=ok

--- push-work  (a branch nobody can see cannot be closed against)
    every branch with work is already on the remote

--- land  (put accepted work into the branch)
    0 accepted branch(es) landed

--- close-done  (an open accepted issue holds its boundary)
    nothing closable

--- author  (refill to the queue depth)
    filed 0

feed complete: push-work=ok land=ok close-done=ok author=ok
the loop lock is held by heal (4 min) - standing down; it feeds too

--- push-work  (a branch nobody can see cannot be closed against)
    every branch with work is already on the remote

--- land  (put accepted work into the branch)
    0 accepted branch(es) landed

--- close-done  (an open accepted issue holds its boundary)
    nothing closable

--- author  (refill to the queue depth)
    filed 0

feed complete: push-work=ok land=ok close-done=ok author=ok

--- push-work  (a branch nobody can see cannot be closed against)
    every branch with work is already on the remote

--- land  (put accepted work into the branch)
    0 accepted branch(es) landed

--- close-done  (an open accepted issue holds its boundary)
    nothing closable

--- author  (refill to the queue depth)
    filed 0

feed complete: push-work=ok land=ok close-done=ok author=ok
the loop lock is held by heal (1 min) - standing down; it feeds too
the loop lock is held by heal (6 min) - standing down; it feeds too

--- push-work  (a branch nobody can see cannot be closed against)
    every branch with work is already on the remote

--- land  (put accepted work into the branch)
    0 accepted branch(es) landed

--- close-done  (an open accepted issue holds its boundary)
    nothing closable

--- author  (refill to the queue depth)
    filed 0

feed complete: push-work=ok land=ok close-done=ok author=ok

--- push-work  (a branch nobody can see cannot be closed against)
    every branch with work is already on the remote

--- land  (put accepted work into the branch)
    0 accepted branch(es) landed

--- close-done  (an open accepted issue holds its boundary)
    nothing closable

--- author  (refill to the queue depth)
    filed 0

feed complete: push-work=ok land=ok close-done=ok author=ok

--- push-work  (a branch nobody can see cannot be closed against)
    every branch with work is already on the remote

--- land  (put accepted work into the branch)
    0 accepted branch(es) landed

--- close-done  (an open accepted issue holds its boundary)
    nothing closable

--- author  (refill to the queue depth)
    filed 0

feed complete: push-work=ok land=ok close-done=ok author=ok
the loop lock is held by heal (2 min) - standing down; it feeds too
the loop lock is held by heal (7 min) - standing down; it feeds too

--- push-work  (a branch nobody can see cannot be closed against)
    every branch with work is already on the remote

--- land  (put accepted work into the branch)
    0 accepted branch(es) landed

--- close-done  (an open accepted issue holds its boundary)
    nothing closable

--- author  (refill to the queue depth)
    filed 0

feed complete: push-work=ok land=ok close-done=ok author=ok

--- push-work  (a branch nobody can see cannot be closed against)
    every branch with work is already on the remote

--- land  (put accepted work into the branch)
    0 accepted branch(es) landed

--- close-done  (an open accepted issue holds its boundary)
    nothing closable

--- author  (refill to the queue depth)
    filed 0

feed complete: push-work=ok land=ok close-done=ok author=ok
the loop lock is held by heal (5 min) - standing down; it feeds too

--- push-work  (a branch nobody can see cannot be closed against)
    every branch with work is already on the remote

--- land  (put accepted work into the branch)
    0 accepted branch(es) landed

--- close-done  (an open accepted issue holds its boundary)
    nothing closable

--- author  (refill to the queue depth)
    filed 0

feed complete: push-work=ok land=ok close-done=ok author=ok

--- push-work  (a branch nobody can see cannot be closed against)
    every branch with work is already on the remote

--- land  (put accepted work into the branch)
    0 accepted branch(es) landed

--- close-done  (an open accepted issue holds its boundary)
    nothing closable

--- author  (refill to the queue depth)
    filed 0

feed complete: push-work=ok land=ok close-done=ok author=ok
the loop lock is held by heal (2 min) - standing down; it feeds too
the loop lock is held by heal (7 min) - standing down; it feeds too

--- push-work  (a branch nobody can see cannot be closed against)
    every branch with work is already on the remote

--- land  (put accepted work into the branch)
    0 accepted branch(es) landed

--- close-done  (an open accepted issue holds its boundary)
    nothing closable

--- author  (refill to the queue depth)
    filed 0

feed complete: push-work=ok land=ok close-done=ok author=ok

--- push-work  (a branch nobody can see cannot be closed against)
    every branch with work is already on the remote

--- land  (put accepted work into the branch)
    0 accepted branch(es) landed

--- close-done  (an open accepted issue holds its boundary)
    nothing closable

--- author  (refill to the queue depth)
    filed 0

feed complete: push-work=ok land=ok close-done=ok author=ok

--- push-work  (a branch nobody can see cannot be closed against)
    every branch with work is already on the remote

--- land  (put accepted work into the branch)
    0 accepted branch(es) landed

--- close-done  (an open accepted issue holds its boundary)
    nothing closable

--- author  (refill to the queue depth)
    filed 0

feed complete: push-work=ok land=ok close-done=ok author=ok
the loop lock is held by heal (4 min) - standing down; it feeds too

--- push-work  (a branch nobody can see cannot be closed against)
    every branch with work is already on the remote

--- land  (put accepted work into the branch)
    0 accepted branch(es) landed

--- close-done  (an open accepted issue holds its boundary)
    nothing closable

--- author  (refill to the queue depth)
    filed 0

feed complete: push-work=ok land=ok close-done=ok author=ok

--- push-work  (a branch nobody can see cannot be closed against)
    every branch with work is already on the remote

--- land  (put accepted work into the branch)
    0 accepted branch(es) landed

--- close-done  (an open accepted issue holds its boundary)
    nothing closable

--- author  (refill to the queue depth)
    filed 0

feed complete: push-work=ok land=ok close-done=ok author=ok
the loop lock is held by heal (2 min) - standing down; it feeds too
the loop lock is held by heal (7 min) - standing down; it feeds too

--- push-work  (a branch nobody can see cannot be closed against)
    every branch with work is already on the remote

--- land  (put accepted work into the branch)
    0 accepted branch(es) landed

--- close-done  (an open accepted issue holds its boundary)
    nothing closable

--- author  (refill to the queue depth)
    filed 0

feed complete: push-work=ok land=ok close-done=ok author=ok

--- push-work  (a branch nobody can see cannot be closed against)
    every branch with work is already on the remote

--- land  (put accepted work into the branch)
    0 accepted branch(es) landed

--- close-done  (an open accepted issue holds its boundary)
    nothing closable

--- author  (refill to the queue depth)
    filed 0

feed complete: push-work=ok land=ok close-done=ok author=ok
the loop lock is held by heal (4 min) - standing down; it feeds too

--- push-work  (a branch nobody can see cannot be closed against)
    every branch with work is already on the remote

--- land  (put accepted work into the branch)
    0 accepted branch(es) landed

--- close-done  (an open accepted issue holds its boundary)
    nothing closable

--- author  (refill to the queue depth)
    filed 0

feed complete: push-work=ok land=ok close-done=ok author=ok

--- push-work  (a branch nobody can see cannot be closed against)
    every branch with work is already on the remote

--- land  (put accepted work into the branch)
    0 accepted branch(es) landed

--- close-done  (an open accepted issue holds its boundary)
    nothing closable

--- author  (refill to the queue depth)
    filed 0

feed complete: push-work=ok land=ok close-done=ok author=ok
the loop lock is held by heal (2 min) - standing down; it feeds too
the loop lock is held by heal (7 min) - standing down; it feeds too

--- push-work  (a branch nobody can see cannot be closed against)
    every branch with work is already on the remote

--- land  (put accepted work into the branch)
    0 accepted branch(es) landed

--- close-done  (an open accepted issue holds its boundary)
    nothing closable

--- author  (refill to the queue depth)
    filed 0

feed complete: push-work=ok land=ok close-done=ok author=ok

--- push-work  (a branch nobody can see cannot be closed against)
    every branch with work is already on the remote

--- land  (put accepted work into the branch)
    0 accepted branch(es) landed

--- close-done  (an open accepted issue holds its boundary)
    nothing closable

--- author  (refill to the queue depth)
    filed 0

feed complete: push-work=ok land=ok close-done=ok author=ok
the loop lock is held by heal (5 min) - standing down; it feeds too

--- push-work  (a branch nobody can see cannot be closed against)
    every branch with work is already on the remote

--- land  (put accepted work into the branch)
    0 accepted branch(es) landed

--- close-done  (an open accepted issue holds its boundary)
    nothing closable

--- author  (refill to the queue depth)
    filed 0

feed complete: push-work=ok land=ok close-done=ok author=ok

--- push-work  (a branch nobody can see cannot be closed against)
    every branch with work is already on the remote

--- land  (put accepted work into the branch)
    0 accepted branch(es) landed

--- close-done  (an open accepted issue holds its boundary)
    nothing closable

--- author  (refill to the queue depth)
    filed 0

feed complete: push-work=ok land=ok close-done=ok author=ok
the loop lock is held by heal (2 min) - standing down; it feeds too
the loop lock is held by heal (7 min) - standing down; it feeds too

--- push-work  (a branch nobody can see cannot be closed against)
    every branch with work is already on the remote

--- land  (put accepted work into the branch)
    0 accepted branch(es) landed

--- close-done  (an open accepted issue holds its boundary)
    nothing closable

--- author  (refill to the queue depth)
    filed 0

feed complete: push-work=ok land=ok close-done=ok author=ok

--- push-work  (a branch nobody can see cannot be closed against)
    every branch with work is already on the remote

--- land  (put accepted work into the branch)
    0 accepted branch(es) landed

--- close-done  (an open accepted issue holds its boundary)
    nothing closable

--- author  (refill to the queue depth)
    filed 0

feed complete: push-work=ok land=ok close-done=ok author=ok
the loop lock is held by heal (5 min) - standing down; it feeds too

--- push-work  (a branch nobody can see cannot be closed against)
    every branch with work is already on the remote

--- land  (put accepted work into the branch)
    0 accepted branch(es) landed

--- close-done  (an open accepted issue holds its boundary)
    nothing closable

--- author  (refill to the queue depth)
    filed 0

feed complete: push-work=ok land=ok close-done=ok author=ok

--- push-work  (a branch nobody can see cannot be closed against)
    every branch with work is already on the remote

--- land  (put accepted work into the branch)
    0 accepted branch(es) landed

--- close-done  (an open accepted issue holds its boundary)
    nothing closable

--- author  (refill to the queue depth)
    filed 0

feed complete: push-work=ok land=ok close-done=ok author=ok
the loop lock is held by heal (7 min) - standing down; it feeds too

--- push-work  (a branch nobody can see cannot be closed against)
    every branch with work is already on the remote

--- land  (put accepted work into the branch)
    0 accepted branch(es) landed

--- close-done  (an open accepted issue holds its boundary)
    nothing closable

--- author  (refill to the queue depth)
    filed 0

feed complete: push-work=ok land=ok close-done=ok author=ok

--- push-work  (a branch nobody can see cannot be closed against)
    every branch with work is already on the remote

--- land  (put accepted work into the branch)
    0 accepted branch(es) landed

--- close-done  (an open accepted issue holds its boundary)
    nothing closable

--- author  (refill to the queue depth)
    filed 0

feed complete: push-work=ok land=ok close-done=ok author=ok

--- push-work  (a branch nobody can see cannot be closed against)
    every branch with work is already on the remote

--- land  (put accepted work into the branch)
    0 accepted branch(es) landed

--- close-done  (an open accepted issue holds its boundary)
    nothing closable

--- author  (refill to the queue depth)
    filed 0

feed complete: push-work=ok land=ok close-done=ok author=ok
the loop lock is held by heal (4 min) - standing down; it feeds too

--- push-work  (a branch nobody can see cannot be closed against)
    every branch with work is already on the remote

--- land  (put accepted work into the branch)
    0 accepted branch(es) landed

--- close-done  (an open accepted issue holds its boundary)
    timed out part-way - what it did before that stands: .. #1090  EPIC - closing a parent would hide unfinished children

--- author  (refill to the queue depth)
    SKIPPED - past the 8 minute deadline

feed complete: push-work=ok land=ok close-done=timed out author=skipped

--- push-work  (a branch nobody can see cannot be closed against)
    every branch with work is already on the remote

--- land  (put accepted work into the branch)
    0 accepted branch(es) landed

--- close-done  (an open accepted issue holds its boundary)
    nothing closable

--- author  (refill to the queue depth)
    filed 0

feed complete: push-work=ok land=ok close-done=ok author=ok
the loop lock is held by heal (5 min) - standing down; it feeds too

--- push-work  (a branch nobody can see cannot be closed against)
    every branch with work is already on the remote

--- land  (put accepted work into the branch)
    0 accepted branch(es) landed

--- close-done  (an open accepted issue holds its boundary)
    nothing closable

--- author  (refill to the queue depth)
    timed out part-way - what it did before that stands:    .. untested    120  trios/agent-server/apps/agent/entrypoints/sidepanel/history/compone

feed complete: push-work=ok land=ok close-done=ok author=timed out

--- push-work  (a branch nobody can see cannot be closed against)
    every branch with work is already on the remote

--- land  (put accepted work into the branch)
    timed out part-way - what it did before that stands: 2 accepted branches still outside the base

--- close-done  (an open accepted issue holds its boundary)
    nothing closable

--- author  (refill to the queue depth)
    timed out part-way - what it did before that stands: 

feed complete: push-work=ok land=timed out close-done=ok author=timed out
the loop lock is held by heal (3 min) - standing down; it feeds too
the loop lock is held by heal (8 min) - standing down; it feeds too

--- push-work  (a branch nobody can see cannot be closed against)
    every branch with work is already on the remote

--- land  (put accepted work into the branch)
    timed out part-way - what it did before that stands: 2 accepted branches still outside the base

--- close-done  (an open accepted issue holds its boundary)
    nothing closable

--- author  (refill to the queue depth)
    timed out part-way - what it did before that stands: 

feed complete: push-work=ok land=timed out close-done=ok author=timed out
the loop lock is held by heal (1 min) - standing down; it feeds too
the loop lock is held by heal (6 min) - standing down; it feeds too

--- push-work  (a branch nobody can see cannot be closed against)
    every branch with work is already on the remote

--- land  (put accepted work into the branch)
    timed out part-way - what it did before that stands: 2 accepted branches still outside the base

--- close-done  (an open accepted issue holds its boundary)
    nothing closable

--- author  (refill to the queue depth)
    timed out part-way - what it did before that stands: 

feed complete: push-work=ok land=timed out close-done=ok author=timed out

--- push-work  (a branch nobody can see cannot be closed against)
    every branch with work is already on the remote

--- land  (put accepted work into the branch)
    timed out part-way - what it did before that stands: 

--- close-done  (an open accepted issue holds its boundary)
    nothing closable

--- author  (refill to the queue depth)
    timed out part-way - what it did before that stands: 

feed complete: push-work=ok land=timed out close-done=ok author=timed out

--- push-work  (a branch nobody can see cannot be closed against)
    every branch with work is already on the remote

--- land  (put accepted work into the branch)
    timed out part-way - what it did before that stands: 2 accepted branches still outside the base

--- close-done  (an open accepted issue holds its boundary)
    nothing closable

--- author  (refill to the queue depth)
    timed out part-way - what it did before that stands: 

feed complete: push-work=ok land=timed out close-done=ok author=timed out
the loop lock is held by heal (2 min) - standing down; it feeds too
the loop lock is held by heal (7 min) - standing down; it feeds too

--- push-work  (a branch nobody can see cannot be closed against)
    every branch with work is already on the remote

--- land  (put accepted work into the branch)
    timed out part-way - what it did before that stands: 2 accepted branches still outside the base

--- close-done  (an open accepted issue holds its boundary)
    nothing closable

--- author  (refill to the queue depth)
    timed out part-way - what it did before that stands: 

feed complete: push-work=ok land=timed out close-done=ok author=timed out
the loop lock is held by heal (2 min) - standing down; it feeds too
the loop lock is held by heal (7 min) - standing down; it feeds too

--- push-work  (a branch nobody can see cannot be closed against)
    every branch with work is already on the remote

--- land  (put accepted work into the branch)
    timed out part-way - what it did before that stands: 2 accepted branches still outside the base

--- close-done  (an open accepted issue holds its boundary)
    nothing closable

--- author  (refill to the queue depth)
    timed out part-way - what it did before that stands: 

feed complete: push-work=ok land=timed out close-done=ok author=timed out
the loop lock is held by heal (2 min) - standing down; it feeds too
the loop lock is held by heal (7 min) - standing down; it feeds too

--- push-work  (a branch nobody can see cannot be closed against)
    every branch with work is already on the remote

--- land  (put accepted work into the branch)
    timed out part-way - what it did before that stands: 2 accepted branches still outside the base

--- close-done  (an open accepted issue holds its boundary)
    nothing closable

--- author  (refill to the queue depth)
    timed out part-way - what it did before that stands: 

feed complete: push-work=ok land=timed out close-done=ok author=timed out
the loop lock is held by heal (1 min) - standing down; it feeds too
the loop lock is held by heal (6 min) - standing down; it feeds too

--- push-work  (a branch nobody can see cannot be closed against)
    every branch with work is already on the remote

--- land  (put accepted work into the branch)
    0 accepted branch(es) landed

--- close-done  (an open accepted issue holds its boundary)
    nothing closable

--- author  (refill to the queue depth)
    filed 0

feed complete: push-work=ok land=ok close-done=ok author=ok

--- push-work  (a branch nobody can see cannot be closed against)
    every branch with work is already on the remote

--- land  (put accepted work into the branch)
    0 accepted branch(es) landed

--- close-done  (an open accepted issue holds its boundary)
    nothing closable

--- author  (refill to the queue depth)
    filed 0

feed complete: push-work=ok land=ok close-done=ok author=ok

--- push-work  (a branch nobody can see cannot be closed against)
    every branch with work is already on the remote

--- land  (put accepted work into the branch)
    0 accepted branch(es) landed

--- close-done  (an open accepted issue holds its boundary)
    nothing closable

--- author  (refill to the queue depth)
    filed 0

feed complete: push-work=ok land=ok close-done=ok author=ok
the loop lock is held by heal (4 min) - standing down; it feeds too

--- push-work  (a branch nobody can see cannot be closed against)
    every branch with work is already on the remote

--- land  (put accepted work into the branch)
    0 accepted branch(es) landed

--- close-done  (an open accepted issue holds its boundary)
    nothing closable

--- author  (refill to the queue depth)
    filed 0

feed complete: push-work=ok land=ok close-done=ok author=ok

--- push-work  (a branch nobody can see cannot be closed against)
    every branch with work is already on the remote

--- land  (put accepted work into the branch)
    0 accepted branch(es) landed

--- close-done  (an open accepted issue holds its boundary)
    nothing closable

--- author  (refill to the queue depth)
    filed 0

feed complete: push-work=ok land=ok close-done=ok author=ok
the loop lock is held by heal (1 min) - standing down; it feeds too
the loop lock is held by heal (6 min) - standing down; it feeds too

--- push-work  (a branch nobody can see cannot be closed against)
    every branch with work is already on the remote

--- land  (put accepted work into the branch)
    0 accepted branch(es) landed

--- close-done  (an open accepted issue holds its boundary)
    nothing closable

--- author  (refill to the queue depth)
    filed 0

feed complete: push-work=ok land=ok close-done=ok author=ok

--- push-work  (a branch nobody can see cannot be closed against)
    every branch with work is already on the remote

--- land  (put accepted work into the branch)
    0 accepted branch(es) landed

--- close-done  (an open accepted issue holds its boundary)
    nothing closable

--- author  (refill to the queue depth)
    filed 0

feed complete: push-work=ok land=ok close-done=ok author=ok
the loop lock is held by heal (4 min) - standing down; it feeds too

--- push-work  (a branch nobody can see cannot be closed against)
    every branch with work is already on the remote

--- land  (put accepted work into the branch)
    0 accepted branch(es) landed

--- close-done  (an open accepted issue holds its boundary)
    nothing closable

--- author  (refill to the queue depth)
    filed 0

feed complete: push-work=ok land=ok close-done=ok author=ok

--- push-work  (a branch nobody can see cannot be closed against)
    every branch with work is already on the remote

--- land  (put accepted work into the branch)
    0 accepted branch(es) landed

--- close-done  (an open accepted issue holds its boundary)
    nothing closable

--- author  (refill to the queue depth)
    filed 0

feed complete: push-work=ok land=ok close-done=ok author=ok
the loop lock is held by heal (1 min) - standing down; it feeds too
the loop lock is held by heal (6 min) - standing down; it feeds too

--- push-work  (a branch nobody can see cannot be closed against)
    every branch with work is already on the remote

--- land  (put accepted work into the branch)
    0 accepted branch(es) landed

--- close-done  (an open accepted issue holds its boundary)
    nothing closable

--- author  (refill to the queue depth)
    filed 0

feed complete: push-work=ok land=ok close-done=ok author=ok

--- push-work  (a branch nobody can see cannot be closed against)
    every branch with work is already on the remote

--- land  (put accepted work into the branch)
    0 accepted branch(es) landed

--- close-done  (an open accepted issue holds its boundary)
    nothing closable

--- author  (refill to the queue depth)
    filed 0

feed complete: push-work=ok land=ok close-done=ok author=ok
the loop lock is held by heal (3 min) - standing down; it feeds too
the loop lock is held by heal (8 min) - standing down; it feeds too

--- push-work  (a branch nobody can see cannot be closed against)
    every branch with work is already on the remote

--- land  (put accepted work into the branch)
    0 accepted branch(es) landed

--- close-done  (an open accepted issue holds its boundary)
    nothing closable

--- author  (refill to the queue depth)
    filed 0

feed complete: push-work=ok land=ok close-done=ok author=ok

--- push-work  (a branch nobody can see cannot be closed against)
    every branch with work is already on the remote

--- land  (put accepted work into the branch)
    0 accepted branch(es) landed

--- close-done  (an open accepted issue holds its boundary)
    nothing closable

--- author  (refill to the queue depth)
    filed 0

feed complete: push-work=ok land=ok close-done=ok author=ok
the loop lock is held by heal (4 min) - standing down; it feeds too

--- push-work  (a branch nobody can see cannot be closed against)
    every branch with work is already on the remote

--- land  (put accepted work into the branch)
    0 accepted branch(es) landed

--- close-done  (an open accepted issue holds its boundary)
    nothing closable

--- author  (refill to the queue depth)
    filed 0

feed complete: push-work=ok land=ok close-done=ok author=ok

--- push-work  (a branch nobody can see cannot be closed against)
    every branch with work is already on the remote

--- land  (put accepted work into the branch)
    0 accepted branch(es) landed

--- close-done  (an open accepted issue holds its boundary)
    nothing closable

--- author  (refill to the queue depth)
    filed 0

feed complete: push-work=ok land=ok close-done=ok author=ok
the loop lock is held by heal (1 min) - standing down; it feeds too
the loop lock is held by heal (6 min) - standing down; it feeds too

--- push-work  (a branch nobody can see cannot be closed against)
    every branch with work is already on the remote

--- land  (put accepted work into the branch)
    0 accepted branch(es) landed

--- close-done  (an open accepted issue holds its boundary)
    nothing closable

--- author  (refill to the queue depth)
    filed 0

feed complete: push-work=ok land=ok close-done=ok author=ok

--- push-work  (a branch nobody can see cannot be closed against)
    every branch with work is already on the remote

--- land  (put accepted work into the branch)
    0 accepted branch(es) landed

--- close-done  (an open accepted issue holds its boundary)
    nothing closable

--- author  (refill to the queue depth)
    filed 0

feed complete: push-work=ok land=ok close-done=ok author=ok
the loop lock is held by heal (3 min) - standing down; it feeds too

--- push-work  (a branch nobody can see cannot be closed against)
    every branch with work is already on the remote

--- land  (put accepted work into the branch)
    0 accepted branch(es) landed

--- close-done  (an open accepted issue holds its boundary)
    nothing closable

--- author  (refill to the queue depth)
    filed 0

feed complete: push-work=ok land=ok close-done=ok author=ok

--- push-work  (a branch nobody can see cannot be closed against)
    every branch with work is already on the remote

--- land  (put accepted work into the branch)
    0 accepted branch(es) landed

--- close-done  (an open accepted issue holds its boundary)
    nothing closable

--- author  (refill to the queue depth)
    FAILED
signals: length=11/830 seen  untested=137/830 seen  ascii=56/939 seen
queue depth target 9 - counted on UNSTARTED issues, not open ones
could not measure the queen-authored queue - refusing to file, because a failed count would read as zero and lift the limit


feed complete: push-work=ok land=ok close-done=ok author=FAILED
the loop lock is held by heal (1 min) - standing down; it feeds too
the loop lock is held by heal (6 min) - standing down; it feeds too

--- push-work  (a branch nobody can see cannot be closed against)
    every branch with work is already on the remote

--- land  (put accepted work into the branch)
    0 accepted branch(es) landed

--- close-done  (an open accepted issue holds its boundary)
    nothing closable

--- author  (refill to the queue depth)
    filed 0

feed complete: push-work=ok land=ok close-done=ok author=ok

--- push-work  (a branch nobody can see cannot be closed against)
    every branch with work is already on the remote

--- land  (put accepted work into the branch)
    0 accepted branch(es) landed

--- close-done  (an open accepted issue holds its boundary)
    nothing closable

--- author  (refill to the queue depth)
    filed 0

feed complete: push-work=ok land=ok close-done=ok author=ok
the loop lock is held by heal (3 min) - standing down; it feeds too

--- push-work  (a branch nobody can see cannot be closed against)
    every branch with work is already on the remote

--- land  (put accepted work into the branch)
    0 accepted branch(es) landed

--- close-done  (an open accepted issue holds its boundary)
    nothing closable

--- author  (refill to the queue depth)
    filed 0

feed complete: push-work=ok land=ok close-done=ok author=ok

--- push-work  (a branch nobody can see cannot be closed against)
    every branch with work is already on the remote

--- land  (put accepted work into the branch)
    0 accepted branch(es) landed

--- close-done  (an open accepted issue holds its boundary)
    nothing closable

--- author  (refill to the queue depth)
    filed 0

feed complete: push-work=ok land=ok close-done=ok author=ok
the loop lock is held by heal (0 min) - standing down; it feeds too
the loop lock is held by heal (5 min) - standing down; it feeds too

--- push-work  (a branch nobody can see cannot be closed against)
    every branch with work is already on the remote

--- land  (put accepted work into the branch)
    0 accepted branch(es) landed

--- close-done  (an open accepted issue holds its boundary)
    nothing closable

--- author  (refill to the queue depth)
    filed 0

feed complete: push-work=ok land=ok close-done=ok author=ok

--- push-work  (a branch nobody can see cannot be closed against)
    every branch with work is already on the remote

--- land  (put accepted work into the branch)
    0 accepted branch(es) landed

--- close-done  (an open accepted issue holds its boundary)
    nothing closable

--- author  (refill to the queue depth)
    filed 0

feed complete: push-work=ok land=ok close-done=ok author=ok
the loop lock is held by heal (2 min) - standing down; it feeds too
the loop lock is held by heal (7 min) - standing down; it feeds too

--- push-work  (a branch nobody can see cannot be closed against)
    every branch with work is already on the remote

--- land  (put accepted work into the branch)
    0 accepted branch(es) landed

--- close-done  (an open accepted issue holds its boundary)
    nothing closable

--- author  (refill to the queue depth)
    filed 0

feed complete: push-work=ok land=ok close-done=ok author=ok

--- push-work  (a branch nobody can see cannot be closed against)
    every branch with work is already on the remote

--- land  (put accepted work into the branch)
    0 accepted branch(es) landed

--- close-done  (an open accepted issue holds its boundary)
    nothing closable

--- author  (refill to the queue depth)
    filed 0

feed complete: push-work=ok land=ok close-done=ok author=ok
the loop lock is held by heal (4 min) - standing down; it feeds too

--- push-work  (a branch nobody can see cannot be closed against)
    every branch with work is already on the remote

--- land  (put accepted work into the branch)
    0 accepted branch(es) landed

--- close-done  (an open accepted issue holds its boundary)
    nothing closable

--- author  (refill to the queue depth)
    filed 0

feed complete: push-work=ok land=ok close-done=ok author=ok

--- push-work  (a branch nobody can see cannot be closed against)
    every branch with work is already on the remote

--- land  (put accepted work into the branch)
    0 accepted branch(es) landed

--- close-done  (an open accepted issue holds its boundary)
    nothing closable

--- author  (refill to the queue depth)
    filed 0

feed complete: push-work=ok land=ok close-done=ok author=ok
the loop lock is held by heal (1 min) - standing down; it feeds too
the loop lock is held by heal (6 min) - standing down; it feeds too

--- push-work  (a branch nobody can see cannot be closed against)
    every branch with work is already on the remote

--- land  (put accepted work into the branch)
    0 accepted branch(es) landed

--- close-done  (an open accepted issue holds its boundary)
    nothing closable

--- author  (refill to the queue depth)
    filed 0

feed complete: push-work=ok land=ok close-done=ok author=ok

--- push-work  (a branch nobody can see cannot be closed against)
    every branch with work is already on the remote

--- land  (put accepted work into the branch)
    0 accepted branch(es) landed

--- close-done  (an open accepted issue holds its boundary)
    nothing closable

--- author  (refill to the queue depth)
    filed 0

feed complete: push-work=ok land=ok close-done=ok author=ok
the loop lock is held by heal (2 min) - standing down; it feeds too
the loop lock is held by heal (7 min) - standing down; it feeds too

--- push-work  (a branch nobody can see cannot be closed against)
    every branch with work is already on the remote

--- land  (put accepted work into the branch)
    0 accepted branch(es) landed

--- close-done  (an open accepted issue holds its boundary)
    nothing closable

--- author  (refill to the queue depth)
    filed 0

feed complete: push-work=ok land=ok close-done=ok author=ok

--- push-work  (a branch nobody can see cannot be closed against)
    every branch with work is already on the remote

--- land  (put accepted work into the branch)
    0 accepted branch(es) landed

--- close-done  (an open accepted issue holds its boundary)
    nothing closable

--- author  (refill to the queue depth)
    filed 0

feed complete: push-work=ok land=ok close-done=ok author=ok
the loop lock is held by heal (5 min) - standing down; it feeds too

--- push-work  (a branch nobody can see cannot be closed against)
    every branch with work is already on the remote

--- land  (put accepted work into the branch)
    0 accepted branch(es) landed

--- close-done  (an open accepted issue holds its boundary)
    nothing closable

--- author  (refill to the queue depth)
    filed 0

feed complete: push-work=ok land=ok close-done=ok author=ok

--- push-work  (a branch nobody can see cannot be closed against)
    every branch with work is already on the remote

--- land  (put accepted work into the branch)
    0 accepted branch(es) landed

--- close-done  (an open accepted issue holds its boundary)
    nothing closable

--- author  (refill to the queue depth)
    filed 0

feed complete: push-work=ok land=ok close-done=ok author=ok
the loop lock is held by heal (2 min) - standing down; it feeds too
the loop lock is held by heal (7 min) - standing down; it feeds too

--- push-work  (a branch nobody can see cannot be closed against)
    every branch with work is already on the remote

--- land  (put accepted work into the branch)
    0 accepted branch(es) landed

--- close-done  (an open accepted issue holds its boundary)
    nothing closable

--- author  (refill to the queue depth)
    filed 0

feed complete: push-work=ok land=ok close-done=ok author=ok

--- push-work  (a branch nobody can see cannot be closed against)
    every branch with work is already on the remote

--- land  (put accepted work into the branch)
    0 accepted branch(es) landed

--- close-done  (an open accepted issue holds its boundary)
    nothing closable

--- author  (refill to the queue depth)
    filed 0

feed complete: push-work=ok land=ok close-done=ok author=ok
the loop lock is held by heal (4 min) - standing down; it feeds too

--- push-work  (a branch nobody can see cannot be closed against)
    every branch with work is already on the remote

--- land  (put accepted work into the branch)
    0 accepted branch(es) landed

--- close-done  (an open accepted issue holds its boundary)
    nothing closable

--- author  (refill to the queue depth)
    filed 0

feed complete: push-work=ok land=ok close-done=ok author=ok

--- push-work  (a branch nobody can see cannot be closed against)
    every branch with work is already on the remote

--- land  (put accepted work into the branch)
    0 accepted branch(es) landed

--- close-done  (an open accepted issue holds its boundary)
    nothing closable

--- author  (refill to the queue depth)
    filed 0

feed complete: push-work=ok land=ok close-done=ok author=ok
the loop lock is held by heal (1 min) - standing down; it feeds too
the loop lock is held by heal (6 min) - standing down; it feeds too

--- push-work  (a branch nobody can see cannot be closed against)
    every branch with work is already on the remote

--- land  (put accepted work into the branch)
    0 accepted branch(es) landed

--- close-done  (an open accepted issue holds its boundary)
    nothing closable

--- author  (refill to the queue depth)
    filed 0

feed complete: push-work=ok land=ok close-done=ok author=ok

--- push-work  (a branch nobody can see cannot be closed against)
    every branch with work is already on the remote

--- land  (put accepted work into the branch)
    0 accepted branch(es) landed

--- close-done  (an open accepted issue holds its boundary)
    nothing closable

--- author  (refill to the queue depth)
    filed 0

feed complete: push-work=ok land=ok close-done=ok author=ok
the loop lock is held by heal (4 min) - standing down; it feeds too

--- push-work  (a branch nobody can see cannot be closed against)
    every branch with work is already on the remote

--- land  (put accepted work into the branch)
    0 accepted branch(es) landed

--- close-done  (an open accepted issue holds its boundary)
    nothing closable

--- author  (refill to the queue depth)
    filed 0

feed complete: push-work=ok land=ok close-done=ok author=ok

--- push-work  (a branch nobody can see cannot be closed against)
    every branch with work is already on the remote

--- land  (put accepted work into the branch)
    0 accepted branch(es) landed

--- close-done  (an open accepted issue holds its boundary)
    nothing closable

--- author  (refill to the queue depth)
    filed 0

feed complete: push-work=ok land=ok close-done=ok author=ok
the loop lock is held by heal (1 min) - standing down; it feeds too
the loop lock is held by heal (6 min) - standing down; it feeds too

--- push-work  (a branch nobody can see cannot be closed against)
    every branch with work is already on the remote

--- land  (put accepted work into the branch)
    0 accepted branch(es) landed

--- close-done  (an open accepted issue holds its boundary)
    nothing closable

--- author  (refill to the queue depth)
    filed 0

feed complete: push-work=ok land=ok close-done=ok author=ok

--- push-work  (a branch nobody can see cannot be closed against)
    every branch with work is already on the remote

--- land  (put accepted work into the branch)
    0 accepted branch(es) landed

--- close-done  (an open accepted issue holds its boundary)
    nothing closable

--- author  (refill to the queue depth)
    filed 0

feed complete: push-work=ok land=ok close-done=ok author=ok
the loop lock is held by heal (3 min) - standing down; it feeds too

--- push-work  (a branch nobody can see cannot be closed against)
    every branch with work is already on the remote

--- land  (put accepted work into the branch)
    0 accepted branch(es) landed

--- close-done  (an open accepted issue holds its boundary)
    nothing closable

--- author  (refill to the queue depth)
    filed 0

feed complete: push-work=ok land=ok close-done=ok author=ok

--- push-work  (a branch nobody can see cannot be closed against)
    every branch with work is already on the remote

--- land  (put accepted work into the branch)
    0 accepted branch(es) landed

--- close-done  (an open accepted issue holds its boundary)
    nothing closable

--- author  (refill to the queue depth)
    filed 0

feed complete: push-work=ok land=ok close-done=ok author=ok
the loop lock is held by heal (1 min) - standing down; it feeds too
the loop lock is held by heal (6 min) - standing down; it feeds too

--- push-work  (a branch nobody can see cannot be closed against)
    every branch with work is already on the remote

--- land  (put accepted work into the branch)
    0 accepted branch(es) landed

--- close-done  (an open accepted issue holds its boundary)
    nothing closable

--- author  (refill to the queue depth)
    filed 0

feed complete: push-work=ok land=ok close-done=ok author=ok

--- push-work  (a branch nobody can see cannot be closed against)
    every branch with work is already on the remote

--- land  (put accepted work into the branch)
    0 accepted branch(es) landed

--- close-done  (an open accepted issue holds its boundary)
    nothing closable

--- author  (refill to the queue depth)
    filed 0

feed complete: push-work=ok land=ok close-done=ok author=ok
the loop lock is held by heal (4 min) - standing down; it feeds too

--- push-work  (a branch nobody can see cannot be closed against)
    every branch with work is already on the remote

--- land  (put accepted work into the branch)
    0 accepted branch(es) landed

--- close-done  (an open accepted issue holds its boundary)
    nothing closable

--- author  (refill to the queue depth)
    filed 0

feed complete: push-work=ok land=ok close-done=ok author=ok

--- push-work  (a branch nobody can see cannot be closed against)
    every branch with work is already on the remote

--- land  (put accepted work into the branch)
    0 accepted branch(es) landed

--- close-done  (an open accepted issue holds its boundary)
    nothing closable

--- author  (refill to the queue depth)
    filed 0

feed complete: push-work=ok land=ok close-done=ok author=ok
the loop lock is held by heal (2 min) - standing down; it feeds too
the loop lock is held by heal (7 min) - standing down; it feeds too

--- push-work  (a branch nobody can see cannot be closed against)
    every branch with work is already on the remote

--- land  (put accepted work into the branch)
    0 accepted branch(es) landed

--- close-done  (an open accepted issue holds its boundary)
    nothing closable

--- author  (refill to the queue depth)
    filed 0

feed complete: push-work=ok land=ok close-done=ok author=ok

--- push-work  (a branch nobody can see cannot be closed against)
    every branch with work is already on the remote

--- land  (put accepted work into the branch)
    0 accepted branch(es) landed

--- close-done  (an open accepted issue holds its boundary)
    nothing closable

--- author  (refill to the queue depth)
    filed 0

feed complete: push-work=ok land=ok close-done=ok author=ok
the loop lock is held by heal (4 min) - standing down; it feeds too

--- push-work  (a branch nobody can see cannot be closed against)
    every branch with work is already on the remote

--- land  (put accepted work into the branch)
    0 accepted branch(es) landed

--- close-done  (an open accepted issue holds its boundary)
    nothing closable

--- author  (refill to the queue depth)
    filed 0

feed complete: push-work=ok land=ok close-done=ok author=ok

--- push-work  (a branch nobody can see cannot be closed against)
    every branch with work is already on the remote

--- land  (put accepted work into the branch)
    0 accepted branch(es) landed

--- close-done  (an open accepted issue holds its boundary)
    nothing closable

--- author  (refill to the queue depth)
    filed 0

feed complete: push-work=ok land=ok close-done=ok author=ok
the loop lock is held by heal (2 min) - standing down; it feeds too
the loop lock is held by heal (7 min) - standing down; it feeds too

--- push-work  (a branch nobody can see cannot be closed against)
    every branch with work is already on the remote

--- land  (put accepted work into the branch)
    0 accepted branch(es) landed

--- close-done  (an open accepted issue holds its boundary)
    nothing closable

--- author  (refill to the queue depth)
    filed 0

feed complete: push-work=ok land=ok close-done=ok author=ok

--- push-work  (a branch nobody can see cannot be closed against)
    every branch with work is already on the remote

--- land  (put accepted work into the branch)
    0 accepted branch(es) landed

--- close-done  (an open accepted issue holds its boundary)
    nothing closable

--- author  (refill to the queue depth)
    filed 0

feed complete: push-work=ok land=ok close-done=ok author=ok
the loop lock is held by heal (4 min) - standing down; it feeds too

--- push-work  (a branch nobody can see cannot be closed against)
    every branch with work is already on the remote

--- land  (put accepted work into the branch)
    0 accepted branch(es) landed

--- close-done  (an open accepted issue holds its boundary)
    nothing closable

--- author  (refill to the queue depth)
    filed 0

feed complete: push-work=ok land=ok close-done=ok author=ok

--- push-work  (a branch nobody can see cannot be closed against)
    every branch with work is already on the remote

--- land  (put accepted work into the branch)
    0 accepted branch(es) landed

--- close-done  (an open accepted issue holds its boundary)
    nothing closable

--- author  (refill to the queue depth)
    filed 0

feed complete: push-work=ok land=ok close-done=ok author=ok
the loop lock is held by heal (1 min) - standing down; it feeds too
the loop lock is held by heal (6 min) - standing down; it feeds too

--- push-work  (a branch nobody can see cannot be closed against)
    every branch with work is already on the remote

--- land  (put accepted work into the branch)
    0 accepted branch(es) landed

--- close-done  (an open accepted issue holds its boundary)
    nothing closable

--- author  (refill to the queue depth)
    filed 0

feed complete: push-work=ok land=ok close-done=ok author=ok

--- push-work  (a branch nobody can see cannot be closed against)
    every branch with work is already on the remote

--- land  (put accepted work into the branch)
    0 accepted branch(es) landed

--- close-done  (an open accepted issue holds its boundary)
    nothing closable

--- author  (refill to the queue depth)
    filed 0

feed complete: push-work=ok land=ok close-done=ok author=ok
the loop lock is held by heal (5 min) - standing down; it feeds too

--- push-work  (a branch nobody can see cannot be closed against)
    every branch with work is already on the remote

--- land  (put accepted work into the branch)
    0 accepted branch(es) landed

--- close-done  (an open accepted issue holds its boundary)
    nothing closable

--- author  (refill to the queue depth)
    filed 0

feed complete: push-work=ok land=ok close-done=ok author=ok

--- push-work  (a branch nobody can see cannot be closed against)
    every branch with work is already on the remote

--- land  (put accepted work into the branch)
    0 accepted branch(es) landed

--- close-done  (an open accepted issue holds its boundary)
    nothing closable

--- author  (refill to the queue depth)
    filed 0

feed complete: push-work=ok land=ok close-done=ok author=ok
the loop lock is held by heal (2 min) - standing down; it feeds too
the loop lock is held by heal (7 min) - standing down; it feeds too

--- push-work  (a branch nobody can see cannot be closed against)
    every branch with work is already on the remote

--- land  (put accepted work into the branch)
    0 accepted branch(es) landed

--- close-done  (an open accepted issue holds its boundary)
    nothing closable

--- author  (refill to the queue depth)
    filed 0

feed complete: push-work=ok land=ok close-done=ok author=ok

--- push-work  (a branch nobody can see cannot be closed against)
    every branch with work is already on the remote

--- land  (put accepted work into the branch)
    0 accepted branch(es) landed

--- close-done  (an open accepted issue holds its boundary)
    nothing closable

--- author  (refill to the queue depth)
    filed 0

feed complete: push-work=ok land=ok close-done=ok author=ok

--- push-work  (a branch nobody can see cannot be closed against)
    every branch with work is already on the remote

--- land  (put accepted work into the branch)
    0 accepted branch(es) landed

--- close-done  (an open accepted issue holds its boundary)
    nothing closable

--- author  (refill to the queue depth)
    filed 0

feed complete: push-work=ok land=ok close-done=ok author=ok
the loop lock is held by heal (3 min) - standing down; it feeds too

--- push-work  (a branch nobody can see cannot be closed against)
    every branch with work is already on the remote

--- land  (put accepted work into the branch)
    0 accepted branch(es) landed

--- close-done  (an open accepted issue holds its boundary)
    nothing closable

--- author  (refill to the queue depth)
    filed 0

feed complete: push-work=ok land=ok close-done=ok author=ok

--- push-work  (a branch nobody can see cannot be closed against)
    every branch with work is already on the remote

--- land  (put accepted work into the branch)
    0 accepted branch(es) landed

--- close-done  (an open accepted issue holds its boundary)
    nothing closable

--- author  (refill to the queue depth)
    filed 0

feed complete: push-work=ok land=ok close-done=ok author=ok
the loop lock is held by heal (1 min) - standing down; it feeds too
the loop lock is held by heal (6 min) - standing down; it feeds too

--- push-work  (a branch nobody can see cannot be closed against)
    every branch with work is already on the remote

--- land  (put accepted work into the branch)
    0 accepted branch(es) landed

--- close-done  (an open accepted issue holds its boundary)
    nothing closable

--- author  (refill to the queue depth)
    filed 0

feed complete: push-work=ok land=ok close-done=ok author=ok

--- push-work  (a branch nobody can see cannot be closed against)
    every branch with work is already on the remote

--- land  (put accepted work into the branch)
    0 accepted branch(es) landed

--- close-done  (an open accepted issue holds its boundary)
    nothing closable

--- author  (refill to the queue depth)
    filed 0

feed complete: push-work=ok land=ok close-done=ok author=ok
the loop lock is held by heal (5 min) - standing down; it feeds too

--- push-work  (a branch nobody can see cannot be closed against)
    every branch with work is already on the remote

--- land  (put accepted work into the branch)
    0 accepted branch(es) landed

--- close-done  (an open accepted issue holds its boundary)
    nothing closable

--- author  (refill to the queue depth)
    filed 0

feed complete: push-work=ok land=ok close-done=ok author=ok

--- push-work  (a branch nobody can see cannot be closed against)
    every branch with work is already on the remote

--- land  (put accepted work into the branch)
    0 accepted branch(es) landed

--- close-done  (an open accepted issue holds its boundary)
    nothing closable

--- author  (refill to the queue depth)
    filed 0

feed complete: push-work=ok land=ok close-done=ok author=ok
the loop lock is held by heal (3 min) - standing down; it feeds too
the loop lock is held by heal (8 min) - standing down; it feeds too

--- push-work  (a branch nobody can see cannot be closed against)
    every branch with work is already on the remote

--- land  (put accepted work into the branch)
    0 accepted branch(es) landed

--- close-done  (an open accepted issue holds its boundary)
    nothing closable

--- author  (refill to the queue depth)
    filed 0

feed complete: push-work=ok land=ok close-done=ok author=ok

--- push-work  (a branch nobody can see cannot be closed against)
    every branch with work is already on the remote

--- land  (put accepted work into the branch)
    0 accepted branch(es) landed

--- close-done  (an open accepted issue holds its boundary)
    nothing closable

--- author  (refill to the queue depth)
    filed 0

feed complete: push-work=ok land=ok close-done=ok author=ok

--- push-work  (a branch nobody can see cannot be closed against)
    every branch with work is already on the remote

--- land  (put accepted work into the branch)
    0 accepted branch(es) landed

--- close-done  (an open accepted issue holds its boundary)
    nothing closable

--- author  (refill to the queue depth)
    filed 0

feed complete: push-work=ok land=ok close-done=ok author=ok
the loop lock is held by heal (3 min) - standing down; it feeds too

--- push-work  (a branch nobody can see cannot be closed against)
    every branch with work is already on the remote

--- land  (put accepted work into the branch)
    0 accepted branch(es) landed

--- close-done  (an open accepted issue holds its boundary)
    nothing closable

--- author  (refill to the queue depth)
    filed 0

feed complete: push-work=ok land=ok close-done=ok author=ok

--- push-work  (a branch nobody can see cannot be closed against)
    every branch with work is already on the remote

--- land  (put accepted work into the branch)
    0 accepted branch(es) landed

--- close-done  (an open accepted issue holds its boundary)
    nothing closable

--- author  (refill to the queue depth)
    filed 0

feed complete: push-work=ok land=ok close-done=ok author=ok
the loop lock is held by heal (2 min) - standing down; it feeds too
the loop lock is held by heal (7 min) - standing down; it feeds too

--- push-work  (a branch nobody can see cannot be closed against)
    every branch with work is already on the remote

--- land  (put accepted work into the branch)
    0 accepted branch(es) landed

--- close-done  (an open accepted issue holds its boundary)
    nothing closable

--- author  (refill to the queue depth)
    filed 0

feed complete: push-work=ok land=ok close-done=ok author=ok

--- push-work  (a branch nobody can see cannot be closed against)
    every branch with work is already on the remote

--- land  (put accepted work into the branch)
    0 accepted branch(es) landed

--- close-done  (an open accepted issue holds its boundary)
    nothing closable

--- author  (refill to the queue depth)
    filed 0

feed complete: push-work=ok land=ok close-done=ok author=ok
the loop lock is held by heal (5 min) - standing down; it feeds too

--- push-work  (a branch nobody can see cannot be closed against)
    every branch with work is already on the remote

--- land  (put accepted work into the branch)
    0 accepted branch(es) landed

--- close-done  (an open accepted issue holds its boundary)
    FAILED
}

Node.js v26.0.0


--- author  (refill to the queue depth)
    filed 0

feed complete: push-work=ok land=ok close-done=FAILED author=ok

--- push-work  (a branch nobody can see cannot be closed against)
    every branch with work is already on the remote

--- land  (put accepted work into the branch)
    0 accepted branch(es) landed

--- close-done  (an open accepted issue holds its boundary)
    nothing closable

--- author  (refill to the queue depth)
    filed 0

feed complete: push-work=ok land=ok close-done=ok author=ok
the loop lock is held by heal (3 min) - standing down; it feeds too
the loop lock is held by heal (8 min) - standing down; it feeds too

--- push-work  (a branch nobody can see cannot be closed against)
    every branch with work is already on the remote

--- land  (put accepted work into the branch)
    0 accepted branch(es) landed

--- close-done  (an open accepted issue holds its boundary)
    nothing closable

--- author  (refill to the queue depth)
    filed 0

feed complete: push-work=ok land=ok close-done=ok author=ok

--- push-work  (a branch nobody can see cannot be closed against)
    every branch with work is already on the remote

--- land  (put accepted work into the branch)
    0 accepted branch(es) landed

--- close-done  (an open accepted issue holds its boundary)
    nothing closable

--- author  (refill to the queue depth)
    filed 0

feed complete: push-work=ok land=ok close-done=ok author=ok

--- push-work  (a branch nobody can see cannot be closed against)
    every branch with work is already on the remote

--- land  (put accepted work into the branch)
    0 accepted branch(es) landed

--- close-done  (an open accepted issue holds its boundary)
    nothing closable

--- author  (refill to the queue depth)
    filed 0

feed complete: push-work=ok land=ok close-done=ok author=ok
the loop lock is held by heal (4 min) - standing down; it feeds too

--- push-work  (a branch nobody can see cannot be closed against)
    every branch with work is already on the remote

--- land  (put accepted work into the branch)
    0 accepted branch(es) landed

--- close-done  (an open accepted issue holds its boundary)
    nothing closable

--- author  (refill to the queue depth)
    filed 0

feed complete: push-work=ok land=ok close-done=ok author=ok

--- push-work  (a branch nobody can see cannot be closed against)
    every branch with work is already on the remote

--- land  (put accepted work into the branch)
    0 accepted branch(es) landed

--- close-done  (an open accepted issue holds its boundary)
    nothing closable

--- author  (refill to the queue depth)
    filed 0

feed complete: push-work=ok land=ok close-done=ok author=ok
the loop lock is held by heal (2 min) - standing down; it feeds too
the loop lock is held by heal (7 min) - standing down; it feeds too

--- push-work  (a branch nobody can see cannot be closed against)
    every branch with work is already on the remote

--- land  (put accepted work into the branch)
    0 accepted branch(es) landed

--- close-done  (an open accepted issue holds its boundary)
    nothing closable

--- author  (refill to the queue depth)
    filed 0

feed complete: push-work=ok land=ok close-done=ok author=ok

--- push-work  (a branch nobody can see cannot be closed against)
    every branch with work is already on the remote

--- land  (put accepted work into the branch)
    0 accepted branch(es) landed

--- close-done  (an open accepted issue holds its boundary)
    nothing closable

--- author  (refill to the queue depth)
    filed 0

feed complete: push-work=ok land=ok close-done=ok author=ok
the loop lock is held by heal (5 min) - standing down; it feeds too

--- push-work  (a branch nobody can see cannot be closed against)
    every branch with work is already on the remote

--- land  (put accepted work into the branch)
    0 accepted branch(es) landed

--- close-done  (an open accepted issue holds its boundary)
    nothing closable

--- author  (refill to the queue depth)
    filed 0

feed complete: push-work=ok land=ok close-done=ok author=ok

--- push-work  (a branch nobody can see cannot be closed against)
    every branch with work is already on the remote

--- land  (put accepted work into the branch)
    0 accepted branch(es) landed

--- close-done  (an open accepted issue holds its boundary)
    nothing closable

--- author  (refill to the queue depth)
    filed 0

feed complete: push-work=ok land=ok close-done=ok author=ok
the loop lock is held by heal (3 min) - standing down; it feeds too
the loop lock is held by heal (8 min) - standing down; it feeds too

--- push-work  (a branch nobody can see cannot be closed against)
    every branch with work is already on the remote

--- land  (put accepted work into the branch)
    0 accepted branch(es) landed

--- close-done  (an open accepted issue holds its boundary)
    nothing closable

--- author  (refill to the queue depth)
    filed 0

feed complete: push-work=ok land=ok close-done=ok author=ok

--- push-work  (a branch nobody can see cannot be closed against)
    every branch with work is already on the remote

--- land  (put accepted work into the branch)
    0 accepted branch(es) landed

--- close-done  (an open accepted issue holds its boundary)
    nothing closable

--- author  (refill to the queue depth)
    filed 0

feed complete: push-work=ok land=ok close-done=ok author=ok

--- push-work  (a branch nobody can see cannot be closed against)
    every branch with work is already on the remote

--- land  (put accepted work into the branch)
    0 accepted branch(es) landed

--- close-done  (an open accepted issue holds its boundary)
    nothing closable

--- author  (refill to the queue depth)
    filed 0

feed complete: push-work=ok land=ok close-done=ok author=ok

--- push-work  (a branch nobody can see cannot be closed against)
    every branch with work is already on the remote

--- land  (put accepted work into the branch)
    0 accepted branch(es) landed

--- close-done  (an open accepted issue holds its boundary)
    nothing closable

--- author  (refill to the queue depth)
    filed 0

feed complete: push-work=ok land=ok close-done=ok author=ok
the loop lock is held by heal (5 min) - standing down; it feeds too

--- push-work  (a branch nobody can see cannot be closed against)
    every branch with work is already on the remote

--- land  (put accepted work into the branch)
    0 accepted branch(es) landed

--- close-done  (an open accepted issue holds its boundary)
    nothing closable

--- author  (refill to the queue depth)
    filed 0

feed complete: push-work=ok land=ok close-done=ok author=ok

--- push-work  (a branch nobody can see cannot be closed against)
    every branch with work is already on the remote

--- land  (put accepted work into the branch)
    0 accepted branch(es) landed

--- close-done  (an open accepted issue holds its boundary)
    nothing closable

--- author  (refill to the queue depth)
    filed 0

feed complete: push-work=ok land=ok close-done=ok author=ok

--- push-work  (a branch nobody can see cannot be closed against)
    every branch with work is already on the remote

--- land  (put accepted work into the branch)
    0 accepted branch(es) landed

--- close-done  (an open accepted issue holds its boundary)
    nothing closable

--- author  (refill to the queue depth)
    filed 0

feed complete: push-work=ok land=ok close-done=ok author=ok
the loop lock is held by heal (5 min) - standing down; it feeds too

--- push-work  (a branch nobody can see cannot be closed against)
    every branch with work is already on the remote

--- land  (put accepted work into the branch)
    0 accepted branch(es) landed

--- close-done  (an open accepted issue holds its boundary)
    nothing closable

--- author  (refill to the queue depth)
    filed 0

feed complete: push-work=ok land=ok close-done=ok author=ok

--- push-work  (a branch nobody can see cannot be closed against)
    every branch with work is already on the remote

--- land  (put accepted work into the branch)
    0 accepted branch(es) landed

--- close-done  (an open accepted issue holds its boundary)
    nothing closable

--- author  (refill to the queue depth)
    filed 0

feed complete: push-work=ok land=ok close-done=ok author=ok
the loop lock is held by heal (3 min) - standing down; it feeds too
the loop lock is held by heal (8 min) - standing down; it feeds too

--- push-work  (a branch nobody can see cannot be closed against)
    every branch with work is already on the remote

--- land  (put accepted work into the branch)
    0 accepted branch(es) landed

--- close-done  (an open accepted issue holds its boundary)
    nothing closable

--- author  (refill to the queue depth)
    filed 0

feed complete: push-work=ok land=ok close-done=ok author=ok

--- push-work  (a branch nobody can see cannot be closed against)
    every branch with work is already on the remote

--- land  (put accepted work into the branch)
    0 accepted branch(es) landed

--- close-done  (an open accepted issue holds its boundary)
    nothing closable

--- author  (refill to the queue depth)
    filed 0

feed complete: push-work=ok land=ok close-done=ok author=ok

--- push-work  (a branch nobody can see cannot be closed against)
    every branch with work is already on the remote

--- land  (put accepted work into the branch)
    0 accepted branch(es) landed

--- close-done  (an open accepted issue holds its boundary)
    nothing closable

--- author  (refill to the queue depth)
    filed 0

feed complete: push-work=ok land=ok close-done=ok author=ok
the loop lock is held by heal (4 min) - standing down; it feeds too

--- push-work  (a branch nobody can see cannot be closed against)
    every branch with work is already on the remote

--- land  (put accepted work into the branch)
    0 accepted branch(es) landed

--- close-done  (an open accepted issue holds its boundary)
    nothing closable

--- author  (refill to the queue depth)
    timed out part-way - what it did before that stands: signals: length=11/830 seen  untested=137/830 seen  ascii=56/939 seen

feed complete: push-work=ok land=ok close-done=ok author=timed out

--- push-work  (a branch nobody can see cannot be closed against)
    every branch with work is already on the remote

--- land  (put accepted work into the branch)
    timed out part-way - what it did before that stands: 2 accepted branches still outside the base

--- close-done  (an open accepted issue holds its boundary)
    nothing closable

--- author  (refill to the queue depth)
    timed out part-way - what it did before that stands: 

feed complete: push-work=ok land=timed out close-done=ok author=timed out
the loop lock is held by heal (0 min) - standing down; it feeds too
the loop lock is held by heal (5 min) - standing down; it feeds too

--- push-work  (a branch nobody can see cannot be closed against)
    every branch with work is already on the remote

--- land  (put accepted work into the branch)
    timed out part-way - what it did before that stands: 2 accepted branches still outside the base

--- close-done  (an open accepted issue holds its boundary)
    nothing closable

--- author  (refill to the queue depth)
    timed out part-way - what it did before that stands: 

feed complete: push-work=ok land=timed out close-done=ok author=timed out

--- push-work  (a branch nobody can see cannot be closed against)
    every branch with work is already on the remote

--- land  (put accepted work into the branch)
    timed out part-way - what it did before that stands: 

--- close-done  (an open accepted issue holds its boundary)
    nothing closable

--- author  (refill to the queue depth)
    timed out part-way - what it did before that stands: 

feed complete: push-work=ok land=timed out close-done=ok author=timed out

--- push-work  (a branch nobody can see cannot be closed against)
    every branch with work is already on the remote

--- land  (put accepted work into the branch)
    timed out part-way - what it did before that stands: 

--- close-done  (an open accepted issue holds its boundary)
    nothing closable

--- author  (refill to the queue depth)
    timed out part-way - what it did before that stands: 

feed complete: push-work=ok land=timed out close-done=ok author=timed out
the loop lock is held by heal (1 min) - standing down; it feeds too
the loop lock is held by heal (6 min) - standing down; it feeds too

--- push-work  (a branch nobody can see cannot be closed against)
    every branch with work is already on the remote

--- land  (put accepted work into the branch)
    timed out part-way - what it did before that stands: 2 accepted branches still outside the base

--- close-done  (an open accepted issue holds its boundary)
    nothing closable

--- author  (refill to the queue depth)
    timed out part-way - what it did before that stands: 

feed complete: push-work=ok land=timed out close-done=ok author=timed out

--- push-work  (a branch nobody can see cannot be closed against)
    every branch with work is already on the remote

--- land  (put accepted work into the branch)
    timed out part-way - what it did before that stands: 2 accepted branches still outside the base

--- close-done  (an open accepted issue holds its boundary)
    nothing closable

--- author  (refill to the queue depth)
    timed out part-way - what it did before that stands: 

feed complete: push-work=ok land=timed out close-done=ok author=timed out
the loop lock is held by heal (2 min) - standing down; it feeds too
the loop lock is held by heal (7 min) - standing down; it feeds too

--- push-work  (a branch nobody can see cannot be closed against)
    every branch with work is already on the remote

--- land  (put accepted work into the branch)
    timed out part-way - what it did before that stands: 2 accepted branches still outside the base

--- close-done  (an open accepted issue holds its boundary)
    nothing closable

--- author  (refill to the queue depth)
    timed out part-way - what it did before that stands: 

feed complete: push-work=ok land=timed out close-done=ok author=timed out
the loop lock is held by heal (1 min) - standing down; it feeds too
the loop lock is held by heal (6 min) - standing down; it feeds too

--- push-work  (a branch nobody can see cannot be closed against)
    every branch with work is already on the remote

--- land  (put accepted work into the branch)
    timed out part-way - what it did before that stands: 2 accepted branches still outside the base

--- close-done  (an open accepted issue holds its boundary)
    nothing closable

--- author  (refill to the queue depth)
    timed out part-way - what it did before that stands: 

feed complete: push-work=ok land=timed out close-done=ok author=timed out
the loop lock is held by heal (1 min) - standing down; it feeds too
the loop lock is held by heal (6 min) - standing down; it feeds too

--- push-work  (a branch nobody can see cannot be closed against)
    every branch with work is already on the remote

--- land  (put accepted work into the branch)
    timed out part-way - what it did before that stands: 2 accepted branches still outside the base

--- close-done  (an open accepted issue holds its boundary)
    nothing closable

--- author  (refill to the queue depth)
    timed out part-way - what it did before that stands: 

feed complete: push-work=ok land=timed out close-done=ok author=timed out
the loop lock is held by heal (0 min) - standing down; it feeds too
the loop lock is held by heal (5 min) - standing down; it feeds too

--- push-work  (a branch nobody can see cannot be closed against)
    every branch with work is already on the remote

--- land  (put accepted work into the branch)
    0 accepted branch(es) landed

--- close-done  (an open accepted issue holds its boundary)
    nothing closable

--- author  (refill to the queue depth)
    timed out part-way - what it did before that stands:         !!  a criterion asks for a count and the command that produced it, but does not re

feed complete: push-work=ok land=ok close-done=ok author=timed out

--- push-work  (a branch nobody can see cannot be closed against)
    every branch with work is already on the remote

--- land  (put accepted work into the branch)
    0 accepted branch(es) landed

--- close-done  (an open accepted issue holds its boundary)
    nothing closable

--- author  (refill to the queue depth)
    filed 0

feed complete: push-work=ok land=ok close-done=ok author=ok
the loop lock is held by heal (2 min) - standing down; it feeds too
the loop lock is held by heal (7 min) - standing down; it feeds too

--- push-work  (a branch nobody can see cannot be closed against)
    every branch with work is already on the remote

--- land  (put accepted work into the branch)
    0 accepted branch(es) landed

--- close-done  (an open accepted issue holds its boundary)
    nothing closable

--- author  (refill to the queue depth)
    filed 0

feed complete: push-work=ok land=ok close-done=ok author=ok
the loop lock is held by heal (1 min) - standing down; it feeds too
the loop lock is held by heal (6 min) - standing down; it feeds too

--- push-work  (a branch nobody can see cannot be closed against)
    every branch with work is already on the remote

--- land  (put accepted work into the branch)
    0 accepted branch(es) landed

--- close-done  (an open accepted issue holds its boundary)
    nothing closable

--- author  (refill to the queue depth)
    filed 0

feed complete: push-work=ok land=ok close-done=ok author=ok

--- push-work  (a branch nobody can see cannot be closed against)
    every branch with work is already on the remote

--- land  (put accepted work into the branch)
    0 accepted branch(es) landed

--- close-done  (an open accepted issue holds its boundary)
    nothing closable

--- author  (refill to the queue depth)
    filed 0

feed complete: push-work=ok land=ok close-done=ok author=ok

--- push-work  (a branch nobody can see cannot be closed against)
    every branch with work is already on the remote

--- land  (put accepted work into the branch)
    0 accepted branch(es) landed

--- close-done  (an open accepted issue holds its boundary)
    nothing closable

--- author  (refill to the queue depth)
    filed 0

feed complete: push-work=ok land=ok close-done=ok author=ok
the loop lock is held by heal (1 min) - standing down; it feeds too
the loop lock is held by heal (6 min) - standing down; it feeds too

--- push-work  (a branch nobody can see cannot be closed against)
    every branch with work is already on the remote

--- land  (put accepted work into the branch)
    0 accepted branch(es) landed

--- close-done  (an open accepted issue holds its boundary)
    nothing closable

--- author  (refill to the queue depth)
    filed 0

feed complete: push-work=ok land=ok close-done=ok author=ok

--- push-work  (a branch nobody can see cannot be closed against)
    every branch with work is already on the remote

--- land  (put accepted work into the branch)
    0 accepted branch(es) landed

--- close-done  (an open accepted issue holds its boundary)
    nothing closable

--- author  (refill to the queue depth)
    filed 0

feed complete: push-work=ok land=ok close-done=ok author=ok
the loop lock is held by heal (2 min) - standing down; it feeds too
the loop lock is held by heal (7 min) - standing down; it feeds too

--- push-work  (a branch nobody can see cannot be closed against)
    every branch with work is already on the remote

--- land  (put accepted work into the branch)
    0 accepted branch(es) landed

--- close-done  (an open accepted issue holds its boundary)
    nothing closable

--- author  (refill to the queue depth)
    filed 0

feed complete: push-work=ok land=ok close-done=ok author=ok

--- push-work  (a branch nobody can see cannot be closed against)
    every branch with work is already on the remote

--- land  (put accepted work into the branch)
    0 accepted branch(es) landed

--- close-done  (an open accepted issue holds its boundary)
    nothing closable

--- author  (refill to the queue depth)
    filed 0

feed complete: push-work=ok land=ok close-done=ok author=ok
the loop lock is held by heal (0 min) - standing down; it feeds too
the loop lock is held by heal (5 min) - standing down; it feeds too

--- push-work  (a branch nobody can see cannot be closed against)
    every branch with work is already on the remote

--- land  (put accepted work into the branch)
    0 accepted branch(es) landed

--- close-done  (an open accepted issue holds its boundary)
    nothing closable

--- author  (refill to the queue depth)
    filed 0

feed complete: push-work=ok land=ok close-done=ok author=ok

--- push-work  (a branch nobody can see cannot be closed against)
    every branch with work is already on the remote

--- land  (put accepted work into the branch)
    0 accepted branch(es) landed

--- close-done  (an open accepted issue holds its boundary)
    nothing closable

--- author  (refill to the queue depth)
    filed 0

feed complete: push-work=ok land=ok close-done=ok author=ok

--- push-work  (a branch nobody can see cannot be closed against)
    every branch with work is already on the remote

--- land  (put accepted work into the branch)
    0 accepted branch(es) landed

--- close-done  (an open accepted issue holds its boundary)
    nothing closable

--- author  (refill to the queue depth)
    filed 0

feed complete: push-work=ok land=ok close-done=ok author=ok

--- push-work  (a branch nobody can see cannot be closed against)
    every branch with work is already on the remote

--- land  (put accepted work into the branch)
    0 accepted branch(es) landed

--- close-done  (an open accepted issue holds its boundary)
    nothing closable

--- author  (refill to the queue depth)
    filed 0

feed complete: push-work=ok land=ok close-done=ok author=ok

--- push-work  (a branch nobody can see cannot be closed against)
    every branch with work is already on the remote

--- land  (put accepted work into the branch)
    0 accepted branch(es) landed

--- close-done  (an open accepted issue holds its boundary)
    nothing closable

--- author  (refill to the queue depth)
    filed 0

feed complete: push-work=ok land=ok close-done=ok author=ok

--- push-work  (a branch nobody can see cannot be closed against)
    every branch with work is already on the remote

--- land  (put accepted work into the branch)
    0 accepted branch(es) landed

--- close-done  (an open accepted issue holds its boundary)
    nothing closable

--- author  (refill to the queue depth)
    filed 0

feed complete: push-work=ok land=ok close-done=ok author=ok
the loop lock is held by heal (0 min) - standing down; it feeds too
the loop lock is held by heal (5 min) - standing down; it feeds too

--- push-work  (a branch nobody can see cannot be closed against)
    every branch with work is already on the remote

--- land  (put accepted work into the branch)
    0 accepted branch(es) landed

--- close-done  (an open accepted issue holds its boundary)
    nothing closable

--- author  (refill to the queue depth)
    filed 0

feed complete: push-work=ok land=ok close-done=ok author=ok

--- push-work  (a branch nobody can see cannot be closed against)
    every branch with work is already on the remote

--- land  (put accepted work into the branch)
    0 accepted branch(es) landed

--- close-done  (an open accepted issue holds its boundary)
    nothing closable

--- author  (refill to the queue depth)
    filed 0

feed complete: push-work=ok land=ok close-done=ok author=ok
the loop lock is held by heal (3 min) - standing down; it feeds too
the loop lock is held by heal (8 min) - standing down; it feeds too

--- push-work  (a branch nobody can see cannot be closed against)
    every branch with work is already on the remote

--- land  (put accepted work into the branch)
    0 accepted branch(es) landed

--- close-done  (an open accepted issue holds its boundary)
    nothing closable

--- author  (refill to the queue depth)
    filed 0

feed complete: push-work=ok land=ok close-done=ok author=ok

--- push-work  (a branch nobody can see cannot be closed against)
    every branch with work is already on the remote

--- land  (put accepted work into the branch)
    0 accepted branch(es) landed

--- close-done  (an open accepted issue holds its boundary)
    nothing closable

--- author  (refill to the queue depth)
    filed 0

feed complete: push-work=ok land=ok close-done=ok author=ok
the loop lock is held by heal (5 min) - standing down; it feeds too

--- push-work  (a branch nobody can see cannot be closed against)
    every branch with work is already on the remote

--- land  (put accepted work into the branch)
    0 accepted branch(es) landed

--- close-done  (an open accepted issue holds its boundary)
    nothing closable

--- author  (refill to the queue depth)
    filed 0

feed complete: push-work=ok land=ok close-done=ok author=ok

--- push-work  (a branch nobody can see cannot be closed against)
    every branch with work is already on the remote

--- land  (put accepted work into the branch)
    timed out part-way - what it did before that stands: 

--- close-done  (an open accepted issue holds its boundary)
    SKIPPED - past the 8 minute deadline

--- author  (refill to the queue depth)
    SKIPPED - past the 8 minute deadline

feed complete: push-work=ok land=timed out close-done=skipped author=skipped

--- push-work  (a branch nobody can see cannot be closed against)
    timed out part-way - what it did before that stands: COULD NOT REACH THE CONTAINER after retrying.

--- land  (put accepted work into the branch)
    SKIPPED - past the 8 minute deadline

--- close-done  (an open accepted issue holds its boundary)
    SKIPPED - past the 8 minute deadline

--- author  (refill to the queue depth)
    SKIPPED - past the 8 minute deadline

feed complete: push-work=timed out land=skipped close-done=skipped author=skipped

--- push-work  (a branch nobody can see cannot be closed against)
    timed out part-way - what it did before that stands:   transport: out of time - a 15s wait would pass the 240s budget, stopping after 1 attempt

--- land  (put accepted work into the branch)
    SKIPPED - past the 8 minute deadline

--- close-done  (an open accepted issue holds its boundary)
    SKIPPED - past the 8 minute deadline

--- author  (refill to the queue depth)
    SKIPPED - past the 8 minute deadline

feed complete: push-work=timed out land=skipped close-done=skipped author=skipped

--- push-work  (a branch nobody can see cannot be closed against)
    timed out part-way - what it did before that stands:   transport: out of time - a 30s wait would pass the 240s budget, stopping after 2 attempt

--- land  (put accepted work into the branch)
    SKIPPED - past the 8 minute deadline

--- close-done  (an open accepted issue holds its boundary)
    SKIPPED - past the 8 minute deadline

--- author  (refill to the queue depth)
    SKIPPED - past the 8 minute deadline

feed complete: push-work=timed out land=skipped close-done=skipped author=skipped

--- push-work  (a branch nobody can see cannot be closed against)
    timed out part-way - what it did before that stands:   transport: out of time - a 15s wait would pass the 240s budget, stopping after 1 attempt

--- land  (put accepted work into the branch)
    SKIPPED - past the 8 minute deadline

--- close-done  (an open accepted issue holds its boundary)
    SKIPPED - past the 8 minute deadline

--- author  (refill to the queue depth)
    SKIPPED - past the 8 minute deadline

feed complete: push-work=timed out land=skipped close-done=skipped author=skipped
the loop lock is held by heal (3 min) - standing down; it feeds too

--- push-work  (a branch nobody can see cannot be closed against)
    every branch with work is already on the remote

--- land  (put accepted work into the branch)
    0 accepted branch(es) landed

--- close-done  (an open accepted issue holds its boundary)
    nothing closable

--- author  (refill to the queue depth)
    filed 0

feed complete: push-work=ok land=ok close-done=ok author=ok

--- push-work  (a branch nobody can see cannot be closed against)
    every branch with work is already on the remote

--- land  (put accepted work into the branch)
    0 accepted branch(es) landed

--- close-done  (an open accepted issue holds its boundary)
    nothing closable

--- author  (refill to the queue depth)
    timed out part-way - what it did before that stands: signals: length=11/830 seen  untested=137/830 seen  ascii=56/939 seen

feed complete: push-work=ok land=ok close-done=ok author=timed out
the loop lock is held by heal (3 min) - standing down; it feeds too
the loop lock is held by heal (8 min) - standing down; it feeds too

--- push-work  (a branch nobody can see cannot be closed against)
    FAILED
    1: client erro
  Nothing was pushed and nothing was inspected. This is NOT "nothing to push":
  this step is the only way a bee's work leaves the container, and it did not run.


--- land  (put accepted work into the branch)
    0 accepted branch(es) landed

--- close-done  (an open accepted issue holds its boundary)
    FAILED
}

Node.js v26.0.0


--- author  (refill to the queue depth)
    FAILED
signals: length=11/830 seen  untested=137/830 seen  ascii=56/939 seen
queue depth target 9 - counted on UNSTARTED issues, not open ones
could not measure the queen-authored queue - refusing to file, because a failed count would read as zero and lift the limit


feed complete: push-work=FAILED land=ok close-done=FAILED author=FAILED

--- push-work  (a branch nobody can see cannot be closed against)
    FAILED
    1: client erro
  Nothing was pushed and nothing was inspected. This is NOT "nothing to push":
  this step is the only way a bee's work leaves the container, and it did not run.


--- land  (put accepted work into the branch)
    0 accepted branch(es) landed

--- close-done  (an open accepted issue holds its boundary)
    FAILED
}

Node.js v26.0.0


--- author  (refill to the queue depth)
    FAILED
signals: length=11/830 seen  untested=137/830 seen  ascii=56/939 seen
queue depth target 9 - counted on UNSTARTED issues, not open ones
could not measure the queen-authored queue - refusing to file, because a failed count would read as zero and lift the limit


feed complete: push-work=FAILED land=ok close-done=FAILED author=FAILED

--- push-work  (a branch nobody can see cannot be closed against)
    FAILED
    1: client erro
  Nothing was pushed and nothing was inspected. This is NOT "nothing to push":
  this step is the only way a bee's work leaves the container, and it did not run.


--- land  (put accepted work into the branch)
    0 accepted branch(es) landed

--- close-done  (an open accepted issue holds its boundary)
    FAILED
}

Node.js v26.0.0


--- author  (refill to the queue depth)
    FAILED
signals: length=11/830 seen  untested=137/830 seen  ascii=56/939 seen
queue depth target 9 - counted on UNSTARTED issues, not open ones
could not measure the queen-authored queue - refusing to file, because a failed count would read as zero and lift the limit


feed complete: push-work=FAILED land=ok close-done=FAILED author=FAILED
the loop lock is held by heal (5 min) - standing down; it feeds too

--- push-work  (a branch nobody can see cannot be closed against)
    FAILED
    1: client erro
  Nothing was pushed and nothing was inspected. This is NOT "nothing to push":
  this step is the only way a bee's work leaves the container, and it did not run.


--- land  (put accepted work into the branch)
    0 accepted branch(es) landed

--- close-done  (an open accepted issue holds its boundary)
    nothing closable

--- author  (refill to the queue depth)
    filed 0

feed complete: push-work=FAILED land=ok close-done=ok author=ok

--- push-work  (a branch nobody can see cannot be closed against)
    every branch with work is already on the remote

--- land  (put accepted work into the branch)
    0 accepted branch(es) landed

--- close-done  (an open accepted issue holds its boundary)
    nothing closable

--- author  (refill to the queue depth)
    filed 0

feed complete: push-work=ok land=ok close-done=ok author=ok
the loop lock is held by heal (3 min) - standing down; it feeds too
the loop lock is held by heal (8 min) - standing down; it feeds too

--- push-work  (a branch nobody can see cannot be closed against)
    every branch with work is already on the remote

--- land  (put accepted work into the branch)
    0 accepted branch(es) landed

--- close-done  (an open accepted issue holds its boundary)
    nothing closable

--- author  (refill to the queue depth)
    filed 0

feed complete: push-work=ok land=ok close-done=ok author=ok

--- push-work  (a branch nobody can see cannot be closed against)
    every branch with work is already on the remote

--- land  (put accepted work into the branch)
    0 accepted branch(es) landed

--- close-done  (an open accepted issue holds its boundary)
    nothing closable

--- author  (refill to the queue depth)
    filed 0

feed complete: push-work=ok land=ok close-done=ok author=ok
the loop lock is held by heal (5 min) - standing down; it feeds too

--- push-work  (a branch nobody can see cannot be closed against)
    every branch with work is already on the remote

--- land  (put accepted work into the branch)
    0 accepted branch(es) landed

--- close-done  (an open accepted issue holds its boundary)
    nothing closable

--- author  (refill to the queue depth)
    filed 0

feed complete: push-work=ok land=ok close-done=ok author=ok

--- push-work  (a branch nobody can see cannot be closed against)
    every branch with work is already on the remote

--- land  (put accepted work into the branch)
    0 accepted branch(es) landed

--- close-done  (an open accepted issue holds its boundary)
    nothing closable

--- author  (refill to the queue depth)
    filed 0

feed complete: push-work=ok land=ok close-done=ok author=ok
the loop lock is held by heal (1 min) - standing down; it feeds too
the loop lock is held by heal (6 min) - standing down; it feeds too

--- push-work  (a branch nobody can see cannot be closed against)
    every branch with work is already on the remote

--- land  (put accepted work into the branch)
    0 accepted branch(es) landed

--- close-done  (an open accepted issue holds its boundary)
    nothing closable

--- author  (refill to the queue depth)
    filed 0

feed complete: push-work=ok land=ok close-done=ok author=ok

--- push-work  (a branch nobody can see cannot be closed against)
    every branch with work is already on the remote

--- land  (put accepted work into the branch)
    0 accepted branch(es) landed

--- close-done  (an open accepted issue holds its boundary)
    nothing closable

--- author  (refill to the queue depth)
    filed 0

feed complete: push-work=ok land=ok close-done=ok author=ok
the loop lock is held by heal (3 min) - standing down; it feeds too

--- push-work  (a branch nobody can see cannot be closed against)
    every branch with work is already on the remote

--- land  (put accepted work into the branch)
    0 accepted branch(es) landed

--- close-done  (an open accepted issue holds its boundary)
    nothing closable

--- author  (refill to the queue depth)
    filed 0

feed complete: push-work=ok land=ok close-done=ok author=ok

--- push-work  (a branch nobody can see cannot be closed against)
    every branch with work is already on the remote

--- land  (put accepted work into the branch)
    0 accepted branch(es) landed

--- close-done  (an open accepted issue holds its boundary)
    nothing closable

--- author  (refill to the queue depth)
    filed 0

feed complete: push-work=ok land=ok close-done=ok author=ok
the loop lock is held by heal (0 min) - standing down; it feeds too
the loop lock is held by heal (5 min) - standing down; it feeds too

--- push-work  (a branch nobody can see cannot be closed against)
    every branch with work is already on the remote

--- land  (put accepted work into the branch)
    0 accepted branch(es) landed

--- close-done  (an open accepted issue holds its boundary)
    nothing closable

--- author  (refill to the queue depth)
    filed 0

feed complete: push-work=ok land=ok close-done=ok author=ok

--- push-work  (a branch nobody can see cannot be closed against)
    every branch with work is already on the remote

--- land  (put accepted work into the branch)
    0 accepted branch(es) landed

--- close-done  (an open accepted issue holds its boundary)
    nothing closable

--- author  (refill to the queue depth)
    filed 0

feed complete: push-work=ok land=ok close-done=ok author=ok
the loop lock is held by heal (2 min) - standing down; it feeds too
the loop lock is held by heal (7 min) - standing down; it feeds too

--- push-work  (a branch nobody can see cannot be closed against)
    every branch with work is already on the remote

--- land  (put accepted work into the branch)
    0 accepted branch(es) landed

--- close-done  (an open accepted issue holds its boundary)
    nothing closable

--- author  (refill to the queue depth)
    filed 0

feed complete: push-work=ok land=ok close-done=ok author=ok

--- push-work  (a branch nobody can see cannot be closed against)
    every branch with work is already on the remote

--- land  (put accepted work into the branch)
    0 accepted branch(es) landed

--- close-done  (an open accepted issue holds its boundary)
    nothing closable

--- author  (refill to the queue depth)
    filed 0

feed complete: push-work=ok land=ok close-done=ok author=ok
the loop lock is held by heal (4 min) - standing down; it feeds too

--- push-work  (a branch nobody can see cannot be closed against)
    every branch with work is already on the remote

--- land  (put accepted work into the branch)
    0 accepted branch(es) landed

--- close-done  (an open accepted issue holds its boundary)
    nothing closable

--- author  (refill to the queue depth)
    filed 0

feed complete: push-work=ok land=ok close-done=ok author=ok

--- push-work  (a branch nobody can see cannot be closed against)
    every branch with work is already on the remote

--- land  (put accepted work into the branch)
    0 accepted branch(es) landed

--- close-done  (an open accepted issue holds its boundary)
    nothing closable

--- author  (refill to the queue depth)
    filed 0

feed complete: push-work=ok land=ok close-done=ok author=ok
the loop lock is held by heal (1 min) - standing down; it feeds too
the loop lock is held by heal (6 min) - standing down; it feeds too

--- push-work  (a branch nobody can see cannot be closed against)
    timed out part-way - what it did before that stands:   transport: out of time - a 30s wait would pass the 240s budget, stopping after 2 attempt

--- land  (put accepted work into the branch)
    SKIPPED - past the 8 minute deadline

--- close-done  (an open accepted issue holds its boundary)
    SKIPPED - past the 8 minute deadline

--- author  (refill to the queue depth)
    SKIPPED - past the 8 minute deadline

feed complete: push-work=timed out land=skipped close-done=skipped author=skipped

--- push-work  (a branch nobody can see cannot be closed against)
    timed out part-way - what it did before that stands:   transport: out of time - a 15s wait would pass the 240s budget, stopping after 1 attempt

--- land  (put accepted work into the branch)
    SKIPPED - past the 8 minute deadline

--- close-done  (an open accepted issue holds its boundary)
    SKIPPED - past the 8 minute deadline

--- author  (refill to the queue depth)
    SKIPPED - past the 8 minute deadline

feed complete: push-work=timed out land=skipped close-done=skipped author=skipped
the loop lock is held by heal (5 min) - standing down; it feeds too

--- push-work  (a branch nobody can see cannot be closed against)
    timed out part-way - what it did before that stands:   transport: out of time - a 30s wait would pass the 240s budget, stopping after 2 attempt

--- land  (put accepted work into the branch)
    SKIPPED - past the 8 minute deadline

--- close-done  (an open accepted issue holds its boundary)
    SKIPPED - past the 8 minute deadline

--- author  (refill to the queue depth)
    SKIPPED - past the 8 minute deadline

feed complete: push-work=timed out land=skipped close-done=skipped author=skipped

--- push-work  (a branch nobody can see cannot be closed against)
    timed out part-way - what it did before that stands:   transport: out of time - a 15s wait would pass the 240s budget, stopping after 1 attempt

--- land  (put accepted work into the branch)
    SKIPPED - past the 8 minute deadline

--- close-done  (an open accepted issue holds its boundary)
    SKIPPED - past the 8 minute deadline

--- author  (refill to the queue depth)
    SKIPPED - past the 8 minute deadline

feed complete: push-work=timed out land=skipped close-done=skipped author=skipped
the loop lock is held by heal (2 min) - standing down; it feeds too
the loop lock is held by heal (7 min) - standing down; it feeds too

--- push-work  (a branch nobody can see cannot be closed against)
    every branch with work is already on the remote

--- land  (put accepted work into the branch)
    0 accepted branch(es) landed

--- close-done  (an open accepted issue holds its boundary)
    nothing closable

--- author  (refill to the queue depth)
    filed 0

feed complete: push-work=ok land=ok close-done=ok author=ok

--- push-work  (a branch nobody can see cannot be closed against)
    every branch with work is already on the remote

--- land  (put accepted work into the branch)
    0 accepted branch(es) landed

--- close-done  (an open accepted issue holds its boundary)
    nothing closable

--- author  (refill to the queue depth)
    filed 0

feed complete: push-work=ok land=ok close-done=ok author=ok
the loop lock is held by heal (5 min) - standing down; it feeds too

--- push-work  (a branch nobody can see cannot be closed against)
    every branch with work is already on the remote

--- land  (put accepted work into the branch)
    0 accepted branch(es) landed

--- close-done  (an open accepted issue holds its boundary)
    nothing closable

--- author  (refill to the queue depth)
    filed 0

feed complete: push-work=ok land=ok close-done=ok author=ok

--- push-work  (a branch nobody can see cannot be closed against)
    every branch with work is already on the remote

--- land  (put accepted work into the branch)
    0 accepted branch(es) landed

--- close-done  (an open accepted issue holds its boundary)
    nothing closable

--- author  (refill to the queue depth)
    filed 0

feed complete: push-work=ok land=ok close-done=ok author=ok
the loop lock is held by heal (4 min) - standing down; it feeds too

--- push-work  (a branch nobody can see cannot be closed against)
    every branch with work is already on the remote

--- land  (put accepted work into the branch)
    timed out part-way - what it did before that stands: 0 accepted branch(es) landed

--- close-done  (an open accepted issue holds its boundary)
    SKIPPED - past the 8 minute deadline

--- author  (refill to the queue depth)
    SKIPPED - past the 8 minute deadline

feed complete: push-work=ok land=timed out close-done=skipped author=skipped

--- push-work  (a branch nobody can see cannot be closed against)
    every branch with work is already on the remote

--- land  (put accepted work into the branch)
    0 accepted branch(es) landed

--- close-done  (an open accepted issue holds its boundary)
    nothing closable

--- author  (refill to the queue depth)
    filed 0

feed complete: push-work=ok land=ok close-done=ok author=ok
the loop lock is held by heal (2 min) - standing down; it feeds too
the loop lock is held by heal (7 min) - standing down; it feeds too

--- push-work  (a branch nobody can see cannot be closed against)
    every branch with work is already on the remote

--- land  (put accepted work into the branch)
    0 accepted branch(es) landed

--- close-done  (an open accepted issue holds its boundary)
    nothing closable

--- author  (refill to the queue depth)
    filed 0

feed complete: push-work=ok land=ok close-done=ok author=ok

--- push-work  (a branch nobody can see cannot be closed against)
    every branch with work is already on the remote

--- land  (put accepted work into the branch)
    0 accepted branch(es) landed

--- close-done  (an open accepted issue holds its boundary)
    nothing closable

--- author  (refill to the queue depth)
    filed 0

feed complete: push-work=ok land=ok close-done=ok author=ok
the loop lock is held by heal (4 min) - standing down; it feeds too

--- push-work  (a branch nobody can see cannot be closed against)
    every branch with work is already on the remote

--- land  (put accepted work into the branch)
    0 accepted branch(es) landed

--- close-done  (an open accepted issue holds its boundary)
    nothing closable

--- author  (refill to the queue depth)
    filed 0

feed complete: push-work=ok land=ok close-done=ok author=ok

--- push-work  (a branch nobody can see cannot be closed against)
    every branch with work is already on the remote

--- land  (put accepted work into the branch)
    0 accepted branch(es) landed

--- close-done  (an open accepted issue holds its boundary)
    nothing closable

--- author  (refill to the queue depth)
    filed 0

feed complete: push-work=ok land=ok close-done=ok author=ok
the loop lock is held by heal (1 min) - standing down; it feeds too
the loop lock is held by heal (6 min) - standing down; it feeds too

--- push-work  (a branch nobody can see cannot be closed against)
    every branch with work is already on the remote

--- land  (put accepted work into the branch)
    0 accepted branch(es) landed

--- close-done  (an open accepted issue holds its boundary)
    nothing closable

--- author  (refill to the queue depth)
    filed 0

feed complete: push-work=ok land=ok close-done=ok author=ok

--- push-work  (a branch nobody can see cannot be closed against)
    every branch with work is already on the remote

--- land  (put accepted work into the branch)
    0 accepted branch(es) landed

--- close-done  (an open accepted issue holds its boundary)
    nothing closable

--- author  (refill to the queue depth)
    filed 0

feed complete: push-work=ok land=ok close-done=ok author=ok
the loop lock is held by heal (3 min) - standing down; it feeds too

--- push-work  (a branch nobody can see cannot be closed against)
    every branch with work is already on the remote

--- land  (put accepted work into the branch)
    0 accepted branch(es) landed

--- close-done  (an open accepted issue holds its boundary)
    nothing closable

--- author  (refill to the queue depth)
    filed 0

feed complete: push-work=ok land=ok close-done=ok author=ok

--- push-work  (a branch nobody can see cannot be closed against)
    every branch with work is already on the remote

--- land  (put accepted work into the branch)
    0 accepted branch(es) landed

--- close-done  (an open accepted issue holds its boundary)
    nothing closable

--- author  (refill to the queue depth)
    filed 0

feed complete: push-work=ok land=ok close-done=ok author=ok

--- push-work  (a branch nobody can see cannot be closed against)
    every branch with work is already on the remote

--- land  (put accepted work into the branch)
    0 accepted branch(es) landed

--- close-done  (an open accepted issue holds its boundary)
    nothing closable

--- author  (refill to the queue depth)
    filed 0

feed complete: push-work=ok land=ok close-done=ok author=ok

--- push-work  (a branch nobody can see cannot be closed against)
    every branch with work is already on the remote

--- land  (put accepted work into the branch)
    0 accepted branch(es) landed

--- close-done  (an open accepted issue holds its boundary)
    nothing closable

--- author  (refill to the queue depth)
    filed 0

feed complete: push-work=ok land=ok close-done=ok author=ok
the loop lock is held by heal (5 min) - standing down; it feeds too

--- push-work  (a branch nobody can see cannot be closed against)
    every branch with work is already on the remote

--- land  (put accepted work into the branch)
    0 accepted branch(es) landed

--- close-done  (an open accepted issue holds its boundary)
    nothing closable

--- author  (refill to the queue depth)
    filed 0

feed complete: push-work=ok land=ok close-done=ok author=ok

--- push-work  (a branch nobody can see cannot be closed against)
    every branch with work is already on the remote

--- land  (put accepted work into the branch)
    0 accepted branch(es) landed

--- close-done  (an open accepted issue holds its boundary)
    nothing closable

--- author  (refill to the queue depth)
    filed 0

feed complete: push-work=ok land=ok close-done=ok author=ok
the loop lock is held by heal (3 min) - standing down; it feeds too
the loop lock is held by heal (8 min) - standing down; it feeds too

--- push-work  (a branch nobody can see cannot be closed against)
    every branch with work is already on the remote

--- land  (put accepted work into the branch)
    0 accepted branch(es) landed

--- close-done  (an open accepted issue holds its boundary)
    nothing closable

--- author  (refill to the queue depth)
    filed 0

feed complete: push-work=ok land=ok close-done=ok author=ok

--- push-work  (a branch nobody can see cannot be closed against)
    every branch with work is already on the remote

--- land  (put accepted work into the branch)
    0 accepted branch(es) landed

--- close-done  (an open accepted issue holds its boundary)
    nothing closable

--- author  (refill to the queue depth)
    filed 0

feed complete: push-work=ok land=ok close-done=ok author=ok

--- push-work  (a branch nobody can see cannot be closed against)
    every branch with work is already on the remote

--- land  (put accepted work into the branch)
    0 accepted branch(es) landed

--- close-done  (an open accepted issue holds its boundary)
    nothing closable

--- author  (refill to the queue depth)
    filed 0

feed complete: push-work=ok land=ok close-done=ok author=ok
the loop lock is held by heal (3 min) - standing down; it feeds too
the loop lock is held by heal (8 min) - standing down; it feeds too

--- push-work  (a branch nobody can see cannot be closed against)
    every branch with work is already on the remote

--- land  (put accepted work into the branch)
    0 accepted branch(es) landed

--- close-done  (an open accepted issue holds its boundary)
    nothing closable

--- author  (refill to the queue depth)
    filed 0

feed complete: push-work=ok land=ok close-done=ok author=ok

--- push-work  (a branch nobody can see cannot be closed against)
    every branch with work is already on the remote

--- land  (put accepted work into the branch)
    0 accepted branch(es) landed

--- close-done  (an open accepted issue holds its boundary)
    nothing closable

--- author  (refill to the queue depth)
    filed 0

feed complete: push-work=ok land=ok close-done=ok author=ok

--- push-work  (a branch nobody can see cannot be closed against)
    every branch with work is already on the remote

--- land  (put accepted work into the branch)
    0 accepted branch(es) landed

--- close-done  (an open accepted issue holds its boundary)
    nothing closable

--- author  (refill to the queue depth)
    filed 0

feed complete: push-work=ok land=ok close-done=ok author=ok
the loop lock is held by heal (4 min) - standing down; it feeds too

--- push-work  (a branch nobody can see cannot be closed against)
    every branch with work is already on the remote

--- land  (put accepted work into the branch)
    0 accepted branch(es) landed

--- close-done  (an open accepted issue holds its boundary)
    nothing closable

--- author  (refill to the queue depth)
    filed 0

feed complete: push-work=ok land=ok close-done=ok author=ok

--- push-work  (a branch nobody can see cannot be closed against)
    every branch with work is already on the remote

--- land  (put accepted work into the branch)
    0 accepted branch(es) landed

--- close-done  (an open accepted issue holds its boundary)
    nothing closable

--- author  (refill to the queue depth)
    filed 0

feed complete: push-work=ok land=ok close-done=ok author=ok
the loop lock is held by heal (3 min) - standing down; it feeds too
the loop lock is held by heal (8 min) - standing down; it feeds too

--- push-work  (a branch nobody can see cannot be closed against)
    every branch with work is already on the remote

--- land  (put accepted work into the branch)
    0 accepted branch(es) landed

--- close-done  (an open accepted issue holds its boundary)
    nothing closable

--- author  (refill to the queue depth)
    filed 0

feed complete: push-work=ok land=ok close-done=ok author=ok

--- push-work  (a branch nobody can see cannot be closed against)
    every branch with work is already on the remote

--- land  (put accepted work into the branch)
    0 accepted branch(es) landed

--- close-done  (an open accepted issue holds its boundary)
    nothing closable

--- author  (refill to the queue depth)
    filed 0

feed complete: push-work=ok land=ok close-done=ok author=ok

--- push-work  (a branch nobody can see cannot be closed against)
    every branch with work is already on the remote

--- land  (put accepted work into the branch)
    0 accepted branch(es) landed

--- close-done  (an open accepted issue holds its boundary)
    nothing closable

--- author  (refill to the queue depth)
    filed 0

feed complete: push-work=ok land=ok close-done=ok author=ok
the loop lock is held by heal (4 min) - standing down; it feeds too

--- push-work  (a branch nobody can see cannot be closed against)
    every branch with work is already on the remote

--- land  (put accepted work into the branch)
    0 accepted branch(es) landed

--- close-done  (an open accepted issue holds its boundary)
    nothing closable

--- author  (refill to the queue depth)
    filed 0

feed complete: push-work=ok land=ok close-done=ok author=ok

--- push-work  (a branch nobody can see cannot be closed against)
    every branch with work is already on the remote

--- land  (put accepted work into the branch)
    0 accepted branch(es) landed

--- close-done  (an open accepted issue holds its boundary)
    nothing closable

--- author  (refill to the queue depth)
    filed 0

feed complete: push-work=ok land=ok close-done=ok author=ok
the loop lock is held by heal (1 min) - standing down; it feeds too
the loop lock is held by heal (6 min) - standing down; it feeds too

--- push-work  (a branch nobody can see cannot be closed against)
    every branch with work is already on the remote

--- land  (put accepted work into the branch)
    0 accepted branch(es) landed

--- close-done  (an open accepted issue holds its boundary)
    nothing closable

--- author  (refill to the queue depth)
    filed 0

feed complete: push-work=ok land=ok close-done=ok author=ok

--- push-work  (a branch nobody can see cannot be closed against)
    every branch with work is already on the remote

--- land  (put accepted work into the branch)
    0 accepted branch(es) landed

--- close-done  (an open accepted issue holds its boundary)
    nothing closable

--- author  (refill to the queue depth)
    filed 0

feed complete: push-work=ok land=ok close-done=ok author=ok
the loop lock is held by heal (2 min) - standing down; it feeds too
the loop lock is held by heal (7 min) - standing down; it feeds too

--- push-work  (a branch nobody can see cannot be closed against)
    every branch with work is already on the remote

--- land  (put accepted work into the branch)
    0 accepted branch(es) landed

--- close-done  (an open accepted issue holds its boundary)
    nothing closable

--- author  (refill to the queue depth)
    filed 0

feed complete: push-work=ok land=ok close-done=ok author=ok

--- push-work  (a branch nobody can see cannot be closed against)
    every branch with work is already on the remote

--- land  (put accepted work into the branch)
    0 accepted branch(es) landed

--- close-done  (an open accepted issue holds its boundary)
    nothing closable

--- author  (refill to the queue depth)
    filed 0

feed complete: push-work=ok land=ok close-done=ok author=ok
the loop lock is held by heal (4 min) - standing down; it feeds too

--- push-work  (a branch nobody can see cannot be closed against)
    every branch with work is already on the remote

--- land  (put accepted work into the branch)
    0 accepted branch(es) landed

--- close-done  (an open accepted issue holds its boundary)
    nothing closable

--- author  (refill to the queue depth)
    filed 0

feed complete: push-work=ok land=ok close-done=ok author=ok

--- push-work  (a branch nobody can see cannot be closed against)
    every branch with work is already on the remote

--- land  (put accepted work into the branch)
    0 accepted branch(es) landed

--- close-done  (an open accepted issue holds its boundary)
    nothing closable

--- author  (refill to the queue depth)
    filed 0

feed complete: push-work=ok land=ok close-done=ok author=ok
the loop lock is held by heal (3 min) - standing down; it feeds too

--- push-work  (a branch nobody can see cannot be closed against)
    every branch with work is already on the remote

--- land  (put accepted work into the branch)
    0 accepted branch(es) landed

--- close-done  (an open accepted issue holds its boundary)
    nothing closable

--- author  (refill to the queue depth)
    filed 0

feed complete: push-work=ok land=ok close-done=ok author=ok
the loop lock is held by heal (5 min) - standing down; it feeds too

--- push-work  (a branch nobody can see cannot be closed against)
    every branch with work is already on the remote

--- land  (put accepted work into the branch)
    0 accepted branch(es) landed

--- close-done  (an open accepted issue holds its boundary)
    nothing closable

--- author  (refill to the queue depth)
    filed 0

feed complete: push-work=ok land=ok close-done=ok author=ok

--- push-work  (a branch nobody can see cannot be closed against)
    every branch with work is already on the remote

--- land  (put accepted work into the branch)
    0 accepted branch(es) landed

--- close-done  (an open accepted issue holds its boundary)
    nothing closable

--- author  (refill to the queue depth)
    filed 0

feed complete: push-work=ok land=ok close-done=ok author=ok
the loop lock is held by heal (2 min) - standing down; it feeds too
the loop lock is held by heal (7 min) - standing down; it feeds too

--- push-work  (a branch nobody can see cannot be closed against)
    every branch with work is already on the remote

--- land  (put accepted work into the branch)
    0 accepted branch(es) landed

--- close-done  (an open accepted issue holds its boundary)
    nothing closable

--- author  (refill to the queue depth)
    filed 0

feed complete: push-work=ok land=ok close-done=ok author=ok

--- push-work  (a branch nobody can see cannot be closed against)
    every branch with work is already on the remote

--- land  (put accepted work into the branch)
    0 accepted branch(es) landed

--- close-done  (an open accepted issue holds its boundary)
    nothing closable

--- author  (refill to the queue depth)
    filed 0

feed complete: push-work=ok land=ok close-done=ok author=ok
the loop lock is held by heal (4 min) - standing down; it feeds too

--- push-work  (a branch nobody can see cannot be closed against)
    every branch with work is already on the remote

--- land  (put accepted work into the branch)
    0 accepted branch(es) landed

--- close-done  (an open accepted issue holds its boundary)
    nothing closable

--- author  (refill to the queue depth)
    filed 0

feed complete: push-work=ok land=ok close-done=ok author=ok

--- push-work  (a branch nobody can see cannot be closed against)
    every branch with work is already on the remote

--- land  (put accepted work into the branch)
    0 accepted branch(es) landed

--- close-done  (an open accepted issue holds its boundary)
    nothing closable

--- author  (refill to the queue depth)
    filed 0

feed complete: push-work=ok land=ok close-done=ok author=ok
the loop lock is held by heal (3 min) - standing down; it feeds too
the loop lock is held by heal (8 min) - standing down; it feeds too

--- push-work  (a branch nobody can see cannot be closed against)
    every branch with work is already on the remote

--- land  (put accepted work into the branch)
    0 accepted branch(es) landed

--- close-done  (an open accepted issue holds its boundary)
    nothing closable

--- author  (refill to the queue depth)
    filed 0

feed complete: push-work=ok land=ok close-done=ok author=ok

--- push-work  (a branch nobody can see cannot be closed against)
    every branch with work is already on the remote

--- land  (put accepted work into the branch)
    0 accepted branch(es) landed

--- close-done  (an open accepted issue holds its boundary)
    nothing closable

--- author  (refill to the queue depth)
    filed 0

feed complete: push-work=ok land=ok close-done=ok author=ok
the loop lock is held by heal (5 min) - standing down; it feeds too

--- push-work  (a branch nobody can see cannot be closed against)
    every branch with work is already on the remote

--- land  (put accepted work into the branch)
    0 accepted branch(es) landed

--- close-done  (an open accepted issue holds its boundary)
    nothing closable

--- author  (refill to the queue depth)
    filed 0

feed complete: push-work=ok land=ok close-done=ok author=ok

--- push-work  (a branch nobody can see cannot be closed against)
    every branch with work is already on the remote

--- land  (put accepted work into the branch)
    0 accepted branch(es) landed

--- close-done  (an open accepted issue holds its boundary)
    nothing closable

--- author  (refill to the queue depth)
    filed 0

feed complete: push-work=ok land=ok close-done=ok author=ok
the loop lock is held by heal (2 min) - standing down; it feeds too
the loop lock is held by heal (7 min) - standing down; it feeds too

--- push-work  (a branch nobody can see cannot be closed against)
    every branch with work is already on the remote

--- land  (put accepted work into the branch)
    0 accepted branch(es) landed

--- close-done  (an open accepted issue holds its boundary)
    nothing closable

--- author  (refill to the queue depth)
    filed 0

feed complete: push-work=ok land=ok close-done=ok author=ok

--- push-work  (a branch nobody can see cannot be closed against)
    every branch with work is already on the remote

--- land  (put accepted work into the branch)
    0 accepted branch(es) landed

--- close-done  (an open accepted issue holds its boundary)
    nothing closable

--- author  (refill to the queue depth)
    filed 0

feed complete: push-work=ok land=ok close-done=ok author=ok

--- push-work  (a branch nobody can see cannot be closed against)
    every branch with work is already on the remote

--- land  (put accepted work into the branch)
    0 accepted branch(es) landed

--- close-done  (an open accepted issue holds its boundary)
    nothing closable

--- author  (refill to the queue depth)
    filed 0

feed complete: push-work=ok land=ok close-done=ok author=ok
the loop lock is held by heal (1 min) - standing down; it feeds too
the loop lock is held by heal (6 min) - standing down; it feeds too

--- push-work  (a branch nobody can see cannot be closed against)
    every branch with work is already on the remote

--- land  (put accepted work into the branch)
    0 accepted branch(es) landed

--- close-done  (an open accepted issue holds its boundary)
    nothing closable

--- author  (refill to the queue depth)
    filed 0

feed complete: push-work=ok land=ok close-done=ok author=ok
the loop lock is held by cycle (1 min) - standing down; it feeds too
the loop lock is held by heal (1 min) - standing down; it feeds too
the loop lock is held by heal (6 min) - standing down; it feeds too
2026-09-12T16:56:19.710Z feed start

--- push-work  (a branch nobody can see cannot be closed against)
    every branch with work is already on the remote

--- land  (put accepted work into the branch)
    0 accepted branch(es) landed

--- close-done  (an open accepted issue holds its boundary)
    nothing closable

--- author  (refill to the queue depth)
    REFUSED to file - nobody is draining the backlog

feed complete: push-work=ok land=ok close-done=ok author=ok
2026-09-12T17:03:36.553Z feed start
the loop lock is held by heal (2 min) - standing down; it feeds too
2026-09-12T17:08:36.779Z feed start
the loop lock is held by heal (7 min) - standing down; it feeds too
2026-09-12T17:13:39.622Z feed start

--- push-work  (a branch nobody can see cannot be closed against)
    every branch with work is already on the remote

--- land  (put accepted work into the branch)
    0 accepted branch(es) landed

--- close-done  (an open accepted issue holds its boundary)
    nothing closable

--- author  (refill to the queue depth)
    REFUSED to file - nobody is draining the backlog

feed complete: push-work=ok land=ok close-done=ok author=ok
2026-09-12T17:21:55.385Z feed start

--- push-work  (a branch nobody can see cannot be closed against)
    every branch with work is already on the remote

--- land  (put accepted work into the branch)
    0 accepted branch(es) landed

--- close-done  (an open accepted issue holds its boundary)
    nothing closable

--- author  (refill to the queue depth)
    REFUSED to file - nobody is draining the backlog

feed complete: push-work=ok land=ok close-done=ok author=ok
2026-09-12T17:33:43.184Z feed start

--- push-work  (a branch nobody can see cannot be closed against)
    every branch with work is already on the remote

--- land  (put accepted work into the branch)
    0 accepted branch(es) landed

--- close-done  (an open accepted issue holds its boundary)
    nothing closable

--- author  (refill to the queue depth)
    REFUSED to file - nobody is draining the backlog

feed complete: push-work=ok land=ok close-done=ok author=ok
2026-09-12T17:41:58.769Z feed start

--- push-work  (a branch nobody can see cannot be closed against)
    every branch with work is already on the remote

--- land  (put accepted work into the branch)
    0 accepted branch(es) landed

--- close-done  (an open accepted issue holds its boundary)
    nothing closable

--- author  (refill to the queue depth)
    REFUSED to file - nobody is draining the backlog

feed complete: push-work=ok land=ok close-done=ok author=ok
2026-09-12T17:51:36.551Z feed start

--- push-work  (a branch nobody can see cannot be closed against)
    every branch with work is already on the remote

--- land  (put accepted work into the branch)
    0 accepted branch(es) landed

--- close-done  (an open accepted issue holds its boundary)
    nothing closable

--- author  (refill to the queue depth)
    REFUSED to file - nobody is draining the backlog

feed complete: push-work=ok land=ok close-done=ok author=ok
2026-09-12T17:59:45.331Z feed start

--- push-work  (a branch nobody can see cannot be closed against)
    every branch with work is already on the remote

--- land  (put accepted work into the branch)
    0 accepted branch(es) landed

--- close-done  (an open accepted issue holds its boundary)
    nothing closable

--- author  (refill to the queue depth)
    REFUSED to file - nobody is draining the backlog

feed complete: push-work=ok land=ok close-done=ok author=ok
2026-09-12T18:07:33.925Z feed start
the loop lock is held by heal (4 min) - standing down; it feeds too
2026-09-12T18:12:34.249Z feed start

--- push-work  (a branch nobody can see cannot be closed against)
    every branch with work is already on the remote

--- land  (put accepted work into the branch)
    0 accepted branch(es) landed

--- close-done  (an open accepted issue holds its boundary)
    nothing closable

--- author  (refill to the queue depth)
    REFUSED to file - nobody is draining the backlog

feed complete: push-work=ok land=ok close-done=ok author=ok
2026-09-12T18:20:33.607Z feed start

--- push-work  (a branch nobody can see cannot be closed against)
    every branch with work is already on the remote

--- land  (put accepted work into the branch)
    0 accepted branch(es) landed

--- close-done  (an open accepted issue holds its boundary)
    nothing closable

--- author  (refill to the queue depth)
    REFUSED to file - nobody is draining the backlog

feed complete: push-work=ok land=ok close-done=ok author=ok
2026-09-12T18:28:27.610Z feed start
the loop lock is held by heal (2 min) - standing down; it feeds too
2026-09-12T18:33:27.880Z feed start
the loop lock is held by heal (7 min) - standing down; it feeds too
2026-09-12T18:38:28.195Z feed start

--- push-work  (a branch nobody can see cannot be closed against)
    every branch with work is already on the remote

--- land  (put accepted work into the branch)
    0 accepted branch(es) landed

--- close-done  (an open accepted issue holds its boundary)
    nothing closable

--- author  (refill to the queue depth)
    REFUSED to file - nobody is draining the backlog

feed complete: push-work=ok land=ok close-done=ok author=ok
2026-09-12T18:46:22.651Z feed start

--- push-work  (a branch nobody can see cannot be closed against)
    every branch with work is already on the remote

--- land  (put accepted work into the branch)
    0 accepted branch(es) landed

--- close-done  (an open accepted issue holds its boundary)
    nothing closable

--- author  (refill to the queue depth)
    REFUSED to file - nobody is draining the backlog

feed complete: push-work=ok land=ok close-done=ok author=ok
2026-09-12T18:54:18.081Z feed start

--- push-work  (a branch nobody can see cannot be closed against)
    every branch with work is already on the remote

--- land  (put accepted work into the branch)
    0 accepted branch(es) landed

--- close-done  (an open accepted issue holds its boundary)
    nothing closable

--- author  (refill to the queue depth)
    REFUSED to file - nobody is draining the backlog

feed complete: push-work=ok land=ok close-done=ok author=ok
2026-09-12T19:02:14.704Z feed start
the loop lock is held by heal (3 min) - standing down; it feeds too
2026-09-12T19:07:15.010Z feed start

--- push-work  (a branch nobody can see cannot be closed against)
    every branch with work is already on the remote

--- land  (put accepted work into the branch)
    0 accepted branch(es) landed

--- close-done  (an open accepted issue holds its boundary)
    nothing closable

--- author  (refill to the queue depth)
    REFUSED to file - nobody is draining the backlog

feed complete: push-work=ok land=ok close-done=ok author=ok
2026-09-12T19:15:18.477Z feed start

--- push-work  (a branch nobody can see cannot be closed against)
    every branch with work is already on the remote

--- land  (put accepted work into the branch)
    0 accepted branch(es) landed

--- close-done  (an open accepted issue holds its boundary)
    nothing closable

--- author  (refill to the queue depth)
    REFUSED to file - nobody is draining the backlog

feed complete: push-work=ok land=ok close-done=ok author=ok
2026-09-12T19:23:19.682Z feed start
the loop lock is held by heal (1 min) - standing down; it feeds too
2026-09-12T19:28:19.987Z feed start
the loop lock is held by heal (6 min) - standing down; it feeds too
2026-09-12T19:33:20.284Z feed start

--- push-work  (a branch nobody can see cannot be closed against)
    every branch with work is already on the remote

--- land  (put accepted work into the branch)
    0 accepted branch(es) landed

--- close-done  (an open accepted issue holds its boundary)
    nothing closable

--- author  (refill to the queue depth)
    REFUSED to file - nobody is draining the backlog

feed complete: push-work=ok land=ok close-done=ok author=ok
2026-09-12T19:41:21.404Z feed start

--- push-work  (a branch nobody can see cannot be closed against)
    every branch with work is already on the remote

--- land  (put accepted work into the branch)
    0 accepted branch(es) landed

--- close-done  (an open accepted issue holds its boundary)
    nothing closable

--- author  (refill to the queue depth)
    REFUSED to file - nobody is draining the backlog

feed complete: push-work=ok land=ok close-done=ok author=ok
2026-09-12T19:49:20.403Z feed start
the loop lock is held by heal (4 min) - standing down; it feeds too
2026-09-12T19:54:20.791Z feed start

--- push-work  (a branch nobody can see cannot be closed against)
    every branch with work is already on the remote

--- land  (put accepted work into the branch)
    0 accepted branch(es) landed

--- close-done  (an open accepted issue holds its boundary)
    nothing closable

--- author  (refill to the queue depth)
    REFUSED to file - nobody is draining the backlog

feed complete: push-work=ok land=ok close-done=ok author=ok
2026-09-12T20:02:30.456Z feed start

--- push-work  (a branch nobody can see cannot be closed against)
    every branch with work is already on the remote

--- land  (put accepted work into the branch)
    0 accepted branch(es) landed

--- close-done  (an open accepted issue holds its boundary)
    nothing closable

--- author  (refill to the queue depth)
    REFUSED to file - nobody is draining the backlog

feed complete: push-work=ok land=ok close-done=ok author=ok
2026-09-12T20:11:49.400Z feed start
the loop lock is held by heal (4 min) - standing down; it feeds too
2026-09-12T20:16:49.727Z feed start

--- push-work  (a branch nobody can see cannot be closed against)
    every branch with work is already on the remote

--- land  (put accepted work into the branch)
    0 accepted branch(es) landed

--- close-done  (an open accepted issue holds its boundary)
    nothing closable

--- author  (refill to the queue depth)
    REFUSED to file - nobody is draining the backlog

feed complete: push-work=ok land=ok close-done=ok author=ok
2026-09-12T20:24:54.104Z feed start

--- push-work  (a branch nobody can see cannot be closed against)
    every branch with work is already on the remote

--- land  (put accepted work into the branch)
    0 accepted branch(es) landed

--- close-done  (an open accepted issue holds its boundary)
    nothing closable

--- author  (refill to the queue depth)
    REFUSED to file - nobody is draining the backlog

feed complete: push-work=ok land=ok close-done=ok author=ok
2026-09-12T20:32:54.745Z feed start
the loop lock is held by heal (2 min) - standing down; it feeds too
2026-09-12T20:37:55.519Z feed start
the loop lock is held by heal (7 min) - standing down; it feeds too
2026-09-12T20:42:56.079Z feed start

--- push-work  (a branch nobody can see cannot be closed against)
    every branch with work is already on the remote

--- land  (put accepted work into the branch)
    0 accepted branch(es) landed

--- close-done  (an open accepted issue holds its boundary)
    nothing closable

--- author  (refill to the queue depth)
    REFUSED to file - nobody is draining the backlog

feed complete: push-work=ok land=ok close-done=ok author=ok
2026-09-12T20:51:51.381Z feed start

--- push-work  (a branch nobody can see cannot be closed against)
    every branch with work is already on the remote

--- land  (put accepted work into the branch)
    0 accepted branch(es) landed

--- close-done  (an open accepted issue holds its boundary)
    nothing closable

--- author  (refill to the queue depth)
    REFUSED to file - nobody is draining the backlog

feed complete: push-work=ok land=ok close-done=ok author=ok
2026-09-12T20:59:59.935Z feed start

--- push-work  (a branch nobody can see cannot be closed against)
    every branch with work is already on the remote

--- land  (put accepted work into the branch)
    0 accepted branch(es) landed

--- close-done  (an open accepted issue holds its boundary)
    nothing closable

--- author  (refill to the queue depth)
    REFUSED to file - nobody is draining the backlog

feed complete: push-work=ok land=ok close-done=ok author=ok
2026-09-12T21:09:05.452Z feed start

--- push-work  (a branch nobody can see cannot be closed against)
    every branch with work is already on the remote

--- land  (put accepted work into the branch)
    EMPTY-HANDED - 2 branch(es) are landable and none could be put in a batch - they conflict; it reported: 0 accepted branch(es) landed
      REFUSED - ALL 2 remaining branch(es) conflict. Nothing here can be landed by merging.

--- close-done  (an open accepted issue holds its boundary)
    nothing closable

--- author  (refill to the queue depth)
    REFUSED to file - nobody is draining the backlog

feed complete: push-work=ok land=empty-handed close-done=ok author=ok
  EMPTY-HANDED  land: 2 branch(es) are landable and none could be put in a batch - they conflict
      REFUSED - ALL 2 remaining branch(es) conflict. Nothing here can be landed by merging.
2026-09-12T21:17:50.790Z feed start
the loop lock is held by heal (4 min) - standing down; it feeds too
2026-09-12T21:22:51.261Z feed start
the loop lock is held by heal (1 min) - standing down; it feeds too
2026-09-12T21:27:51.612Z feed start

--- push-work  (a branch nobody can see cannot be closed against)
    pushed 0
      REFUSED - 45 branch(es) in /workspace/t27 hold work that is on no remote, and this tool is not authorised to push there.

--- land  (put accepted work into the branch)
    EMPTY-HANDED - 2 branch(es) are landable and none could be put in a batch - they conflict; it reported: 0 accepted branch(es) landed
      REFUSED - ALL 2 remaining branch(es) conflict. Nothing here can be landed by merging.

--- close-done  (an open accepted issue holds its boundary)
    nothing closable

--- author  (refill to the queue depth)
    REFUSED to file - nobody is draining the backlog

feed complete: push-work=ok land=empty-handed close-done=ok author=ok
  EMPTY-HANDED  land: 2 branch(es) are landable and none could be put in a batch - they conflict
      REFUSED - ALL 2 remaining branch(es) conflict. Nothing here can be landed by merging.
2026-09-12T21:36:33.240Z feed start
the loop lock is held by heal (1 min) - standing down; it feeds too
2026-09-12T21:41:33.532Z feed start
the loop lock is held by heal (6 min) - standing down; it feeds too
2026-09-12T21:46:33.786Z feed start

--- push-work  (a branch nobody can see cannot be closed against)
    pushed 0
      REFUSED - 45 branch(es) in /workspace/t27 hold work that is on no remote, and this tool is not authorised to push there.

--- land  (put accepted work into the branch)
    EMPTY-HANDED - 2 branch(es) are landable and none could be put in a batch - they conflict; it reported: 0 accepted branch(es) landed
      REFUSED - ALL 2 remaining branch(es) conflict. Nothing here can be landed by merging.

--- close-done  (an open accepted issue holds its boundary)
    nothing closable

--- author  (refill to the queue depth)
    REFUSED to file - nobody is draining the backlog

feed complete: push-work=ok land=empty-handed close-done=ok author=ok
  EMPTY-HANDED  land: 2 branch(es) are landable and none could be put in a batch - they conflict
      REFUSED - ALL 2 remaining branch(es) conflict. Nothing here can be landed by merging.
2026-09-12T21:54:42.381Z feed start

--- push-work  (a branch nobody can see cannot be closed against)
    pushed 0
      REFUSED - 45 branch(es) in /workspace/t27 hold work that is on no remote, and this tool is not authorised to push there.

--- land  (put accepted work into the branch)
    EMPTY-HANDED - 2 branch(es) are landable and none could be put in a batch - they conflict; it reported: 0 accepted branch(es) landed
      REFUSED - ALL 2 remaining branch(es) conflict. Nothing here can be landed by merging.

--- close-done  (an open accepted issue holds its boundary)
    nothing closable

--- author  (refill to the queue depth)
    REFUSED to file - nobody is draining the backlog

feed complete: push-work=ok land=empty-handed close-done=ok author=ok
  EMPTY-HANDED  land: 2 branch(es) are landable and none could be put in a batch - they conflict
      REFUSED - ALL 2 remaining branch(es) conflict. Nothing here can be landed by merging.
2026-09-12T22:02:42.139Z feed start
the loop lock is held by heal (4 min) - standing down; it feeds too
2026-09-12T22:07:42.466Z feed start

--- push-work  (a branch nobody can see cannot be closed against)
    pushed 0
      REFUSED - 45 branch(es) in /workspace/t27 hold work that is on no remote, and this tool is not authorised to push there.

--- land  (put accepted work into the branch)
    EMPTY-HANDED - 2 branch(es) are landable and none could be put in a batch - they conflict; it reported: 0 accepted branch(es) landed
      REFUSED - ALL 2 remaining branch(es) conflict. Nothing here can be landed by merging.

--- close-done  (an open accepted issue holds its boundary)
    nothing closable

--- author  (refill to the queue depth)
    REFUSED to file - nobody is draining the backlog

feed complete: push-work=ok land=empty-handed close-done=ok author=ok
  EMPTY-HANDED  land: 2 branch(es) are landable and none could be put in a batch - they conflict
      REFUSED - ALL 2 remaining branch(es) conflict. Nothing here can be landed by merging.
2026-09-12T22:15:42.778Z feed start

--- push-work  (a branch nobody can see cannot be closed against)
    pushed 0
      REFUSED - 45 branch(es) in /workspace/t27 hold work that is on no remote, and this tool is not authorised to push there.

--- land  (put accepted work into the branch)
    EMPTY-HANDED - 2 branch(es) are landable and none could be put in a batch - they conflict; it reported: 0 accepted branch(es) landed
      REFUSED - ALL 2 remaining branch(es) conflict. Nothing here can be landed by merging.

--- close-done  (an open accepted issue holds its boundary)
    nothing closable

--- author  (refill to the queue depth)
    REFUSED to file - nobody is draining the backlog

feed complete: push-work=ok land=empty-handed close-done=ok author=ok
  EMPTY-HANDED  land: 2 branch(es) are landable and none could be put in a batch - they conflict
      REFUSED - ALL 2 remaining branch(es) conflict. Nothing here can be landed by merging.
2026-09-12T22:23:46.685Z feed start
the loop lock is held by heal (2 min) - standing down; it feeds too
2026-09-12T22:28:46.991Z feed start
the loop lock is held by heal (7 min) - standing down; it feeds too
2026-09-12T22:33:47.383Z feed start

--- push-work  (a branch nobody can see cannot be closed against)
    pushed 0
      REFUSED - 45 branch(es) in /workspace/t27 hold work that is on no remote, and this tool is not authorised to push there.

--- land  (put accepted work into the branch)
    EMPTY-HANDED - 2 branch(es) are landable and none could be put in a batch - they conflict; it reported: 0 accepted branch(es) landed
      REFUSED - ALL 2 remaining branch(es) conflict. Nothing here can be landed by merging.

--- close-done  (an open accepted issue holds its boundary)
    nothing closable

--- author  (refill to the queue depth)
    REFUSED to file - nobody is draining the backlog

feed complete: push-work=ok land=empty-handed close-done=ok author=ok
  EMPTY-HANDED  land: 2 branch(es) are landable and none could be put in a batch - they conflict
      REFUSED - ALL 2 remaining branch(es) conflict. Nothing here can be landed by merging.
2026-09-12T22:41:49.434Z feed start

--- push-work  (a branch nobody can see cannot be closed against)
    pushed 0
      REFUSED - 45 branch(es) in /workspace/t27 hold work that is on no remote, and this tool is not authorised to push there.

--- land  (put accepted work into the branch)
    EMPTY-HANDED - 2 branch(es) are landable and none could be put in a batch - they conflict; it reported: 0 accepted branch(es) landed
      REFUSED - ALL 2 remaining branch(es) conflict. Nothing here can be landed by merging.

--- close-done  (an open accepted issue holds its boundary)
    nothing closable

--- author  (refill to the queue depth)
    REFUSED to file - nobody is draining the backlog

feed complete: push-work=ok land=empty-handed close-done=ok author=ok
  EMPTY-HANDED  land: 2 branch(es) are landable and none could be put in a batch - they conflict
      REFUSED - ALL 2 remaining branch(es) conflict. Nothing here can be landed by merging.
2026-09-12T22:49:54.306Z feed start

--- push-work  (a branch nobody can see cannot be closed against)
    pushed 0
      REFUSED - 45 branch(es) in /workspace/t27 hold work that is on no remote, and this tool is not authorised to push there.

--- land  (put accepted work into the branch)
    EMPTY-HANDED - 2 branch(es) are landable and none could be put in a batch - they conflict; it reported: 0 accepted branch(es) landed
      REFUSED - ALL 2 remaining branch(es) conflict. Nothing here can be landed by merging.

--- close-done  (an open accepted issue holds its boundary)
    nothing closable

--- author  (refill to the queue depth)
    REFUSED to file - nobody is draining the backlog

feed complete: push-work=ok land=empty-handed close-done=ok author=ok
  EMPTY-HANDED  land: 2 branch(es) are landable and none could be put in a batch - they conflict
      REFUSED - ALL 2 remaining branch(es) conflict. Nothing here can be landed by merging.
2026-09-12T22:57:55.300Z feed start
the loop lock is held by heal (4 min) - standing down; it feeds too
2026-09-12T23:02:55.555Z feed start

--- push-work  (a branch nobody can see cannot be closed against)
    pushed 0
      REFUSED - 45 branch(es) in /workspace/t27 hold work that is on no remote, and this tool is not authorised to push there.

--- land  (put accepted work into the branch)
    EMPTY-HANDED - 2 branch(es) are landable and none could be put in a batch - they conflict; it reported: 0 accepted branch(es) landed
      REFUSED - ALL 2 remaining branch(es) conflict. Nothing here can be landed by merging.

--- close-done  (an open accepted issue holds its boundary)
    nothing closable

--- author  (refill to the queue depth)
    REFUSED to file - nobody is draining the backlog

feed complete: push-work=ok land=empty-handed close-done=ok author=ok
  EMPTY-HANDED  land: 2 branch(es) are landable and none could be put in a batch - they conflict
      REFUSED - ALL 2 remaining branch(es) conflict. Nothing here can be landed by merging.
2026-09-12T23:10:57.660Z feed start

--- push-work  (a branch nobody can see cannot be closed against)
    pushed 0
      REFUSED - 45 branch(es) in /workspace/t27 hold work that is on no remote, and this tool is not authorised to push there.

--- land  (put accepted work into the branch)
    EMPTY-HANDED - 2 branch(es) are landable and none could be put in a batch - they conflict; it reported: 0 accepted branch(es) landed
      REFUSED - ALL 2 remaining branch(es) conflict. Nothing here can be landed by merging.

--- close-done  (an open accepted issue holds its boundary)
    nothing closable

--- author  (refill to the queue depth)
    REFUSED to file - nobody is draining the backlog

feed complete: push-work=ok land=empty-handed close-done=ok author=ok
  EMPTY-HANDED  land: 2 branch(es) are landable and none could be put in a batch - they conflict
      REFUSED - ALL 2 remaining branch(es) conflict. Nothing here can be landed by merging.
2026-09-12T23:19:07.133Z feed start
the loop lock is held by heal (2 min) - standing down; it feeds too
2026-09-12T23:24:07.392Z feed start
the loop lock is held by heal (7 min) - standing down; it feeds too
2026-09-12T23:29:07.685Z feed start

--- push-work  (a branch nobody can see cannot be closed against)
    pushed 0
      REFUSED - 45 branch(es) in /workspace/t27 hold work that is on no remote, and this tool is not authorised to push there.

--- land  (put accepted work into the branch)
    EMPTY-HANDED - 2 branch(es) are landable and none could be put in a batch - they conflict; it reported: 0 accepted branch(es) landed
      REFUSED - ALL 2 remaining branch(es) conflict. Nothing here can be landed by merging.

--- close-done  (an open accepted issue holds its boundary)
    nothing closable

--- author  (refill to the queue depth)
    REFUSED to file - nobody is draining the backlog

feed complete: push-work=ok land=empty-handed close-done=ok author=ok
  EMPTY-HANDED  land: 2 branch(es) are landable and none could be put in a batch - they conflict
      REFUSED - ALL 2 remaining branch(es) conflict. Nothing here can be landed by merging.
2026-09-12T23:37:14.217Z feed start

--- push-work  (a branch nobody can see cannot be closed against)
    pushed 0
      REFUSED - 45 branch(es) in /workspace/t27 hold work that is on no remote, and this tool is not authorised to push there.

--- land  (put accepted work into the branch)
    EMPTY-HANDED - 2 branch(es) are landable and none could be put in a batch - they conflict; it reported: 0 accepted branch(es) landed
      REFUSED - ALL 2 remaining branch(es) conflict. Nothing here can be landed by merging.

--- close-done  (an open accepted issue holds its boundary)
    nothing closable

--- author  (refill to the queue depth)
    REFUSED to file - nobody is draining the backlog

feed complete: push-work=ok land=empty-handed close-done=ok author=ok
  EMPTY-HANDED  land: 2 branch(es) are landable and none could be put in a batch - they conflict
      REFUSED - ALL 2 remaining branch(es) conflict. Nothing here can be landed by merging.
2026-09-12T23:45:15.800Z feed start

--- push-work  (a branch nobody can see cannot be closed against)
    pushed 0
      REFUSED - 45 branch(es) in /workspace/t27 hold work that is on no remote, and this tool is not authorised to push there.

--- land  (put accepted work into the branch)
    EMPTY-HANDED - 2 branch(es) are landable and none could be put in a batch - they conflict; it reported: 0 accepted branch(es) landed
      REFUSED - ALL 2 remaining branch(es) conflict. Nothing here can be landed by merging.

--- close-done  (an open accepted issue holds its boundary)
    nothing closable

--- author  (refill to the queue depth)
    REFUSED to file - nobody is draining the backlog

feed complete: push-work=ok land=empty-handed close-done=ok author=ok
  EMPTY-HANDED  land: 2 branch(es) are landable and none could be put in a batch - they conflict
      REFUSED - ALL 2 remaining branch(es) conflict. Nothing here can be landed by merging.
2026-09-12T23:53:25.835Z feed start
the loop lock is held by heal (3 min) - standing down; it feeds too
2026-09-12T23:58:26.111Z feed start

--- push-work  (a branch nobody can see cannot be closed against)
    pushed 0
      REFUSED - 45 branch(es) in /workspace/t27 hold work that is on no remote, and this tool is not authorised to push there.

--- land  (put accepted work into the branch)
    EMPTY-HANDED - 2 branch(es) are landable and none could be put in a batch - they conflict; it reported: 0 accepted branch(es) landed
      REFUSED - ALL 2 remaining branch(es) conflict. Nothing here can be landed by merging.

--- close-done  (an open accepted issue holds its boundary)
    nothing closable

--- author  (refill to the queue depth)
    REFUSED to file - nobody is draining the backlog

feed complete: push-work=ok land=empty-handed close-done=ok author=ok
  EMPTY-HANDED  land: 2 branch(es) are landable and none could be put in a batch - they conflict
      REFUSED - ALL 2 remaining branch(es) conflict. Nothing here can be landed by merging.
2026-09-13T00:06:33.548Z feed start

--- push-work  (a branch nobody can see cannot be closed against)
    pushed 0
      REFUSED - 45 branch(es) in /workspace/t27 hold work that is on no remote, and this tool is not authorised to push there.

--- land  (put accepted work into the branch)
    EMPTY-HANDED - 2 branch(es) are landable and none could be put in a batch - they conflict; it reported: 0 accepted branch(es) landed
      REFUSED - ALL 2 remaining branch(es) conflict. Nothing here can be landed by merging.

--- close-done  (an open accepted issue holds its boundary)
    nothing closable

--- author  (refill to the queue depth)
    REFUSED to file - nobody is draining the backlog

feed complete: push-work=ok land=empty-handed close-done=ok author=ok
  EMPTY-HANDED  land: 2 branch(es) are landable and none could be put in a batch - they conflict
      REFUSED - ALL 2 remaining branch(es) conflict. Nothing here can be landed by merging.
2026-09-13T00:14:38.290Z feed start
the loop lock is held by heal (2 min) - standing down; it feeds too
2026-09-13T00:19:38.685Z feed start
the loop lock is held by heal (7 min) - standing down; it feeds too
2026-09-13T00:24:39.019Z feed start

--- push-work  (a branch nobody can see cannot be closed against)
    pushed 0
      REFUSED - 45 branch(es) in /workspace/t27 hold work that is on no remote, and this tool is not authorised to push there.

--- land  (put accepted work into the branch)
    EMPTY-HANDED - 2 branch(es) are landable and none could be put in a batch - they conflict; it reported: 0 accepted branch(es) landed
      REFUSED - ALL 2 remaining branch(es) conflict. Nothing here can be landed by merging.

--- close-done  (an open accepted issue holds its boundary)
    nothing closable

--- author  (refill to the queue depth)
    REFUSED to file - nobody is draining the backlog

feed complete: push-work=ok land=empty-handed close-done=ok author=ok
  EMPTY-HANDED  land: 2 branch(es) are landable and none could be put in a batch - they conflict
      REFUSED - ALL 2 remaining branch(es) conflict. Nothing here can be landed by merging.
2026-09-13T00:32:40.947Z feed start

--- push-work  (a branch nobody can see cannot be closed against)
    pushed 0
      REFUSED - 45 branch(es) in /workspace/t27 hold work that is on no remote, and this tool is not authorised to push there.

--- land  (put accepted work into the branch)
    EMPTY-HANDED - 2 branch(es) are landable and none could be put in a batch - they conflict; it reported: 0 accepted branch(es) landed
      REFUSED - ALL 2 remaining branch(es) conflict. Nothing here can be landed by merging.

--- close-done  (an open accepted issue holds its boundary)
    nothing closable

--- author  (refill to the queue depth)
    REFUSED to file - nobody is draining the backlog

feed complete: push-work=ok land=empty-handed close-done=ok author=ok
  EMPTY-HANDED  land: 2 branch(es) are landable and none could be put in a batch - they conflict
      REFUSED - ALL 2 remaining branch(es) conflict. Nothing here can be landed by merging.
2026-09-13T00:40:09.315Z feed start

--- push-work  (a branch nobody can see cannot be closed against)
    pushed 0
      REFUSED - 45 branch(es) in /workspace/t27 hold work that is on no remote, and this tool is not authorised to push there.

--- land  (put accepted work into the branch)
    EMPTY-HANDED - 2 branch(es) are landable and none could be put in a batch - they conflict; it reported: 0 accepted branch(es) landed
      REFUSED - ALL 2 remaining branch(es) conflict. Nothing here can be landed by merging.

--- close-done  (an open accepted issue holds its boundary)
    nothing closable

--- author  (refill to the queue depth)
    REFUSED to file - nobody is draining the backlog

feed complete: push-work=ok land=empty-handed close-done=ok author=ok
  EMPTY-HANDED  land: 2 branch(es) are landable and none could be put in a batch - they conflict
      REFUSED - ALL 2 remaining branch(es) conflict. Nothing here can be landed by merging.
2026-09-13T00:47:36.981Z feed start
the loop lock is held by heal (3 min) - standing down; it feeds too
2026-09-13T00:52:37.260Z feed start

--- push-work  (a branch nobody can see cannot be closed against)
    pushed 0
      REFUSED - 45 branch(es) in /workspace/t27 hold work that is on no remote, and this tool is not authorised to push there.

--- land  (put accepted work into the branch)
    EMPTY-HANDED - 2 branch(es) are landable and none could be put in a batch - they conflict; it reported: 0 accepted branch(es) landed
      REFUSED - ALL 2 remaining branch(es) conflict. Nothing here can be landed by merging.

--- close-done  (an open accepted issue holds its boundary)
    nothing closable

--- author  (refill to the queue depth)
    REFUSED to file - nobody is draining the backlog

feed complete: push-work=ok land=empty-handed close-done=ok author=ok
  EMPTY-HANDED  land: 2 branch(es) are landable and none could be put in a batch - they conflict
      REFUSED - ALL 2 remaining branch(es) conflict. Nothing here can be landed by merging.
2026-09-13T01:00:03.066Z feed start

--- push-work  (a branch nobody can see cannot be closed against)
    pushed 0
      REFUSED - 45 branch(es) in /workspace/t27 hold work that is on no remote, and this tool is not authorised to push there.

--- land  (put accepted work into the branch)
    EMPTY-HANDED - 2 branch(es) are landable and none could be put in a batch - they conflict; it reported: 0 accepted branch(es) landed
      REFUSED - ALL 2 remaining branch(es) conflict. Nothing here can be landed by merging.

--- close-done  (an open accepted issue holds its boundary)
    nothing closable

--- author  (refill to the queue depth)
    REFUSED to file - nobody is draining the backlog

feed complete: push-work=ok land=empty-handed close-done=ok author=ok
  EMPTY-HANDED  land: 2 branch(es) are landable and none could be put in a batch - they conflict
      REFUSED - ALL 2 remaining branch(es) conflict. Nothing here can be landed by merging.
2026-09-13T01:07:28.672Z feed start
the loop lock is held by heal (0 min) - standing down; it feeds too
2026-09-13T01:12:29.008Z feed start
the loop lock is held by heal (5 min) - standing down; it feeds too
2026-09-13T01:17:29.334Z feed start

--- push-work  (a branch nobody can see cannot be closed against)
    pushed 0
      REFUSED - 45 branch(es) in /workspace/t27 hold work that is on no remote, and this tool is not authorised to push there.

--- land  (put accepted work into the branch)
    EMPTY-HANDED - 2 branch(es) are landable and none could be put in a batch - they conflict; it reported: 0 accepted branch(es) landed
      REFUSED - ALL 2 remaining branch(es) conflict. Nothing here can be landed by merging.

--- close-done  (an open accepted issue holds its boundary)
    nothing closable

--- author  (refill to the queue depth)
    REFUSED to file - nobody is draining the backlog

feed complete: push-work=ok land=empty-handed close-done=ok author=ok
  EMPTY-HANDED  land: 2 branch(es) are landable and none could be put in a batch - they conflict
      REFUSED - ALL 2 remaining branch(es) conflict. Nothing here can be landed by merging.
2026-09-13T01:29:55.435Z feed start
the loop lock is held by heal (0 min) - standing down; it feeds too
2026-09-13T01:34:56.031Z feed start
the loop lock is held by heal (5 min) - standing down; it feeds too
2026-09-13T01:39:56.320Z feed start

--- push-work  (a branch nobody can see cannot be closed against)
    pushed 0
      REFUSED - 45 branch(es) in /workspace/t27 hold work that is on no remote, and this tool is not authorised to push there.

--- land  (put accepted work into the branch)
    EMPTY-HANDED - 2 branch(es) are landable and none could be put in a batch - they conflict; it reported: 0 accepted branch(es) landed
      REFUSED - ALL 2 remaining branch(es) conflict. Nothing here can be landed by merging.

--- close-done  (an open accepted issue holds its boundary)
    nothing closable

--- author  (refill to the queue depth)
    REFUSED to file - nobody is draining the backlog

feed complete: push-work=ok land=empty-handed close-done=ok author=ok
  EMPTY-HANDED  land: 2 branch(es) are landable and none could be put in a batch - they conflict
      REFUSED - ALL 2 remaining branch(es) conflict. Nothing here can be landed by merging.
2026-09-13T01:48:48.999Z feed start

--- push-work  (a branch nobody can see cannot be closed against)
    pushed 0
      REFUSED - 45 branch(es) in /workspace/t27 hold work that is on no remote, and this tool is not authorised to push there.

--- land  (put accepted work into the branch)
    EMPTY-HANDED - 2 branch(es) are landable and none could be put in a batch - they conflict; it reported: 0 accepted branch(es) landed
      REFUSED - ALL 2 remaining branch(es) conflict. Nothing here can be landed by merging.

--- close-done  (an open accepted issue holds its boundary)
    nothing closable

--- author  (refill to the queue depth)
    REFUSED to file - nobody is draining the backlog

feed complete: push-work=ok land=empty-handed close-done=ok author=ok
  EMPTY-HANDED  land: 2 branch(es) are landable and none could be put in a batch - they conflict
      REFUSED - ALL 2 remaining branch(es) conflict. Nothing here can be landed by merging.
2026-09-13T01:57:21.502Z feed start

--- push-work  (a branch nobody can see cannot be closed against)
    pushed 0
      REFUSED - 45 branch(es) in /workspace/t27 hold work that is on no remote, and this tool is not authorised to push there.

--- land  (put accepted work into the branch)
    EMPTY-HANDED - 2 branch(es) are landable and none could be put in a batch - they conflict; it reported: 0 accepted branch(es) landed
      REFUSED - ALL 2 remaining branch(es) conflict. Nothing here can be landed by merging.

--- close-done  (an open accepted issue holds its boundary)
    nothing closable

--- author  (refill to the queue depth)
    REFUSED to file - nobody is draining the backlog

feed complete: push-work=ok land=empty-handed close-done=ok author=ok
  EMPTY-HANDED  land: 2 branch(es) are landable and none could be put in a batch - they conflict
      REFUSED - ALL 2 remaining branch(es) conflict. Nothing here can be landed by merging.
2026-09-13T02:05:15.654Z feed start
the loop lock is held by heal (2 min) - standing down; it feeds too
2026-09-13T02:10:15.978Z feed start
the loop lock is held by heal (7 min) - standing down; it feeds too
2026-09-13T02:15:16.304Z feed start

--- push-work  (a branch nobody can see cannot be closed against)
    pushed 0
      REFUSED - 45 branch(es) in /workspace/t27 hold work that is on no remote, and this tool is not authorised to push there.

--- land  (put accepted work into the branch)
    EMPTY-HANDED - 2 branch(es) are landable and none could be put in a batch - they conflict; it reported: 0 accepted branch(es) landed
      REFUSED - ALL 2 remaining branch(es) conflict. Nothing here can be landed by merging.

--- close-done  (an open accepted issue holds its boundary)
    nothing closable

--- author  (refill to the queue depth)
    REFUSED to file - nobody is draining the backlog

feed complete: push-work=ok land=empty-handed close-done=ok author=ok
  EMPTY-HANDED  land: 2 branch(es) are landable and none could be put in a batch - they conflict
      REFUSED - ALL 2 remaining branch(es) conflict. Nothing here can be landed by merging.
2026-09-13T02:23:02.946Z feed start
the loop lock is held by cycle (0 min) - standing down; it feeds too
2026-09-13T02:28:03.480Z feed start
the loop lock is held by heal (2 min) - standing down; it feeds too
2026-09-13T02:33:03.999Z feed start
the loop lock is held by heal (7 min) - standing down; it feeds too
2026-09-13T02:38:04.546Z feed start

--- push-work  (a branch nobody can see cannot be closed against)
    pushed 0
      REFUSED - 45 branch(es) in /workspace/t27 hold work that is on no remote, and this tool is not authorised to push there.

--- land  (put accepted work into the branch)
    EMPTY-HANDED - 2 branch(es) are landable and none could be put in a batch - they conflict; it reported: 0 accepted branch(es) landed
      REFUSED - ALL 2 remaining branch(es) conflict. Nothing here can be landed by merging.

--- close-done  (an open accepted issue holds its boundary)
    nothing closable

--- author  (refill to the queue depth)
    REFUSED to file - nobody is draining the backlog

feed complete: push-work=ok land=empty-handed close-done=ok author=ok
  EMPTY-HANDED  land: 2 branch(es) are landable and none could be put in a batch - they conflict
      REFUSED - ALL 2 remaining branch(es) conflict. Nothing here can be landed by merging.
2026-09-13T02:50:04.958Z feed start
the loop lock is held by heal (1 min) - standing down; it feeds too
2026-09-13T02:55:05.888Z feed start
the loop lock is held by heal (6 min) - standing down; it feeds too
2026-09-13T03:00:06.694Z feed start

--- push-work  (a branch nobody can see cannot be closed against)
    pushed 0
      REFUSED - 45 branch(es) in /workspace/t27 hold work that is on no remote, and this tool is not authorised to push there.

--- land  (put accepted work into the branch)
    EMPTY-HANDED - 2 branch(es) are landable and none could be put in a batch - they conflict; it reported: 0 accepted branch(es) landed
      REFUSED - ALL 2 remaining branch(es) conflict. Nothing here can be landed by merging.

--- close-done  (an open accepted issue holds its boundary)
    nothing closable

--- author  (refill to the queue depth)
    REFUSED to file - nobody is draining the backlog

feed complete: push-work=ok land=empty-handed close-done=ok author=ok
  EMPTY-HANDED  land: 2 branch(es) are landable and none could be put in a batch - they conflict
      REFUSED - ALL 2 remaining branch(es) conflict. Nothing here can be landed by merging.
2026-09-13T03:12:31.829Z feed start
the loop lock is held by heal (2 min) - standing down; it feeds too
2026-09-13T03:17:32.745Z feed start
the loop lock is held by heal (7 min) - standing down; it feeds too
2026-09-13T03:22:33.652Z feed start

--- push-work  (a branch nobody can see cannot be closed against)
    pushed 0
      REFUSED - 45 branch(es) in /workspace/t27 hold work that is on no remote, and this tool is not authorised to push there.

--- land  (put accepted work into the branch)
    EMPTY-HANDED - 2 branch(es) are landable and none could be put in a batch - they conflict; it reported: 0 accepted branch(es) landed
      REFUSED - ALL 2 remaining branch(es) conflict. Nothing here can be landed by merging.

--- close-done  (an open accepted issue holds its boundary)
    nothing closable

--- author  (refill to the queue depth)
    REFUSED to file - nobody is draining the backlog

feed complete: push-work=ok land=empty-handed close-done=ok author=ok
  EMPTY-HANDED  land: 2 branch(es) are landable and none could be put in a batch - they conflict
      REFUSED - ALL 2 remaining branch(es) conflict. Nothing here can be landed by merging.
2026-09-13T03:34:56.782Z feed start
the loop lock is held by heal (2 min) - standing down; it feeds too
2026-09-13T03:39:57.914Z feed start
the loop lock is held by heal (7 min) - standing down; it feeds too
2026-09-13T03:44:58.619Z feed start

--- push-work  (a branch nobody can see cannot be closed against)
    pushed 0
      REFUSED - 45 branch(es) in /workspace/t27 hold work that is on no remote, and this tool is not authorised to push there.

--- land  (put accepted work into the branch)
    EMPTY-HANDED - 2 branch(es) are landable and none could be put in a batch - they conflict; it reported: 0 accepted branch(es) landed
      REFUSED - ALL 2 remaining branch(es) conflict. Nothing here can be landed by merging.

--- close-done  (an open accepted issue holds its boundary)
    nothing closable

--- author  (refill to the queue depth)
    REFUSED to file - nobody is draining the backlog

feed complete: push-work=ok land=empty-handed close-done=ok author=ok
  EMPTY-HANDED  land: 2 branch(es) are landable and none could be put in a batch - they conflict
      REFUSED - ALL 2 remaining branch(es) conflict. Nothing here can be landed by merging.
2026-09-13T03:56:52.200Z feed start
the loop lock is held by heal (1 min) - standing down; it feeds too
2026-09-13T04:01:52.853Z feed start
the loop lock is held by heal (6 min) - standing down; it feeds too
2026-09-13T04:06:55.135Z feed start

--- push-work  (a branch nobody can see cannot be closed against)
    pushed 0
      REFUSED - 45 branch(es) in /workspace/t27 hold work that is on no remote, and this tool is not authorised to push there.

--- land  (put accepted work into the branch)
    EMPTY-HANDED - 2 branch(es) are landable and none could be put in a batch - they conflict; it reported: 0 accepted branch(es) landed
      REFUSED - ALL 2 remaining branch(es) conflict. Nothing here can be landed by merging.

--- close-done  (an open accepted issue holds its boundary)
    nothing closable

--- author  (refill to the queue depth)
    REFUSED to file - nobody is draining the backlog

feed complete: push-work=ok land=empty-handed close-done=ok author=ok
  EMPTY-HANDED  land: 2 branch(es) are landable and none could be put in a batch - they conflict
      REFUSED - ALL 2 remaining branch(es) conflict. Nothing here can be landed by merging.
2026-09-13T04:17:24.440Z feed start

--- push-work  (a branch nobody can see cannot be closed against)
    pushed 0
      REFUSED - 46 branch(es) in /workspace/t27 hold work that is on no remote, and this tool is not authorised to push there.

--- land  (put accepted work into the branch)
    EMPTY-HANDED - 2 branch(es) are landable and none could be put in a batch - they conflict; it reported: 0 accepted branch(es) landed
      REFUSED - ALL 2 remaining branch(es) conflict. Nothing here can be landed by merging.

--- close-done  (an open accepted issue holds its boundary)
    nothing closable

--- author  (refill to the queue depth)
    REFUSED to file - nobody is draining the backlog

feed complete: push-work=ok land=empty-handed close-done=ok author=ok
  EMPTY-HANDED  land: 2 branch(es) are landable and none could be put in a batch - they conflict
      REFUSED - ALL 2 remaining branch(es) conflict. Nothing here can be landed by merging.
2026-09-13T04:28:19.512Z feed start

--- push-work  (a branch nobody can see cannot be closed against)
    pushed 0
      REFUSED - 46 branch(es) in /workspace/t27 hold work that is on no remote, and this tool is not authorised to push there.

--- land  (put accepted work into the branch)
    EMPTY-HANDED - 2 branch(es) are landable and none could be put in a batch - they conflict; it reported: 0 accepted branch(es) landed
      REFUSED - ALL 2 remaining branch(es) conflict. Nothing here can be landed by merging.

--- close-done  (an open accepted issue holds its boundary)
    nothing closable

--- author  (refill to the queue depth)
    REFUSED to file - nobody is draining the backlog

feed complete: push-work=ok land=empty-handed close-done=ok author=ok
  EMPTY-HANDED  land: 2 branch(es) are landable and none could be put in a batch - they conflict
      REFUSED - ALL 2 remaining branch(es) conflict. Nothing here can be landed by merging.
2026-09-13T04:39:31.839Z feed start
the loop lock is held by heal (1 min) - standing down; it feeds too
2026-09-13T04:44:32.429Z feed start
the loop lock is held by heal (6 min) - standing down; it feeds too
2026-09-13T04:49:33.058Z feed start

--- push-work  (a branch nobody can see cannot be closed against)
    pushed 0
      REFUSED - 46 branch(es) in /workspace/t27 hold work that is on no remote, and this tool is not authorised to push there.

--- land  (put accepted work into the branch)
    EMPTY-HANDED - 2 branch(es) are landable and none could be put in a batch - they conflict; it reported: 0 accepted branch(es) landed
      REFUSED - ALL 2 remaining branch(es) conflict. Nothing here can be landed by merging.

--- close-done  (an open accepted issue holds its boundary)
    nothing closable

--- author  (refill to the queue depth)
    REFUSED to file - nobody is draining the backlog

feed complete: push-work=ok land=empty-handed close-done=ok author=ok
  EMPTY-HANDED  land: 2 branch(es) are landable and none could be put in a batch - they conflict
      REFUSED - ALL 2 remaining branch(es) conflict. Nothing here can be landed by merging.
2026-09-13T05:00:42.813Z feed start

--- push-work  (a branch nobody can see cannot be closed against)
    pushed 0
      REFUSED - 46 branch(es) in /workspace/t27 hold work that is on no remote, and this tool is not authorised to push there.

--- land  (put accepted work into the branch)
    EMPTY-HANDED - 2 branch(es) are landable and none could be put in a batch - they conflict; it reported: 0 accepted branch(es) landed
      REFUSED - ALL 2 remaining branch(es) conflict. Nothing here can be landed by merging.

--- close-done  (an open accepted issue holds its boundary)
    nothing closable

--- author  (refill to the queue depth)
    REFUSED to file - nobody is draining the backlog

feed complete: push-work=ok land=empty-handed close-done=ok author=ok
  EMPTY-HANDED  land: 2 branch(es) are landable and none could be put in a batch - they conflict
      REFUSED - ALL 2 remaining branch(es) conflict. Nothing here can be landed by merging.
2026-09-13T05:12:04.157Z feed start
the loop lock is held by heal (0 min) - standing down; it feeds too
2026-09-13T05:17:04.430Z feed start
the loop lock is held by heal (5 min) - standing down; it feeds too
2026-09-13T05:22:04.974Z feed start

--- push-work  (a branch nobody can see cannot be closed against)
    pushed 0
      REFUSED - 46 branch(es) in /workspace/t27 hold work that is on no remote, and this tool is not authorised to push there.

--- land  (put accepted work into the branch)
    EMPTY-HANDED - 2 branch(es) are landable and none could be put in a batch - they conflict; it reported: 0 accepted branch(es) landed
      REFUSED - ALL 2 remaining branch(es) conflict. Nothing here can be landed by merging.

--- close-done  (an open accepted issue holds its boundary)
    nothing closable

--- author  (refill to the queue depth)
    REFUSED to file - nobody is draining the backlog

feed complete: push-work=ok land=empty-handed close-done=ok author=ok
  EMPTY-HANDED  land: 2 branch(es) are landable and none could be put in a batch - they conflict
      REFUSED - ALL 2 remaining branch(es) conflict. Nothing here can be landed by merging.
2026-09-13T05:33:45.521Z feed start
the loop lock is held by heal (0 min) - standing down; it feeds too
2026-09-13T05:38:46.193Z feed start
the loop lock is held by heal (5 min) - standing down; it feeds too
2026-09-13T05:43:46.788Z feed start

--- push-work  (a branch nobody can see cannot be closed against)
    pushed 0
      REFUSED - 46 branch(es) in /workspace/t27 hold work that is on no remote, and this tool is not authorised to push there.

--- land  (put accepted work into the branch)
    EMPTY-HANDED - 2 branch(es) are landable and none could be put in a batch - they conflict; it reported: 0 accepted branch(es) landed
      REFUSED - ALL 2 remaining branch(es) conflict. Nothing here can be landed by merging.

--- close-done  (an open accepted issue holds its boundary)
    nothing closable

--- author  (refill to the queue depth)
    REFUSED to file - nobody is draining the backlog

feed complete: push-work=ok land=empty-handed close-done=ok author=ok
  EMPTY-HANDED  land: 2 branch(es) are landable and none could be put in a batch - they conflict
      REFUSED - ALL 2 remaining branch(es) conflict. Nothing here can be landed by merging.
2026-09-13T05:55:08.744Z feed start

--- push-work  (a branch nobody can see cannot be closed against)
    pushed 0
      REFUSED - 46 branch(es) in /workspace/t27 hold work that is on no remote, and this tool is not authorised to push there.

--- land  (put accepted work into the branch)
    EMPTY-HANDED - 2 branch(es) are landable and none could be put in a batch - they conflict; it reported: 0 accepted branch(es) landed
      REFUSED - ALL 2 remaining branch(es) conflict. Nothing here can be landed by merging.

--- close-done  (an open accepted issue holds its boundary)
    nothing closable

--- author  (refill to the queue depth)
    REFUSED to file - nobody is draining the backlog

feed complete: push-work=ok land=empty-handed close-done=ok author=ok
  EMPTY-HANDED  land: 2 branch(es) are landable and none could be put in a batch - they conflict
      REFUSED - ALL 2 remaining branch(es) conflict. Nothing here can be landed by merging.
2026-09-13T06:03:33.525Z feed start

--- push-work  (a branch nobody can see cannot be closed against)
    pushed 0
      REFUSED - 46 branch(es) in /workspace/t27 hold work that is on no remote, and this tool is not authorised to push there.

--- land  (put accepted work into the branch)
    timed out part-way - what it did before that stands: 0 accepted branch(es) landed
      REFUSED - ALL 2 remaining branch(es) conflict. Nothing here can be landed by merging.

--- close-done  (an open accepted issue holds its boundary)
    SKIPPED - past the 8 minute deadline

--- author  (refill to the queue depth)
    SKIPPED - past the 8 minute deadline

feed complete: push-work=ok land=timed out close-done=skipped author=skipped
2026-09-13T06:17:56.327Z feed start

--- push-work  (a branch nobody can see cannot be closed against)
    pushed 0
      REFUSED - 46 branch(es) in /workspace/t27 hold work that is on no remote, and this tool is not authorised to push there.

--- land  (put accepted work into the branch)
    EMPTY-HANDED - 2 branch(es) are landable and none could be put in a batch - they conflict; it reported: 0 accepted branch(es) landed
      REFUSED - ALL 2 remaining branch(es) conflict. Nothing here can be landed by merging.

--- close-done  (an open accepted issue holds its boundary)
    nothing closable

--- author  (refill to the queue depth)
    REFUSED to file - nobody is draining the backlog

feed complete: push-work=ok land=empty-handed close-done=ok author=ok
  EMPTY-HANDED  land: 2 branch(es) are landable and none could be put in a batch - they conflict
      REFUSED - ALL 2 remaining branch(es) conflict. Nothing here can be landed by merging.
2026-09-13T06:25:46.795Z feed start
the loop lock is held by heal (5 min) - standing down; it feeds too
2026-09-13T06:30:47.084Z feed start

--- push-work  (a branch nobody can see cannot be closed against)
    pushed 0
      REFUSED - 46 branch(es) in /workspace/t27 hold work that is on no remote, and this tool is not authorised to push there.

--- land  (put accepted work into the branch)
    EMPTY-HANDED - 2 branch(es) are landable and none could be put in a batch - they conflict; it reported: 0 accepted branch(es) landed
      REFUSED - ALL 2 remaining branch(es) conflict. Nothing here can be landed by merging.

--- close-done  (an open accepted issue holds its boundary)
    nothing closable

--- author  (refill to the queue depth)
    REFUSED to file - nobody is draining the backlog

feed complete: push-work=ok land=empty-handed close-done=ok author=ok
  EMPTY-HANDED  land: 2 branch(es) are landable and none could be put in a batch - they conflict
      REFUSED - ALL 2 remaining branch(es) conflict. Nothing here can be landed by merging.
2026-09-13T06:38:40.869Z feed start

--- push-work  (a branch nobody can see cannot be closed against)
    pushed 0
      REFUSED - 46 branch(es) in /workspace/t27 hold work that is on no remote, and this tool is not authorised to push there.

--- land  (put accepted work into the branch)
    EMPTY-HANDED - 2 branch(es) are landable and none could be put in a batch - they conflict; it reported: 0 accepted branch(es) landed
      REFUSED - ALL 2 remaining branch(es) conflict. Nothing here can be landed by merging.

--- close-done  (an open accepted issue holds its boundary)
    nothing closable

--- author  (refill to the queue depth)
    REFUSED to file - nobody is draining the backlog

feed complete: push-work=ok land=empty-handed close-done=ok author=ok
  EMPTY-HANDED  land: 2 branch(es) are landable and none could be put in a batch - they conflict
      REFUSED - ALL 2 remaining branch(es) conflict. Nothing here can be landed by merging.
2026-09-13T06:46:04.930Z feed start
the loop lock is held by heal (2 min) - standing down; it feeds too
2026-09-13T06:51:05.307Z feed start
the loop lock is held by heal (7 min) - standing down; it feeds too
2026-09-13T06:56:05.529Z feed start

--- push-work  (a branch nobody can see cannot be closed against)
    pushed 0
      REFUSED - 46 branch(es) in /workspace/t27 hold work that is on no remote, and this tool is not authorised to push there.

--- land  (put accepted work into the branch)
    EMPTY-HANDED - 2 branch(es) are landable and none could be put in a batch - they conflict; it reported: 0 accepted branch(es) landed
      REFUSED - ALL 2 remaining branch(es) conflict. Nothing here can be landed by merging.

--- close-done  (an open accepted issue holds its boundary)
    nothing closable

--- author  (refill to the queue depth)
    REFUSED to file - nobody is draining the backlog

feed complete: push-work=ok land=empty-handed close-done=ok author=ok
  EMPTY-HANDED  land: 2 branch(es) are landable and none could be put in a batch - they conflict
      REFUSED - ALL 2 remaining branch(es) conflict. Nothing here can be landed by merging.
2026-09-13T07:03:34.653Z feed start

--- push-work  (a branch nobody can see cannot be closed against)
    pushed 0
      REFUSED - 46 branch(es) in /workspace/t27 hold work that is on no remote, and this tool is not authorised to push there.

--- land  (put accepted work into the branch)
    EMPTY-HANDED - 2 branch(es) are landable and none could be put in a batch - they conflict; it reported: 0 accepted branch(es) landed
      REFUSED - ALL 2 remaining branch(es) conflict. Nothing here can be landed by merging.

--- close-done  (an open accepted issue holds its boundary)
    nothing closable

--- author  (refill to the queue depth)
    REFUSED to file - nobody is draining the backlog

feed complete: push-work=ok land=empty-handed close-done=ok author=ok
  EMPTY-HANDED  land: 2 branch(es) are landable and none could be put in a batch - they conflict
      REFUSED - ALL 2 remaining branch(es) conflict. Nothing here can be landed by merging.
2026-09-13T07:11:48.272Z feed start
the loop lock is held by heal (4 min) - standing down; it feeds too
2026-09-13T07:16:48.991Z feed start

--- push-work  (a branch nobody can see cannot be closed against)
    pushed 0
      REFUSED - 46 branch(es) in /workspace/t27 hold work that is on no remote, and this tool is not authorised to push there.

--- land  (put accepted work into the branch)
    EMPTY-HANDED - 2 branch(es) are landable and none could be put in a batch - they conflict; it reported: 0 accepted branch(es) landed
      REFUSED - ALL 2 remaining branch(es) conflict. Nothing here can be landed by merging.

--- close-done  (an open accepted issue holds its boundary)
    nothing closable

--- author  (refill to the queue depth)
    REFUSED to file - nobody is draining the backlog

feed complete: push-work=ok land=empty-handed close-done=ok author=ok
  EMPTY-HANDED  land: 2 branch(es) are landable and none could be put in a batch - they conflict
      REFUSED - ALL 2 remaining branch(es) conflict. Nothing here can be landed by merging.
2026-09-13T07:24:33.082Z feed start

--- push-work  (a branch nobody can see cannot be closed against)
    pushed 0
      REFUSED - 46 branch(es) in /workspace/t27 hold work that is on no remote, and this tool is not authorised to push there.

--- land  (put accepted work into the branch)
    EMPTY-HANDED - 2 branch(es) are landable and none could be put in a batch - they conflict; it reported: 0 accepted branch(es) landed
      REFUSED - ALL 2 remaining branch(es) conflict. Nothing here can be landed by merging.

--- close-done  (an open accepted issue holds its boundary)
    nothing closable

--- author  (refill to the queue depth)
    REFUSED to file - nobody is draining the backlog

feed complete: push-work=ok land=empty-handed close-done=ok author=ok
  EMPTY-HANDED  land: 2 branch(es) are landable and none could be put in a batch - they conflict
      REFUSED - ALL 2 remaining branch(es) conflict. Nothing here can be landed by merging.
2026-09-13T07:32:50.098Z feed start
the loop lock is held by heal (3 min) - standing down; it feeds too
2026-09-13T07:37:50.863Z feed start

--- push-work  (a branch nobody can see cannot be closed against)
    pushed 0
      REFUSED - 46 branch(es) in /workspace/t27 hold work that is on no remote, and this tool is not authorised to push there.

--- land  (put accepted work into the branch)
    EMPTY-HANDED - 2 branch(es) are landable and none could be put in a batch - they conflict; it reported: 0 accepted branch(es) landed
      REFUSED - ALL 2 remaining branch(es) conflict. Nothing here can be landed by merging.

--- close-done  (an open accepted issue holds its boundary)
    nothing closable

--- author  (refill to the queue depth)
    REFUSED to file - nobody is draining the backlog

feed complete: push-work=ok land=empty-handed close-done=ok author=ok
  EMPTY-HANDED  land: 2 branch(es) are landable and none could be put in a batch - they conflict
      REFUSED - ALL 2 remaining branch(es) conflict. Nothing here can be landed by merging.
2026-09-13T07:45:45.089Z feed start

--- push-work  (a branch nobody can see cannot be closed against)
    pushed 0
      REFUSED - 46 branch(es) in /workspace/t27 hold work that is on no remote, and this tool is not authorised to push there.

--- land  (put accepted work into the branch)
    EMPTY-HANDED - 2 branch(es) are landable and none could be put in a batch - they conflict; it reported: 0 accepted branch(es) landed
      REFUSED - ALL 2 remaining branch(es) conflict. Nothing here can be landed by merging.

--- close-done  (an open accepted issue holds its boundary)
    nothing closable

--- author  (refill to the queue depth)
    REFUSED to file - nobody is draining the backlog

feed complete: push-work=ok land=empty-handed close-done=ok author=ok
  EMPTY-HANDED  land: 2 branch(es) are landable and none could be put in a batch - they conflict
      REFUSED - ALL 2 remaining branch(es) conflict. Nothing here can be landed by merging.
2026-09-13T07:54:25.953Z feed start
the loop lock is held by heal (2 min) - standing down; it feeds too
2026-09-13T07:59:27.040Z feed start
the loop lock is held by heal (7 min) - standing down; it feeds too
2026-09-13T08:04:27.608Z feed start

--- push-work  (a branch nobody can see cannot be closed against)
    pushed 0
      REFUSED - 46 branch(es) in /workspace/t27 hold work that is on no remote, and this tool is not authorised to push there.

--- land  (put accepted work into the branch)
    EMPTY-HANDED - 2 branch(es) are landable and none could be put in a batch - they conflict; it reported: 0 accepted branch(es) landed
      REFUSED - ALL 2 remaining branch(es) conflict. Nothing here can be landed by merging.

--- close-done  (an open accepted issue holds its boundary)
    nothing closable

--- author  (refill to the queue depth)
    REFUSED to file - nobody is draining the backlog

feed complete: push-work=ok land=empty-handed close-done=ok author=ok
  EMPTY-HANDED  land: 2 branch(es) are landable and none could be put in a batch - they conflict
      REFUSED - ALL 2 remaining branch(es) conflict. Nothing here can be landed by merging.
2026-09-13T08:14:11.841Z feed start

--- push-work  (a branch nobody can see cannot be closed against)
    pushed 0
      REFUSED - 46 branch(es) in /workspace/t27 hold work that is on no remote, and this tool is not authorised to push there.

--- land  (put accepted work into the branch)
    EMPTY-HANDED - 2 branch(es) are landable and none could be put in a batch - they conflict; it reported: 0 accepted branch(es) landed
      REFUSED - ALL 2 remaining branch(es) conflict. Nothing here can be landed by merging.

--- close-done  (an open accepted issue holds its boundary)
    nothing closable

--- author  (refill to the queue depth)
    REFUSED to file - nobody is draining the backlog

feed complete: push-work=ok land=empty-handed close-done=ok author=ok
  EMPTY-HANDED  land: 2 branch(es) are landable and none could be put in a batch - they conflict
      REFUSED - ALL 2 remaining branch(es) conflict. Nothing here can be landed by merging.
2026-09-13T08:22:20.511Z feed start

--- push-work  (a branch nobody can see cannot be closed against)
    pushed 0
      REFUSED - 46 branch(es) in /workspace/t27 hold work that is on no remote, and this tool is not authorised to push there.

--- land  (put accepted work into the branch)
    EMPTY-HANDED - 2 branch(es) are landable and none could be put in a batch - they conflict; it reported: 0 accepted branch(es) landed
      REFUSED - ALL 2 remaining branch(es) conflict. Nothing here can be landed by merging.

--- close-done  (an open accepted issue holds its boundary)
    nothing closable

--- author  (refill to the queue depth)
    REFUSED to file - nobody is draining the backlog

feed complete: push-work=ok land=empty-handed close-done=ok author=ok
  EMPTY-HANDED  land: 2 branch(es) are landable and none could be put in a batch - they conflict
      REFUSED - ALL 2 remaining branch(es) conflict. Nothing here can be landed by merging.
2026-09-13T08:30:28.416Z feed start

--- push-work  (a branch nobody can see cannot be closed against)
    pushed 0
      REFUSED - 46 branch(es) in /workspace/t27 hold work that is on no remote, and this tool is not authorised to push there.

--- land  (put accepted work into the branch)
    EMPTY-HANDED - 2 branch(es) are landable and none could be put in a batch - they conflict; it reported: 0 accepted branch(es) landed
      REFUSED - ALL 2 remaining branch(es) conflict. Nothing here can be landed by merging.

--- close-done  (an open accepted issue holds its boundary)
    nothing closable

--- author  (refill to the queue depth)
    REFUSED to file - nobody is draining the backlog

feed complete: push-work=ok land=empty-handed close-done=ok author=ok
  EMPTY-HANDED  land: 2 branch(es) are landable and none could be put in a batch - they conflict
      REFUSED - ALL 2 remaining branch(es) conflict. Nothing here can be landed by merging.
2026-09-13T08:39:06.305Z feed start
the loop lock is held by heal (3 min) - standing down; it feeds too
2026-09-13T08:44:06.826Z feed start

--- push-work  (a branch nobody can see cannot be closed against)
    pushed 0
      REFUSED - 46 branch(es) in /workspace/t27 hold work that is on no remote, and this tool is not authorised to push there.

--- land  (put accepted work into the branch)
    EMPTY-HANDED - 2 branch(es) are landable and none could be put in a batch - they conflict; it reported: 0 accepted branch(es) landed
      REFUSED - ALL 2 remaining branch(es) conflict. Nothing here can be landed by merging.

--- close-done  (an open accepted issue holds its boundary)
    nothing closable

--- author  (refill to the queue depth)
    REFUSED to file - nobody is draining the backlog

feed complete: push-work=ok land=empty-handed close-done=ok author=ok
  EMPTY-HANDED  land: 2 branch(es) are landable and none could be put in a batch - they conflict
      REFUSED - ALL 2 remaining branch(es) conflict. Nothing here can be landed by merging.
2026-09-13T08:52:13.593Z feed start

--- push-work  (a branch nobody can see cannot be closed against)
    pushed 0
      REFUSED - 46 branch(es) in /workspace/t27 hold work that is on no remote, and this tool is not authorised to push there.

--- land  (put accepted work into the branch)
    EMPTY-HANDED - 2 branch(es) are landable and none could be put in a batch - they conflict; it reported: 0 accepted branch(es) landed
      REFUSED - ALL 2 remaining branch(es) conflict. Nothing here can be landed by merging.

--- close-done  (an open accepted issue holds its boundary)
    nothing closable

--- author  (refill to the queue depth)
    REFUSED to file - nobody is draining the backlog

feed complete: push-work=ok land=empty-handed close-done=ok author=ok
  EMPTY-HANDED  land: 2 branch(es) are landable and none could be put in a batch - they conflict
      REFUSED - ALL 2 remaining branch(es) conflict. Nothing here can be landed by merging.
2026-09-13T09:00:46.569Z feed start
the loop lock is held by heal (2 min) - standing down; it feeds too
2026-09-13T09:05:47.527Z feed start

--- push-work  (a branch nobody can see cannot be closed against)
    pushed 0
      REFUSED - 46 branch(es) in /workspace/t27 hold work that is on no remote, and this tool is not authorised to push there.

--- land  (put accepted work into the branch)
    EMPTY-HANDED - 2 branch(es) are landable and none could be put in a batch - they conflict; it reported: 0 accepted branch(es) landed
      REFUSED - ALL 2 remaining branch(es) conflict. Nothing here can be landed by merging.

--- close-done  (an open accepted issue holds its boundary)
    nothing closable

--- author  (refill to the queue depth)
    REFUSED to file - nobody is draining the backlog

feed complete: push-work=ok land=empty-handed close-done=ok author=ok
  EMPTY-HANDED  land: 2 branch(es) are landable and none could be put in a batch - they conflict
      REFUSED - ALL 2 remaining branch(es) conflict. Nothing here can be landed by merging.
2026-09-13T09:14:12.660Z feed start

--- push-work  (a branch nobody can see cannot be closed against)
    pushed 0
      REFUSED - 46 branch(es) in /workspace/t27 hold work that is on no remote, and this tool is not authorised to push there.

--- land  (put accepted work into the branch)
    EMPTY-HANDED - 2 branch(es) are landable and none could be put in a batch - they conflict; it reported: 0 accepted branch(es) landed
      REFUSED - ALL 2 remaining branch(es) conflict. Nothing here can be landed by merging.

--- close-done  (an open accepted issue holds its boundary)
    nothing closable

--- author  (refill to the queue depth)
    REFUSED to file - nobody is draining the backlog

feed complete: push-work=ok land=empty-handed close-done=ok author=ok
  EMPTY-HANDED  land: 2 branch(es) are landable and none could be put in a batch - they conflict
      REFUSED - ALL 2 remaining branch(es) conflict. Nothing here can be landed by merging.
2026-09-13T09:22:21.023Z feed start
the loop lock is held by heal (1 min) - standing down; it feeds too
2026-09-13T09:27:21.764Z feed start
the loop lock is held by heal (6 min) - standing down; it feeds too
2026-09-13T09:32:22.600Z feed start

--- push-work  (a branch nobody can see cannot be closed against)
    pushed 0
      REFUSED - 46 branch(es) in /workspace/t27 hold work that is on no remote, and this tool is not authorised to push there.

--- land  (put accepted work into the branch)
    EMPTY-HANDED - 2 branch(es) are landable and none could be put in a batch - they conflict; it reported: 0 accepted branch(es) landed
      REFUSED - ALL 2 remaining branch(es) conflict. Nothing here can be landed by merging.

--- close-done  (an open accepted issue holds its boundary)
    nothing closable

--- author  (refill to the queue depth)
    REFUSED to file - nobody is draining the backlog

feed complete: push-work=ok land=empty-handed close-done=ok author=ok
  EMPTY-HANDED  land: 2 branch(es) are landable and none could be put in a batch - they conflict
      REFUSED - ALL 2 remaining branch(es) conflict. Nothing here can be landed by merging.
2026-09-13T09:40:20.603Z feed start

--- push-work  (a branch nobody can see cannot be closed against)
    pushed 0
      REFUSED - 46 branch(es) in /workspace/t27 hold work that is on no remote, and this tool is not authorised to push there.

--- land  (put accepted work into the branch)
    EMPTY-HANDED - 2 branch(es) are landable and none could be put in a batch - they conflict; it reported: 0 accepted branch(es) landed
      REFUSED - ALL 2 remaining branch(es) conflict. Nothing here can be landed by merging.

--- close-done  (an open accepted issue holds its boundary)
    nothing closable

--- author  (refill to the queue depth)
    REFUSED to file - nobody is draining the backlog

feed complete: push-work=ok land=empty-handed close-done=ok author=ok
  EMPTY-HANDED  land: 2 branch(es) are landable and none could be put in a batch - they conflict
      REFUSED - ALL 2 remaining branch(es) conflict. Nothing here can be landed by merging.
2026-09-13T09:47:59.777Z feed start
the loop lock is held by heal (4 min) - standing down; it feeds too
2026-09-13T09:53:00.697Z feed start

--- push-work  (a branch nobody can see cannot be closed against)
    pushed 0
      REFUSED - 46 branch(es) in /workspace/t27 hold work that is on no remote, and this tool is not authorised to push there.

--- land  (put accepted work into the branch)
    EMPTY-HANDED - 2 branch(es) are landable and none could be put in a batch - they conflict; it reported: 0 accepted branch(es) landed
      REFUSED - ALL 2 remaining branch(es) conflict. Nothing here can be landed by merging.

--- close-done  (an open accepted issue holds its boundary)
    nothing closable

--- author  (refill to the queue depth)
    REFUSED to file - nobody is draining the backlog

feed complete: push-work=ok land=empty-handed close-done=ok author=ok
  EMPTY-HANDED  land: 2 branch(es) are landable and none could be put in a batch - they conflict
      REFUSED - ALL 2 remaining branch(es) conflict. Nothing here can be landed by merging.
2026-09-13T10:01:04.336Z feed start

--- push-work  (a branch nobody can see cannot be closed against)
    pushed 0
      REFUSED - 46 branch(es) in /workspace/t27 hold work that is on no remote, and this tool is not authorised to push there.

--- land  (put accepted work into the branch)
    EMPTY-HANDED - 2 branch(es) are landable and none could be put in a batch - they conflict; it reported: 0 accepted branch(es) landed
      REFUSED - ALL 2 remaining branch(es) conflict. Nothing here can be landed by merging.

--- close-done  (an open accepted issue holds its boundary)
    nothing closable

--- author  (refill to the queue depth)
    REFUSED to file - nobody is draining the backlog

feed complete: push-work=ok land=empty-handed close-done=ok author=ok
  EMPTY-HANDED  land: 2 branch(es) are landable and none could be put in a batch - they conflict
      REFUSED - ALL 2 remaining branch(es) conflict. Nothing here can be landed by merging.
2026-09-13T10:08:40.998Z feed start
the loop lock is held by heal (2 min) - standing down; it feeds too
2026-09-13T10:13:41.331Z feed start
the loop lock is held by heal (7 min) - standing down; it feeds too
2026-09-13T10:18:41.820Z feed start

--- push-work  (a branch nobody can see cannot be closed against)
    pushed 0
      REFUSED - 46 branch(es) in /workspace/t27 hold work that is on no remote, and this tool is not authorised to push there.

--- land  (put accepted work into the branch)
    EMPTY-HANDED - 2 branch(es) are landable and none could be put in a batch - they conflict; it reported: 0 accepted branch(es) landed
      REFUSED - ALL 2 remaining branch(es) conflict. Nothing here can be landed by merging.

--- close-done  (an open accepted issue holds its boundary)
    nothing closable

--- author  (refill to the queue depth)
    REFUSED to file - nobody is draining the backlog

feed complete: push-work=ok land=empty-handed close-done=ok author=ok
  EMPTY-HANDED  land: 2 branch(es) are landable and none could be put in a batch - they conflict
      REFUSED - ALL 2 remaining branch(es) conflict. Nothing here can be landed by merging.
2026-09-13T10:26:56.868Z feed start

--- push-work  (a branch nobody can see cannot be closed against)
    pushed 0
      REFUSED - 46 branch(es) in /workspace/t27 hold work that is on no remote, and this tool is not authorised to push there.

--- land  (put accepted work into the branch)
    EMPTY-HANDED - 2 branch(es) are landable and none could be put in a batch - they conflict; it reported: 0 accepted branch(es) landed
      REFUSED - ALL 2 remaining branch(es) conflict. Nothing here can be landed by merging.

--- close-done  (an open accepted issue holds its boundary)
    nothing closable

--- author  (refill to the queue depth)
    REFUSED to file - nobody is draining the backlog

feed complete: push-work=ok land=empty-handed close-done=ok author=ok
  EMPTY-HANDED  land: 2 branch(es) are landable and none could be put in a batch - they conflict
      REFUSED - ALL 2 remaining branch(es) conflict. Nothing here can be landed by merging.
2026-09-13T10:37:10.453Z feed start

--- push-work  (a branch nobody can see cannot be closed against)
    pushed 0
      REFUSED - 46 branch(es) in /workspace/t27 hold work that is on no remote, and this tool is not authorised to push there.

--- land  (put accepted work into the branch)
    EMPTY-HANDED - 2 branch(es) are landable and none could be put in a batch - they conflict; it reported: 0 accepted branch(es) landed
      REFUSED - ALL 2 remaining branch(es) conflict. Nothing here can be landed by merging.

--- close-done  (an open accepted issue holds its boundary)
    nothing closable

--- author  (refill to the queue depth)
    REFUSED to file - nobody is draining the backlog

feed complete: push-work=ok land=empty-handed close-done=ok author=ok
  EMPTY-HANDED  land: 2 branch(es) are landable and none could be put in a batch - they conflict
      REFUSED - ALL 2 remaining branch(es) conflict. Nothing here can be landed by merging.
2026-09-13T10:44:32.017Z feed start
the loop lock is held by heal (4 min) - standing down; it feeds too
2026-09-13T10:49:32.439Z feed start

--- push-work  (a branch nobody can see cannot be closed against)
    pushed 0
      REFUSED - 46 branch(es) in /workspace/t27 hold work that is on no remote, and this tool is not authorised to push there.

--- land  (put accepted work into the branch)
    EMPTY-HANDED - 2 branch(es) are landable and none could be put in a batch - they conflict; it reported: 0 accepted branch(es) landed
      REFUSED - ALL 2 remaining branch(es) conflict. Nothing here can be landed by merging.

--- close-done  (an open accepted issue holds its boundary)
    nothing closable

--- author  (refill to the queue depth)
    REFUSED to file - nobody is draining the backlog

feed complete: push-work=ok land=empty-handed close-done=ok author=ok
  EMPTY-HANDED  land: 2 branch(es) are landable and none could be put in a batch - they conflict
      REFUSED - ALL 2 remaining branch(es) conflict. Nothing here can be landed by merging.
2026-09-13T10:57:10.449Z feed start

--- push-work  (a branch nobody can see cannot be closed against)
    pushed 0
      REFUSED - 46 branch(es) in /workspace/t27 hold work that is on no remote, and this tool is not authorised to push there.

--- land  (put accepted work into the branch)
    EMPTY-HANDED - 2 branch(es) are landable and none could be put in a batch - they conflict; it reported: 0 accepted branch(es) landed
      REFUSED - ALL 2 remaining branch(es) conflict. Nothing here can be landed by merging.

--- close-done  (an open accepted issue holds its boundary)
    nothing closable

--- author  (refill to the queue depth)
    REFUSED to file - nobody is draining the backlog

feed complete: push-work=ok land=empty-handed close-done=ok author=ok
  EMPTY-HANDED  land: 2 branch(es) are landable and none could be put in a batch - they conflict
      REFUSED - ALL 2 remaining branch(es) conflict. Nothing here can be landed by merging.
2026-09-13T11:04:55.130Z feed start
the loop lock is held by heal (2 min) - standing down; it feeds too
2026-09-13T11:09:55.381Z feed start
the loop lock is held by heal (7 min) - standing down; it feeds too
2026-09-13T11:14:55.649Z feed start

--- push-work  (a branch nobody can see cannot be closed against)
    pushed 0
      REFUSED - 46 branch(es) in /workspace/t27 hold work that is on no remote, and this tool is not authorised to push there.

--- land  (put accepted work into the branch)
    EMPTY-HANDED - 2 branch(es) are landable and none could be put in a batch - they conflict; it reported: 0 accepted branch(es) landed
      REFUSED - ALL 2 remaining branch(es) conflict. Nothing here can be landed by merging.

--- close-done  (an open accepted issue holds its boundary)
    nothing closable

--- author  (refill to the queue depth)
    REFUSED to file - nobody is draining the backlog

feed complete: push-work=ok land=empty-handed close-done=ok author=ok
  EMPTY-HANDED  land: 2 branch(es) are landable and none could be put in a batch - they conflict
      REFUSED - ALL 2 remaining branch(es) conflict. Nothing here can be landed by merging.
2026-09-13T11:22:21.258Z feed start

--- push-work  (a branch nobody can see cannot be closed against)
    pushed 0
      REFUSED - 46 branch(es) in /workspace/t27 hold work that is on no remote, and this tool is not authorised to push there.

--- land  (put accepted work into the branch)
    EMPTY-HANDED - 2 branch(es) are landable and none could be put in a batch - they conflict; it reported: 0 accepted branch(es) landed
      REFUSED - ALL 2 remaining branch(es) conflict. Nothing here can be landed by merging.

--- close-done  (an open accepted issue holds its boundary)
    nothing closable

--- author  (refill to the queue depth)
    REFUSED to file - nobody is draining the backlog

feed complete: push-work=ok land=empty-handed close-done=ok author=ok
  EMPTY-HANDED  land: 2 branch(es) are landable and none could be put in a batch - they conflict
      REFUSED - ALL 2 remaining branch(es) conflict. Nothing here can be landed by merging.
2026-09-13T11:30:28.982Z feed start
the loop lock is held by heal (5 min) - standing down; it feeds too
2026-09-13T11:35:29.249Z feed start

--- push-work  (a branch nobody can see cannot be closed against)
    pushed 0
      REFUSED - 46 branch(es) in /workspace/t27 hold work that is on no remote, and this tool is not authorised to push there.

--- land  (put accepted work into the branch)
    EMPTY-HANDED - 2 branch(es) are landable and none could be put in a batch - they conflict; it reported: 0 accepted branch(es) landed
      REFUSED - ALL 2 remaining branch(es) conflict. Nothing here can be landed by merging.

--- close-done  (an open accepted issue holds its boundary)
    nothing closable

--- author  (refill to the queue depth)
    REFUSED to file - nobody is draining the backlog

feed complete: push-work=ok land=empty-handed close-done=ok author=ok
  EMPTY-HANDED  land: 2 branch(es) are landable and none could be put in a batch - they conflict
      REFUSED - ALL 2 remaining branch(es) conflict. Nothing here can be landed by merging.
2026-09-13T11:43:03.813Z feed start

--- push-work  (a branch nobody can see cannot be closed against)
    pushed 0
      REFUSED - 46 branch(es) in /workspace/t27 hold work that is on no remote, and this tool is not authorised to push there.

--- land  (put accepted work into the branch)
    EMPTY-HANDED - 2 branch(es) are landable and none could be put in a batch - they conflict; it reported: 0 accepted branch(es) landed
      REFUSED - ALL 2 remaining branch(es) conflict. Nothing here can be landed by merging.

--- close-done  (an open accepted issue holds its boundary)
    nothing closable

--- author  (refill to the queue depth)
    REFUSED to file - nobody is draining the backlog

feed complete: push-work=ok land=empty-handed close-done=ok author=ok
  EMPTY-HANDED  land: 2 branch(es) are landable and none could be put in a batch - they conflict
      REFUSED - ALL 2 remaining branch(es) conflict. Nothing here can be landed by merging.
2026-09-13T11:50:28.088Z feed start
the loop lock is held by heal (3 min) - standing down; it feeds too
2026-09-13T11:55:28.361Z feed start
the loop lock is held by heal (8 min) - standing down; it feeds too
2026-09-13T12:00:28.717Z feed start

--- push-work  (a branch nobody can see cannot be closed against)
    pushed 0
      REFUSED - 46 branch(es) in /workspace/t27 hold work that is on no remote, and this tool is not authorised to push there.

--- land  (put accepted work into the branch)
    EMPTY-HANDED - 2 branch(es) are landable and none could be put in a batch - they conflict; it reported: 0 accepted branch(es) landed
      REFUSED - ALL 2 remaining branch(es) conflict. Nothing here can be landed by merging.

--- close-done  (an open accepted issue holds its boundary)
    nothing closable

--- author  (refill to the queue depth)
    REFUSED to file - nobody is draining the backlog

feed complete: push-work=ok land=empty-handed close-done=ok author=ok
  EMPTY-HANDED  land: 2 branch(es) are landable and none could be put in a batch - they conflict
      REFUSED - ALL 2 remaining branch(es) conflict. Nothing here can be landed by merging.
2026-09-13T12:07:57.577Z feed start

--- push-work  (a branch nobody can see cannot be closed against)
    pushed 0
      REFUSED - 46 branch(es) in /workspace/t27 hold work that is on no remote, and this tool is not authorised to push there.

--- land  (put accepted work into the branch)
    EMPTY-HANDED - 2 branch(es) are landable and none could be put in a batch - they conflict; it reported: 0 accepted branch(es) landed
      REFUSED - ALL 2 remaining branch(es) conflict. Nothing here can be landed by merging.

--- close-done  (an open accepted issue holds its boundary)
    nothing closable

--- author  (refill to the queue depth)
    REFUSED to file - nobody is draining the backlog

feed complete: push-work=ok land=empty-handed close-done=ok author=ok
  EMPTY-HANDED  land: 2 branch(es) are landable and none could be put in a batch - they conflict
      REFUSED - ALL 2 remaining branch(es) conflict. Nothing here can be landed by merging.
2026-09-13T12:15:31.982Z feed start
the loop lock is held by heal (5 min) - standing down; it feeds too
2026-09-13T12:20:32.977Z feed start

--- push-work  (a branch nobody can see cannot be closed against)
    pushed 0
      REFUSED - 46 branch(es) in /workspace/t27 hold work that is on no remote, and this tool is not authorised to push there.

--- land  (put accepted work into the branch)
    EMPTY-HANDED - 2 branch(es) are landable and none could be put in a batch - they conflict; it reported: 0 accepted branch(es) landed
      REFUSED - ALL 2 remaining branch(es) conflict. Nothing here can be landed by merging.

--- close-done  (an open accepted issue holds its boundary)
    nothing closable

--- author  (refill to the queue depth)
    REFUSED to file - nobody is draining the backlog

feed complete: push-work=ok land=empty-handed close-done=ok author=ok
  EMPTY-HANDED  land: 2 branch(es) are landable and none could be put in a batch - they conflict
      REFUSED - ALL 2 remaining branch(es) conflict. Nothing here can be landed by merging.
2026-09-13T12:28:52.773Z feed start

--- push-work  (a branch nobody can see cannot be closed against)
    pushed 0
      REFUSED - 46 branch(es) in /workspace/t27 hold work that is on no remote, and this tool is not authorised to push there.

--- land  (put accepted work into the branch)
    EMPTY-HANDED - 2 branch(es) are landable and none could be put in a batch - they conflict; it reported: 0 accepted branch(es) landed
      REFUSED - ALL 2 remaining branch(es) conflict. Nothing here can be landed by merging.

--- close-done  (an open accepted issue holds its boundary)
    nothing closable

--- author  (refill to the queue depth)
    REFUSED to file - nobody is draining the backlog

feed complete: push-work=ok land=empty-handed close-done=ok author=ok
  EMPTY-HANDED  land: 2 branch(es) are landable and none could be put in a batch - they conflict
      REFUSED - ALL 2 remaining branch(es) conflict. Nothing here can be landed by merging.
2026-09-13T12:36:31.535Z feed start
the loop lock is held by heal (2 min) - standing down; it feeds too
2026-09-13T12:41:31.790Z feed start
the loop lock is held by heal (7 min) - standing down; it feeds too
2026-09-13T12:46:32.066Z feed start

--- push-work  (a branch nobody can see cannot be closed against)
    pushed 0
      REFUSED - 46 branch(es) in /workspace/t27 hold work that is on no remote, and this tool is not authorised to push there.

--- land  (put accepted work into the branch)
    EMPTY-HANDED - 2 branch(es) are landable and none could be put in a batch - they conflict; it reported: 0 accepted branch(es) landed
      REFUSED - ALL 2 remaining branch(es) conflict. Nothing here can be landed by merging.

--- close-done  (an open accepted issue holds its boundary)
    nothing closable

--- author  (refill to the queue depth)
    REFUSED to file - nobody is draining the backlog

feed complete: push-work=ok land=empty-handed close-done=ok author=ok
  EMPTY-HANDED  land: 2 branch(es) are landable and none could be put in a batch - they conflict
      REFUSED - ALL 2 remaining branch(es) conflict. Nothing here can be landed by merging.
2026-09-13T12:54:06.849Z feed start

--- push-work  (a branch nobody can see cannot be closed against)
    pushed 0
      REFUSED - 46 branch(es) in /workspace/t27 hold work that is on no remote, and this tool is not authorised to push there.

--- land  (put accepted work into the branch)
    EMPTY-HANDED - 2 branch(es) are landable and none could be put in a batch - they conflict; it reported: 0 accepted branch(es) landed
      REFUSED - ALL 2 remaining branch(es) conflict. Nothing here can be landed by merging.

--- close-done  (an open accepted issue holds its boundary)
    nothing closable

--- author  (refill to the queue depth)
    REFUSED to file - nobody is draining the backlog

feed complete: push-work=ok land=empty-handed close-done=ok author=ok
  EMPTY-HANDED  land: 2 branch(es) are landable and none could be put in a batch - they conflict
      REFUSED - ALL 2 remaining branch(es) conflict. Nothing here can be landed by merging.
2026-09-13T13:01:42.127Z feed start
the loop lock is held by heal (4 min) - standing down; it feeds too
2026-09-13T13:06:42.386Z feed start

--- push-work  (a branch nobody can see cannot be closed against)
    pushed 0
      REFUSED - 46 branch(es) in /workspace/t27 hold work that is on no remote, and this tool is not authorised to push there.

--- land  (put accepted work into the branch)
    EMPTY-HANDED - 2 branch(es) are landable and none could be put in a batch - they conflict; it reported: 0 accepted branch(es) landed
      REFUSED - ALL 2 remaining branch(es) conflict. Nothing here can be landed by merging.

--- close-done  (an open accepted issue holds its boundary)
    nothing closable

--- author  (refill to the queue depth)
    REFUSED to file - nobody is draining the backlog

feed complete: push-work=ok land=empty-handed close-done=ok author=ok
  EMPTY-HANDED  land: 2 branch(es) are landable and none could be put in a batch - they conflict
      REFUSED - ALL 2 remaining branch(es) conflict. Nothing here can be landed by merging.
2026-09-13T13:14:19.017Z feed start
the loop lock is held by cycle (0 min) - standing down; it feeds too
2026-09-13T13:19:19.260Z feed start

--- push-work  (a branch nobody can see cannot be closed against)
    pushed 0
      REFUSED - 46 branch(es) in /workspace/t27 hold work that is on no remote, and this tool is not authorised to push there.

--- land  (put accepted work into the branch)
    EMPTY-HANDED - 2 branch(es) are landable and none could be put in a batch - they conflict; it reported: 0 accepted branch(es) landed
      REFUSED - ALL 2 remaining branch(es) conflict. Nothing here can be landed by merging.

--- close-done  (an open accepted issue holds its boundary)
    nothing closable

--- author  (refill to the queue depth)
    REFUSED to file - nobody is draining the backlog

feed complete: push-work=ok land=empty-handed close-done=ok author=ok
  EMPTY-HANDED  land: 2 branch(es) are landable and none could be put in a batch - they conflict
      REFUSED - ALL 2 remaining branch(es) conflict. Nothing here can be landed by merging.
2026-09-13T13:27:59.488Z feed start

--- push-work  (a branch nobody can see cannot be closed against)
    pushed 0
      REFUSED - 46 branch(es) in /workspace/t27 hold work that is on no remote, and this tool is not authorised to push there.

--- land  (put accepted work into the branch)
    EMPTY-HANDED - 2 branch(es) are landable and none could be put in a batch - they conflict; it reported: 0 accepted branch(es) landed
      REFUSED - ALL 2 remaining branch(es) conflict. Nothing here can be landed by merging.

--- close-done  (an open accepted issue holds its boundary)
    nothing closable

--- author  (refill to the queue depth)
    REFUSED to file - nobody is draining the backlog

feed complete: push-work=ok land=empty-handed close-done=ok author=ok
  EMPTY-HANDED  land: 2 branch(es) are landable and none could be put in a batch - they conflict
      REFUSED - ALL 2 remaining branch(es) conflict. Nothing here can be landed by merging.
2026-09-13T13:36:01.939Z feed start

--- push-work  (a branch nobody can see cannot be closed against)
    pushed 0
      REFUSED - 46 branch(es) in /workspace/t27 hold work that is on no remote, and this tool is not authorised to push there.

--- land  (put accepted work into the branch)
    EMPTY-HANDED - 2 branch(es) are landable and none could be put in a batch - they conflict; it reported: 0 accepted branch(es) landed
      REFUSED - ALL 2 remaining branch(es) conflict. Nothing here can be landed by merging.

--- close-done  (an open accepted issue holds its boundary)
    nothing closable

--- author  (refill to the queue depth)
    REFUSED to file - nobody is draining the backlog

feed complete: push-work=ok land=empty-handed close-done=ok author=ok
  EMPTY-HANDED  land: 2 branch(es) are landable and none could be put in a batch - they conflict
      REFUSED - ALL 2 remaining branch(es) conflict. Nothing here can be landed by merging.
2026-09-13T13:44:14.333Z feed start
the loop lock is held by heal (1 min) - standing down; it feeds too
2026-09-13T13:49:14.688Z feed start
the loop lock is held by heal (6 min) - standing down; it feeds too
2026-09-13T13:54:15.172Z feed start

--- push-work  (a branch nobody can see cannot be closed against)
    pushed 0
      REFUSED - 46 branch(es) in /workspace/t27 hold work that is on no remote, and this tool is not authorised to push there.

--- land  (put accepted work into the branch)
    EMPTY-HANDED - 2 branch(es) are landable and none could be put in a batch - they conflict; it reported: 0 accepted branch(es) landed
      REFUSED - ALL 2 remaining branch(es) conflict. Nothing here can be landed by merging.

--- close-done  (an open accepted issue holds its boundary)
    nothing closable

--- author  (refill to the queue depth)
    REFUSED to file - nobody is draining the backlog

feed complete: push-work=ok land=empty-handed close-done=ok author=ok
  EMPTY-HANDED  land: 2 branch(es) are landable and none could be put in a batch - they conflict
      REFUSED - ALL 2 remaining branch(es) conflict. Nothing here can be landed by merging.
2026-09-13T14:02:49.961Z feed start

--- push-work  (a branch nobody can see cannot be closed against)
    pushed 0
      REFUSED - 47 branch(es) in /workspace/t27 hold work that is on no remote, and this tool is not authorised to push there.

--- land  (put accepted work into the branch)
    EMPTY-HANDED - 2 branch(es) are landable and none could be put in a batch - they conflict; it reported: 0 accepted branch(es) landed
      REFUSED - ALL 2 remaining branch(es) conflict. Nothing here can be landed by merging.

--- close-done  (an open accepted issue holds its boundary)
    nothing closable

--- author  (refill to the queue depth)
    REFUSED to file - nobody is draining the backlog

feed complete: push-work=ok land=empty-handed close-done=ok author=ok
  EMPTY-HANDED  land: 2 branch(es) are landable and none could be put in a batch - they conflict
      REFUSED - ALL 2 remaining branch(es) conflict. Nothing here can be landed by merging.
2026-09-13T14:11:16.570Z feed start
the loop lock is held by heal (3 min) - standing down; it feeds too
2026-09-13T14:16:17.260Z feed start

--- push-work  (a branch nobody can see cannot be closed against)
    pushed 0
      REFUSED - 47 branch(es) in /workspace/t27 hold work that is on no remote, and this tool is not authorised to push there.

--- land  (put accepted work into the branch)
    EMPTY-HANDED - 2 branch(es) are landable and none could be put in a batch - they conflict; it reported: 0 accepted branch(es) landed
      REFUSED - ALL 2 remaining branch(es) conflict. Nothing here can be landed by merging.

--- close-done  (an open accepted issue holds its boundary)
    nothing closable

--- author  (refill to the queue depth)
    REFUSED to file - nobody is draining the backlog

feed complete: push-work=ok land=empty-handed close-done=ok author=ok
  EMPTY-HANDED  land: 2 branch(es) are landable and none could be put in a batch - they conflict
      REFUSED - ALL 2 remaining branch(es) conflict. Nothing here can be landed by merging.
2026-09-13T14:24:22.179Z feed start

--- push-work  (a branch nobody can see cannot be closed against)
    pushed 0
      REFUSED - 47 branch(es) in /workspace/t27 hold work that is on no remote, and this tool is not authorised to push there.

--- land  (put accepted work into the branch)
    EMPTY-HANDED - 2 branch(es) are landable and none could be put in a batch - they conflict; it reported: 0 accepted branch(es) landed
      REFUSED - ALL 2 remaining branch(es) conflict. Nothing here can be landed by merging.

--- close-done  (an open accepted issue holds its boundary)
    nothing closable

--- author  (refill to the queue depth)
    REFUSED to file - nobody is draining the backlog

feed complete: push-work=ok land=empty-handed close-done=ok author=ok
  EMPTY-HANDED  land: 2 branch(es) are landable and none could be put in a batch - they conflict
      REFUSED - ALL 2 remaining branch(es) conflict. Nothing here can be landed by merging.
2026-09-13T14:32:35.691Z feed start
the loop lock is held by heal (0 min) - standing down; it feeds too
2026-09-13T14:37:36.018Z feed start
the loop lock is held by heal (5 min) - standing down; it feeds too
2026-09-13T14:42:36.353Z feed start

--- push-work  (a branch nobody can see cannot be closed against)
    pushed 0
      REFUSED - 47 branch(es) in /workspace/t27 hold work that is on no remote, and this tool is not authorised to push there.

--- land  (put accepted work into the branch)
    EMPTY-HANDED - 2 branch(es) are landable and none could be put in a batch - they conflict; it reported: 0 accepted branch(es) landed
      REFUSED - ALL 2 remaining branch(es) conflict. Nothing here can be landed by merging.

--- close-done  (an open accepted issue holds its boundary)
    nothing closable

--- author  (refill to the queue depth)
    REFUSED to file - nobody is draining the backlog

feed complete: push-work=ok land=empty-handed close-done=ok author=ok
  EMPTY-HANDED  land: 2 branch(es) are landable and none could be put in a batch - they conflict
      REFUSED - ALL 2 remaining branch(es) conflict. Nothing here can be landed by merging.
2026-09-13T14:50:17.372Z feed start

--- push-work  (a branch nobody can see cannot be closed against)
    pushed 0
      REFUSED - 47 branch(es) in /workspace/t27 hold work that is on no remote, and this tool is not authorised to push there.

--- land  (put accepted work into the branch)
    EMPTY-HANDED - 2 branch(es) are landable and none could be put in a batch - they conflict; it reported: 0 accepted branch(es) landed
      REFUSED - ALL 2 remaining branch(es) conflict. Nothing here can be landed by merging.

--- close-done  (an open accepted issue holds its boundary)
    nothing closable

--- author  (refill to the queue depth)
    REFUSED to file - nobody is draining the backlog

feed complete: push-work=ok land=empty-handed close-done=ok author=ok
  EMPTY-HANDED  land: 2 branch(es) are landable and none could be put in a batch - they conflict
      REFUSED - ALL 2 remaining branch(es) conflict. Nothing here can be landed by merging.
2026-09-13T14:58:18.073Z feed start
the loop lock is held by heal (4 min) - standing down; it feeds too
2026-09-13T15:03:21.896Z feed start

--- push-work  (a branch nobody can see cannot be closed against)
    pushed 0
      REFUSED - 47 branch(es) in /workspace/t27 hold work that is on no remote, and this tool is not authorised to push there.

--- land  (put accepted work into the branch)
    EMPTY-HANDED - 2 branch(es) are landable and none could be put in a batch - they conflict; it reported: 0 accepted branch(es) landed
      REFUSED - ALL 2 remaining branch(es) conflict. Nothing here can be landed by merging.

--- close-done  (an open accepted issue holds its boundary)
    nothing closable

--- author  (refill to the queue depth)
    REFUSED to file - nobody is draining the backlog

feed complete: push-work=ok land=empty-handed close-done=ok author=ok
  EMPTY-HANDED  land: 2 branch(es) are landable and none could be put in a batch - they conflict
      REFUSED - ALL 2 remaining branch(es) conflict. Nothing here can be landed by merging.
2026-09-13T15:11:17.215Z feed start

--- push-work  (a branch nobody can see cannot be closed against)
    pushed 0
      REFUSED - 47 branch(es) in /workspace/t27 hold work that is on no remote, and this tool is not authorised to push there.

--- land  (put accepted work into the branch)
    EMPTY-HANDED - 2 branch(es) are landable and none could be put in a batch - they conflict; it reported: 0 accepted branch(es) landed
      REFUSED - ALL 2 remaining branch(es) conflict. Nothing here can be landed by merging.

--- close-done  (an open accepted issue holds its boundary)
    nothing closable

--- author  (refill to the queue depth)
    REFUSED to file - nobody is draining the backlog

feed complete: push-work=ok land=empty-handed close-done=ok author=ok
  EMPTY-HANDED  land: 2 branch(es) are landable and none could be put in a batch - they conflict
      REFUSED - ALL 2 remaining branch(es) conflict. Nothing here can be landed by merging.
2026-09-13T15:18:53.004Z feed start
the loop lock is held by heal (1 min) - standing down; it feeds too
2026-09-13T15:23:53.246Z feed start
the loop lock is held by heal (6 min) - standing down; it feeds too
2026-09-13T15:28:54.432Z feed start

--- push-work  (a branch nobody can see cannot be closed against)
    pushed 0
      REFUSED - 47 branch(es) in /workspace/t27 hold work that is on no remote, and this tool is not authorised to push there.

--- land  (put accepted work into the branch)
    EMPTY-HANDED - 2 branch(es) are landable and none could be put in a batch - they conflict; it reported: 0 accepted branch(es) landed
      REFUSED - ALL 2 remaining branch(es) conflict. Nothing here can be landed by merging.

--- close-done  (an open accepted issue holds its boundary)
    nothing closable

--- author  (refill to the queue depth)
    REFUSED to file - nobody is draining the backlog

feed complete: push-work=ok land=empty-handed close-done=ok author=ok
  EMPTY-HANDED  land: 2 branch(es) are landable and none could be put in a batch - they conflict
      REFUSED - ALL 2 remaining branch(es) conflict. Nothing here can be landed by merging.
2026-09-13T15:36:37.148Z feed start

--- push-work  (a branch nobody can see cannot be closed against)
    pushed 0
      REFUSED - 47 branch(es) in /workspace/t27 hold work that is on no remote, and this tool is not authorised to push there.

--- land  (put accepted work into the branch)
    EMPTY-HANDED - 2 branch(es) are landable and none could be put in a batch - they conflict; it reported: 0 accepted branch(es) landed
      REFUSED - ALL 2 remaining branch(es) conflict. Nothing here can be landed by merging.

--- close-done  (an open accepted issue holds its boundary)
    nothing closable

--- author  (refill to the queue depth)
    REFUSED to file - nobody is draining the backlog

feed complete: push-work=ok land=empty-handed close-done=ok author=ok
  EMPTY-HANDED  land: 2 branch(es) are landable and none could be put in a batch - they conflict
      REFUSED - ALL 2 remaining branch(es) conflict. Nothing here can be landed by merging.
2026-09-13T15:44:14.904Z feed start
the loop lock is held by heal (3 min) - standing down; it feeds too
2026-09-13T15:49:15.748Z feed start
the loop lock is held by heal (8 min) - standing down; it feeds too
2026-09-13T15:54:18.773Z feed start

--- push-work  (a branch nobody can see cannot be closed against)
    pushed 0
      REFUSED - 47 branch(es) in /workspace/t27 hold work that is on no remote, and this tool is not authorised to push there.

--- land  (put accepted work into the branch)
    EMPTY-HANDED - 2 branch(es) are landable and none could be put in a batch - they conflict; it reported: 0 accepted branch(es) landed
      REFUSED - ALL 2 remaining branch(es) conflict. Nothing here can be landed by merging.

--- close-done  (an open accepted issue holds its boundary)
    nothing closable

--- author  (refill to the queue depth)
    REFUSED to file - nobody is draining the backlog

feed complete: push-work=ok land=empty-handed close-done=ok author=ok
  EMPTY-HANDED  land: 2 branch(es) are landable and none could be put in a batch - they conflict
      REFUSED - ALL 2 remaining branch(es) conflict. Nothing here can be landed by merging.
2026-09-13T16:01:57.807Z feed start

--- push-work  (a branch nobody can see cannot be closed against)
    pushed 0
      REFUSED - 47 branch(es) in /workspace/t27 hold work that is on no remote, and this tool is not authorised to push there.

--- land  (put accepted work into the branch)
    EMPTY-HANDED - 2 branch(es) are landable and none could be put in a batch - they conflict; it reported: 0 accepted branch(es) landed
      REFUSED - ALL 2 remaining branch(es) conflict. Nothing here can be landed by merging.

--- close-done  (an open accepted issue holds its boundary)
    nothing closable

--- author  (refill to the queue depth)
    REFUSED to file - nobody is draining the backlog

feed complete: push-work=ok land=empty-handed close-done=ok author=ok
  EMPTY-HANDED  land: 2 branch(es) are landable and none could be put in a batch - they conflict
      REFUSED - ALL 2 remaining branch(es) conflict. Nothing here can be landed by merging.
2026-09-13T16:10:01.826Z feed start
the loop lock is held by heal (4 min) - standing down; it feeds too
2026-09-13T16:15:02.121Z feed start

--- push-work  (a branch nobody can see cannot be closed against)
    pushed 0
      REFUSED - 47 branch(es) in /workspace/t27 hold work that is on no remote, and this tool is not authorised to push there.

--- land  (put accepted work into the branch)
    EMPTY-HANDED - 2 branch(es) are landable and none could be put in a batch - they conflict; it reported: 0 accepted branch(es) landed
      REFUSED - ALL 2 remaining branch(es) conflict. Nothing here can be landed by merging.

--- close-done  (an open accepted issue holds its boundary)
    nothing closable

--- author  (refill to the queue depth)
    REFUSED to file - nobody is draining the backlog

feed complete: push-work=ok land=empty-handed close-done=ok author=ok
  EMPTY-HANDED  land: 2 branch(es) are landable and none could be put in a batch - they conflict
      REFUSED - ALL 2 remaining branch(es) conflict. Nothing here can be landed by merging.
2026-09-13T16:22:42.936Z feed start

--- push-work  (a branch nobody can see cannot be closed against)
    pushed 0
      REFUSED - 47 branch(es) in /workspace/t27 hold work that is on no remote, and this tool is not authorised to push there.

--- land  (put accepted work into the branch)
    EMPTY-HANDED - 2 branch(es) are landable and none could be put in a batch - they conflict; it reported: 0 accepted branch(es) landed
      REFUSED - ALL 2 remaining branch(es) conflict. Nothing here can be landed by merging.

--- close-done  (an open accepted issue holds its boundary)
    nothing closable

--- author  (refill to the queue depth)
    REFUSED to file - nobody is draining the backlog

feed complete: push-work=ok land=empty-handed close-done=ok author=ok
  EMPTY-HANDED  land: 2 branch(es) are landable and none could be put in a batch - they conflict
      REFUSED - ALL 2 remaining branch(es) conflict. Nothing here can be landed by merging.
2026-09-13T16:30:16.403Z feed start
the loop lock is held by heal (2 min) - standing down; it feeds too
2026-09-13T16:35:16.681Z feed start
the loop lock is held by heal (7 min) - standing down; it feeds too
2026-09-13T16:40:16.951Z feed start

--- push-work  (a branch nobody can see cannot be closed against)
    pushed 0
      REFUSED - 47 branch(es) in /workspace/t27 hold work that is on no remote, and this tool is not authorised to push there.

--- land  (put accepted work into the branch)
    EMPTY-HANDED - 2 branch(es) are landable and none could be put in a batch - they conflict; it reported: 0 accepted branch(es) landed
      REFUSED - ALL 2 remaining branch(es) conflict. Nothing here can be landed by merging.

--- close-done  (an open accepted issue holds its boundary)
    nothing closable

--- author  (refill to the queue depth)
    REFUSED to file - nobody is draining the backlog

feed complete: push-work=ok land=empty-handed close-done=ok author=ok
  EMPTY-HANDED  land: 2 branch(es) are landable and none could be put in a batch - they conflict
      REFUSED - ALL 2 remaining branch(es) conflict. Nothing here can be landed by merging.
2026-09-13T16:47:36.826Z feed start

--- push-work  (a branch nobody can see cannot be closed against)
    pushed 0
      REFUSED - 47 branch(es) in /workspace/t27 hold work that is on no remote, and this tool is not authorised to push there.

--- land  (put accepted work into the branch)
    EMPTY-HANDED - 2 branch(es) are landable and none could be put in a batch - they conflict; it reported: 0 accepted branch(es) landed
      REFUSED - ALL 2 remaining branch(es) conflict. Nothing here can be landed by merging.

--- close-done  (an open accepted issue holds its boundary)
    nothing closable

--- author  (refill to the queue depth)
    REFUSED to file - nobody is draining the backlog

feed complete: push-work=ok land=empty-handed close-done=ok author=ok
  EMPTY-HANDED  land: 2 branch(es) are landable and none could be put in a batch - they conflict
      REFUSED - ALL 2 remaining branch(es) conflict. Nothing here can be landed by merging.
2026-09-13T16:55:15.647Z feed start
the loop lock is held by heal (2 min) - standing down; it feeds too
2026-09-13T17:00:16.212Z feed start
the loop lock is held by heal (7 min) - standing down; it feeds too
2026-09-13T17:05:16.508Z feed start

--- push-work  (a branch nobody can see cannot be closed against)
    pushed 0
      REFUSED - 47 branch(es) in /workspace/t27 hold work that is on no remote, and this tool is not authorised to push there.

--- land  (put accepted work into the branch)
    EMPTY-HANDED - 2 branch(es) are landable and none could be put in a batch - they conflict; it reported: 0 accepted branch(es) landed
      REFUSED - ALL 2 remaining branch(es) conflict. Nothing here can be landed by merging.

--- close-done  (an open accepted issue holds its boundary)
    nothing closable

--- author  (refill to the queue depth)
    REFUSED to file - nobody is draining the backlog

feed complete: push-work=ok land=empty-handed close-done=ok author=ok
  EMPTY-HANDED  land: 2 branch(es) are landable and none could be put in a batch - they conflict
      REFUSED - ALL 2 remaining branch(es) conflict. Nothing here can be landed by merging.
2026-09-13T17:12:39.033Z feed start

--- push-work  (a branch nobody can see cannot be closed against)
    pushed 0
      REFUSED - 47 branch(es) in /workspace/t27 hold work that is on no remote, and this tool is not authorised to push there.

--- land  (put accepted work into the branch)
    EMPTY-HANDED - 2 branch(es) are landable and none could be put in a batch - they conflict; it reported: 0 accepted branch(es) landed
      REFUSED - ALL 2 remaining branch(es) conflict. Nothing here can be landed by merging.

--- close-done  (an open accepted issue holds its boundary)
    nothing closable

--- author  (refill to the queue depth)
    REFUSED to file - nobody is draining the backlog

feed complete: push-work=ok land=empty-handed close-done=ok author=ok
  EMPTY-HANDED  land: 2 branch(es) are landable and none could be put in a batch - they conflict
      REFUSED - ALL 2 remaining branch(es) conflict. Nothing here can be landed by merging.
2026-09-13T17:20:07.989Z feed start
the loop lock is held by heal (2 min) - standing down; it feeds too
2026-09-13T17:25:08.499Z feed start
the loop lock is held by heal (7 min) - standing down; it feeds too
2026-09-13T17:30:08.754Z feed start

--- push-work  (a branch nobody can see cannot be closed against)
    pushed 0
      REFUSED - 47 branch(es) in /workspace/t27 hold work that is on no remote, and this tool is not authorised to push there.

--- land  (put accepted work into the branch)
    EMPTY-HANDED - 2 branch(es) are landable and none could be put in a batch - they conflict; it reported: 0 accepted branch(es) landed
      REFUSED - ALL 2 remaining branch(es) conflict. Nothing here can be landed by merging.

--- close-done  (an open accepted issue holds its boundary)
    nothing closable

--- author  (refill to the queue depth)
    REFUSED to file - nobody is draining the backlog

feed complete: push-work=ok land=empty-handed close-done=ok author=ok
  EMPTY-HANDED  land: 2 branch(es) are landable and none could be put in a batch - they conflict
      REFUSED - ALL 2 remaining branch(es) conflict. Nothing here can be landed by merging.
2026-09-13T17:37:45.890Z feed start

--- push-work  (a branch nobody can see cannot be closed against)
    pushed 0
      REFUSED - 47 branch(es) in /workspace/t27 hold work that is on no remote, and this tool is not authorised to push there.

--- land  (put accepted work into the branch)
    EMPTY-HANDED - 2 branch(es) are landable and none could be put in a batch - they conflict; it reported: 0 accepted branch(es) landed
      REFUSED - ALL 2 remaining branch(es) conflict. Nothing here can be landed by merging.

--- close-done  (an open accepted issue holds its boundary)
    nothing closable

--- author  (refill to the queue depth)
    REFUSED to file - nobody is draining the backlog

feed complete: push-work=ok land=empty-handed close-done=ok author=ok
  EMPTY-HANDED  land: 2 branch(es) are landable and none could be put in a batch - they conflict
      REFUSED - ALL 2 remaining branch(es) conflict. Nothing here can be landed by merging.
2026-09-13T17:45:07.435Z feed start
the loop lock is held by heal (4 min) - standing down; it feeds too
2026-09-13T17:50:07.707Z feed start

--- push-work  (a branch nobody can see cannot be closed against)
    pushed 0
      REFUSED - 47 branch(es) in /workspace/t27 hold work that is on no remote, and this tool is not authorised to push there.

--- land  (put accepted work into the branch)
    EMPTY-HANDED - 2 branch(es) are landable and none could be put in a batch - they conflict; it reported: 0 accepted branch(es) landed
      REFUSED - ALL 2 remaining branch(es) conflict. Nothing here can be landed by merging.

--- close-done  (an open accepted issue holds its boundary)
    nothing closable

--- author  (refill to the queue depth)
    REFUSED to file - nobody is draining the backlog

feed complete: push-work=ok land=empty-handed close-done=ok author=ok
  EMPTY-HANDED  land: 2 branch(es) are landable and none could be put in a batch - they conflict
      REFUSED - ALL 2 remaining branch(es) conflict. Nothing here can be landed by merging.
2026-09-13T17:57:34.167Z feed start

--- push-work  (a branch nobody can see cannot be closed against)
    pushed 0
      REFUSED - 47 branch(es) in /workspace/t27 hold work that is on no remote, and this tool is not authorised to push there.

--- land  (put accepted work into the branch)
    EMPTY-HANDED - 2 branch(es) are landable and none could be put in a batch - they conflict; it reported: 0 accepted branch(es) landed
      REFUSED - ALL 2 remaining branch(es) conflict. Nothing here can be landed by merging.

--- close-done  (an open accepted issue holds its boundary)
    nothing closable

--- author  (refill to the queue depth)
    REFUSED to file - nobody is draining the backlog

feed complete: push-work=ok land=empty-handed close-done=ok author=ok
  EMPTY-HANDED  land: 2 branch(es) are landable and none could be put in a batch - they conflict
      REFUSED - ALL 2 remaining branch(es) conflict. Nothing here can be landed by merging.
2026-09-13T18:05:18.041Z feed start
the loop lock is held by heal (0 min) - standing down; it feeds too
2026-09-13T18:10:18.254Z feed start
the loop lock is held by heal (5 min) - standing down; it feeds too
2026-09-13T18:15:18.536Z feed start

--- push-work  (a branch nobody can see cannot be closed against)
    pushed 0
      REFUSED - 47 branch(es) in /workspace/t27 hold work that is on no remote, and this tool is not authorised to push there.

--- land  (put accepted work into the branch)
    EMPTY-HANDED - 2 branch(es) are landable and none could be put in a batch - they conflict; it reported: 0 accepted branch(es) landed
      REFUSED - ALL 2 remaining branch(es) conflict. Nothing here can be landed by merging.

--- close-done  (an open accepted issue holds its boundary)
    nothing closable

--- author  (refill to the queue depth)
    REFUSED to file - nobody is draining the backlog

feed complete: push-work=ok land=empty-handed close-done=ok author=ok
  EMPTY-HANDED  land: 2 branch(es) are landable and none could be put in a batch - they conflict
      REFUSED - ALL 2 remaining branch(es) conflict. Nothing here can be landed by merging.
2026-09-13T18:22:39.387Z feed start

--- push-work  (a branch nobody can see cannot be closed against)
    pushed 0
      REFUSED - 47 branch(es) in /workspace/t27 hold work that is on no remote, and this tool is not authorised to push there.

--- land  (put accepted work into the branch)
    EMPTY-HANDED - 2 branch(es) are landable and none could be put in a batch - they conflict; it reported: 0 accepted branch(es) landed
      REFUSED - ALL 2 remaining branch(es) conflict. Nothing here can be landed by merging.

--- close-done  (an open accepted issue holds its boundary)
    nothing closable

--- author  (refill to the queue depth)
    REFUSED to file - nobody is draining the backlog

feed complete: push-work=ok land=empty-handed close-done=ok author=ok
  EMPTY-HANDED  land: 2 branch(es) are landable and none could be put in a batch - they conflict
      REFUSED - ALL 2 remaining branch(es) conflict. Nothing here can be landed by merging.
2026-09-13T18:30:01.813Z feed start
the loop lock is held by heal (2 min) - standing down; it feeds too
2026-09-13T18:35:02.112Z feed start
the loop lock is held by heal (7 min) - standing down; it feeds too
2026-09-13T18:40:02.391Z feed start

--- push-work  (a branch nobody can see cannot be closed against)
    pushed 0
      REFUSED - 47 branch(es) in /workspace/t27 hold work that is on no remote, and this tool is not authorised to push there.

--- land  (put accepted work into the branch)
    EMPTY-HANDED - 2 branch(es) are landable and none could be put in a batch - they conflict; it reported: 0 accepted branch(es) landed
      REFUSED - ALL 2 remaining branch(es) conflict. Nothing here can be landed by merging.

--- close-done  (an open accepted issue holds its boundary)
    nothing closable

--- author  (refill to the queue depth)
    REFUSED to file - nobody is draining the backlog

feed complete: push-work=ok land=empty-handed close-done=ok author=ok
  EMPTY-HANDED  land: 2 branch(es) are landable and none could be put in a batch - they conflict
      REFUSED - ALL 2 remaining branch(es) conflict. Nothing here can be landed by merging.
2026-09-13T18:47:25.055Z feed start

--- push-work  (a branch nobody can see cannot be closed against)
    pushed 0
      REFUSED - 47 branch(es) in /workspace/t27 hold work that is on no remote, and this tool is not authorised to push there.

--- land  (put accepted work into the branch)
    EMPTY-HANDED - 2 branch(es) are landable and none could be put in a batch - they conflict; it reported: 0 accepted branch(es) landed
      REFUSED - ALL 2 remaining branch(es) conflict. Nothing here can be landed by merging.

--- close-done  (an open accepted issue holds its boundary)
    nothing closable

--- author  (refill to the queue depth)
    REFUSED to file - nobody is draining the backlog

feed complete: push-work=ok land=empty-handed close-done=ok author=ok
  EMPTY-HANDED  land: 2 branch(es) are landable and none could be put in a batch - they conflict
      REFUSED - ALL 2 remaining branch(es) conflict. Nothing here can be landed by merging.
2026-09-13T18:54:50.178Z feed start

--- push-work  (a branch nobody can see cannot be closed against)
    pushed 0
      REFUSED - 47 branch(es) in /workspace/t27 hold work that is on no remote, and this tool is not authorised to push there.

--- land  (put accepted work into the branch)
    EMPTY-HANDED - 2 branch(es) are landable and none could be put in a batch - they conflict; it reported: 0 accepted branch(es) landed
      REFUSED - ALL 2 remaining branch(es) conflict. Nothing here can be landed by merging.

--- close-done  (an open accepted issue holds its boundary)
    nothing closable

--- author  (refill to the queue depth)
    REFUSED to file - nobody is draining the backlog

feed complete: push-work=ok land=empty-handed close-done=ok author=ok
  EMPTY-HANDED  land: 2 branch(es) are landable and none could be put in a batch - they conflict
      REFUSED - ALL 2 remaining branch(es) conflict. Nothing here can be landed by merging.
2026-09-13T19:02:15.535Z feed start
the loop lock is held by heal (2 min) - standing down; it feeds too
2026-09-13T19:07:15.802Z feed start
the loop lock is held by heal (7 min) - standing down; it feeds too
2026-09-13T19:12:16.087Z feed start

--- push-work  (a branch nobody can see cannot be closed against)
    pushed 0
      REFUSED - 47 branch(es) in /workspace/t27 hold work that is on no remote, and this tool is not authorised to push there.

--- land  (put accepted work into the branch)
    EMPTY-HANDED - 2 branch(es) are landable and none could be put in a batch - they conflict; it reported: 0 accepted branch(es) landed
      REFUSED - ALL 2 remaining branch(es) conflict. Nothing here can be landed by merging.

--- close-done  (an open accepted issue holds its boundary)
    nothing closable

--- author  (refill to the queue depth)
    REFUSED to file - nobody is draining the backlog

feed complete: push-work=ok land=empty-handed close-done=ok author=ok
  EMPTY-HANDED  land: 2 branch(es) are landable and none could be put in a batch - they conflict
      REFUSED - ALL 2 remaining branch(es) conflict. Nothing here can be landed by merging.
2026-09-13T19:19:41.533Z feed start

--- push-work  (a branch nobody can see cannot be closed against)
    pushed 0
      REFUSED - 47 branch(es) in /workspace/t27 hold work that is on no remote, and this tool is not authorised to push there.

--- land  (put accepted work into the branch)
    EMPTY-HANDED - 2 branch(es) are landable and none could be put in a batch - they conflict; it reported: 0 accepted branch(es) landed
      REFUSED - ALL 2 remaining branch(es) conflict. Nothing here can be landed by merging.

--- close-done  (an open accepted issue holds its boundary)
    nothing closable

--- author  (refill to the queue depth)
    REFUSED to file - nobody is draining the backlog

feed complete: push-work=ok land=empty-handed close-done=ok author=ok
  EMPTY-HANDED  land: 2 branch(es) are landable and none could be put in a batch - they conflict
      REFUSED - ALL 2 remaining branch(es) conflict. Nothing here can be landed by merging.
2026-09-13T19:27:27.948Z feed start
the loop lock is held by heal (4 min) - standing down; it feeds too
2026-09-13T19:32:28.278Z feed start

--- push-work  (a branch nobody can see cannot be closed against)
    pushed 0
      REFUSED - 47 branch(es) in /workspace/t27 hold work that is on no remote, and this tool is not authorised to push there.

--- land  (put accepted work into the branch)
    EMPTY-HANDED - 2 branch(es) are landable and none could be put in a batch - they conflict; it reported: 0 accepted branch(es) landed
      REFUSED - ALL 2 remaining branch(es) conflict. Nothing here can be landed by merging.

--- close-done  (an open accepted issue holds its boundary)
    nothing closable

--- author  (refill to the queue depth)
    REFUSED to file - nobody is draining the backlog

feed complete: push-work=ok land=empty-handed close-done=ok author=ok
  EMPTY-HANDED  land: 2 branch(es) are landable and none could be put in a batch - they conflict
      REFUSED - ALL 2 remaining branch(es) conflict. Nothing here can be landed by merging.
2026-09-13T19:39:54.498Z feed start

--- push-work  (a branch nobody can see cannot be closed against)
    pushed 0
      REFUSED - 47 branch(es) in /workspace/t27 hold work that is on no remote, and this tool is not authorised to push there.

--- land  (put accepted work into the branch)
    EMPTY-HANDED - 2 branch(es) are landable and none could be put in a batch - they conflict; it reported: 0 accepted branch(es) landed
      REFUSED - ALL 2 remaining branch(es) conflict. Nothing here can be landed by merging.

--- close-done  (an open accepted issue holds its boundary)
    nothing closable

--- author  (refill to the queue depth)
    REFUSED to file - nobody is draining the backlog

feed complete: push-work=ok land=empty-handed close-done=ok author=ok
  EMPTY-HANDED  land: 2 branch(es) are landable and none could be put in a batch - they conflict
      REFUSED - ALL 2 remaining branch(es) conflict. Nothing here can be landed by merging.
2026-09-13T19:47:25.691Z feed start
the loop lock is held by heal (2 min) - standing down; it feeds too
2026-09-13T19:52:26.066Z feed start

--- push-work  (a branch nobody can see cannot be closed against)
    pushed 0
      REFUSED - 47 branch(es) in /workspace/t27 hold work that is on no remote, and this tool is not authorised to push there.

--- land  (put accepted work into the branch)
    EMPTY-HANDED - 2 branch(es) are landable and none could be put in a batch - they conflict; it reported: 0 accepted branch(es) landed
      REFUSED - ALL 2 remaining branch(es) conflict. Nothing here can be landed by merging.

--- close-done  (an open accepted issue holds its boundary)
    nothing closable

--- author  (refill to the queue depth)
    REFUSED to file - nobody is draining the backlog

feed complete: push-work=ok land=empty-handed close-done=ok author=ok
  EMPTY-HANDED  land: 2 branch(es) are landable and none could be put in a batch - they conflict
      REFUSED - ALL 2 remaining branch(es) conflict. Nothing here can be landed by merging.
2026-09-13T19:59:57.289Z feed start

--- push-work  (a branch nobody can see cannot be closed against)
    pushed 0
      REFUSED - 47 branch(es) in /workspace/t27 hold work that is on no remote, and this tool is not authorised to push there.

--- land  (put accepted work into the branch)
    EMPTY-HANDED - 2 branch(es) are landable and none could be put in a batch - they conflict; it reported: 0 accepted branch(es) landed
      REFUSED - ALL 2 remaining branch(es) conflict. Nothing here can be landed by merging.

--- close-done  (an open accepted issue holds its boundary)
    nothing closable

--- author  (refill to the queue depth)
    REFUSED to file - nobody is draining the backlog

feed complete: push-work=ok land=empty-handed close-done=ok author=ok
  EMPTY-HANDED  land: 2 branch(es) are landable and none could be put in a batch - they conflict
      REFUSED - ALL 2 remaining branch(es) conflict. Nothing here can be landed by merging.
2026-09-13T20:07:31.829Z feed start
the loop lock is held by heal (0 min) - standing down; it feeds too
2026-09-13T20:12:32.136Z feed start
the loop lock is held by heal (5 min) - standing down; it feeds too
2026-09-13T20:17:32.363Z feed start

--- push-work  (a branch nobody can see cannot be closed against)
    pushed 0
      REFUSED - 47 branch(es) in /workspace/t27 hold work that is on no remote, and this tool is not authorised to push there.

--- land  (put accepted work into the branch)
    EMPTY-HANDED - 2 branch(es) are landable and none could be put in a batch - they conflict; it reported: 0 accepted branch(es) landed
      REFUSED - ALL 2 remaining branch(es) conflict. Nothing here can be landed by merging.

--- close-done  (an open accepted issue holds its boundary)
    nothing closable

--- author  (refill to the queue depth)
    REFUSED to file - nobody is draining the backlog

feed complete: push-work=ok land=empty-handed close-done=ok author=ok
  EMPTY-HANDED  land: 2 branch(es) are landable and none could be put in a batch - they conflict
      REFUSED - ALL 2 remaining branch(es) conflict. Nothing here can be landed by merging.
2026-09-13T20:24:57.236Z feed start

--- push-work  (a branch nobody can see cannot be closed against)
    pushed 0
      REFUSED - 47 branch(es) in /workspace/t27 hold work that is on no remote, and this tool is not authorised to push there.

--- land  (put accepted work into the branch)
    EMPTY-HANDED - 2 branch(es) are landable and none could be put in a batch - they conflict; it reported: 0 accepted branch(es) landed
      REFUSED - ALL 2 remaining branch(es) conflict. Nothing here can be landed by merging.

--- close-done  (an open accepted issue holds its boundary)
    nothing closable

--- author  (refill to the queue depth)
    REFUSED to file - nobody is draining the backlog

feed complete: push-work=ok land=empty-handed close-done=ok author=ok
  EMPTY-HANDED  land: 2 branch(es) are landable and none could be put in a batch - they conflict
      REFUSED - ALL 2 remaining branch(es) conflict. Nothing here can be landed by merging.
2026-09-13T20:32:36.745Z feed start
the loop lock is held by heal (3 min) - standing down; it feeds too
2026-09-13T20:37:37.036Z feed start
the loop lock is held by heal (8 min) - standing down; it feeds too
2026-09-13T20:42:37.299Z feed start

--- push-work  (a branch nobody can see cannot be closed against)
    pushed 0
      REFUSED - 47 branch(es) in /workspace/t27 hold work that is on no remote, and this tool is not authorised to push there.

--- land  (put accepted work into the branch)
    EMPTY-HANDED - 2 branch(es) are landable and none could be put in a batch - they conflict; it reported: 0 accepted branch(es) landed
      REFUSED - ALL 2 remaining branch(es) conflict. Nothing here can be landed by merging.

--- close-done  (an open accepted issue holds its boundary)
    nothing closable

--- author  (refill to the queue depth)
    REFUSED to file - nobody is draining the backlog

feed complete: push-work=ok land=empty-handed close-done=ok author=ok
  EMPTY-HANDED  land: 2 branch(es) are landable and none could be put in a batch - they conflict
      REFUSED - ALL 2 remaining branch(es) conflict. Nothing here can be landed by merging.
2026-09-13T20:50:04.913Z feed start

--- push-work  (a branch nobody can see cannot be closed against)
    pushed 0
      REFUSED - 47 branch(es) in /workspace/t27 hold work that is on no remote, and this tool is not authorised to push there.

--- land  (put accepted work into the branch)
    EMPTY-HANDED - 2 branch(es) are landable and none could be put in a batch - they conflict; it reported: 0 accepted branch(es) landed
      REFUSED - ALL 2 remaining branch(es) conflict. Nothing here can be landed by merging.

--- close-done  (an open accepted issue holds its boundary)
    nothing closable

--- author  (refill to the queue depth)
    REFUSED to file - nobody is draining the backlog

feed complete: push-work=ok land=empty-handed close-done=ok author=ok
  EMPTY-HANDED  land: 2 branch(es) are landable and none could be put in a batch - they conflict
      REFUSED - ALL 2 remaining branch(es) conflict. Nothing here can be landed by merging.
2026-09-13T20:57:41.665Z feed start
the loop lock is held by heal (4 min) - standing down; it feeds too
2026-09-13T21:02:44.069Z feed start

--- push-work  (a branch nobody can see cannot be closed against)
    pushed 0
      REFUSED - 47 branch(es) in /workspace/t27 hold work that is on no remote, and this tool is not authorised to push there.

--- land  (put accepted work into the branch)
    EMPTY-HANDED - 2 branch(es) are landable and none could be put in a batch - they conflict; it reported: 0 accepted branch(es) landed
      REFUSED - ALL 2 remaining branch(es) conflict. Nothing here can be landed by merging.

--- close-done  (an open accepted issue holds its boundary)
    nothing closable

--- author  (refill to the queue depth)
    REFUSED to file - nobody is draining the backlog

feed complete: push-work=ok land=empty-handed close-done=ok author=ok
  EMPTY-HANDED  land: 2 branch(es) are landable and none could be put in a batch - they conflict
      REFUSED - ALL 2 remaining branch(es) conflict. Nothing here can be landed by merging.
2026-09-13T21:10:28.879Z feed start

--- push-work  (a branch nobody can see cannot be closed against)
    pushed 0
      REFUSED - 47 branch(es) in /workspace/t27 hold work that is on no remote, and this tool is not authorised to push there.

--- land  (put accepted work into the branch)
    EMPTY-HANDED - 2 branch(es) are landable and none could be put in a batch - they conflict; it reported: 0 accepted branch(es) landed
      REFUSED - ALL 2 remaining branch(es) conflict. Nothing here can be landed by merging.

--- close-done  (an open accepted issue holds its boundary)
    nothing closable

--- author  (refill to the queue depth)
    REFUSED to file - nobody is draining the backlog

feed complete: push-work=ok land=empty-handed close-done=ok author=ok
  EMPTY-HANDED  land: 2 branch(es) are landable and none could be put in a batch - they conflict
      REFUSED - ALL 2 remaining branch(es) conflict. Nothing here can be landed by merging.
2026-09-13T21:17:57.124Z feed start
the loop lock is held by heal (1 min) - standing down; it feeds too
2026-09-13T21:22:57.456Z feed start
the loop lock is held by heal (6 min) - standing down; it feeds too
2026-09-13T21:27:57.810Z feed start

--- push-work  (a branch nobody can see cannot be closed against)
    pushed 0
      REFUSED - 47 branch(es) in /workspace/t27 hold work that is on no remote, and this tool is not authorised to push there.

--- land  (put accepted work into the branch)
    EMPTY-HANDED - 2 branch(es) are landable and none could be put in a batch - they conflict; it reported: 0 accepted branch(es) landed
      REFUSED - ALL 2 remaining branch(es) conflict. Nothing here can be landed by merging.

--- close-done  (an open accepted issue holds its boundary)
    nothing closable

--- author  (refill to the queue depth)
    REFUSED to file - nobody is draining the backlog

feed complete: push-work=ok land=empty-handed close-done=ok author=ok
  EMPTY-HANDED  land: 2 branch(es) are landable and none could be put in a batch - they conflict
      REFUSED - ALL 2 remaining branch(es) conflict. Nothing here can be landed by merging.
2026-09-13T21:35:44.193Z feed start

--- push-work  (a branch nobody can see cannot be closed against)
    pushed 0
      REFUSED - 47 branch(es) in /workspace/t27 hold work that is on no remote, and this tool is not authorised to push there.

--- land  (put accepted work into the branch)
    EMPTY-HANDED - 2 branch(es) are landable and none could be put in a batch - they conflict; it reported: 0 accepted branch(es) landed
      REFUSED - ALL 2 remaining branch(es) conflict. Nothing here can be landed by merging.

--- close-done  (an open accepted issue holds its boundary)
    nothing closable

--- author  (refill to the queue depth)
    REFUSED to file - nobody is draining the backlog

feed complete: push-work=ok land=empty-handed close-done=ok author=ok
  EMPTY-HANDED  land: 2 branch(es) are landable and none could be put in a batch - they conflict
      REFUSED - ALL 2 remaining branch(es) conflict. Nothing here can be landed by merging.
2026-09-13T21:43:39.463Z feed start
the loop lock is held by heal (4 min) - standing down; it feeds too
2026-09-13T21:48:39.908Z feed start

--- push-work  (a branch nobody can see cannot be closed against)
    pushed 0
      REFUSED - 47 branch(es) in /workspace/t27 hold work that is on no remote, and this tool is not authorised to push there.

--- land  (put accepted work into the branch)
    EMPTY-HANDED - 2 branch(es) are landable and none could be put in a batch - they conflict; it reported: 0 accepted branch(es) landed
      REFUSED - ALL 2 remaining branch(es) conflict. Nothing here can be landed by merging.

--- close-done  (an open accepted issue holds its boundary)
    nothing closable

--- author  (refill to the queue depth)
    REFUSED to file - nobody is draining the backlog

feed complete: push-work=ok land=empty-handed close-done=ok author=ok
  EMPTY-HANDED  land: 2 branch(es) are landable and none could be put in a batch - they conflict
      REFUSED - ALL 2 remaining branch(es) conflict. Nothing here can be landed by merging.
2026-09-13T21:56:27.315Z feed start

--- push-work  (a branch nobody can see cannot be closed against)
    pushed 0
      REFUSED - 47 branch(es) in /workspace/t27 hold work that is on no remote, and this tool is not authorised to push there.

--- land  (put accepted work into the branch)
    EMPTY-HANDED - 2 branch(es) are landable and none could be put in a batch - they conflict; it reported: 0 accepted branch(es) landed
      REFUSED - ALL 2 remaining branch(es) conflict. Nothing here can be landed by merging.

--- close-done  (an open accepted issue holds its boundary)
    nothing closable

--- author  (refill to the queue depth)
    REFUSED to file - nobody is draining the backlog

feed complete: push-work=ok land=empty-handed close-done=ok author=ok
  EMPTY-HANDED  land: 2 branch(es) are landable and none could be put in a batch - they conflict
      REFUSED - ALL 2 remaining branch(es) conflict. Nothing here can be landed by merging.
2026-09-13T22:04:19.623Z feed start
the loop lock is held by heal (2 min) - standing down; it feeds too
2026-09-13T22:09:20.573Z feed start
the loop lock is held by heal (7 min) - standing down; it feeds too
2026-09-13T22:14:21.022Z feed start

--- push-work  (a branch nobody can see cannot be closed against)
    pushed 0
      REFUSED - 47 branch(es) in /workspace/t27 hold work that is on no remote, and this tool is not authorised to push there.

--- land  (put accepted work into the branch)
    EMPTY-HANDED - 2 branch(es) are landable and none could be put in a batch - they conflict; it reported: 0 accepted branch(es) landed
      REFUSED - ALL 2 remaining branch(es) conflict. Nothing here can be landed by merging.

--- close-done  (an open accepted issue holds its boundary)
    nothing closable

--- author  (refill to the queue depth)
    REFUSED to file - nobody is draining the backlog

feed complete: push-work=ok land=empty-handed close-done=ok author=ok
  EMPTY-HANDED  land: 2 branch(es) are landable and none could be put in a batch - they conflict
      REFUSED - ALL 2 remaining branch(es) conflict. Nothing here can be landed by merging.
2026-09-13T22:22:15.030Z feed start

--- push-work  (a branch nobody can see cannot be closed against)
    pushed 0
      REFUSED - 47 branch(es) in /workspace/t27 hold work that is on no remote, and this tool is not authorised to push there.

--- land  (put accepted work into the branch)
    EMPTY-HANDED - 2 branch(es) are landable and none could be put in a batch - they conflict; it reported: 0 accepted branch(es) landed
      REFUSED - ALL 2 remaining branch(es) conflict. Nothing here can be landed by merging.

--- close-done  (an open accepted issue holds its boundary)
    nothing closable

--- author  (refill to the queue depth)
    REFUSED to file - nobody is draining the backlog

feed complete: push-work=ok land=empty-handed close-done=ok author=ok
  EMPTY-HANDED  land: 2 branch(es) are landable and none could be put in a batch - they conflict
      REFUSED - ALL 2 remaining branch(es) conflict. Nothing here can be landed by merging.
2026-09-13T22:29:55.604Z feed start
the loop lock is held by heal (4 min) - standing down; it feeds too
2026-09-13T22:34:56.670Z feed start

--- push-work  (a branch nobody can see cannot be closed against)
    pushed 0
      REFUSED - 47 branch(es) in /workspace/t27 hold work that is on no remote, and this tool is not authorised to push there.

--- land  (put accepted work into the branch)
    EMPTY-HANDED - 2 branch(es) are landable and none could be put in a batch - they conflict; it reported: 0 accepted branch(es) landed
      REFUSED - ALL 2 remaining branch(es) conflict. Nothing here can be landed by merging.

--- close-done  (an open accepted issue holds its boundary)
    nothing closable

--- author  (refill to the queue depth)
    REFUSED to file - nobody is draining the backlog

feed complete: push-work=ok land=empty-handed close-done=ok author=ok
  EMPTY-HANDED  land: 2 branch(es) are landable and none could be put in a batch - they conflict
      REFUSED - ALL 2 remaining branch(es) conflict. Nothing here can be landed by merging.
2026-09-13T22:43:03.116Z feed start

--- push-work  (a branch nobody can see cannot be closed against)
    pushed 0
      REFUSED - 47 branch(es) in /workspace/t27 hold work that is on no remote, and this tool is not authorised to push there.

--- land  (put accepted work into the branch)
    EMPTY-HANDED - 2 branch(es) are landable and none could be put in a batch - they conflict; it reported: 0 accepted branch(es) landed
      REFUSED - ALL 2 remaining branch(es) conflict. Nothing here can be landed by merging.

--- close-done  (an open accepted issue holds its boundary)
    nothing closable

--- author  (refill to the queue depth)
    REFUSED to file - nobody is draining the backlog

feed complete: push-work=ok land=empty-handed close-done=ok author=ok
  EMPTY-HANDED  land: 2 branch(es) are landable and none could be put in a batch - they conflict
      REFUSED - ALL 2 remaining branch(es) conflict. Nothing here can be landed by merging.
2026-09-13T22:50:51.284Z feed start
the loop lock is held by heal (2 min) - standing down; it feeds too
2026-09-13T22:55:51.587Z feed start
the loop lock is held by heal (7 min) - standing down; it feeds too
2026-09-13T23:00:51.883Z feed start

--- push-work  (a branch nobody can see cannot be closed against)
    pushed 0
      REFUSED - 47 branch(es) in /workspace/t27 hold work that is on no remote, and this tool is not authorised to push there.

--- land  (put accepted work into the branch)
    EMPTY-HANDED - 2 branch(es) are landable and none could be put in a batch - they conflict; it reported: 0 accepted branch(es) landed
      REFUSED - ALL 2 remaining branch(es) conflict. Nothing here can be landed by merging.

--- close-done  (an open accepted issue holds its boundary)
    nothing closable

--- author  (refill to the queue depth)
    REFUSED to file - nobody is draining the backlog

feed complete: push-work=ok land=empty-handed close-done=ok author=ok
  EMPTY-HANDED  land: 2 branch(es) are landable and none could be put in a batch - they conflict
      REFUSED - ALL 2 remaining branch(es) conflict. Nothing here can be landed by merging.
2026-09-13T23:09:34.675Z feed start

--- push-work  (a branch nobody can see cannot be closed against)
    pushed 0
      REFUSED - 47 branch(es) in /workspace/t27 hold work that is on no remote, and this tool is not authorised to push there.

--- land  (put accepted work into the branch)
    EMPTY-HANDED - 2 branch(es) are landable and none could be put in a batch - they conflict; it reported: 0 accepted branch(es) landed
      REFUSED - ALL 2 remaining branch(es) conflict. Nothing here can be landed by merging.

--- close-done  (an open accepted issue holds its boundary)
    nothing closable

--- author  (refill to the queue depth)
    REFUSED to file - nobody is draining the backlog

feed complete: push-work=ok land=empty-handed close-done=ok author=ok
  EMPTY-HANDED  land: 2 branch(es) are landable and none could be put in a batch - they conflict
      REFUSED - ALL 2 remaining branch(es) conflict. Nothing here can be landed by merging.
2026-09-13T23:17:59.247Z feed start

--- push-work  (a branch nobody can see cannot be closed against)
    pushed 0
      REFUSED - 47 branch(es) in /workspace/t27 hold work that is on no remote, and this tool is not authorised to push there.

--- land  (put accepted work into the branch)
    EMPTY-HANDED - 2 branch(es) are landable and none could be put in a batch - they conflict; it reported: 0 accepted branch(es) landed
      REFUSED - ALL 2 remaining branch(es) conflict. Nothing here can be landed by merging.

--- close-done  (an open accepted issue holds its boundary)
    nothing closable

--- author  (refill to the queue depth)
    REFUSED to file - nobody is draining the backlog

feed complete: push-work=ok land=empty-handed close-done=ok author=ok
  EMPTY-HANDED  land: 2 branch(es) are landable and none could be put in a batch - they conflict
      REFUSED - ALL 2 remaining branch(es) conflict. Nothing here can be landed by merging.
2026-09-13T23:26:09.938Z feed start
the loop lock is held by heal (4 min) - standing down; it feeds too
2026-09-13T23:31:10.240Z feed start

--- push-work  (a branch nobody can see cannot be closed against)
    pushed 0
      REFUSED - 47 branch(es) in /workspace/t27 hold work that is on no remote, and this tool is not authorised to push there.

--- land  (put accepted work into the branch)
    EMPTY-HANDED - 2 branch(es) are landable and none could be put in a batch - they conflict; it reported: 0 accepted branch(es) landed
      REFUSED - ALL 2 remaining branch(es) conflict. Nothing here can be landed by merging.

--- close-done  (an open accepted issue holds its boundary)
    nothing closable

--- author  (refill to the queue depth)
    REFUSED to file - nobody is draining the backlog

feed complete: push-work=ok land=empty-handed close-done=ok author=ok
  EMPTY-HANDED  land: 2 branch(es) are landable and none could be put in a batch - they conflict
      REFUSED - ALL 2 remaining branch(es) conflict. Nothing here can be landed by merging.
2026-09-13T23:39:25.653Z feed start

--- push-work  (a branch nobody can see cannot be closed against)
    pushed 0
      REFUSED - 47 branch(es) in /workspace/t27 hold work that is on no remote, and this tool is not authorised to push there.

--- land  (put accepted work into the branch)
    EMPTY-HANDED - 2 branch(es) are landable and none could be put in a batch - they conflict; it reported: 0 accepted branch(es) landed
      REFUSED - ALL 2 remaining branch(es) conflict. Nothing here can be landed by merging.

--- close-done  (an open accepted issue holds its boundary)
    nothing closable

--- author  (refill to the queue depth)
    REFUSED to file - nobody is draining the backlog

feed complete: push-work=ok land=empty-handed close-done=ok author=ok
  EMPTY-HANDED  land: 2 branch(es) are landable and none could be put in a batch - they conflict
      REFUSED - ALL 2 remaining branch(es) conflict. Nothing here can be landed by merging.
2026-09-13T23:47:35.151Z feed start
the loop lock is held by heal (1 min) - standing down; it feeds too
2026-09-13T23:52:35.642Z feed start
the loop lock is held by heal (6 min) - standing down; it feeds too
2026-09-13T23:57:39.372Z feed start

--- push-work  (a branch nobody can see cannot be closed against)
    pushed 0
      REFUSED - 47 branch(es) in /workspace/t27 hold work that is on no remote, and this tool is not authorised to push there.

--- land  (put accepted work into the branch)
    EMPTY-HANDED - 2 branch(es) are landable and none could be put in a batch - they conflict; it reported: 0 accepted branch(es) landed
      REFUSED - ALL 2 remaining branch(es) conflict. Nothing here can be landed by merging.

--- close-done  (an open accepted issue holds its boundary)
    nothing closable

--- author  (refill to the queue depth)
    REFUSED to file - nobody is draining the backlog

feed complete: push-work=ok land=empty-handed close-done=ok author=ok
  EMPTY-HANDED  land: 2 branch(es) are landable and none could be put in a batch - they conflict
      REFUSED - ALL 2 remaining branch(es) conflict. Nothing here can be landed by merging.
2026-09-14T00:05:47.886Z feed start

--- push-work  (a branch nobody can see cannot be closed against)
    pushed 0
      REFUSED - 47 branch(es) in /workspace/t27 hold work that is on no remote, and this tool is not authorised to push there.

--- land  (put accepted work into the branch)
    EMPTY-HANDED - 2 branch(es) are landable and none could be put in a batch - they conflict; it reported: 0 accepted branch(es) landed
      REFUSED - ALL 2 remaining branch(es) conflict. Nothing here can be landed by merging.

--- close-done  (an open accepted issue holds its boundary)
    nothing closable

--- author  (refill to the queue depth)
    timed out part-way - what it did before that stands: queue depth target 9   room: 9

feed complete: push-work=ok land=empty-handed close-done=ok author=timed out
  EMPTY-HANDED  land: 2 branch(es) are landable and none could be put in a batch - they conflict
      REFUSED - ALL 2 remaining branch(es) conflict. Nothing here can be landed by merging.
2026-09-14T00:18:50.684Z feed start

--- push-work  (a branch nobody can see cannot be closed against)
    pushed 0
      REFUSED - 47 branch(es) in /workspace/t27 hold work that is on no remote, and this tool is not authorised to push there.

--- land  (put accepted work into the branch)
    EMPTY-HANDED - 2 branch(es) are landable and none could be put in a batch - they conflict; it reported: 0 accepted branch(es) landed
      REFUSED - ALL 2 remaining branch(es) conflict. Nothing here can be landed by merging.

--- close-done  (an open accepted issue holds its boundary)
    nothing closable

--- author  (refill to the queue depth)
    REFUSED to file - nobody is draining the backlog

feed complete: push-work=ok land=empty-handed close-done=ok author=ok
  EMPTY-HANDED  land: 2 branch(es) are landable and none could be put in a batch - they conflict
      REFUSED - ALL 2 remaining branch(es) conflict. Nothing here can be landed by merging.
2026-09-14T00:30:56.050Z feed start
the loop lock is held by heal (1 min) - standing down; it feeds too
2026-09-14T00:35:58.746Z feed start
the loop lock is held by heal (6 min) - standing down; it feeds too
2026-09-14T00:40:59.582Z feed start

--- push-work  (a branch nobody can see cannot be closed against)
    pushed 0
      REFUSED - 47 branch(es) in /workspace/t27 hold work that is on no remote, and this tool is not authorised to push there.

--- land  (put accepted work into the branch)
    EMPTY-HANDED - 2 branch(es) are landable and none could be put in a batch - they conflict; it reported: 0 accepted branch(es) landed
      REFUSED - ALL 2 remaining branch(es) conflict. Nothing here can be landed by merging.

--- close-done  (an open accepted issue holds its boundary)
    nothing closable

--- author  (refill to the queue depth)
    REFUSED to file - nobody is draining the backlog

feed complete: push-work=ok land=empty-handed close-done=ok author=ok
  EMPTY-HANDED  land: 2 branch(es) are landable and none could be put in a batch - they conflict
      REFUSED - ALL 2 remaining branch(es) conflict. Nothing here can be landed by merging.
2026-09-14T00:53:59.388Z feed start
the loop lock is held by heal (1 min) - standing down; it feeds too
2026-09-14T00:58:59.782Z feed start
the loop lock is held by heal (6 min) - standing down; it feeds too
2026-09-14T01:04:01.550Z feed start

--- push-work  (a branch nobody can see cannot be closed against)
    pushed 0
      REFUSED - 47 branch(es) in /workspace/t27 hold work that is on no remote, and this tool is not authorised to push there.

--- land  (put accepted work into the branch)
    EMPTY-HANDED - 2 branch(es) are landable and none could be put in a batch - they conflict; it reported: 0 accepted branch(es) landed
      REFUSED - ALL 2 remaining branch(es) conflict. Nothing here can be landed by merging.

--- close-done  (an open accepted issue holds its boundary)
    nothing closable

--- author  (refill to the queue depth)
    timed out part-way - what it did before that stands: 

feed complete: push-work=ok land=empty-handed close-done=ok author=timed out
  EMPTY-HANDED  land: 2 branch(es) are landable and none could be put in a batch - they conflict
      REFUSED - ALL 2 remaining branch(es) conflict. Nothing here can be landed by merging.
2026-09-14T01:17:03.288Z feed start
the loop lock is held by heal (2 min) - standing down; it feeds too
2026-09-14T01:22:04.566Z feed start
the loop lock is held by heal (7 min) - standing down; it feeds too
2026-09-14T01:27:04.966Z feed start

--- push-work  (a branch nobody can see cannot be closed against)
    pushed 0
      REFUSED - 47 branch(es) in /workspace/t27 hold work that is on no remote, and this tool is not authorised to push there.

--- land  (put accepted work into the branch)
    EMPTY-HANDED - 2 branch(es) are landable and none could be put in a batch - they conflict; it reported: 0 accepted branch(es) landed
      REFUSED - ALL 2 remaining branch(es) conflict. Nothing here can be landed by merging.

--- close-done  (an open accepted issue holds its boundary)
    nothing closable

--- author  (refill to the queue depth)
    REFUSED to file - nobody is draining the backlog

feed complete: push-work=ok land=empty-handed close-done=ok author=ok
  EMPTY-HANDED  land: 2 branch(es) are landable and none could be put in a batch - they conflict
      REFUSED - ALL 2 remaining branch(es) conflict. Nothing here can be landed by merging.
2026-09-14T01:40:05.789Z feed start
the loop lock is held by heal (2 min) - standing down; it feeds too
2026-09-14T01:45:08.443Z feed start
the loop lock is held by heal (7 min) - standing down; it feeds too
2026-09-14T01:50:09.321Z feed start

--- push-work  (a branch nobody can see cannot be closed against)
    pushed 0
      REFUSED - 47 branch(es) in /workspace/t27 hold work that is on no remote, and this tool is not authorised to push there.

--- land  (put accepted work into the branch)
    EMPTY-HANDED - 2 branch(es) are landable and none could be put in a batch - they conflict; it reported: 0 accepted branch(es) landed
      REFUSED - ALL 2 remaining branch(es) conflict. Nothing here can be landed by merging.

--- close-done  (an open accepted issue holds its boundary)
    nothing closable

--- author  (refill to the queue depth)
    REFUSED to file - nobody is draining the backlog

feed complete: push-work=ok land=empty-handed close-done=ok author=ok
  EMPTY-HANDED  land: 2 branch(es) are landable and none could be put in a batch - they conflict
      REFUSED - ALL 2 remaining branch(es) conflict. Nothing here can be landed by merging.
2026-09-14T02:02:59.485Z feed start
the loop lock is held by heal (1 min) - standing down; it feeds too
2026-09-14T02:08:02.308Z feed start
the loop lock is held by heal (6 min) - standing down; it feeds too
2026-09-14T02:13:03.082Z feed start

--- push-work  (a branch nobody can see cannot be closed against)
    pushed 0
      REFUSED - 47 branch(es) in /workspace/t27 hold work that is on no remote, and this tool is not authorised to push there.

--- land  (put accepted work into the branch)
    timed out part-way - what it did before that stands: 2 accepted branches still outside the base
      REFUSED - ALL 2 remaining branch(es) conflict. Nothing here can be landed by merging.

--- close-done  (an open accepted issue holds its boundary)
    nothing closable

--- author  (refill to the queue depth)
    REFUSED to file - nobody is draining the backlog

feed complete: push-work=ok land=timed out close-done=ok author=ok
2026-09-14T02:25:44.476Z feed start
the loop lock is held by heal (1 min) - standing down; it feeds too
2026-09-14T02:30:45.269Z feed start
the loop lock is held by heal (6 min) - standing down; it feeds too
2026-09-14T02:35:46.303Z feed start

--- push-work  (a branch nobody can see cannot be closed against)
    pushed 0
      REFUSED - 47 branch(es) in /workspace/t27 hold work that is on no remote, and this tool is not authorised to push there.

--- land  (put accepted work into the branch)
    timed out part-way - what it did before that stands: 2 accepted branches still outside the base
      REFUSED - ALL 2 remaining branch(es) conflict. Nothing here can be landed by merging.

--- close-done  (an open accepted issue holds its boundary)
    nothing closable

--- author  (refill to the queue depth)
    REFUSED to file - nobody is draining the backlog

feed complete: push-work=ok land=timed out close-done=ok author=ok
2026-09-14T02:48:41.209Z feed start
the loop lock is held by heal (1 min) - standing down; it feeds too
2026-09-14T02:53:43.529Z feed start
the loop lock is held by heal (6 min) - standing down; it feeds too
2026-09-14T02:58:46.284Z feed start

--- push-work  (a branch nobody can see cannot be closed against)
    pushed 0
      REFUSED - 47 branch(es) in /workspace/t27 hold work that is on no remote, and this tool is not authorised to push there.

--- land  (put accepted work into the branch)
    timed out part-way - what it did before that stands: 2 accepted branches still outside the base
      REFUSED - ALL 2 remaining branch(es) conflict. Nothing here can be landed by merging.

--- close-done  (an open accepted issue holds its boundary)
    nothing closable

--- author  (refill to the queue depth)
    REFUSED to file - nobody is draining the backlog

feed complete: push-work=ok land=timed out close-done=ok author=ok
2026-09-14T03:11:32.183Z feed start
the loop lock is held by heal (1 min) - standing down; it feeds too
2026-09-14T03:16:32.950Z feed start
the loop lock is held by heal (6 min) - standing down; it feeds too
2026-09-14T03:21:34.484Z feed start

--- push-work  (a branch nobody can see cannot be closed against)
    pushed 0
      REFUSED - 47 branch(es) in /workspace/t27 hold work that is on no remote, and this tool is not authorised to push there.

--- land  (put accepted work into the branch)
    EMPTY-HANDED - 2 branch(es) are landable and none could be put in a batch - they conflict; it reported: 0 accepted branch(es) landed
      REFUSED - ALL 2 remaining branch(es) conflict. Nothing here can be landed by merging.

--- close-done  (an open accepted issue holds its boundary)
    nothing closable

--- author  (refill to the queue depth)
    REFUSED to file - nobody is draining the backlog

feed complete: push-work=ok land=empty-handed close-done=ok author=ok
  EMPTY-HANDED  land: 2 branch(es) are landable and none could be put in a batch - they conflict
      REFUSED - ALL 2 remaining branch(es) conflict. Nothing here can be landed by merging.
2026-09-14T03:33:53.097Z feed start
the loop lock is held by heal (1 min) - standing down; it feeds too
2026-09-14T03:38:54.678Z feed start
the loop lock is held by heal (6 min) - standing down; it feeds too
2026-09-14T03:43:56.762Z feed start

--- push-work  (a branch nobody can see cannot be closed against)
    pushed 0
      REFUSED - 47 branch(es) in /workspace/t27 hold work that is on no remote, and this tool is not authorised to push there.

--- land  (put accepted work into the branch)
    timed out part-way - what it did before that stands: 2 accepted branches still outside the base
      REFUSED - ALL 2 remaining branch(es) conflict. Nothing here can be landed by merging.

--- close-done  (an open accepted issue holds its boundary)
    nothing closable

--- author  (refill to the queue depth)
    timed out part-way - what it did before that stands: 

feed complete: push-work=ok land=timed out close-done=ok author=timed out
2026-09-14T03:56:59.006Z feed start
the loop lock is held by heal (1 min) - standing down; it feeds too
2026-09-14T04:02:01.074Z feed start
the loop lock is held by heal (6 min) - standing down; it feeds too
2026-09-14T04:07:03.580Z feed start

--- push-work  (a branch nobody can see cannot be closed against)
    pushed 0
      REFUSED - 47 branch(es) in /workspace/t27 hold work that is on no remote, and this tool is not authorised to push there.

--- land  (put accepted work into the branch)
    EMPTY-HANDED - 2 branch(es) are landable and none could be put in a batch - they conflict; it reported: 0 accepted branch(es) landed
      REFUSED - ALL 2 remaining branch(es) conflict. Nothing here can be landed by merging.

--- close-done  (an open accepted issue holds its boundary)
    nothing closable

--- author  (refill to the queue depth)
    REFUSED to file - nobody is draining the backlog

feed complete: push-work=ok land=empty-handed close-done=ok author=ok
  EMPTY-HANDED  land: 2 branch(es) are landable and none could be put in a batch - they conflict
      REFUSED - ALL 2 remaining branch(es) conflict. Nothing here can be landed by merging.
2026-09-14T04:19:36.061Z feed start

--- push-work  (a branch nobody can see cannot be closed against)
    pushed 0
      REFUSED - 47 branch(es) in /workspace/t27 hold work that is on no remote, and this tool is not authorised to push there.

--- land  (put accepted work into the branch)
    EMPTY-HANDED - 2 branch(es) are landable and none could be put in a batch - they conflict; it reported: 0 accepted branch(es) landed
      REFUSED - ALL 2 remaining branch(es) conflict. Nothing here can be landed by merging.

--- close-done  (an open accepted issue holds its boundary)
    nothing closable

--- author  (refill to the queue depth)
    REFUSED to file - nobody is draining the backlog

feed complete: push-work=ok land=empty-handed close-done=ok author=ok
  EMPTY-HANDED  land: 2 branch(es) are landable and none could be put in a batch - they conflict
      REFUSED - ALL 2 remaining branch(es) conflict. Nothing here can be landed by merging.
2026-09-14T04:31:20.614Z feed start
the loop lock is held by heal (0 min) - standing down; it feeds too
2026-09-14T04:36:22.568Z feed start
the loop lock is held by heal (5 min) - standing down; it feeds too
2026-09-14T04:41:27.217Z feed start

--- push-work  (a branch nobody can see cannot be closed against)
    pushed 0
      REFUSED - 47 branch(es) in /workspace/t27 hold work that is on no remote, and this tool is not authorised to push there.

--- land  (put accepted work into the branch)
    EMPTY-HANDED - 2 branch(es) are landable and none could be put in a batch - they conflict; it reported: 0 accepted branch(es) landed
      REFUSED - ALL 2 remaining branch(es) conflict. Nothing here can be landed by merging.

--- close-done  (an open accepted issue holds its boundary)
    nothing closable

--- author  (refill to the queue depth)
    timed out part-way - what it did before that stands: 

feed complete: push-work=ok land=empty-handed close-done=ok author=timed out
  EMPTY-HANDED  land: 2 branch(es) are landable and none could be put in a batch - they conflict
      REFUSED - ALL 2 remaining branch(es) conflict. Nothing here can be landed by merging.
2026-09-14T04:54:29.527Z feed start

--- push-work  (a branch nobody can see cannot be closed against)
    pushed 0
      REFUSED - 47 branch(es) in /workspace/t27 hold work that is on no remote, and this tool is not authorised to push there.

--- land  (put accepted work into the branch)
    EMPTY-HANDED - 2 branch(es) are landable and none could be put in a batch - they conflict; it reported: 0 accepted branch(es) landed
      REFUSED - ALL 2 remaining branch(es) conflict. Nothing here can be landed by merging.

--- close-done  (an open accepted issue holds its boundary)
    nothing closable

--- author  (refill to the queue depth)
    REFUSED to file - nobody is draining the backlog

feed complete: push-work=ok land=empty-handed close-done=ok author=ok
  EMPTY-HANDED  land: 2 branch(es) are landable and none could be put in a batch - they conflict
      REFUSED - ALL 2 remaining branch(es) conflict. Nothing here can be landed by merging.
2026-09-14T05:06:19.303Z feed start
the loop lock is held by heal (2 min) - standing down; it feeds too
2026-09-14T05:11:21.126Z feed start
the loop lock is held by heal (7 min) - standing down; it feeds too
2026-09-14T05:16:22.598Z feed start

--- push-work  (a branch nobody can see cannot be closed against)
    pushed 0
      REFUSED - 47 branch(es) in /workspace/t27 hold work that is on no remote, and this tool is not authorised to push there.

--- land  (put accepted work into the branch)
    timed out part-way - what it did before that stands: 2 accepted branches still outside the base
      REFUSED - ALL 2 remaining branch(es) conflict. Nothing here can be landed by merging.

--- close-done  (an open accepted issue holds its boundary)
    nothing closable

--- author  (refill to the queue depth)
    timed out part-way - what it did before that stands: queue depth target 9   room: 9

feed complete: push-work=ok land=timed out close-done=ok author=timed out
2026-09-14T05:29:23.943Z feed start
the loop lock is held by heal (1 min) - standing down; it feeds too
2026-09-14T05:34:25.919Z feed start
the loop lock is held by heal (6 min) - standing down; it feeds too
2026-09-14T05:39:32.198Z feed start

--- push-work  (a branch nobody can see cannot be closed against)
    pushed 0
      REFUSED - 47 branch(es) in /workspace/t27 hold work that is on no remote, and this tool is not authorised to push there.

--- land  (put accepted work into the branch)
    timed out part-way - what it did before that stands: 

--- close-done  (an open accepted issue holds its boundary)
    nothing closable

--- author  (refill to the queue depth)
    timed out part-way - what it did before that stands: 

feed complete: push-work=ok land=timed out close-done=ok author=timed out
2026-09-14T05:52:35.861Z feed start
the loop lock is held by heal (1 min) - standing down; it feeds too
2026-09-14T05:57:42.355Z feed start
the loop lock is held by heal (6 min) - standing down; it feeds too
2026-09-14T06:02:43.233Z feed start

--- push-work  (a branch nobody can see cannot be closed against)
    pushed 0
      REFUSED - 47 branch(es) in /workspace/t27 hold work that is on no remote, and this tool is not authorised to push there.

--- land  (put accepted work into the branch)
    timed out part-way - what it did before that stands: 2 accepted branches still outside the base
      REFUSED - ALL 2 remaining branch(es) conflict. Nothing here can be landed by merging.

--- close-done  (an open accepted issue holds its boundary)
    nothing closable

--- author  (refill to the queue depth)
    timed out part-way - what it did before that stands: 

feed complete: push-work=ok land=timed out close-done=ok author=timed out
2026-09-14T06:15:50.392Z feed start
the loop lock is held by heal (2 min) - standing down; it feeds too
2026-09-14T06:20:53.170Z feed start
the loop lock is held by heal (7 min) - standing down; it feeds too
2026-09-14T06:25:54.813Z feed start

--- push-work  (a branch nobody can see cannot be closed against)
    pushed 0
      REFUSED - 47 branch(es) in /workspace/t27 hold work that is on no remote, and this tool is not authorised to push there.

--- land  (put accepted work into the branch)
    timed out part-way - what it did before that stands: 2 accepted branches still outside the base
      REFUSED - ALL 2 remaining branch(es) conflict. Nothing here can be landed by merging.

--- close-done  (an open accepted issue holds its boundary)
    nothing closable

--- author  (refill to the queue depth)
    timed out part-way - what it did before that stands: 

feed complete: push-work=ok land=timed out close-done=ok author=timed out
2026-09-14T06:39:00.687Z feed start
the loop lock is held by heal (4 min) - standing down; it feeds too
2026-09-14T06:44:06.316Z feed start

--- push-work  (a branch nobody can see cannot be closed against)
    pushed 0
      REFUSED - 47 branch(es) in /workspace/t27 hold work that is on no remote, and this tool is not authorised to push there.

--- land  (put accepted work into the branch)
    timed out part-way - what it did before that stands: 

--- close-done  (an open accepted issue holds its boundary)
    nothing closable

--- author  (refill to the queue depth)
    timed out part-way - what it did before that stands: 

feed complete: push-work=ok land=timed out close-done=ok author=timed out
2026-09-14T06:57:14.821Z feed start

--- push-work  (a branch nobody can see cannot be closed against)
    pushed 0
      REFUSED - 47 branch(es) in /workspace/t27 hold work that is on no remote, and this tool is not authorised to push there.

--- land  (put accepted work into the branch)
    timed out part-way - what it did before that stands: 

--- close-done  (an open accepted issue holds its boundary)
    nothing closable

--- author  (refill to the queue depth)
    timed out part-way - what it did before that stands: 

feed complete: push-work=ok land=timed out close-done=ok author=timed out
2026-09-14T07:10:17.554Z feed start
the loop lock is held by heal (1 min) - standing down; it feeds too
2026-09-14T07:15:19.645Z feed start
the loop lock is held by heal (6 min) - standing down; it feeds too
2026-09-14T07:20:23.682Z feed start

--- push-work  (a branch nobody can see cannot be closed against)
    pushed 0
      REFUSED - 47 branch(es) in /workspace/t27 hold work that is on no remote, and this tool is not authorised to push there.

--- land  (put accepted work into the branch)
    timed out part-way - what it did before that stands: 2 accepted branches still outside the base
      REFUSED - ALL 2 remaining branch(es) conflict. Nothing here can be landed by merging.

--- close-done  (an open accepted issue holds its boundary)
    nothing closable

--- author  (refill to the queue depth)
    timed out part-way - what it did before that stands: 

feed complete: push-work=ok land=timed out close-done=ok author=timed out
2026-09-14T07:33:27.626Z feed start
the loop lock is held by heal (0 min) - standing down; it feeds too
2026-09-14T07:38:28.322Z feed start
the loop lock is held by heal (5 min) - standing down; it feeds too
2026-09-14T07:43:29.383Z feed start

--- push-work  (a branch nobody can see cannot be closed against)
    pushed 0
      REFUSED - 47 branch(es) in /workspace/t27 hold work that is on no remote, and this tool is not authorised to push there.

--- land  (put accepted work into the branch)
    timed out part-way - what it did before that stands: 2 accepted branches still outside the base
      REFUSED - ALL 2 remaining branch(es) conflict. Nothing here can be landed by merging.

--- close-done  (an open accepted issue holds its boundary)
    nothing closable

--- author  (refill to the queue depth)
    timed out part-way - what it did before that stands: 

feed complete: push-work=ok land=timed out close-done=ok author=timed out
2026-09-14T07:56:32.802Z feed start
the loop lock is held by heal (0 min) - standing down; it feeds too
2026-09-14T08:01:39.564Z feed start
the loop lock is held by heal (5 min) - standing down; it feeds too
2026-09-14T08:06:44.343Z feed start

--- push-work  (a branch nobody can see cannot be closed against)
    pushed 0
      REFUSED - 47 branch(es) in /workspace/t27 hold work that is on no remote, and this tool is not authorised to push there.

--- land  (put accepted work into the branch)
    timed out part-way - what it did before that stands: 

--- close-done  (an open accepted issue holds its boundary)
    nothing closable

--- author  (refill to the queue depth)
    timed out part-way - what it did before that stands: 

feed complete: push-work=ok land=timed out close-done=ok author=timed out
2026-09-14T08:19:47.249Z feed start

--- push-work  (a branch nobody can see cannot be closed against)
    pushed 0
      REFUSED - 47 branch(es) in /workspace/t27 hold work that is on no remote, and this tool is not authorised to push there.

--- land  (put accepted work into the branch)
    timed out part-way - what it did before that stands: 2 accepted branches still outside the base
      REFUSED - ALL 2 remaining branch(es) conflict. Nothing here can be landed by merging.

--- close-done  (an open accepted issue holds its boundary)
    nothing closable

--- author  (refill to the queue depth)
    timed out part-way - what it did before that stands: 

feed complete: push-work=ok land=timed out close-done=ok author=timed out
2026-09-14T08:32:50.580Z feed start
the loop lock is held by heal (3 min) - standing down; it feeds too
2026-09-14T08:37:57.265Z feed start
the loop lock is held by heal (8 min) - standing down; it feeds too
2026-09-14T08:42:58.603Z feed start

--- push-work  (a branch nobody can see cannot be closed against)
    pushed 0
      REFUSED - 47 branch(es) in /workspace/t27 hold work that is on no remote, and this tool is not authorised to push there.

--- land  (put accepted work into the branch)
    timed out part-way - what it did before that stands: 2 accepted branches still outside the base
      REFUSED - ALL 2 remaining branch(es) conflict. Nothing here can be landed by merging.

--- close-done  (an open accepted issue holds its boundary)
    nothing closable

--- author  (refill to the queue depth)
    timed out part-way - what it did before that stands: 

feed complete: push-work=ok land=timed out close-done=ok author=timed out
2026-09-14T08:56:00.941Z feed start
the loop lock is held by heal (1 min) - standing down; it feeds too
2026-09-14T09:01:02.680Z feed start
the loop lock is held by heal (6 min) - standing down; it feeds too
2026-09-14T09:06:05.514Z feed start

--- push-work  (a branch nobody can see cannot be closed against)
    pushed 0
      REFUSED - 48 branch(es) in /workspace/t27 hold work that is on no remote, and this tool is not authorised to push there.

--- land  (put accepted work into the branch)
    timed out part-way - what it did before that stands: 

--- close-done  (an open accepted issue holds its boundary)
    nothing closable

--- author  (refill to the queue depth)
    timed out part-way - what it did before that stands: 

feed complete: push-work=ok land=timed out close-done=ok author=timed out
2026-09-14T09:19:10.669Z feed start
the loop lock is held by heal (2 min) - standing down; it feeds too
2026-09-14T09:24:11.505Z feed start
the loop lock is held by heal (7 min) - standing down; it feeds too
2026-09-14T09:29:15.886Z feed start

--- push-work  (a branch nobody can see cannot be closed against)
    pushed 0
      REFUSED - 48 branch(es) in /workspace/t27 hold work that is on no remote, and this tool is not authorised to push there.

--- land  (put accepted work into the branch)
    timed out part-way - what it did before that stands: 2 accepted branches still outside the base
      REFUSED - ALL 2 remaining branch(es) conflict. Nothing here can be landed by merging.

--- close-done  (an open accepted issue holds its boundary)
    nothing closable

--- author  (refill to the queue depth)
    timed out part-way - what it did before that stands: 

feed complete: push-work=ok land=timed out close-done=ok author=timed out
2026-09-14T09:42:22.201Z feed start
the loop lock is held by heal (1 min) - standing down; it feeds too
2026-09-14T09:47:26.978Z feed start
the loop lock is held by heal (6 min) - standing down; it feeds too
2026-09-14T09:52:30.104Z feed start

--- push-work  (a branch nobody can see cannot be closed against)
    pushed 0
      REFUSED - 48 branch(es) in /workspace/t27 hold work that is on no remote, and this tool is not authorised to push there.

--- land  (put accepted work into the branch)
    timed out part-way - what it did before that stands: 

--- close-done  (an open accepted issue holds its boundary)
    nothing closable

--- author  (refill to the queue depth)
    timed out part-way - what it did before that stands: 

feed complete: push-work=ok land=timed out close-done=ok author=timed out
2026-09-14T10:05:33.579Z feed start

--- push-work  (a branch nobody can see cannot be closed against)
    pushed 0
      REFUSED - 48 branch(es) in /workspace/t27 hold work that is on no remote, and this tool is not authorised to push there.

--- land  (put accepted work into the branch)
    timed out part-way - what it did before that stands: 2 accepted branches still outside the base
      REFUSED - ALL 2 remaining branch(es) conflict. Nothing here can be landed by merging.

--- close-done  (an open accepted issue holds its boundary)
    nothing closable

--- author  (refill to the queue depth)
    timed out part-way - what it did before that stands: 

feed complete: push-work=ok land=timed out close-done=ok author=timed out
2026-09-14T10:18:41.718Z feed start
the loop lock is held by heal (3 min) - standing down; it feeds too
2026-09-14T10:23:45.876Z feed start
the loop lock is held by heal (8 min) - standing down; it feeds too
2026-09-14T10:28:51.176Z feed start

--- push-work  (a branch nobody can see cannot be closed against)
    pushed 0
      REFUSED - 48 branch(es) in /workspace/t27 hold work that is on no remote, and this tool is not authorised to push there.

--- land  (put accepted work into the branch)
    timed out part-way - what it did before that stands: 

--- close-done  (an open accepted issue holds its boundary)
    nothing closable

--- author  (refill to the queue depth)
    timed out part-way - what it did before that stands: 

feed complete: push-work=ok land=timed out close-done=ok author=timed out
2026-09-14T10:41:56.700Z feed start
the loop lock is held by heal (1 min) - standing down; it feeds too
2026-09-14T10:47:01.273Z feed start
the loop lock is held by heal (6 min) - standing down; it feeds too
2026-09-14T10:52:01.872Z feed start

--- push-work  (a branch nobody can see cannot be closed against)
    pushed 0
      REFUSED - 48 branch(es) in /workspace/t27 hold work that is on no remote, and this tool is not authorised to push there.

--- land  (put accepted work into the branch)
    timed out part-way - what it did before that stands: 2 accepted branches still outside the base
      REFUSED - ALL 2 remaining branch(es) conflict. Nothing here can be landed by merging.

--- close-done  (an open accepted issue holds its boundary)
    nothing closable

--- author  (refill to the queue depth)
    timed out part-way - what it did before that stands: 

feed complete: push-work=ok land=timed out close-done=ok author=timed out
2026-09-14T11:05:03.139Z feed start
the loop lock is held by heal (0 min) - standing down; it feeds too
2026-09-14T11:10:07.413Z feed start
the loop lock is held by heal (5 min) - standing down; it feeds too
2026-09-14T11:15:12.877Z feed start

--- push-work  (a branch nobody can see cannot be closed against)
    pushed 0
      REFUSED - 48 branch(es) in /workspace/t27 hold work that is on no remote, and this tool is not authorised to push there.

--- land  (put accepted work into the branch)
    timed out part-way - what it did before that stands: 2 accepted branches still outside the base
      REFUSED - ALL 2 remaining branch(es) conflict. Nothing here can be landed by merging.

--- close-done  (an open accepted issue holds its boundary)
    nothing closable

--- author  (refill to the queue depth)
    timed out part-way - what it did before that stands: 

feed complete: push-work=ok land=timed out close-done=ok author=timed out
2026-09-14T11:28:15.849Z feed start

--- push-work  (a branch nobody can see cannot be closed against)
    pushed 0
      REFUSED - 48 branch(es) in /workspace/t27 hold work that is on no remote, and this tool is not authorised to push there.

--- land  (put accepted work into the branch)
    timed out part-way - what it did before that stands: 2 accepted branches still outside the base
      REFUSED - ALL 2 remaining branch(es) conflict. Nothing here can be landed by merging.

--- close-done  (an open accepted issue holds its boundary)
    nothing closable

--- author  (refill to the queue depth)
    timed out part-way - what it did before that stands: 

feed complete: push-work=ok land=timed out close-done=ok author=timed out
2026-09-14T11:41:20.465Z feed start
the loop lock is held by heal (2 min) - standing down; it feeds too
2026-09-14T11:46:23.680Z feed start
the loop lock is held by heal (8 min) - standing down; it feeds too
2026-09-14T11:51:25.795Z feed start

--- push-work  (a branch nobody can see cannot be closed against)
    pushed 0
      REFUSED - 48 branch(es) in /workspace/t27 hold work that is on no remote, and this tool is not authorised to push there.

--- land  (put accepted work into the branch)
2026-09-14T12:09:22.197Z feed start

--- push-work  (a branch nobody can see cannot be closed against)
    pushed 0
      REFUSED - 48 branch(es) in /workspace/t27 hold work that is on no remote, and this tool is not authorised to push there.

--- land  (put accepted work into the branch)
    EMPTY-HANDED - 2 branch(es) are landable and none could be put in a batch - they conflict; it reported: 0 accepted branch(es) landed
      REFUSED - ALL 2 remaining branch(es) conflict. Nothing here can be landed by merging.

--- close-done  (an open accepted issue holds its boundary)
    nothing closable

--- author  (refill to the queue depth)
    REFUSED to file - nobody is draining the backlog

feed complete: push-work=ok land=empty-handed close-done=ok author=ok
  EMPTY-HANDED  land: 2 branch(es) are landable and none could be put in a batch - they conflict
      REFUSED - ALL 2 remaining branch(es) conflict. Nothing here can be landed by merging.
2026-09-14T12:17:21.551Z feed start

--- push-work  (a branch nobody can see cannot be closed against)
    pushed 0
      REFUSED - 48 branch(es) in /workspace/t27 hold work that is on no remote, and this tool is not authorised to push there.

--- land  (put accepted work into the branch)
    EMPTY-HANDED - 2 branch(es) are landable and none could be put in a batch - they conflict; it reported: 0 accepted branch(es) landed
      REFUSED - ALL 2 remaining branch(es) conflict. Nothing here can be landed by merging.

--- close-done  (an open accepted issue holds its boundary)
    nothing closable

--- author  (refill to the queue depth)
    REFUSED to file - nobody is draining the backlog

feed complete: push-work=ok land=empty-handed close-done=ok author=ok
  EMPTY-HANDED  land: 2 branch(es) are landable and none could be put in a batch - they conflict
      REFUSED - ALL 2 remaining branch(es) conflict. Nothing here can be landed by merging.
2026-09-14T12:24:35.434Z feed start
the loop lock is held by heal (4 min) - standing down; it feeds too
2026-09-14T12:29:36.090Z feed start

--- push-work  (a branch nobody can see cannot be closed against)
    pushed 0
      REFUSED - 48 branch(es) in /workspace/t27 hold work that is on no remote, and this tool is not authorised to push there.

--- land  (put accepted work into the branch)
    EMPTY-HANDED - 2 branch(es) are landable and none could be put in a batch - they conflict; it reported: 0 accepted branch(es) landed
      REFUSED - ALL 2 remaining branch(es) conflict. Nothing here can be landed by merging.

--- close-done  (an open accepted issue holds its boundary)
    nothing closable

--- author  (refill to the queue depth)
    REFUSED to file - nobody is draining the backlog

feed complete: push-work=ok land=empty-handed close-done=ok author=ok
  EMPTY-HANDED  land: 2 branch(es) are landable and none could be put in a batch - they conflict
      REFUSED - ALL 2 remaining branch(es) conflict. Nothing here can be landed by merging.
2026-09-14T12:37:07.475Z feed start

--- push-work  (a branch nobody can see cannot be closed against)
    pushed 0
      REFUSED - 48 branch(es) in /workspace/t27 hold work that is on no remote, and this tool is not authorised to push there.

--- land  (put accepted work into the branch)
    EMPTY-HANDED - 2 branch(es) are landable and none could be put in a batch - they conflict; it reported: 0 accepted branch(es) landed
      REFUSED - ALL 2 remaining branch(es) conflict. Nothing here can be landed by merging.

--- close-done  (an open accepted issue holds its boundary)
    nothing closable

--- author  (refill to the queue depth)
    REFUSED to file - nobody is draining the backlog

feed complete: push-work=ok land=empty-handed close-done=ok author=ok
  EMPTY-HANDED  land: 2 branch(es) are landable and none could be put in a batch - they conflict
      REFUSED - ALL 2 remaining branch(es) conflict. Nothing here can be landed by merging.
2026-09-14T12:44:34.908Z feed start

--- push-work  (a branch nobody can see cannot be closed against)
    pushed 0
      REFUSED - 48 branch(es) in /workspace/t27 hold work that is on no remote, and this tool is not authorised to push there.

--- land  (put accepted work into the branch)
    EMPTY-HANDED - 2 branch(es) are landable and none could be put in a batch - they conflict; it reported: 0 accepted branch(es) landed
      REFUSED - ALL 2 remaining branch(es) conflict. Nothing here can be landed by merging.

--- close-done  (an open accepted issue holds its boundary)
    nothing closable

--- author  (refill to the queue depth)
    REFUSED to file - nobody is draining the backlog

feed complete: push-work=ok land=empty-handed close-done=ok author=ok
  EMPTY-HANDED  land: 2 branch(es) are landable and none could be put in a batch - they conflict
      REFUSED - ALL 2 remaining branch(es) conflict. Nothing here can be landed by merging.
2026-09-14T12:52:07.989Z feed start

--- push-work  (a branch nobody can see cannot be closed against)
    pushed 0
      REFUSED - 48 branch(es) in /workspace/t27 hold work that is on no remote, and this tool is not authorised to push there.

--- land  (put accepted work into the branch)
    EMPTY-HANDED - 2 branch(es) are landable and none could be put in a batch - they conflict; it reported: 0 accepted branch(es) landed
      REFUSED - ALL 2 remaining branch(es) conflict. Nothing here can be landed by merging.

--- close-done  (an open accepted issue holds its boundary)
    nothing closable

--- author  (refill to the queue depth)
    REFUSED to file - nobody is draining the backlog

feed complete: push-work=ok land=empty-handed close-done=ok author=ok
  EMPTY-HANDED  land: 2 branch(es) are landable and none could be put in a batch - they conflict
      REFUSED - ALL 2 remaining branch(es) conflict. Nothing here can be landed by merging.
2026-09-14T12:59:41.187Z feed start

--- push-work  (a branch nobody can see cannot be closed against)
    pushed 0
      REFUSED - 48 branch(es) in /workspace/t27 hold work that is on no remote, and this tool is not authorised to push there.

--- land  (put accepted work into the branch)
    EMPTY-HANDED - 2 branch(es) are landable and none could be put in a batch - they conflict; it reported: 0 accepted branch(es) landed
      REFUSED - ALL 2 remaining branch(es) conflict. Nothing here can be landed by merging.

--- close-done  (an open accepted issue holds its boundary)
    nothing closable

--- author  (refill to the queue depth)
    REFUSED to file - nobody is draining the backlog

feed complete: push-work=ok land=empty-handed close-done=ok author=ok
  EMPTY-HANDED  land: 2 branch(es) are landable and none could be put in a batch - they conflict
      REFUSED - ALL 2 remaining branch(es) conflict. Nothing here can be landed by merging.
2026-09-14T13:07:07.064Z feed start

--- push-work  (a branch nobody can see cannot be closed against)
    pushed 0
      REFUSED - 48 branch(es) in /workspace/t27 hold work that is on no remote, and this tool is not authorised to push there.

--- land  (put accepted work into the branch)
    EMPTY-HANDED - 2 branch(es) are landable and none could be put in a batch - they conflict; it reported: 0 accepted branch(es) landed
      REFUSED - ALL 2 remaining branch(es) conflict. Nothing here can be landed by merging.

--- close-done  (an open accepted issue holds its boundary)
    nothing closable

--- author  (refill to the queue depth)
    REFUSED to file - nobody is draining the backlog

feed complete: push-work=ok land=empty-handed close-done=ok author=ok
  EMPTY-HANDED  land: 2 branch(es) are landable and none could be put in a batch - they conflict
      REFUSED - ALL 2 remaining branch(es) conflict. Nothing here can be landed by merging.
2026-09-14T13:14:37.443Z feed start
the loop lock is held by heal (4 min) - standing down; it feeds too
2026-09-14T13:19:37.749Z feed start

--- push-work  (a branch nobody can see cannot be closed against)
    pushed 0
      REFUSED - 48 branch(es) in /workspace/t27 hold work that is on no remote, and this tool is not authorised to push there.

--- land  (put accepted work into the branch)
    EMPTY-HANDED - 2 branch(es) are landable and none could be put in a batch - they conflict; it reported: 0 accepted branch(es) landed
      REFUSED - ALL 2 remaining branch(es) conflict. Nothing here can be landed by merging.

--- close-done  (an open accepted issue holds its boundary)
    nothing closable

--- author  (refill to the queue depth)
    REFUSED to file - nobody is draining the backlog

feed complete: push-work=ok land=empty-handed close-done=ok author=ok
  EMPTY-HANDED  land: 2 branch(es) are landable and none could be put in a batch - they conflict
      REFUSED - ALL 2 remaining branch(es) conflict. Nothing here can be landed by merging.
2026-09-14T13:27:07.722Z feed start

--- push-work  (a branch nobody can see cannot be closed against)
    pushed 0
      REFUSED - 48 branch(es) in /workspace/t27 hold work that is on no remote, and this tool is not authorised to push there.

--- land  (put accepted work into the branch)
    EMPTY-HANDED - 2 branch(es) are landable and none could be put in a batch - they conflict; it reported: 0 accepted branch(es) landed
      REFUSED - ALL 2 remaining branch(es) conflict. Nothing here can be landed by merging.

--- close-done  (an open accepted issue holds its boundary)
    nothing closable

--- author  (refill to the queue depth)
    REFUSED to file - nobody is draining the backlog

feed complete: push-work=ok land=empty-handed close-done=ok author=ok
  EMPTY-HANDED  land: 2 branch(es) are landable and none could be put in a batch - they conflict
      REFUSED - ALL 2 remaining branch(es) conflict. Nothing here can be landed by merging.
2026-09-14T13:34:41.023Z feed start
the loop lock is held by heal (1 min) - standing down; it feeds too
2026-09-14T13:39:41.345Z feed start
the loop lock is held by heal (6 min) - standing down; it feeds too
2026-09-14T13:44:41.813Z feed start

--- push-work  (a branch nobody can see cannot be closed against)
    pushed 0
      REFUSED - 48 branch(es) in /workspace/t27 hold work that is on no remote, and this tool is not authorised to push there.

--- land  (put accepted work into the branch)
    EMPTY-HANDED - 2 branch(es) are landable and none could be put in a batch - they conflict; it reported: 0 accepted branch(es) landed
      REFUSED - ALL 2 remaining branch(es) conflict. Nothing here can be landed by merging.

--- close-done  (an open accepted issue holds its boundary)
    nothing closable

--- author  (refill to the queue depth)
    REFUSED to file - nobody is draining the backlog

feed complete: push-work=ok land=empty-handed close-done=ok author=ok
  EMPTY-HANDED  land: 2 branch(es) are landable and none could be put in a batch - they conflict
      REFUSED - ALL 2 remaining branch(es) conflict. Nothing here can be landed by merging.
2026-09-14T13:52:12.092Z feed start

--- push-work  (a branch nobody can see cannot be closed against)
    pushed 0
      REFUSED - 48 branch(es) in /workspace/t27 hold work that is on no remote, and this tool is not authorised to push there.

--- land  (put accepted work into the branch)
    EMPTY-HANDED - 2 branch(es) are landable and none could be put in a batch - they conflict; it reported: 0 accepted branch(es) landed
      REFUSED - ALL 2 remaining branch(es) conflict. Nothing here can be landed by merging.

--- close-done  (an open accepted issue holds its boundary)
    nothing closable

--- author  (refill to the queue depth)
    REFUSED to file - nobody is draining the backlog

feed complete: push-work=ok land=empty-handed close-done=ok author=ok
  EMPTY-HANDED  land: 2 branch(es) are landable and none could be put in a batch - they conflict
      REFUSED - ALL 2 remaining branch(es) conflict. Nothing here can be landed by merging.
2026-09-14T13:59:39.191Z feed start

--- push-work  (a branch nobody can see cannot be closed against)
    pushed 0
      REFUSED - 48 branch(es) in /workspace/t27 hold work that is on no remote, and this tool is not authorised to push there.

--- land  (put accepted work into the branch)
    EMPTY-HANDED - 2 branch(es) are landable and none could be put in a batch - they conflict; it reported: 0 accepted branch(es) landed
      REFUSED - ALL 2 remaining branch(es) conflict. Nothing here can be landed by merging.

--- close-done  (an open accepted issue holds its boundary)
    nothing closable

--- author  (refill to the queue depth)
    REFUSED to file - nobody is draining the backlog

feed complete: push-work=ok land=empty-handed close-done=ok author=ok
  EMPTY-HANDED  land: 2 branch(es) are landable and none could be put in a batch - they conflict
      REFUSED - ALL 2 remaining branch(es) conflict. Nothing here can be landed by merging.
2026-09-14T14:07:17.433Z feed start

--- push-work  (a branch nobody can see cannot be closed against)
    pushed 0
      REFUSED - 48 branch(es) in /workspace/t27 hold work that is on no remote, and this tool is not authorised to push there.

--- land  (put accepted work into the branch)
    EMPTY-HANDED - 2 branch(es) are landable and none could be put in a batch - they conflict; it reported: 0 accepted branch(es) landed
      REFUSED - ALL 2 remaining branch(es) conflict. Nothing here can be landed by merging.

--- close-done  (an open accepted issue holds its boundary)
    nothing closable

--- author  (refill to the queue depth)
    REFUSED to file - nobody is draining the backlog

feed complete: push-work=ok land=empty-handed close-done=ok author=ok
  EMPTY-HANDED  land: 2 branch(es) are landable and none could be put in a batch - they conflict
      REFUSED - ALL 2 remaining branch(es) conflict. Nothing here can be landed by merging.
2026-09-14T14:14:55.929Z feed start

--- push-work  (a branch nobody can see cannot be closed against)
    pushed 0
      REFUSED - 48 branch(es) in /workspace/t27 hold work that is on no remote, and this tool is not authorised to push there.

--- land  (put accepted work into the branch)
    EMPTY-HANDED - 2 branch(es) are landable and none could be put in a batch - they conflict; it reported: 0 accepted branch(es) landed
      REFUSED - ALL 2 remaining branch(es) conflict. Nothing here can be landed by merging.

--- close-done  (an open accepted issue holds its boundary)
    nothing closable

--- author  (refill to the queue depth)
    REFUSED to file - nobody is draining the backlog

feed complete: push-work=ok land=empty-handed close-done=ok author=ok
  EMPTY-HANDED  land: 2 branch(es) are landable and none could be put in a batch - they conflict
      REFUSED - ALL 2 remaining branch(es) conflict. Nothing here can be landed by merging.
2026-09-14T14:23:43.333Z feed start

--- push-work  (a branch nobody can see cannot be closed against)
    pushed 0
      REFUSED - 48 branch(es) in /workspace/t27 hold work that is on no remote, and this tool is not authorised to push there.

--- land  (put accepted work into the branch)
    EMPTY-HANDED - 2 branch(es) are landable and none could be put in a batch - they conflict; it reported: 0 accepted branch(es) landed
      REFUSED - ALL 2 remaining branch(es) conflict. Nothing here can be landed by merging.

--- close-done  (an open accepted issue holds its boundary)
    nothing closable

--- author  (refill to the queue depth)
    REFUSED to file - nobody is draining the backlog

feed complete: push-work=ok land=empty-handed close-done=ok author=ok
  EMPTY-HANDED  land: 2 branch(es) are landable and none could be put in a batch - they conflict
      REFUSED - ALL 2 remaining branch(es) conflict. Nothing here can be landed by merging.
2026-09-14T14:31:23.492Z feed start

--- push-work  (a branch nobody can see cannot be closed against)
    pushed 0
      REFUSED - 48 branch(es) in /workspace/t27 hold work that is on no remote, and this tool is not authorised to push there.

--- land  (put accepted work into the branch)
    EMPTY-HANDED - 2 branch(es) are landable and none could be put in a batch - they conflict; it reported: 0 accepted branch(es) landed
      REFUSED - ALL 2 remaining branch(es) conflict. Nothing here can be landed by merging.

--- close-done  (an open accepted issue holds its boundary)
    nothing closable

--- author  (refill to the queue depth)
    REFUSED to file - nobody is draining the backlog

feed complete: push-work=ok land=empty-handed close-done=ok author=ok
  EMPTY-HANDED  land: 2 branch(es) are landable and none could be put in a batch - they conflict
      REFUSED - ALL 2 remaining branch(es) conflict. Nothing here can be landed by merging.
2026-09-14T14:39:01.462Z feed start

--- push-work  (a branch nobody can see cannot be closed against)
    pushed 0
      REFUSED - 48 branch(es) in /workspace/t27 hold work that is on no remote, and this tool is not authorised to push there.

--- land  (put accepted work into the branch)
    EMPTY-HANDED - 2 branch(es) are landable and none could be put in a batch - they conflict; it reported: 0 accepted branch(es) landed
      REFUSED - ALL 2 remaining branch(es) conflict. Nothing here can be landed by merging.

--- close-done  (an open accepted issue holds its boundary)
    nothing closable

--- author  (refill to the queue depth)
    REFUSED to file - nobody is draining the backlog

feed complete: push-work=ok land=empty-handed close-done=ok author=ok
  EMPTY-HANDED  land: 2 branch(es) are landable and none could be put in a batch - they conflict
      REFUSED - ALL 2 remaining branch(es) conflict. Nothing here can be landed by merging.
2026-09-14T14:46:38.075Z feed start

--- push-work  (a branch nobody can see cannot be closed against)
    pushed 0
      REFUSED - 48 branch(es) in /workspace/t27 hold work that is on no remote, and this tool is not authorised to push there.

--- land  (put accepted work into the branch)
    EMPTY-HANDED - 2 branch(es) are landable and none could be put in a batch - they conflict; it reported: 0 accepted branch(es) landed
      REFUSED - ALL 2 remaining branch(es) conflict. Nothing here can be landed by merging.

--- close-done  (an open accepted issue holds its boundary)
    nothing closable

--- author  (refill to the queue depth)
    REFUSED to file - nobody is draining the backlog

feed complete: push-work=ok land=empty-handed close-done=ok author=ok
  EMPTY-HANDED  land: 2 branch(es) are landable and none could be put in a batch - they conflict
      REFUSED - ALL 2 remaining branch(es) conflict. Nothing here can be landed by merging.
2026-09-14T14:53:58.237Z feed start
the loop lock is held by heal (1 min) - standing down; it feeds too
2026-09-14T14:58:58.503Z feed start
the loop lock is held by heal (6 min) - standing down; it feeds too
2026-09-14T15:03:58.870Z feed start

--- push-work  (a branch nobody can see cannot be closed against)
    pushed 0
      REFUSED - 48 branch(es) in /workspace/t27 hold work that is on no remote, and this tool is not authorised to push there.

--- land  (put accepted work into the branch)
    EMPTY-HANDED - 2 branch(es) are landable and none could be put in a batch - they conflict; it reported: 0 accepted branch(es) landed
      REFUSED - ALL 2 remaining branch(es) conflict. Nothing here can be landed by merging.

--- close-done  (an open accepted issue holds its boundary)
    nothing closable

--- author  (refill to the queue depth)
    REFUSED to file - nobody is draining the backlog

feed complete: push-work=ok land=empty-handed close-done=ok author=ok
  EMPTY-HANDED  land: 2 branch(es) are landable and none could be put in a batch - they conflict
      REFUSED - ALL 2 remaining branch(es) conflict. Nothing here can be landed by merging.
2026-09-14T15:11:23.678Z feed start

--- push-work  (a branch nobody can see cannot be closed against)
    pushed 0
      REFUSED - 48 branch(es) in /workspace/t27 hold work that is on no remote, and this tool is not authorised to push there.

--- land  (put accepted work into the branch)
    EMPTY-HANDED - 2 branch(es) are landable and none could be put in a batch - they conflict; it reported: 0 accepted branch(es) landed
      REFUSED - ALL 2 remaining branch(es) conflict. Nothing here can be landed by merging.

--- close-done  (an open accepted issue holds its boundary)
    nothing closable

--- author  (refill to the queue depth)
    REFUSED to file - nobody is draining the backlog

feed complete: push-work=ok land=empty-handed close-done=ok author=ok
  EMPTY-HANDED  land: 2 branch(es) are landable and none could be put in a batch - they conflict
      REFUSED - ALL 2 remaining branch(es) conflict. Nothing here can be landed by merging.
2026-09-14T15:18:50.619Z feed start
the loop lock is held by heal (3 min) - standing down; it feeds too
2026-09-14T15:23:51.099Z feed start

--- push-work  (a branch nobody can see cannot be closed against)
    pushed 0
      REFUSED - 48 branch(es) in /workspace/t27 hold work that is on no remote, and this tool is not authorised to push there.

--- land  (put accepted work into the branch)
    EMPTY-HANDED - 2 branch(es) are landable and none could be put in a batch - they conflict; it reported: 0 accepted branch(es) landed
      REFUSED - ALL 2 remaining branch(es) conflict. Nothing here can be landed by merging.

--- close-done  (an open accepted issue holds its boundary)
    nothing closable

--- author  (refill to the queue depth)
    REFUSED to file - nobody is draining the backlog

feed complete: push-work=ok land=empty-handed close-done=ok author=ok
  EMPTY-HANDED  land: 2 branch(es) are landable and none could be put in a batch - they conflict
      REFUSED - ALL 2 remaining branch(es) conflict. Nothing here can be landed by merging.
2026-09-14T15:31:30.695Z feed start

--- push-work  (a branch nobody can see cannot be closed against)
    pushed 0
      REFUSED - 48 branch(es) in /workspace/t27 hold work that is on no remote, and this tool is not authorised to push there.

--- land  (put accepted work into the branch)
    EMPTY-HANDED - 2 branch(es) are landable and none could be put in a batch - they conflict; it reported: 0 accepted branch(es) landed
      REFUSED - ALL 2 remaining branch(es) conflict. Nothing here can be landed by merging.

--- close-done  (an open accepted issue holds its boundary)
    nothing closable

--- author  (refill to the queue depth)
    REFUSED to file - nobody is draining the backlog

feed complete: push-work=ok land=empty-handed close-done=ok author=ok
  EMPTY-HANDED  land: 2 branch(es) are landable and none could be put in a batch - they conflict
      REFUSED - ALL 2 remaining branch(es) conflict. Nothing here can be landed by merging.
2026-09-14T15:39:15.460Z feed start
the loop lock is held by heal (1 min) - standing down; it feeds too
2026-09-14T15:44:15.768Z feed start
the loop lock is held by heal (6 min) - standing down; it feeds too
2026-09-14T15:49:16.032Z feed start

--- push-work  (a branch nobody can see cannot be closed against)
    pushed 0
      REFUSED - 48 branch(es) in /workspace/t27 hold work that is on no remote, and this tool is not authorised to push there.

--- land  (put accepted work into the branch)
    EMPTY-HANDED - 2 branch(es) are landable and none could be put in a batch - they conflict; it reported: 0 accepted branch(es) landed
      REFUSED - ALL 2 remaining branch(es) conflict. Nothing here can be landed by merging.

--- close-done  (an open accepted issue holds its boundary)
    nothing closable

--- author  (refill to the queue depth)
    REFUSED to file - nobody is draining the backlog

feed complete: push-work=ok land=empty-handed close-done=ok author=ok
  EMPTY-HANDED  land: 2 branch(es) are landable and none could be put in a batch - they conflict
      REFUSED - ALL 2 remaining branch(es) conflict. Nothing here can be landed by merging.
2026-09-14T15:56:43.746Z feed start

--- push-work  (a branch nobody can see cannot be closed against)
    pushed 0
      REFUSED - 48 branch(es) in /workspace/t27 hold work that is on no remote, and this tool is not authorised to push there.

--- land  (put accepted work into the branch)
    EMPTY-HANDED - 2 branch(es) are landable and none could be put in a batch - they conflict; it reported: 0 accepted branch(es) landed
      REFUSED - ALL 2 remaining branch(es) conflict. Nothing here can be landed by merging.

--- close-done  (an open accepted issue holds its boundary)
    nothing closable

--- author  (refill to the queue depth)
    REFUSED to file - nobody is draining the backlog

feed complete: push-work=ok land=empty-handed close-done=ok author=ok
  EMPTY-HANDED  land: 2 branch(es) are landable and none could be put in a batch - they conflict
      REFUSED - ALL 2 remaining branch(es) conflict. Nothing here can be landed by merging.
2026-09-14T16:04:27.533Z feed start
the loop lock is held by heal (4 min) - standing down; it feeds too
2026-09-14T16:09:27.798Z feed start

--- push-work  (a branch nobody can see cannot be closed against)
    pushed 0
      REFUSED - 48 branch(es) in /workspace/t27 hold work that is on no remote, and this tool is not authorised to push there.

--- land  (put accepted work into the branch)
    EMPTY-HANDED - 2 branch(es) are landable and none could be put in a batch - they conflict; it reported: 0 accepted branch(es) landed
      REFUSED - ALL 2 remaining branch(es) conflict. Nothing here can be landed by merging.

--- close-done  (an open accepted issue holds its boundary)
    nothing closable

--- author  (refill to the queue depth)
    REFUSED to file - nobody is draining the backlog

feed complete: push-work=ok land=empty-handed close-done=ok author=ok
  EMPTY-HANDED  land: 2 branch(es) are landable and none could be put in a batch - they conflict
      REFUSED - ALL 2 remaining branch(es) conflict. Nothing here can be landed by merging.
2026-09-14T16:17:14.397Z feed start

--- push-work  (a branch nobody can see cannot be closed against)
    pushed 0
      REFUSED - 48 branch(es) in /workspace/t27 hold work that is on no remote, and this tool is not authorised to push there.

--- land  (put accepted work into the branch)
    EMPTY-HANDED - 2 branch(es) are landable and none could be put in a batch - they conflict; it reported: 0 accepted branch(es) landed
      REFUSED - ALL 2 remaining branch(es) conflict. Nothing here can be landed by merging.

--- close-done  (an open accepted issue holds its boundary)
    nothing closable

--- author  (refill to the queue depth)
    REFUSED to file - nobody is draining the backlog

feed complete: push-work=ok land=empty-handed close-done=ok author=ok
  EMPTY-HANDED  land: 2 branch(es) are landable and none could be put in a batch - they conflict
      REFUSED - ALL 2 remaining branch(es) conflict. Nothing here can be landed by merging.
2026-09-14T16:25:44.851Z feed start
the loop lock is held by heal (3 min) - standing down; it feeds too
2026-09-14T16:30:45.147Z feed start
the loop lock is held by heal (8 min) - standing down; it feeds too
2026-09-14T16:35:45.417Z feed start

--- push-work  (a branch nobody can see cannot be closed against)
    pushed 0
      REFUSED - 48 branch(es) in /workspace/t27 hold work that is on no remote, and this tool is not authorised to push there.

--- land  (put accepted work into the branch)
    EMPTY-HANDED - 2 branch(es) are landable and none could be put in a batch - they conflict; it reported: 0 accepted branch(es) landed
      REFUSED - ALL 2 remaining branch(es) conflict. Nothing here can be landed by merging.

--- close-done  (an open accepted issue holds its boundary)
    nothing closable

--- author  (refill to the queue depth)
    REFUSED to file - nobody is draining the backlog

feed complete: push-work=ok land=empty-handed close-done=ok author=ok
  EMPTY-HANDED  land: 2 branch(es) are landable and none could be put in a batch - they conflict
      REFUSED - ALL 2 remaining branch(es) conflict. Nothing here can be landed by merging.
2026-09-14T16:43:35.589Z feed start

--- push-work  (a branch nobody can see cannot be closed against)
    pushed 0
      REFUSED - 48 branch(es) in /workspace/t27 hold work that is on no remote, and this tool is not authorised to push there.

--- land  (put accepted work into the branch)
    EMPTY-HANDED - 2 branch(es) are landable and none could be put in a batch - they conflict; it reported: 0 accepted branch(es) landed
      REFUSED - ALL 2 remaining branch(es) conflict. Nothing here can be landed by merging.

--- close-done  (an open accepted issue holds its boundary)
    nothing closable

--- author  (refill to the queue depth)
    REFUSED to file - nobody is draining the backlog

feed complete: push-work=ok land=empty-handed close-done=ok author=ok
  EMPTY-HANDED  land: 2 branch(es) are landable and none could be put in a batch - they conflict
      REFUSED - ALL 2 remaining branch(es) conflict. Nothing here can be landed by merging.
2026-09-14T16:51:19.008Z feed start

--- push-work  (a branch nobody can see cannot be closed against)
    pushed 0
      REFUSED - 48 branch(es) in /workspace/t27 hold work that is on no remote, and this tool is not authorised to push there.

--- land  (put accepted work into the branch)
    EMPTY-HANDED - 2 branch(es) are landable and none could be put in a batch - they conflict; it reported: 0 accepted branch(es) landed
      REFUSED - ALL 2 remaining branch(es) conflict. Nothing here can be landed by merging.

--- close-done  (an open accepted issue holds its boundary)
    nothing closable

--- author  (refill to the queue depth)
    REFUSED to file - nobody is draining the backlog

feed complete: push-work=ok land=empty-handed close-done=ok author=ok
  EMPTY-HANDED  land: 2 branch(es) are landable and none could be put in a batch - they conflict
      REFUSED - ALL 2 remaining branch(es) conflict. Nothing here can be landed by merging.
2026-09-14T16:58:58.354Z feed start
the loop lock is held by heal (3 min) - standing down; it feeds too
2026-09-15T10:10:56.626Z feed start

--- push-work  (a branch nobody can see cannot be closed against)
    FAILED
    1: client erro
  Nothing was pushed and nothing was inspected. This is NOT "nothing to push":
  this step is the only way a bee's work leaves the container, and it did not run.


--- land  (put accepted work into the branch)
    EMPTY-HANDED - 1 branch(es) are landable and none could be put in a batch - they conflict; it reported: 0 accepted branch(es) landed
      REFUSED - ALL 1 remaining branch(es) conflict. Nothing here can be landed by merging.

--- close-done  (an open accepted issue holds its boundary)
    nothing closable

--- author  (refill to the queue depth)
    REFUSED to file - nobody is draining the backlog

feed complete: push-work=FAILED land=empty-handed close-done=ok author=ok
  EMPTY-HANDED  land: 1 branch(es) are landable and none could be put in a batch - they conflict
      REFUSED - ALL 1 remaining branch(es) conflict. Nothing here can be landed by merging.
2026-09-15T10:23:38.188Z feed start

--- push-work  (a branch nobody can see cannot be closed against)
    pushed 0
      REFUSED - 48 branch(es) in /workspace/t27 hold work that is on no remote, and this tool is not authorised to push there.

--- land  (put accepted work into the branch)
    EMPTY-HANDED - 2 branch(es) are landable and none could be put in a batch - they conflict; it reported: 0 accepted branch(es) landed
      REFUSED - ALL 2 remaining branch(es) conflict. Nothing here can be landed by merging.

--- close-done  (an open accepted issue holds its boundary)
    nothing closable

--- author  (refill to the queue depth)
    REFUSED to file - nobody is draining the backlog

feed complete: push-work=ok land=empty-handed close-done=ok author=ok
  EMPTY-HANDED  land: 2 branch(es) are landable and none could be put in a batch - they conflict
      REFUSED - ALL 2 remaining branch(es) conflict. Nothing here can be landed by merging.
2026-09-15T10:30:48.753Z feed start

--- push-work  (a branch nobody can see cannot be closed against)
    pushed 0
      REFUSED - 48 branch(es) in /workspace/t27 hold work that is on no remote, and this tool is not authorised to push there.

--- land  (put accepted work into the branch)
    EMPTY-HANDED - 2 branch(es) are landable and none could be put in a batch - they conflict; it reported: 0 accepted branch(es) landed
      REFUSED - ALL 2 remaining branch(es) conflict. Nothing here can be landed by merging.

--- close-done  (an open accepted issue holds its boundary)
    nothing closable

--- author  (refill to the queue depth)
    REFUSED to file - nobody is draining the backlog

feed complete: push-work=ok land=empty-handed close-done=ok author=ok
  EMPTY-HANDED  land: 2 branch(es) are landable and none could be put in a batch - they conflict
      REFUSED - ALL 2 remaining branch(es) conflict. Nothing here can be landed by merging.
2026-09-15T10:37:59.898Z feed start
the loop lock is held by heal (4 min) - standing down; it feeds too
2026-09-15T10:43:00.195Z feed start

--- push-work  (a branch nobody can see cannot be closed against)
    pushed 0
      REFUSED - 48 branch(es) in /workspace/t27 hold work that is on no remote, and this tool is not authorised to push there.

--- land  (put accepted work into the branch)
    EMPTY-HANDED - 2 branch(es) are landable and none could be put in a batch - they conflict; it reported: 0 accepted branch(es) landed
      REFUSED - ALL 2 remaining branch(es) conflict. Nothing here can be landed by merging.

--- close-done  (an open accepted issue holds its boundary)
    nothing closable

--- author  (refill to the queue depth)
    REFUSED to file - nobody is draining the backlog

feed complete: push-work=ok land=empty-handed close-done=ok author=ok
  EMPTY-HANDED  land: 2 branch(es) are landable and none could be put in a batch - they conflict
      REFUSED - ALL 2 remaining branch(es) conflict. Nothing here can be landed by merging.
2026-09-15T10:50:23.547Z feed start

--- push-work  (a branch nobody can see cannot be closed against)
    pushed 0
      REFUSED - 48 branch(es) in /workspace/t27 hold work that is on no remote, and this tool is not authorised to push there.

--- land  (put accepted work into the branch)
    EMPTY-HANDED - 2 branch(es) are landable and none could be put in a batch - they conflict; it reported: 0 accepted branch(es) landed
      REFUSED - ALL 2 remaining branch(es) conflict. Nothing here can be landed by merging.

--- close-done  (an open accepted issue holds its boundary)
    nothing closable

--- author  (refill to the queue depth)
    REFUSED to file - nobody is draining the backlog

feed complete: push-work=ok land=empty-handed close-done=ok author=ok
  EMPTY-HANDED  land: 2 branch(es) are landable and none could be put in a batch - they conflict
      REFUSED - ALL 2 remaining branch(es) conflict. Nothing here can be landed by merging.
2026-09-15T10:57:53.525Z feed start

--- push-work  (a branch nobody can see cannot be closed against)
    pushed 0
      REFUSED - 48 branch(es) in /workspace/t27 hold work that is on no remote, and this tool is not authorised to push there.

--- land  (put accepted work into the branch)
    EMPTY-HANDED - 2 branch(es) are landable and none could be put in a batch - they conflict; it reported: 0 accepted branch(es) landed
      REFUSED - ALL 2 remaining branch(es) conflict. Nothing here can be landed by merging.

--- close-done  (an open accepted issue holds its boundary)
    nothing closable

--- author  (refill to the queue depth)
    REFUSED to file - nobody is draining the backlog

feed complete: push-work=ok land=empty-handed close-done=ok author=ok
  EMPTY-HANDED  land: 2 branch(es) are landable and none could be put in a batch - they conflict
      REFUSED - ALL 2 remaining branch(es) conflict. Nothing here can be landed by merging.
2026-09-15T11:05:24.531Z feed start

--- push-work  (a branch nobody can see cannot be closed against)
    pushed 0
      REFUSED - 48 branch(es) in /workspace/t27 hold work that is on no remote, and this tool is not authorised to push there.

--- land  (put accepted work into the branch)
    EMPTY-HANDED - 2 branch(es) are landable and none could be put in a batch - they conflict; it reported: 0 accepted branch(es) landed
      REFUSED - ALL 2 remaining branch(es) conflict. Nothing here can be landed by merging.

--- close-done  (an open accepted issue holds its boundary)
    nothing closable

--- author  (refill to the queue depth)
    REFUSED to file - nobody is draining the backlog

feed complete: push-work=ok land=empty-handed close-done=ok author=ok
  EMPTY-HANDED  land: 2 branch(es) are landable and none could be put in a batch - they conflict
      REFUSED - ALL 2 remaining branch(es) conflict. Nothing here can be landed by merging.
2026-09-15T11:13:06.339Z feed start
the loop lock is held by heal (3 min) - standing down; it feeds too
2026-09-15T11:18:06.730Z feed start
the loop lock is held by heal (8 min) - standing down; it feeds too
2026-09-15T11:23:07.814Z feed start

--- push-work  (a branch nobody can see cannot be closed against)
    pushed 0
      REFUSED - 48 branch(es) in /workspace/t27 hold work that is on no remote, and this tool is not authorised to push there.

--- land  (put accepted work into the branch)
    EMPTY-HANDED - 2 branch(es) are landable and none could be put in a batch - they conflict; it reported: 0 accepted branch(es) landed
      REFUSED - ALL 2 remaining branch(es) conflict. Nothing here can be landed by merging.

--- close-done  (an open accepted issue holds its boundary)
    nothing closable

--- author  (refill to the queue depth)
    REFUSED to file - nobody is draining the backlog

feed complete: push-work=ok land=empty-handed close-done=ok author=ok
  EMPTY-HANDED  land: 2 branch(es) are landable and none could be put in a batch - they conflict
      REFUSED - ALL 2 remaining branch(es) conflict. Nothing here can be landed by merging.
2026-09-15T11:30:41.986Z feed start

--- push-work  (a branch nobody can see cannot be closed against)
    pushed 0
      REFUSED - 48 branch(es) in /workspace/t27 hold work that is on no remote, and this tool is not authorised to push there.

--- land  (put accepted work into the branch)
    EMPTY-HANDED - 2 branch(es) are landable and none could be put in a batch - they conflict; it reported: 0 accepted branch(es) landed
      REFUSED - ALL 2 remaining branch(es) conflict. Nothing here can be landed by merging.

--- close-done  (an open accepted issue holds its boundary)
    nothing closable

--- author  (refill to the queue depth)
    REFUSED to file - nobody is draining the backlog

feed complete: push-work=ok land=empty-handed close-done=ok author=ok
  EMPTY-HANDED  land: 2 branch(es) are landable and none could be put in a batch - they conflict
      REFUSED - ALL 2 remaining branch(es) conflict. Nothing here can be landed by merging.
2026-09-15T11:38:00.435Z feed start
the loop lock is held by heal (1 min) - standing down; it feeds too
2026-09-15T11:43:00.730Z feed start
the loop lock is held by heal (6 min) - standing down; it feeds too
2026-09-15T11:48:01.081Z feed start

--- push-work  (a branch nobody can see cannot be closed against)
    pushed 0
      REFUSED - 48 branch(es) in /workspace/t27 hold work that is on no remote, and this tool is not authorised to push there.

--- land  (put accepted work into the branch)
    EMPTY-HANDED - 2 branch(es) are landable and none could be put in a batch - they conflict; it reported: 0 accepted branch(es) landed
      REFUSED - ALL 2 remaining branch(es) conflict. Nothing here can be landed by merging.

--- close-done  (an open accepted issue holds its boundary)
    nothing closable

--- author  (refill to the queue depth)
    REFUSED to file - nobody is draining the backlog

feed complete: push-work=ok land=empty-handed close-done=ok author=ok
  EMPTY-HANDED  land: 2 branch(es) are landable and none could be put in a batch - they conflict
      REFUSED - ALL 2 remaining branch(es) conflict. Nothing here can be landed by merging.
2026-09-15T11:55:32.251Z feed start

--- push-work  (a branch nobody can see cannot be closed against)
    pushed 0
      REFUSED - 48 branch(es) in /workspace/t27 hold work that is on no remote, and this tool is not authorised to push there.

--- land  (put accepted work into the branch)
    EMPTY-HANDED - 2 branch(es) are landable and none could be put in a batch - they conflict; it reported: 0 accepted branch(es) landed
      REFUSED - ALL 2 remaining branch(es) conflict. Nothing here can be landed by merging.

--- close-done  (an open accepted issue holds its boundary)
    nothing closable

--- author  (refill to the queue depth)
    REFUSED to file - nobody is draining the backlog

feed complete: push-work=ok land=empty-handed close-done=ok author=ok
  EMPTY-HANDED  land: 2 branch(es) are landable and none could be put in a batch - they conflict
      REFUSED - ALL 2 remaining branch(es) conflict. Nothing here can be landed by merging.
2026-09-15T12:03:09.045Z feed start
the loop lock is held by heal (3 min) - standing down; it feeds too
2026-09-15T12:08:09.323Z feed start

--- push-work  (a branch nobody can see cannot be closed against)
    pushed 0
      REFUSED - 48 branch(es) in /workspace/t27 hold work that is on no remote, and this tool is not authorised to push there.

--- land  (put accepted work into the branch)
    EMPTY-HANDED - 2 branch(es) are landable and none could be put in a batch - they conflict; it reported: 0 accepted branch(es) landed
      REFUSED - ALL 2 remaining branch(es) conflict. Nothing here can be landed by merging.

--- close-done  (an open accepted issue holds its boundary)
    nothing closable

--- author  (refill to the queue depth)
    REFUSED to file - nobody is draining the backlog

feed complete: push-work=ok land=empty-handed close-done=ok author=ok
  EMPTY-HANDED  land: 2 branch(es) are landable and none could be put in a batch - they conflict
      REFUSED - ALL 2 remaining branch(es) conflict. Nothing here can be landed by merging.
2026-09-15T12:15:44.916Z feed start

--- push-work  (a branch nobody can see cannot be closed against)
    pushed 0
      REFUSED - 48 branch(es) in /workspace/t27 hold work that is on no remote, and this tool is not authorised to push there.

--- land  (put accepted work into the branch)
    EMPTY-HANDED - 2 branch(es) are landable and none could be put in a batch - they conflict; it reported: 0 accepted branch(es) landed
      REFUSED - ALL 2 remaining branch(es) conflict. Nothing here can be landed by merging.

--- close-done  (an open accepted issue holds its boundary)
    nothing closable

--- author  (refill to the queue depth)
    REFUSED to file - nobody is draining the backlog

feed complete: push-work=ok land=empty-handed close-done=ok author=ok
  EMPTY-HANDED  land: 2 branch(es) are landable and none could be put in a batch - they conflict
      REFUSED - ALL 2 remaining branch(es) conflict. Nothing here can be landed by merging.
2026-09-15T12:23:21.346Z feed start

--- push-work  (a branch nobody can see cannot be closed against)
    pushed 0
      REFUSED - 48 branch(es) in /workspace/t27 hold work that is on no remote, and this tool is not authorised to push there.

--- land  (put accepted work into the branch)
    EMPTY-HANDED - 2 branch(es) are landable and none could be put in a batch - they conflict; it reported: 0 accepted branch(es) landed
      REFUSED - ALL 2 remaining branch(es) conflict. Nothing here can be landed by merging.

--- close-done  (an open accepted issue holds its boundary)
    nothing closable

--- author  (refill to the queue depth)
    REFUSED to file - nobody is draining the backlog

feed complete: push-work=ok land=empty-handed close-done=ok author=ok
  EMPTY-HANDED  land: 2 branch(es) are landable and none could be put in a batch - they conflict
      REFUSED - ALL 2 remaining branch(es) conflict. Nothing here can be landed by merging.
2026-09-15T12:30:55.150Z feed start

--- push-work  (a branch nobody can see cannot be closed against)
    pushed 0
      REFUSED - 48 branch(es) in /workspace/t27 hold work that is on no remote, and this tool is not authorised to push there.

--- land  (put accepted work into the branch)
    EMPTY-HANDED - 2 branch(es) are landable and none could be put in a batch - they conflict; it reported: 0 accepted branch(es) landed
      REFUSED - ALL 2 remaining branch(es) conflict. Nothing here can be landed by merging.

--- close-done  (an open accepted issue holds its boundary)
    nothing closable

--- author  (refill to the queue depth)
    REFUSED to file - nobody is draining the backlog

feed complete: push-work=ok land=empty-handed close-done=ok author=ok
  EMPTY-HANDED  land: 2 branch(es) are landable and none could be put in a batch - they conflict
      REFUSED - ALL 2 remaining branch(es) conflict. Nothing here can be landed by merging.
2026-09-15T12:38:30.443Z feed start
the loop lock is held by heal (5 min) - standing down; it feeds too
2026-09-15T12:43:30.743Z feed start

--- push-work  (a branch nobody can see cannot be closed against)
    pushed 0
      REFUSED - 48 branch(es) in /workspace/t27 hold work that is on no remote, and this tool is not authorised to push there.

--- land  (put accepted work into the branch)
    EMPTY-HANDED - 2 branch(es) are landable and none could be put in a batch - they conflict; it reported: 0 accepted branch(es) landed
      REFUSED - ALL 2 remaining branch(es) conflict. Nothing here can be landed by merging.

--- close-done  (an open accepted issue holds its boundary)
    nothing closable

--- author  (refill to the queue depth)
    REFUSED to file - nobody is draining the backlog

feed complete: push-work=ok land=empty-handed close-done=ok author=ok
  EMPTY-HANDED  land: 2 branch(es) are landable and none could be put in a batch - they conflict
      REFUSED - ALL 2 remaining branch(es) conflict. Nothing here can be landed by merging.
2026-09-15T12:51:05.685Z feed start

--- push-work  (a branch nobody can see cannot be closed against)
    pushed 0
      REFUSED - 48 branch(es) in /workspace/t27 hold work that is on no remote, and this tool is not authorised to push there.

--- land  (put accepted work into the branch)
    EMPTY-HANDED - 2 branch(es) are landable and none could be put in a batch - they conflict; it reported: 0 accepted branch(es) landed
      REFUSED - ALL 2 remaining branch(es) conflict. Nothing here can be landed by merging.

--- close-done  (an open accepted issue holds its boundary)
    nothing closable

--- author  (refill to the queue depth)
    REFUSED to file - nobody is draining the backlog

feed complete: push-work=ok land=empty-handed close-done=ok author=ok
  EMPTY-HANDED  land: 2 branch(es) are landable and none could be put in a batch - they conflict
      REFUSED - ALL 2 remaining branch(es) conflict. Nothing here can be landed by merging.
2026-09-15T12:58:28.707Z feed start
the loop lock is held by heal (0 min) - standing down; it feeds too
2026-09-15T13:03:28.989Z feed start
the loop lock is held by heal (5 min) - standing down; it feeds too
2026-09-15T13:08:29.291Z feed start

--- push-work  (a branch nobody can see cannot be closed against)
    pushed 0
      REFUSED - 48 branch(es) in /workspace/t27 hold work that is on no remote, and this tool is not authorised to push there.

--- land  (put accepted work into the branch)
    EMPTY-HANDED - 2 branch(es) are landable and none could be put in a batch - they conflict; it reported: 0 accepted branch(es) landed
      REFUSED - ALL 2 remaining branch(es) conflict. Nothing here can be landed by merging.

--- close-done  (an open accepted issue holds its boundary)
    nothing closable

--- author  (refill to the queue depth)
    REFUSED to file - nobody is draining the backlog

feed complete: push-work=ok land=empty-handed close-done=ok author=ok
  EMPTY-HANDED  land: 2 branch(es) are landable and none could be put in a batch - they conflict
      REFUSED - ALL 2 remaining branch(es) conflict. Nothing here can be landed by merging.
2026-09-15T13:15:56.846Z feed start

--- push-work  (a branch nobody can see cannot be closed against)
    pushed 0
      REFUSED - 48 branch(es) in /workspace/t27 hold work that is on no remote, and this tool is not authorised to push there.

--- land  (put accepted work into the branch)
    EMPTY-HANDED - 2 branch(es) are landable and none could be put in a batch - they conflict; it reported: 0 accepted branch(es) landed
      REFUSED - ALL 2 remaining branch(es) conflict. Nothing here can be landed by merging.

--- close-done  (an open accepted issue holds its boundary)
    nothing closable

--- author  (refill to the queue depth)
    REFUSED to file - nobody is draining the backlog

feed complete: push-work=ok land=empty-handed close-done=ok author=ok
  EMPTY-HANDED  land: 2 branch(es) are landable and none could be put in a batch - they conflict
      REFUSED - ALL 2 remaining branch(es) conflict. Nothing here can be landed by merging.
2026-09-15T13:23:14.793Z feed start

--- push-work  (a branch nobody can see cannot be closed against)
    pushed 0
      REFUSED - 48 branch(es) in /workspace/t27 hold work that is on no remote, and this tool is not authorised to push there.

--- land  (put accepted work into the branch)
    EMPTY-HANDED - 2 branch(es) are landable and none could be put in a batch - they conflict; it reported: 0 accepted branch(es) landed
      REFUSED - ALL 2 remaining branch(es) conflict. Nothing here can be landed by merging.

--- close-done  (an open accepted issue holds its boundary)
    nothing closable

--- author  (refill to the queue depth)
    REFUSED to file - nobody is draining the backlog

feed complete: push-work=ok land=empty-handed close-done=ok author=ok
  EMPTY-HANDED  land: 2 branch(es) are landable and none could be put in a batch - they conflict
      REFUSED - ALL 2 remaining branch(es) conflict. Nothing here can be landed by merging.
2026-09-15T13:30:34.868Z feed start

--- push-work  (a branch nobody can see cannot be closed against)
    pushed 0
      REFUSED - 48 branch(es) in /workspace/t27 hold work that is on no remote, and this tool is not authorised to push there.

--- land  (put accepted work into the branch)
    EMPTY-HANDED - 2 branch(es) are landable and none could be put in a batch - they conflict; it reported: 0 accepted branch(es) landed
      REFUSED - ALL 2 remaining branch(es) conflict. Nothing here can be landed by merging.

--- close-done  (an open accepted issue holds its boundary)
    nothing closable

--- author  (refill to the queue depth)
    REFUSED to file - nobody is draining the backlog

feed complete: push-work=ok land=empty-handed close-done=ok author=ok
  EMPTY-HANDED  land: 2 branch(es) are landable and none could be put in a batch - they conflict
      REFUSED - ALL 2 remaining branch(es) conflict. Nothing here can be landed by merging.
2026-09-15T13:38:19.565Z feed start
the loop lock is held by heal (5 min) - standing down; it feeds too
2026-09-15T13:43:19.771Z feed start

--- push-work  (a branch nobody can see cannot be closed against)
    pushed 0
      REFUSED - 48 branch(es) in /workspace/t27 hold work that is on no remote, and this tool is not authorised to push there.

--- land  (put accepted work into the branch)
    EMPTY-HANDED - 2 branch(es) are landable and none could be put in a batch - they conflict; it reported: 0 accepted branch(es) landed
      REFUSED - ALL 2 remaining branch(es) conflict. Nothing here can be landed by merging.

--- close-done  (an open accepted issue holds its boundary)
    nothing closable

--- author  (refill to the queue depth)
    REFUSED to file - nobody is draining the backlog

feed complete: push-work=ok land=empty-handed close-done=ok author=ok
  EMPTY-HANDED  land: 2 branch(es) are landable and none could be put in a batch - they conflict
      REFUSED - ALL 2 remaining branch(es) conflict. Nothing here can be landed by merging.
2026-09-15T13:51:00.474Z feed start

--- push-work  (a branch nobody can see cannot be closed against)
    pushed 0
      REFUSED - 48 branch(es) in /workspace/t27 hold work that is on no remote, and this tool is not authorised to push there.

--- land  (put accepted work into the branch)
    EMPTY-HANDED - 2 branch(es) are landable and none could be put in a batch - they conflict; it reported: 0 accepted branch(es) landed
      REFUSED - ALL 2 remaining branch(es) conflict. Nothing here can be landed by merging.

--- close-done  (an open accepted issue holds its boundary)
    nothing closable

--- author  (refill to the queue depth)
    REFUSED to file - nobody is draining the backlog

feed complete: push-work=ok land=empty-handed close-done=ok author=ok
  EMPTY-HANDED  land: 2 branch(es) are landable and none could be put in a batch - they conflict
      REFUSED - ALL 2 remaining branch(es) conflict. Nothing here can be landed by merging.
2026-09-15T13:58:41.874Z feed start
the loop lock is held by heal (3 min) - standing down; it feeds too
2026-09-15T14:03:42.153Z feed start
the loop lock is held by heal (8 min) - standing down; it feeds too
2026-09-15T14:08:43.126Z feed start

--- push-work  (a branch nobody can see cannot be closed against)
    pushed 0
      REFUSED - 35 branch(es) in /workspace/t27 hold work that is on no remote, and this tool is not authorised to push there.

--- land  (put accepted work into the branch)
    EMPTY-HANDED - 2 branch(es) are landable and none could be put in a batch - they conflict; it reported: 0 accepted branch(es) landed
      REFUSED - ALL 2 remaining branch(es) conflict. Nothing here can be landed by merging.

--- close-done  (an open accepted issue holds its boundary)
    nothing closable

--- author  (refill to the queue depth)
    REFUSED to file - nobody is draining the backlog

feed complete: push-work=ok land=empty-handed close-done=ok author=ok
  EMPTY-HANDED  land: 2 branch(es) are landable and none could be put in a batch - they conflict
      REFUSED - ALL 2 remaining branch(es) conflict. Nothing here can be landed by merging.
2026-09-15T14:16:37.095Z feed start

--- push-work  (a branch nobody can see cannot be closed against)
    pushed 0
      REFUSED - 14 branch(es) in /workspace/t27 hold work that is on no remote, and this tool is not authorised to push there.

--- land  (put accepted work into the branch)
    EMPTY-HANDED - 2 branch(es) are landable and none could be put in a batch - they conflict; it reported: 0 accepted branch(es) landed
      REFUSED - ALL 2 remaining branch(es) conflict. Nothing here can be landed by merging.

--- close-done  (an open accepted issue holds its boundary)
    nothing closable

--- author  (refill to the queue depth)
    REFUSED to file - nobody is draining the backlog

feed complete: push-work=ok land=empty-handed close-done=ok author=ok
  EMPTY-HANDED  land: 2 branch(es) are landable and none could be put in a batch - they conflict
      REFUSED - ALL 2 remaining branch(es) conflict. Nothing here can be landed by merging.
2026-09-15T14:24:32.369Z feed start
the loop lock is held by heal (5 min) - standing down; it feeds too
2026-09-15T14:29:32.885Z feed start

--- push-work  (a branch nobody can see cannot be closed against)
    pushed 0
      REFUSED - 2 branch(es) in /workspace/t27 hold work that is on no remote, and this tool is not authorised to push there.

--- land  (put accepted work into the branch)
    EMPTY-HANDED - 2 branch(es) are landable and none could be put in a batch - they conflict; it reported: 0 accepted branch(es) landed
      REFUSED - ALL 2 remaining branch(es) conflict. Nothing here can be landed by merging.

--- close-done  (an open accepted issue holds its boundary)
    nothing closable

--- author  (refill to the queue depth)
    REFUSED to file - nobody is draining the backlog

feed complete: push-work=ok land=empty-handed close-done=ok author=ok
  EMPTY-HANDED  land: 2 branch(es) are landable and none could be put in a batch - they conflict
      REFUSED - ALL 2 remaining branch(es) conflict. Nothing here can be landed by merging.
2026-09-15T14:37:25.100Z feed start

--- push-work  (a branch nobody can see cannot be closed against)
    pushed 0
      REFUSED - 2 branch(es) in /workspace/t27 hold work that is on no remote, and this tool is not authorised to push there.

--- land  (put accepted work into the branch)
    EMPTY-HANDED - 2 branch(es) are landable and none could be put in a batch - they conflict; it reported: 0 accepted branch(es) landed
      REFUSED - ALL 2 remaining branch(es) conflict. Nothing here can be landed by merging.

--- close-done  (an open accepted issue holds its boundary)
    nothing closable

--- author  (refill to the queue depth)
    REFUSED to file - nobody is draining the backlog

feed complete: push-work=ok land=empty-handed close-done=ok author=ok
  EMPTY-HANDED  land: 2 branch(es) are landable and none could be put in a batch - they conflict
      REFUSED - ALL 2 remaining branch(es) conflict. Nothing here can be landed by merging.
2026-09-15T14:46:06.100Z feed start
the loop lock is held by heal (1 min) - standing down; it feeds too
2026-09-15T14:51:06.618Z feed start
the loop lock is held by heal (6 min) - standing down; it feeds too
2026-09-15T14:56:09.105Z feed start

--- push-work  (a branch nobody can see cannot be closed against)
    pushed 0
      REFUSED - 2 branch(es) in /workspace/t27 hold work that is on no remote, and this tool is not authorised to push there.

--- land  (put accepted work into the branch)
    EMPTY-HANDED - 2 branch(es) are landable and none could be put in a batch - they conflict; it reported: 0 accepted branch(es) landed
      REFUSED - ALL 2 remaining branch(es) conflict. Nothing here can be landed by merging.

--- close-done  (an open accepted issue holds its boundary)
    nothing closable

--- author  (refill to the queue depth)
    REFUSED to file - nobody is draining the backlog

feed complete: push-work=ok land=empty-handed close-done=ok author=ok
  EMPTY-HANDED  land: 2 branch(es) are landable and none could be put in a batch - they conflict
      REFUSED - ALL 2 remaining branch(es) conflict. Nothing here can be landed by merging.
2026-09-15T15:05:32.914Z feed start

--- push-work  (a branch nobody can see cannot be closed against)
    pushed 0
      REFUSED - 2 branch(es) in /workspace/t27 hold work that is on no remote, and this tool is not authorised to push there.

--- land  (put accepted work into the branch)
    EMPTY-HANDED - 2 branch(es) are landable and none could be put in a batch - they conflict; it reported: 0 accepted branch(es) landed
      REFUSED - ALL 2 remaining branch(es) conflict. Nothing here can be landed by merging.

--- close-done  (an open accepted issue holds its boundary)
    nothing closable

--- author  (refill to the queue depth)
    REFUSED to file - nobody is draining the backlog

feed complete: push-work=ok land=empty-handed close-done=ok author=ok
  EMPTY-HANDED  land: 2 branch(es) are landable and none could be put in a batch - they conflict
      REFUSED - ALL 2 remaining branch(es) conflict. Nothing here can be landed by merging.
2026-09-15T15:13:38.966Z feed start
the loop lock is held by heal (5 min) - standing down; it feeds too
2026-09-15T15:18:42.400Z feed start

--- push-work  (a branch nobody can see cannot be closed against)
    pushed 0
      REFUSED - 2 branch(es) in /workspace/t27 hold work that is on no remote, and this tool is not authorised to push there.

--- land  (put accepted work into the branch)
    EMPTY-HANDED - 2 branch(es) are landable and none could be put in a batch - they conflict; it reported: 0 accepted branch(es) landed
      REFUSED - ALL 2 remaining branch(es) conflict. Nothing here can be landed by merging.

--- close-done  (an open accepted issue holds its boundary)
    nothing closable

--- author  (refill to the queue depth)
    REFUSED to file - nobody is draining the backlog

feed complete: push-work=ok land=empty-handed close-done=ok author=ok
  EMPTY-HANDED  land: 2 branch(es) are landable and none could be put in a batch - they conflict
      REFUSED - ALL 2 remaining branch(es) conflict. Nothing here can be landed by merging.
2026-09-15T15:26:51.288Z feed start

--- push-work  (a branch nobody can see cannot be closed against)
    pushed 0
      REFUSED - 2 branch(es) in /workspace/t27 hold work that is on no remote, and this tool is not authorised to push there.

--- land  (put accepted work into the branch)
    EMPTY-HANDED - 2 branch(es) are landable and none could be put in a batch - they conflict; it reported: 0 accepted branch(es) landed
      REFUSED - ALL 2 remaining branch(es) conflict. Nothing here can be landed by merging.

--- close-done  (an open accepted issue holds its boundary)
    nothing closable

--- author  (refill to the queue depth)
    REFUSED to file - nobody is draining the backlog

feed complete: push-work=ok land=empty-handed close-done=ok author=ok
  EMPTY-HANDED  land: 2 branch(es) are landable and none could be put in a batch - they conflict
      REFUSED - ALL 2 remaining branch(es) conflict. Nothing here can be landed by merging.
2026-09-15T15:36:13.330Z feed start
the loop lock is held by heal (3 min) - standing down; it feeds too
2026-09-15T15:41:13.593Z feed start

--- push-work  (a branch nobody can see cannot be closed against)
    pushed 0
      REFUSED - 2 branch(es) in /workspace/t27 hold work that is on no remote, and this tool is not authorised to push there.

--- land  (put accepted work into the branch)
    EMPTY-HANDED - 2 branch(es) are landable and none could be put in a batch - they conflict; it reported: 0 accepted branch(es) landed
      REFUSED - ALL 2 remaining branch(es) conflict. Nothing here can be landed by merging.

--- close-done  (an open accepted issue holds its boundary)
    nothing closable

--- author  (refill to the queue depth)
    REFUSED to file - nobody is draining the backlog

feed complete: push-work=ok land=empty-handed close-done=ok author=ok
  EMPTY-HANDED  land: 2 branch(es) are landable and none could be put in a batch - they conflict
      REFUSED - ALL 2 remaining branch(es) conflict. Nothing here can be landed by merging.
2026-09-15T16:04:27.433Z feed start

--- push-work  (a branch nobody can see cannot be closed against)
    pushed 0
      REFUSED - 2 branch(es) in /workspace/t27 hold work that is on no remote, and this tool is not authorised to push there.

--- land  (put accepted work into the branch)
    timed out part-way - what it did before that stands: 183 unmerged queen branch(es): 2 whose issue is closed, 181 held

--- close-done  (an open accepted issue holds its boundary)
    SKIPPED - past the 8 minute deadline

--- author  (refill to the queue depth)
    SKIPPED - past the 8 minute deadline

feed complete: push-work=ok land=timed out close-done=skipped author=skipped
2026-09-15T16:50:10.895Z feed start
the loop lock is held by heal (5 min) - standing down; it feeds too
2026-09-15T17:25:41.841Z feed start

--- push-work  (a branch nobody can see cannot be closed against)
    pushed 0
      REFUSED - 30 branch(es) in /workspace/t27 hold work that is on no remote, and this tool is not authorised to push there.

--- land  (put accepted work into the branch)
    EMPTY-HANDED - 2 branch(es) are landable and none could be put in a batch - they conflict; it reported: 0 accepted branch(es) landed
      REFUSED - ALL 2 remaining branch(es) conflict. Nothing here can be landed by merging.

--- close-done  (an open accepted issue holds its boundary)
    nothing closable

--- author  (refill to the queue depth)
    REFUSED to file - nobody is draining the backlog

feed complete: push-work=ok land=empty-handed close-done=ok author=ok
  EMPTY-HANDED  land: 2 branch(es) are landable and none could be put in a batch - they conflict
      REFUSED - ALL 2 remaining branch(es) conflict. Nothing here can be landed by merging.
2026-09-15T17:33:00.963Z feed start
the loop lock is held by heal (1 min) - standing down; it feeds too
2026-09-15T17:38:01.273Z feed start
the loop lock is held by heal (6 min) - standing down; it feeds too
2026-09-15T17:43:01.540Z feed start

--- push-work  (a branch nobody can see cannot be closed against)
    pushed 0
      REFUSED - 43 branch(es) in /workspace/t27 hold work that is on no remote, and this tool is not authorised to push there.

--- land  (put accepted work into the branch)
    EMPTY-HANDED - 2 branch(es) are landable and none could be put in a batch - they conflict; it reported: 0 accepted branch(es) landed
      REFUSED - ALL 2 remaining branch(es) conflict. Nothing here can be landed by merging.

--- close-done  (an open accepted issue holds its boundary)
    nothing closable

--- author  (refill to the queue depth)
    REFUSED to file - nobody is draining the backlog

feed complete: push-work=ok land=empty-handed close-done=ok author=ok
  EMPTY-HANDED  land: 2 branch(es) are landable and none could be put in a batch - they conflict
      REFUSED - ALL 2 remaining branch(es) conflict. Nothing here can be landed by merging.
2026-09-15T17:53:23.682Z feed start

--- push-work  (a branch nobody can see cannot be closed against)
    pushed 0
      REFUSED - 57 branch(es) in /workspace/t27 hold work that is on no remote, and this tool is not authorised to push there.

--- land  (put accepted work into the branch)
    EMPTY-HANDED - 2 branch(es) are landable and none could be put in a batch - they conflict; it reported: 0 accepted branch(es) landed
      REFUSED - ALL 2 remaining branch(es) conflict. Nothing here can be landed by merging.

--- close-done  (an open accepted issue holds its boundary)
    nothing closable

--- author  (refill to the queue depth)
    REFUSED to file - nobody is draining the backlog

feed complete: push-work=ok land=empty-handed close-done=ok author=ok
  EMPTY-HANDED  land: 2 branch(es) are landable and none could be put in a batch - they conflict
      REFUSED - ALL 2 remaining branch(es) conflict. Nothing here can be landed by merging.
2026-09-15T18:04:27.346Z feed start

--- push-work  (a branch nobody can see cannot be closed against)
    pushed 0
      REFUSED - 66 branch(es) in /workspace/t27 hold work that is on no remote, and this tool is not authorised to push there.

--- land  (put accepted work into the branch)
    EMPTY-HANDED - 2 branch(es) are landable and none could be put in a batch - they conflict; it reported: 0 accepted branch(es) landed
      REFUSED - ALL 2 remaining branch(es) conflict. Nothing here can be landed by merging.

--- close-done  (an open accepted issue holds its boundary)
    nothing closable

--- author  (refill to the queue depth)
    REFUSED to file - nobody is draining the backlog

feed complete: push-work=ok land=empty-handed close-done=ok author=ok
  EMPTY-HANDED  land: 2 branch(es) are landable and none could be put in a batch - they conflict
      REFUSED - ALL 2 remaining branch(es) conflict. Nothing here can be landed by merging.
2026-09-15T18:16:46.465Z feed start
the loop lock is held by heal (2 min) - standing down; it feeds too
2026-09-15T18:21:47.174Z feed start
the loop lock is held by heal (7 min) - standing down; it feeds too
2026-09-15T18:26:47.646Z feed start

--- push-work  (a branch nobody can see cannot be closed against)
    pushed 0
      REFUSED - 78 branch(es) in /workspace/t27 hold work that is on no remote, and this tool is not authorised to push there.

--- land  (put accepted work into the branch)
    EMPTY-HANDED - 2 branch(es) are landable and none could be put in a batch - they conflict; it reported: 0 accepted branch(es) landed
      REFUSED - ALL 2 remaining branch(es) conflict. Nothing here can be landed by merging.

--- close-done  (an open accepted issue holds its boundary)
    nothing closable

--- author  (refill to the queue depth)
    REFUSED to file - nobody is draining the backlog

feed complete: push-work=ok land=empty-handed close-done=ok author=ok
  EMPTY-HANDED  land: 2 branch(es) are landable and none could be put in a batch - they conflict
      REFUSED - ALL 2 remaining branch(es) conflict. Nothing here can be landed by merging.
2026-09-15T18:35:28.152Z feed start

--- push-work  (a branch nobody can see cannot be closed against)
    pushed 0
      REFUSED - 86 branch(es) in /workspace/t27 hold work that is on no remote, and this tool is not authorised to push there.

--- land  (put accepted work into the branch)
    EMPTY-HANDED - 2 branch(es) are landable and none could be put in a batch - they conflict; it reported: 0 accepted branch(es) landed
      REFUSED - ALL 2 remaining branch(es) conflict. Nothing here can be landed by merging.

--- close-done  (an open accepted issue holds its boundary)
    nothing closable

--- author  (refill to the queue depth)
    REFUSED to file - nobody is draining the backlog

feed complete: push-work=ok land=empty-handed close-done=ok author=ok
  EMPTY-HANDED  land: 2 branch(es) are landable and none could be put in a batch - they conflict
      REFUSED - ALL 2 remaining branch(es) conflict. Nothing here can be landed by merging.
2026-09-15T18:42:57.933Z feed start

--- push-work  (a branch nobody can see cannot be closed against)
    pushed 0
      REFUSED - 91 branch(es) in /workspace/t27 hold work that is on no remote, and this tool is not authorised to push there.

--- land  (put accepted work into the branch)
    EMPTY-HANDED - 2 branch(es) are landable and none could be put in a batch - they conflict; it reported: 0 accepted branch(es) landed
      REFUSED - ALL 2 remaining branch(es) conflict. Nothing here can be landed by merging.

--- close-done  (an open accepted issue holds its boundary)
    nothing closable

--- author  (refill to the queue depth)
    REFUSED to file - nobody is draining the backlog

feed complete: push-work=ok land=empty-handed close-done=ok author=ok
  EMPTY-HANDED  land: 2 branch(es) are landable and none could be put in a batch - they conflict
      REFUSED - ALL 2 remaining branch(es) conflict. Nothing here can be landed by merging.
2026-09-15T18:50:10.049Z feed start
the loop lock is held by heal (3 min) - standing down; it feeds too
2026-09-15T18:55:10.316Z feed start

--- push-work  (a branch nobody can see cannot be closed against)
    pushed 0
      REFUSED - 97 branch(es) in /workspace/t27 hold work that is on no remote, and this tool is not authorised to push there.

--- land  (put accepted work into the branch)
    EMPTY-HANDED - 2 branch(es) are landable and none could be put in a batch - they conflict; it reported: 0 accepted branch(es) landed
      REFUSED - ALL 2 remaining branch(es) conflict. Nothing here can be landed by merging.

--- close-done  (an open accepted issue holds its boundary)
    nothing closable

--- author  (refill to the queue depth)
    REFUSED to file - nobody is draining the backlog

feed complete: push-work=ok land=empty-handed close-done=ok author=ok
  EMPTY-HANDED  land: 2 branch(es) are landable and none could be put in a batch - they conflict
      REFUSED - ALL 2 remaining branch(es) conflict. Nothing here can be landed by merging.
2026-09-15T19:02:29.086Z feed start

--- push-work  (a branch nobody can see cannot be closed against)
    pushed 0
      REFUSED - 100 branch(es) in /workspace/t27 hold work that is on no remote, and this tool is not authorised to push there.

--- land  (put accepted work into the branch)
    EMPTY-HANDED - 2 branch(es) are landable and none could be put in a batch - they conflict; it reported: 0 accepted branch(es) landed
      REFUSED - ALL 2 remaining branch(es) conflict. Nothing here can be landed by merging.

--- close-done  (an open accepted issue holds its boundary)
    nothing closable

--- author  (refill to the queue depth)
    REFUSED to file - nobody is draining the backlog

feed complete: push-work=ok land=empty-handed close-done=ok author=ok
  EMPTY-HANDED  land: 2 branch(es) are landable and none could be put in a batch - they conflict
      REFUSED - ALL 2 remaining branch(es) conflict. Nothing here can be landed by merging.
2026-09-15T19:09:41.374Z feed start
the loop lock is held by heal (0 min) - standing down; it feeds too
2026-09-15T19:14:41.807Z feed start
the loop lock is held by heal (5 min) - standing down; it feeds too
2026-09-15T19:19:42.027Z feed start

--- push-work  (a branch nobody can see cannot be closed against)
    pushed 0
      REFUSED - 114 branch(es) in /workspace/t27 hold work that is on no remote, and this tool is not authorised to push there.

--- land  (put accepted work into the branch)
    EMPTY-HANDED - 2 branch(es) are landable and none could be put in a batch - they conflict; it reported: 0 accepted branch(es) landed
      REFUSED - ALL 2 remaining branch(es) conflict. Nothing here can be landed by merging.

--- close-done  (an open accepted issue holds its boundary)
    nothing closable

--- author  (refill to the queue depth)
    REFUSED to file - nobody is draining the backlog

feed complete: push-work=ok land=empty-handed close-done=ok author=ok
  EMPTY-HANDED  land: 2 branch(es) are landable and none could be put in a batch - they conflict
      REFUSED - ALL 2 remaining branch(es) conflict. Nothing here can be landed by merging.
2026-09-15T19:27:05.189Z feed start

--- push-work  (a branch nobody can see cannot be closed against)
    pushed 0
      REFUSED - 120 branch(es) in /workspace/t27 hold work that is on no remote, and this tool is not authorised to push there.

--- land  (put accepted work into the branch)
    EMPTY-HANDED - 2 branch(es) are landable and none could be put in a batch - they conflict; it reported: 0 accepted branch(es) landed
      REFUSED - ALL 2 remaining branch(es) conflict. Nothing here can be landed by merging.

--- close-done  (an open accepted issue holds its boundary)
    nothing closable

--- author  (refill to the queue depth)
    REFUSED to file - nobody is draining the backlog

feed complete: push-work=ok land=empty-handed close-done=ok author=ok
  EMPTY-HANDED  land: 2 branch(es) are landable and none could be put in a batch - they conflict
      REFUSED - ALL 2 remaining branch(es) conflict. Nothing here can be landed by merging.
2026-09-15T19:34:14.649Z feed start
the loop lock is held by heal (2 min) - standing down; it feeds too
2026-09-15T19:39:14.904Z feed start
the loop lock is held by heal (7 min) - standing down; it feeds too
2026-09-15T19:44:15.158Z feed start

--- push-work  (a branch nobody can see cannot be closed against)
    pushed 0
      REFUSED - 123 branch(es) in /workspace/t27 hold work that is on no remote, and this tool is not authorised to push there.

--- land  (put accepted work into the branch)
    EMPTY-HANDED - 2 branch(es) are landable and none could be put in a batch - they conflict; it reported: 0 accepted branch(es) landed
      REFUSED - ALL 2 remaining branch(es) conflict. Nothing here can be landed by merging.

--- close-done  (an open accepted issue holds its boundary)
    nothing closable

--- author  (refill to the queue depth)
    REFUSED to file - nobody is draining the backlog

feed complete: push-work=ok land=empty-handed close-done=ok author=ok
  EMPTY-HANDED  land: 2 branch(es) are landable and none could be put in a batch - they conflict
      REFUSED - ALL 2 remaining branch(es) conflict. Nothing here can be landed by merging.
2026-09-15T19:51:21.958Z feed start

--- push-work  (a branch nobody can see cannot be closed against)
    pushed 0
      REFUSED - 125 branch(es) in /workspace/t27 hold work that is on no remote, and this tool is not authorised to push there.

--- land  (put accepted work into the branch)
    EMPTY-HANDED - 2 branch(es) are landable and none could be put in a batch - they conflict; it reported: 0 accepted branch(es) landed
      REFUSED - ALL 2 remaining branch(es) conflict. Nothing here can be landed by merging.

--- close-done  (an open accepted issue holds its boundary)
    nothing closable

--- author  (refill to the queue depth)
    REFUSED to file - nobody is draining the backlog

feed complete: push-work=ok land=empty-handed close-done=ok author=ok
  EMPTY-HANDED  land: 2 branch(es) are landable and none could be put in a batch - they conflict
      REFUSED - ALL 2 remaining branch(es) conflict. Nothing here can be landed by merging.
2026-09-15T19:58:33.329Z feed start
the loop lock is held by heal (3 min) - standing down; it feeds too
2026-09-15T20:03:33.603Z feed start
the loop lock is held by heal (8 min) - standing down; it feeds too
2026-09-15T20:08:34.039Z feed start

--- push-work  (a branch nobody can see cannot be closed against)
    pushed 0
      REFUSED - 125 branch(es) in /workspace/t27 hold work that is on no remote, and this tool is not authorised to push there.

--- land  (put accepted work into the branch)
    EMPTY-HANDED - 2 branch(es) are landable and none could be put in a batch - they conflict; it reported: 0 accepted branch(es) landed
      REFUSED - ALL 2 remaining branch(es) conflict. Nothing here can be landed by merging.

--- close-done  (an open accepted issue holds its boundary)
    nothing closable

--- author  (refill to the queue depth)
    REFUSED to file - nobody is draining the backlog

feed complete: push-work=ok land=empty-handed close-done=ok author=ok
  EMPTY-HANDED  land: 2 branch(es) are landable and none could be put in a batch - they conflict
      REFUSED - ALL 2 remaining branch(es) conflict. Nothing here can be landed by merging.
2026-09-15T20:16:42.764Z feed start

--- push-work  (a branch nobody can see cannot be closed against)
    pushed 0
      REFUSED - 125 branch(es) in /workspace/t27 hold work that is on no remote, and this tool is not authorised to push there.

--- land  (put accepted work into the branch)
    EMPTY-HANDED - 2 branch(es) are landable and none could be put in a batch - they conflict; it reported: 0 accepted branch(es) landed
      REFUSED - ALL 2 remaining branch(es) conflict. Nothing here can be landed by merging.

--- close-done  (an open accepted issue holds its boundary)
    nothing closable

--- author  (refill to the queue depth)
    REFUSED to file - nobody is draining the backlog

feed complete: push-work=ok land=empty-handed close-done=ok author=ok
  EMPTY-HANDED  land: 2 branch(es) are landable and none could be put in a batch - they conflict
      REFUSED - ALL 2 remaining branch(es) conflict. Nothing here can be landed by merging.
2026-09-15T20:24:52.691Z feed start

--- push-work  (a branch nobody can see cannot be closed against)
    pushed 0
      REFUSED - 125 branch(es) in /workspace/t27 hold work that is on no remote, and this tool is not authorised to push there.

--- land  (put accepted work into the branch)
    EMPTY-HANDED - 2 branch(es) are landable and none could be put in a batch - they conflict; it reported: 0 accepted branch(es) landed
      REFUSED - ALL 2 remaining branch(es) conflict. Nothing here can be landed by merging.

--- close-done  (an open accepted issue holds its boundary)
    nothing closable

--- author  (refill to the queue depth)
    REFUSED to file - nobody is draining the backlog

feed complete: push-work=ok land=empty-handed close-done=ok author=ok
  EMPTY-HANDED  land: 2 branch(es) are landable and none could be put in a batch - they conflict
      REFUSED - ALL 2 remaining branch(es) conflict. Nothing here can be landed by merging.
2026-09-15T20:32:09.437Z feed start
the loop lock is held by heal (3 min) - standing down; it feeds too
2026-09-15T20:37:10.105Z feed start

--- push-work  (a branch nobody can see cannot be closed against)
    pushed 0
      REFUSED - 125 branch(es) in /workspace/t27 hold work that is on no remote, and this tool is not authorised to push there.

--- land  (put accepted work into the branch)
    EMPTY-HANDED - 2 branch(es) are landable and none could be put in a batch - they conflict; it reported: 0 accepted branch(es) landed
      REFUSED - ALL 2 remaining branch(es) conflict. Nothing here can be landed by merging.

--- close-done  (an open accepted issue holds its boundary)
    nothing closable

--- author  (refill to the queue depth)
    REFUSED to file - nobody is draining the backlog

feed complete: push-work=ok land=empty-handed close-done=ok author=ok
  EMPTY-HANDED  land: 2 branch(es) are landable and none could be put in a batch - they conflict
      REFUSED - ALL 2 remaining branch(es) conflict. Nothing here can be landed by merging.
2026-09-15T20:45:11.088Z feed start

--- push-work  (a branch nobody can see cannot be closed against)
    pushed 0
      REFUSED - 125 branch(es) in /workspace/t27 hold work that is on no remote, and this tool is not authorised to push there.

--- land  (put accepted work into the branch)
    EMPTY-HANDED - 2 branch(es) are landable and none could be put in a batch - they conflict; it reported: 0 accepted branch(es) landed
      REFUSED - ALL 2 remaining branch(es) conflict. Nothing here can be landed by merging.

--- close-done  (an open accepted issue holds its boundary)
    nothing closable

--- author  (refill to the queue depth)
    REFUSED to file - nobody is draining the backlog

feed complete: push-work=ok land=empty-handed close-done=ok author=ok
  EMPTY-HANDED  land: 2 branch(es) are landable and none could be put in a batch - they conflict
      REFUSED - ALL 2 remaining branch(es) conflict. Nothing here can be landed by merging.
2026-09-15T20:52:40.025Z feed start
the loop lock is held by heal (1 min) - standing down; it feeds too
2026-09-15T20:57:40.282Z feed start
the loop lock is held by heal (6 min) - standing down; it feeds too
2026-09-15T21:02:40.524Z feed start

--- push-work  (a branch nobody can see cannot be closed against)
    pushed 0
      REFUSED - 125 branch(es) in /workspace/t27 hold work that is on no remote, and this tool is not authorised to push there.

--- land  (put accepted work into the branch)
    EMPTY-HANDED - 2 branch(es) are landable and none could be put in a batch - they conflict; it reported: 0 accepted branch(es) landed
      REFUSED - ALL 2 remaining branch(es) conflict. Nothing here can be landed by merging.

--- close-done  (an open accepted issue holds its boundary)
    nothing closable

--- author  (refill to the queue depth)
    REFUSED to file - nobody is draining the backlog

feed complete: push-work=ok land=empty-handed close-done=ok author=ok
  EMPTY-HANDED  land: 2 branch(es) are landable and none could be put in a batch - they conflict
      REFUSED - ALL 2 remaining branch(es) conflict. Nothing here can be landed by merging.
2026-09-15T21:10:08.343Z feed start

--- push-work  (a branch nobody can see cannot be closed against)
    pushed 0
      REFUSED - 125 branch(es) in /workspace/t27 hold work that is on no remote, and this tool is not authorised to push there.

--- land  (put accepted work into the branch)
    EMPTY-HANDED - 2 branch(es) are landable and none could be put in a batch - they conflict; it reported: 0 accepted branch(es) landed
      REFUSED - ALL 2 remaining branch(es) conflict. Nothing here can be landed by merging.

--- close-done  (an open accepted issue holds its boundary)
    nothing closable

--- author  (refill to the queue depth)
    REFUSED to file - nobody is draining the backlog

feed complete: push-work=ok land=empty-handed close-done=ok author=ok
  EMPTY-HANDED  land: 2 branch(es) are landable and none could be put in a batch - they conflict
      REFUSED - ALL 2 remaining branch(es) conflict. Nothing here can be landed by merging.
2026-09-15T21:18:04.222Z feed start
the loop lock is held by heal (3 min) - standing down; it feeds too
2026-09-15T21:23:04.483Z feed start

--- push-work  (a branch nobody can see cannot be closed against)
    pushed 0
      REFUSED - 125 branch(es) in /workspace/t27 hold work that is on no remote, and this tool is not authorised to push there.

--- land  (put accepted work into the branch)
    EMPTY-HANDED - 2 branch(es) are landable and none could be put in a batch - they conflict; it reported: 0 accepted branch(es) landed
      REFUSED - ALL 2 remaining branch(es) conflict. Nothing here can be landed by merging.

--- close-done  (an open accepted issue holds its boundary)
    nothing closable

--- author  (refill to the queue depth)
    REFUSED to file - nobody is draining the backlog

feed complete: push-work=ok land=empty-handed close-done=ok author=ok
  EMPTY-HANDED  land: 2 branch(es) are landable and none could be put in a batch - they conflict
      REFUSED - ALL 2 remaining branch(es) conflict. Nothing here can be landed by merging.
2026-09-15T21:30:14.161Z feed start

--- push-work  (a branch nobody can see cannot be closed against)
    pushed 0
      REFUSED - 125 branch(es) in /workspace/t27 hold work that is on no remote, and this tool is not authorised to push there.

--- land  (put accepted work into the branch)
    EMPTY-HANDED - 2 branch(es) are landable and none could be put in a batch - they conflict; it reported: 0 accepted branch(es) landed
      REFUSED - ALL 2 remaining branch(es) conflict. Nothing here can be landed by merging.

--- close-done  (an open accepted issue holds its boundary)
    nothing closable

--- author  (refill to the queue depth)
    REFUSED to file - nobody is draining the backlog

feed complete: push-work=ok land=empty-handed close-done=ok author=ok
  EMPTY-HANDED  land: 2 branch(es) are landable and none could be put in a batch - they conflict
      REFUSED - ALL 2 remaining branch(es) conflict. Nothing here can be landed by merging.
2026-09-15T21:37:24.251Z feed start

--- push-work  (a branch nobody can see cannot be closed against)
    pushed 0
      REFUSED - 125 branch(es) in /workspace/t27 hold work that is on no remote, and this tool is not authorised to push there.

--- land  (put accepted work into the branch)
    EMPTY-HANDED - 2 branch(es) are landable and none could be put in a batch - they conflict; it reported: 0 accepted branch(es) landed
      REFUSED - ALL 2 remaining branch(es) conflict. Nothing here can be landed by merging.

--- close-done  (an open accepted issue holds its boundary)
    nothing closable

--- author  (refill to the queue depth)
    REFUSED to file - nobody is draining the backlog

feed complete: push-work=ok land=empty-handed close-done=ok author=ok
  EMPTY-HANDED  land: 2 branch(es) are landable and none could be put in a batch - they conflict
      REFUSED - ALL 2 remaining branch(es) conflict. Nothing here can be landed by merging.
2026-09-15T21:44:34.441Z feed start

--- push-work  (a branch nobody can see cannot be closed against)
    pushed 0
      REFUSED - 125 branch(es) in /workspace/t27 hold work that is on no remote, and this tool is not authorised to push there.

--- land  (put accepted work into the branch)
    EMPTY-HANDED - 2 branch(es) are landable and none could be put in a batch - they conflict; it reported: 0 accepted branch(es) landed
      REFUSED - ALL 2 remaining branch(es) conflict. Nothing here can be landed by merging.

--- close-done  (an open accepted issue holds its boundary)
    nothing closable

--- author  (refill to the queue depth)
    REFUSED to file - nobody is draining the backlog

feed complete: push-work=ok land=empty-handed close-done=ok author=ok
  EMPTY-HANDED  land: 2 branch(es) are landable and none could be put in a batch - they conflict
      REFUSED - ALL 2 remaining branch(es) conflict. Nothing here can be landed by merging.
2026-09-15T21:51:42.664Z feed start
the loop lock is held by heal (4 min) - standing down; it feeds too
2026-09-15T21:56:42.923Z feed start

--- push-work  (a branch nobody can see cannot be closed against)
    pushed 0
      REFUSED - 125 branch(es) in /workspace/t27 hold work that is on no remote, and this tool is not authorised to push there.

--- land  (put accepted work into the branch)
    EMPTY-HANDED - 2 branch(es) are landable and none could be put in a batch - they conflict; it reported: 0 accepted branch(es) landed
      REFUSED - ALL 2 remaining branch(es) conflict. Nothing here can be landed by merging.

--- close-done  (an open accepted issue holds its boundary)
    nothing closable

--- author  (refill to the queue depth)
    REFUSED to file - nobody is draining the backlog

feed complete: push-work=ok land=empty-handed close-done=ok author=ok
  EMPTY-HANDED  land: 2 branch(es) are landable and none could be put in a batch - they conflict
      REFUSED - ALL 2 remaining branch(es) conflict. Nothing here can be landed by merging.
2026-09-15T22:03:53.659Z feed start

--- push-work  (a branch nobody can see cannot be closed against)
    pushed 0
      REFUSED - 125 branch(es) in /workspace/t27 hold work that is on no remote, and this tool is not authorised to push there.

--- land  (put accepted work into the branch)
    EMPTY-HANDED - 2 branch(es) are landable and none could be put in a batch - they conflict; it reported: 0 accepted branch(es) landed
      REFUSED - ALL 2 remaining branch(es) conflict. Nothing here can be landed by merging.

--- close-done  (an open accepted issue holds its boundary)
    nothing closable

--- author  (refill to the queue depth)
    REFUSED to file - nobody is draining the backlog

feed complete: push-work=ok land=empty-handed close-done=ok author=ok
  EMPTY-HANDED  land: 2 branch(es) are landable and none could be put in a batch - they conflict
      REFUSED - ALL 2 remaining branch(es) conflict. Nothing here can be landed by merging.
2026-09-15T22:11:02.044Z feed start
the loop lock is held by heal (1 min) - standing down; it feeds too
2026-09-15T22:16:02.280Z feed start
the loop lock is held by heal (6 min) - standing down; it feeds too
2026-09-15T22:21:02.582Z feed start

--- push-work  (a branch nobody can see cannot be closed against)
    pushed 0
      REFUSED - 125 branch(es) in /workspace/t27 hold work that is on no remote, and this tool is not authorised to push there.

--- land  (put accepted work into the branch)
    EMPTY-HANDED - 2 branch(es) are landable and none could be put in a batch - they conflict; it reported: 0 accepted branch(es) landed
      REFUSED - ALL 2 remaining branch(es) conflict. Nothing here can be landed by merging.

--- close-done  (an open accepted issue holds its boundary)
    nothing closable

--- author  (refill to the queue depth)
    REFUSED to file - nobody is draining the backlog

feed complete: push-work=ok land=empty-handed close-done=ok author=ok
  EMPTY-HANDED  land: 2 branch(es) are landable and none could be put in a batch - they conflict
      REFUSED - ALL 2 remaining branch(es) conflict. Nothing here can be landed by merging.
2026-09-15T22:28:21.018Z feed start

--- push-work  (a branch nobody can see cannot be closed against)
    pushed 0
      REFUSED - 124 branch(es) in /workspace/t27 hold work that is on no remote, and this tool is not authorised to push there.

--- land  (put accepted work into the branch)
    EMPTY-HANDED - 2 branch(es) are landable and none could be put in a batch - they conflict; it reported: 0 accepted branch(es) landed
      REFUSED - ALL 2 remaining branch(es) conflict. Nothing here can be landed by merging.

--- close-done  (an open accepted issue holds its boundary)
    nothing closable

--- author  (refill to the queue depth)
    REFUSED to file - nobody is draining the backlog

feed complete: push-work=ok land=empty-handed close-done=ok author=ok
  EMPTY-HANDED  land: 2 branch(es) are landable and none could be put in a batch - they conflict
      REFUSED - ALL 2 remaining branch(es) conflict. Nothing here can be landed by merging.
2026-09-15T22:35:34.387Z feed start
the loop lock is held by heal (3 min) - standing down; it feeds too
2026-09-15T22:40:34.607Z feed start

--- push-work  (a branch nobody can see cannot be closed against)
    pushed 0
      REFUSED - 125 branch(es) in /workspace/t27 hold work that is on no remote, and this tool is not authorised to push there.

--- land  (put accepted work into the branch)
    EMPTY-HANDED - 2 branch(es) are landable and none could be put in a batch - they conflict; it reported: 0 accepted branch(es) landed
      REFUSED - ALL 2 remaining branch(es) conflict. Nothing here can be landed by merging.

--- close-done  (an open accepted issue holds its boundary)
    nothing closable

--- author  (refill to the queue depth)
    REFUSED to file - nobody is draining the backlog

feed complete: push-work=ok land=empty-handed close-done=ok author=ok
  EMPTY-HANDED  land: 2 branch(es) are landable and none could be put in a batch - they conflict
      REFUSED - ALL 2 remaining branch(es) conflict. Nothing here can be landed by merging.
2026-09-15T22:47:47.333Z feed start

--- push-work  (a branch nobody can see cannot be closed against)
    pushed 0
      REFUSED - 125 branch(es) in /workspace/t27 hold work that is on no remote, and this tool is not authorised to push there.

--- land  (put accepted work into the branch)
    EMPTY-HANDED - 2 branch(es) are landable and none could be put in a batch - they conflict; it reported: 0 accepted branch(es) landed
      REFUSED - ALL 2 remaining branch(es) conflict. Nothing here can be landed by merging.

--- close-done  (an open accepted issue holds its boundary)
    nothing closable

--- author  (refill to the queue depth)
    REFUSED to file - nobody is draining the backlog

feed complete: push-work=ok land=empty-handed close-done=ok author=ok
  EMPTY-HANDED  land: 2 branch(es) are landable and none could be put in a batch - they conflict
      REFUSED - ALL 2 remaining branch(es) conflict. Nothing here can be landed by merging.
2026-09-15T22:54:59.128Z feed start

--- push-work  (a branch nobody can see cannot be closed against)
    pushed 0
      REFUSED - 125 branch(es) in /workspace/t27 hold work that is on no remote, and this tool is not authorised to push there.

--- land  (put accepted work into the branch)
    EMPTY-HANDED - 2 branch(es) are landable and none could be put in a batch - they conflict; it reported: 0 accepted branch(es) landed
      REFUSED - ALL 2 remaining branch(es) conflict. Nothing here can be landed by merging.

--- close-done  (an open accepted issue holds its boundary)
    nothing closable

--- author  (refill to the queue depth)
    REFUSED to file - nobody is draining the backlog

feed complete: push-work=ok land=empty-handed close-done=ok author=ok
  EMPTY-HANDED  land: 2 branch(es) are landable and none could be put in a batch - they conflict
      REFUSED - ALL 2 remaining branch(es) conflict. Nothing here can be landed by merging.
2026-09-15T23:02:15.795Z feed start

--- push-work  (a branch nobody can see cannot be closed against)
    pushed 0
      REFUSED - 126 branch(es) in /workspace/t27 hold work that is on no remote, and this tool is not authorised to push there.

--- land  (put accepted work into the branch)
    EMPTY-HANDED - 2 branch(es) are landable and none could be put in a batch - they conflict; it reported: 0 accepted branch(es) landed
      REFUSED - ALL 2 remaining branch(es) conflict. Nothing here can be landed by merging.

--- close-done  (an open accepted issue holds its boundary)
    nothing closable

--- author  (refill to the queue depth)
    REFUSED to file - nobody is draining the backlog

feed complete: push-work=ok land=empty-handed close-done=ok author=ok
  EMPTY-HANDED  land: 2 branch(es) are landable and none could be put in a batch - they conflict
      REFUSED - ALL 2 remaining branch(es) conflict. Nothing here can be landed by merging.
2026-09-15T23:09:28.777Z feed start
the loop lock is held by heal (4 min) - standing down; it feeds too
2026-09-15T23:14:29.022Z feed start

--- push-work  (a branch nobody can see cannot be closed against)
    pushed 0
      REFUSED - 127 branch(es) in /workspace/t27 hold work that is on no remote, and this tool is not authorised to push there.

--- land  (put accepted work into the branch)
    EMPTY-HANDED - 2 branch(es) are landable and none could be put in a batch - they conflict; it reported: 0 accepted branch(es) landed
      REFUSED - ALL 2 remaining branch(es) conflict. Nothing here can be landed by merging.

--- close-done  (an open accepted issue holds its boundary)
    nothing closable

--- author  (refill to the queue depth)
    REFUSED to file - nobody is draining the backlog

feed complete: push-work=ok land=empty-handed close-done=ok author=ok
  EMPTY-HANDED  land: 2 branch(es) are landable and none could be put in a batch - they conflict
      REFUSED - ALL 2 remaining branch(es) conflict. Nothing here can be landed by merging.
2026-09-15T23:21:40.692Z feed start

--- push-work  (a branch nobody can see cannot be closed against)
    pushed 0
      REFUSED - 128 branch(es) in /workspace/t27 hold work that is on no remote, and this tool is not authorised to push there.

--- land  (put accepted work into the branch)
    EMPTY-HANDED - 2 branch(es) are landable and none could be put in a batch - they conflict; it reported: 0 accepted branch(es) landed
      REFUSED - ALL 2 remaining branch(es) conflict. Nothing here can be landed by merging.

--- close-done  (an open accepted issue holds its boundary)
    nothing closable

--- author  (refill to the queue depth)
    REFUSED to file - nobody is draining the backlog

feed complete: push-work=ok land=empty-handed close-done=ok author=ok
  EMPTY-HANDED  land: 2 branch(es) are landable and none could be put in a batch - they conflict
      REFUSED - ALL 2 remaining branch(es) conflict. Nothing here can be landed by merging.
2026-09-15T23:28:52.053Z feed start
the loop lock is held by heal (2 min) - standing down; it feeds too
2026-09-15T23:33:52.315Z feed start
the loop lock is held by heal (7 min) - standing down; it feeds too
2026-09-15T23:38:52.576Z feed start

--- push-work  (a branch nobody can see cannot be closed against)
    pushed 0
      REFUSED - 133 branch(es) in /workspace/t27 hold work that is on no remote, and this tool is not authorised to push there.

--- land  (put accepted work into the branch)
    EMPTY-HANDED - 2 branch(es) are landable and none could be put in a batch - they conflict; it reported: 0 accepted branch(es) landed
      REFUSED - ALL 2 remaining branch(es) conflict. Nothing here can be landed by merging.

--- close-done  (an open accepted issue holds its boundary)
    nothing closable

--- author  (refill to the queue depth)
    REFUSED to file - nobody is draining the backlog

feed complete: push-work=ok land=empty-handed close-done=ok author=ok
  EMPTY-HANDED  land: 2 branch(es) are landable and none could be put in a batch - they conflict
      REFUSED - ALL 2 remaining branch(es) conflict. Nothing here can be landed by merging.
2026-09-15T23:46:01.066Z feed start

--- push-work  (a branch nobody can see cannot be closed against)
    pushed 0
      REFUSED - 135 branch(es) in /workspace/t27 hold work that is on no remote, and this tool is not authorised to push there.

--- land  (put accepted work into the branch)
    EMPTY-HANDED - 2 branch(es) are landable and none could be put in a batch - they conflict; it reported: 0 accepted branch(es) landed
      REFUSED - ALL 2 remaining branch(es) conflict. Nothing here can be landed by merging.

--- close-done  (an open accepted issue holds its boundary)
    nothing closable

--- author  (refill to the queue depth)
    REFUSED to file - nobody is draining the backlog

feed complete: push-work=ok land=empty-handed close-done=ok author=ok
  EMPTY-HANDED  land: 2 branch(es) are landable and none could be put in a batch - they conflict
      REFUSED - ALL 2 remaining branch(es) conflict. Nothing here can be landed by merging.
2026-09-15T23:53:10.896Z feed start
the loop lock is held by heal (3 min) - standing down; it feeds too
2026-09-15T23:58:11.111Z feed start

--- push-work  (a branch nobody can see cannot be closed against)
    pushed 0
      REFUSED - 135 branch(es) in /workspace/t27 hold work that is on no remote, and this tool is not authorised to push there.

--- land  (put accepted work into the branch)
    EMPTY-HANDED - 2 branch(es) are landable and none could be put in a batch - they conflict; it reported: 0 accepted branch(es) landed
      REFUSED - ALL 2 remaining branch(es) conflict. Nothing here can be landed by merging.

--- close-done  (an open accepted issue holds its boundary)
    nothing closable

--- author  (refill to the queue depth)
    REFUSED to file - nobody is draining the backlog

feed complete: push-work=ok land=empty-handed close-done=ok author=ok
  EMPTY-HANDED  land: 2 branch(es) are landable and none could be put in a batch - they conflict
      REFUSED - ALL 2 remaining branch(es) conflict. Nothing here can be landed by merging.
2026-09-16T00:05:22.933Z feed start

--- push-work  (a branch nobody can see cannot be closed against)
    pushed 0
      REFUSED - 135 branch(es) in /workspace/t27 hold work that is on no remote, and this tool is not authorised to push there.

--- land  (put accepted work into the branch)
    EMPTY-HANDED - 2 branch(es) are landable and none could be put in a batch - they conflict; it reported: 0 accepted branch(es) landed
      REFUSED - ALL 2 remaining branch(es) conflict. Nothing here can be landed by merging.

--- close-done  (an open accepted issue holds its boundary)
    nothing closable

--- author  (refill to the queue depth)
    REFUSED to file - nobody is draining the backlog

feed complete: push-work=ok land=empty-handed close-done=ok author=ok
  EMPTY-HANDED  land: 2 branch(es) are landable and none could be put in a batch - they conflict
      REFUSED - ALL 2 remaining branch(es) conflict. Nothing here can be landed by merging.
2026-09-16T00:12:28.409Z feed start

--- push-work  (a branch nobody can see cannot be closed against)
    pushed 0
      REFUSED - 135 branch(es) in /workspace/t27 hold work that is on no remote, and this tool is not authorised to push there.

--- land  (put accepted work into the branch)
    EMPTY-HANDED - 2 branch(es) are landable and none could be put in a batch - they conflict; it reported: 0 accepted branch(es) landed
      REFUSED - ALL 2 remaining branch(es) conflict. Nothing here can be landed by merging.

--- close-done  (an open accepted issue holds its boundary)
    nothing closable

--- author  (refill to the queue depth)
    REFUSED to file - nobody is draining the backlog

feed complete: push-work=ok land=empty-handed close-done=ok author=ok
  EMPTY-HANDED  land: 2 branch(es) are landable and none could be put in a batch - they conflict
      REFUSED - ALL 2 remaining branch(es) conflict. Nothing here can be landed by merging.
2026-09-16T00:20:02.991Z feed start

--- push-work  (a branch nobody can see cannot be closed against)
    pushed 0
      REFUSED - 137 branch(es) in /workspace/t27 hold work that is on no remote, and this tool is not authorised to push there.

--- land  (put accepted work into the branch)
    EMPTY-HANDED - 2 branch(es) are landable and none could be put in a batch - they conflict; it reported: 0 accepted branch(es) landed
      REFUSED - ALL 2 remaining branch(es) conflict. Nothing here can be landed by merging.

--- close-done  (an open accepted issue holds its boundary)
    nothing closable

--- author  (refill to the queue depth)
    REFUSED to file - nobody is draining the backlog

feed complete: push-work=ok land=empty-handed close-done=ok author=ok
  EMPTY-HANDED  land: 2 branch(es) are landable and none could be put in a batch - they conflict
      REFUSED - ALL 2 remaining branch(es) conflict. Nothing here can be landed by merging.
2026-09-16T00:27:13.998Z feed start
the loop lock is held by heal (4 min) - standing down; it feeds too
2026-09-16T00:32:14.238Z feed start

--- push-work  (a branch nobody can see cannot be closed against)
    pushed 0
      REFUSED - 135 branch(es) in /workspace/t27 hold work that is on no remote, and this tool is not authorised to push there.

--- land  (put accepted work into the branch)
    EMPTY-HANDED - 2 branch(es) are landable and none could be put in a batch - they conflict; it reported: 0 accepted branch(es) landed
      REFUSED - ALL 2 remaining branch(es) conflict. Nothing here can be landed by merging.

--- close-done  (an open accepted issue holds its boundary)
    nothing closable

--- author  (refill to the queue depth)
    REFUSED to file - nobody is draining the backlog

feed complete: push-work=ok land=empty-handed close-done=ok author=ok
  EMPTY-HANDED  land: 2 branch(es) are landable and none could be put in a batch - they conflict
      REFUSED - ALL 2 remaining branch(es) conflict. Nothing here can be landed by merging.
2026-09-16T00:39:33.169Z feed start

--- push-work  (a branch nobody can see cannot be closed against)
    pushed 0
      REFUSED - 137 branch(es) in /workspace/t27 hold work that is on no remote, and this tool is not authorised to push there.

--- land  (put accepted work into the branch)
    EMPTY-HANDED - 2 branch(es) are landable and none could be put in a batch - they conflict; it reported: 0 accepted branch(es) landed
      REFUSED - ALL 2 remaining branch(es) conflict. Nothing here can be landed by merging.

--- close-done  (an open accepted issue holds its boundary)
    nothing closable

--- author  (refill to the queue depth)
    REFUSED to file - nobody is draining the backlog

feed complete: push-work=ok land=empty-handed close-done=ok author=ok
  EMPTY-HANDED  land: 2 branch(es) are landable and none could be put in a batch - they conflict
      REFUSED - ALL 2 remaining branch(es) conflict. Nothing here can be landed by merging.
2026-09-16T00:46:43.288Z feed start
the loop lock is held by heal (1 min) - standing down; it feeds too
2026-09-16T00:51:43.590Z feed start
the loop lock is held by heal (6 min) - standing down; it feeds too
2026-09-16T00:56:43.869Z feed start

--- push-work  (a branch nobody can see cannot be closed against)
    pushed 0
      REFUSED - 139 branch(es) in /workspace/t27 hold work that is on no remote, and this tool is not authorised to push there.

--- land  (put accepted work into the branch)
    EMPTY-HANDED - 2 branch(es) are landable and none could be put in a batch - they conflict; it reported: 0 accepted branch(es) landed
      REFUSED - ALL 2 remaining branch(es) conflict. Nothing here can be landed by merging.

--- close-done  (an open accepted issue holds its boundary)
    nothing closable

--- author  (refill to the queue depth)
    REFUSED to file - nobody is draining the backlog

feed complete: push-work=ok land=empty-handed close-done=ok author=ok
  EMPTY-HANDED  land: 2 branch(es) are landable and none could be put in a batch - they conflict
      REFUSED - ALL 2 remaining branch(es) conflict. Nothing here can be landed by merging.
2026-09-16T01:03:53.427Z feed start

--- push-work  (a branch nobody can see cannot be closed against)
    pushed 0
      REFUSED - 139 branch(es) in /workspace/t27 hold work that is on no remote, and this tool is not authorised to push there.

--- land  (put accepted work into the branch)
    EMPTY-HANDED - 2 branch(es) are landable and none could be put in a batch - they conflict; it reported: 0 accepted branch(es) landed
      REFUSED - ALL 2 remaining branch(es) conflict. Nothing here can be landed by merging.

--- close-done  (an open accepted issue holds its boundary)
    nothing closable

--- author  (refill to the queue depth)
    REFUSED to file - nobody is draining the backlog

feed complete: push-work=ok land=empty-handed close-done=ok author=ok
  EMPTY-HANDED  land: 2 branch(es) are landable and none could be put in a batch - they conflict
      REFUSED - ALL 2 remaining branch(es) conflict. Nothing here can be landed by merging.
2026-09-16T01:11:06.806Z feed start
the loop lock is held by heal (3 min) - standing down; it feeds too
2026-09-16T01:16:07.145Z feed start

--- push-work  (a branch nobody can see cannot be closed against)
    pushed 0
      REFUSED - 139 branch(es) in /workspace/t27 hold work that is on no remote, and this tool is not authorised to push there.

--- land  (put accepted work into the branch)
    EMPTY-HANDED - 2 branch(es) are landable and none could be put in a batch - they conflict; it reported: 0 accepted branch(es) landed
      REFUSED - ALL 2 remaining branch(es) conflict. Nothing here can be landed by merging.

--- close-done  (an open accepted issue holds its boundary)
    nothing closable

--- author  (refill to the queue depth)
    REFUSED to file - nobody is draining the backlog

feed complete: push-work=ok land=empty-handed close-done=ok author=ok
  EMPTY-HANDED  land: 2 branch(es) are landable and none could be put in a batch - they conflict
      REFUSED - ALL 2 remaining branch(es) conflict. Nothing here can be landed by merging.
2026-09-16T01:23:20.982Z feed start

--- push-work  (a branch nobody can see cannot be closed against)
    pushed 0
      REFUSED - 139 branch(es) in /workspace/t27 hold work that is on no remote, and this tool is not authorised to push there.

--- land  (put accepted work into the branch)
    EMPTY-HANDED - 2 branch(es) are landable and none could be put in a batch - they conflict; it reported: 0 accepted branch(es) landed
      REFUSED - ALL 2 remaining branch(es) conflict. Nothing here can be landed by merging.

--- close-done  (an open accepted issue holds its boundary)
    nothing closable

--- author  (refill to the queue depth)
    REFUSED to file - nobody is draining the backlog

feed complete: push-work=ok land=empty-handed close-done=ok author=ok
  EMPTY-HANDED  land: 2 branch(es) are landable and none could be put in a batch - they conflict
      REFUSED - ALL 2 remaining branch(es) conflict. Nothing here can be landed by merging.
2026-09-16T01:30:30.901Z feed start
the loop lock is held by heal (0 min) - standing down; it feeds too
2026-09-16T01:35:31.157Z feed start
the loop lock is held by heal (5 min) - standing down; it feeds too
2026-09-16T01:40:31.406Z feed start

--- push-work  (a branch nobody can see cannot be closed against)
    pushed 0
      REFUSED - 141 branch(es) in /workspace/t27 hold work that is on no remote, and this tool is not authorised to push there.

--- land  (put accepted work into the branch)
    EMPTY-HANDED - 2 branch(es) are landable and none could be put in a batch - they conflict; it reported: 0 accepted branch(es) landed
      REFUSED - ALL 2 remaining branch(es) conflict. Nothing here can be landed by merging.

--- close-done  (an open accepted issue holds its boundary)
    nothing closable

--- author  (refill to the queue depth)
    REFUSED to file - nobody is draining the backlog

feed complete: push-work=ok land=empty-handed close-done=ok author=ok
  EMPTY-HANDED  land: 2 branch(es) are landable and none could be put in a batch - they conflict
      REFUSED - ALL 2 remaining branch(es) conflict. Nothing here can be landed by merging.
2026-09-16T01:47:38.581Z feed start

--- push-work  (a branch nobody can see cannot be closed against)
    pushed 0
      REFUSED - 140 branch(es) in /workspace/t27 hold work that is on no remote, and this tool is not authorised to push there.

--- land  (put accepted work into the branch)
    EMPTY-HANDED - 2 branch(es) are landable and none could be put in a batch - they conflict; it reported: 0 accepted branch(es) landed
      REFUSED - ALL 2 remaining branch(es) conflict. Nothing here can be landed by merging.

--- close-done  (an open accepted issue holds its boundary)
    nothing closable

--- author  (refill to the queue depth)
    REFUSED to file - nobody is draining the backlog

feed complete: push-work=ok land=empty-handed close-done=ok author=ok
  EMPTY-HANDED  land: 2 branch(es) are landable and none could be put in a batch - they conflict
      REFUSED - ALL 2 remaining branch(es) conflict. Nothing here can be landed by merging.
2026-09-16T01:54:46.706Z feed start
the loop lock is held by heal (1 min) - standing down; it feeds too
2026-09-16T01:59:46.966Z feed start
the loop lock is held by heal (6 min) - standing down; it feeds too
2026-09-16T02:04:47.211Z feed start

--- push-work  (a branch nobody can see cannot be closed against)
    pushed 0
      REFUSED - 140 branch(es) in /workspace/t27 hold work that is on no remote, and this tool is not authorised to push there.

--- land  (put accepted work into the branch)
    EMPTY-HANDED - 2 branch(es) are landable and none could be put in a batch - they conflict; it reported: 0 accepted branch(es) landed
      REFUSED - ALL 2 remaining branch(es) conflict. Nothing here can be landed by merging.

--- close-done  (an open accepted issue holds its boundary)
    nothing closable

--- author  (refill to the queue depth)
    REFUSED to file - nobody is draining the backlog

feed complete: push-work=ok land=empty-handed close-done=ok author=ok
  EMPTY-HANDED  land: 2 branch(es) are landable and none could be put in a batch - they conflict
      REFUSED - ALL 2 remaining branch(es) conflict. Nothing here can be landed by merging.
2026-09-16T02:12:01.307Z feed start

--- push-work  (a branch nobody can see cannot be closed against)
    pushed 0
      REFUSED - 140 branch(es) in /workspace/t27 hold work that is on no remote, and this tool is not authorised to push there.

--- land  (put accepted work into the branch)
    EMPTY-HANDED - 2 branch(es) are landable and none could be put in a batch - they conflict; it reported: 0 accepted branch(es) landed
      REFUSED - ALL 2 remaining branch(es) conflict. Nothing here can be landed by merging.

--- close-done  (an open accepted issue holds its boundary)
    nothing closable

--- author  (refill to the queue depth)
    REFUSED to file - nobody is draining the backlog

feed complete: push-work=ok land=empty-handed close-done=ok author=ok
  EMPTY-HANDED  land: 2 branch(es) are landable and none could be put in a batch - they conflict
      REFUSED - ALL 2 remaining branch(es) conflict. Nothing here can be landed by merging.
2026-09-16T02:19:12.118Z feed start
the loop lock is held by heal (3 min) - standing down; it feeds too
2026-09-16T02:24:12.353Z feed start

--- push-work  (a branch nobody can see cannot be closed against)
    pushed 0
      REFUSED - 140 branch(es) in /workspace/t27 hold work that is on no remote, and this tool is not authorised to push there.

--- land  (put accepted work into the branch)
    EMPTY-HANDED - 2 branch(es) are landable and none could be put in a batch - they conflict; it reported: 0 accepted branch(es) landed
      REFUSED - ALL 2 remaining branch(es) conflict. Nothing here can be landed by merging.

--- close-done  (an open accepted issue holds its boundary)
    nothing closable

--- author  (refill to the queue depth)
    REFUSED to file - nobody is draining the backlog

feed complete: push-work=ok land=empty-handed close-done=ok author=ok
  EMPTY-HANDED  land: 2 branch(es) are landable and none could be put in a batch - they conflict
      REFUSED - ALL 2 remaining branch(es) conflict. Nothing here can be landed by merging.
2026-09-16T02:31:23.937Z feed start

--- push-work  (a branch nobody can see cannot be closed against)
    pushed 0
      REFUSED - 140 branch(es) in /workspace/t27 hold work that is on no remote, and this tool is not authorised to push there.

--- land  (put accepted work into the branch)
    EMPTY-HANDED - 2 branch(es) are landable and none could be put in a batch - they conflict; it reported: 0 accepted branch(es) landed
      REFUSED - ALL 2 remaining branch(es) conflict. Nothing here can be landed by merging.

--- close-done  (an open accepted issue holds its boundary)
    nothing closable

--- author  (refill to the queue depth)
    REFUSED to file - nobody is draining the backlog

feed complete: push-work=ok land=empty-handed close-done=ok author=ok
  EMPTY-HANDED  land: 2 branch(es) are landable and none could be put in a batch - they conflict
      REFUSED - ALL 2 remaining branch(es) conflict. Nothing here can be landed by merging.
2026-09-16T02:38:38.686Z feed start
the loop lock is held by heal (0 min) - standing down; it feeds too
2026-09-16T02:43:38.957Z feed start
the loop lock is held by heal (5 min) - standing down; it feeds too
2026-09-16T02:48:39.270Z feed start

--- push-work  (a branch nobody can see cannot be closed against)
    pushed 0
      REFUSED - 140 branch(es) in /workspace/t27 hold work that is on no remote, and this tool is not authorised to push there.

--- land  (put accepted work into the branch)
    EMPTY-HANDED - 2 branch(es) are landable and none could be put in a batch - they conflict; it reported: 0 accepted branch(es) landed
      REFUSED - ALL 2 remaining branch(es) conflict. Nothing here can be landed by merging.

--- close-done  (an open accepted issue holds its boundary)
    nothing closable

--- author  (refill to the queue depth)
    REFUSED to file - nobody is draining the backlog

feed complete: push-work=ok land=empty-handed close-done=ok author=ok
  EMPTY-HANDED  land: 2 branch(es) are landable and none could be put in a batch - they conflict
      REFUSED - ALL 2 remaining branch(es) conflict. Nothing here can be landed by merging.
2026-09-16T02:55:55.591Z feed start

--- push-work  (a branch nobody can see cannot be closed against)
    pushed 0
      REFUSED - 140 branch(es) in /workspace/t27 hold work that is on no remote, and this tool is not authorised to push there.

--- land  (put accepted work into the branch)
    EMPTY-HANDED - 2 branch(es) are landable and none could be put in a batch - they conflict; it reported: 0 accepted branch(es) landed
      REFUSED - ALL 2 remaining branch(es) conflict. Nothing here can be landed by merging.

--- close-done  (an open accepted issue holds its boundary)
    nothing closable

--- author  (refill to the queue depth)
    REFUSED to file - nobody is draining the backlog

feed complete: push-work=ok land=empty-handed close-done=ok author=ok
  EMPTY-HANDED  land: 2 branch(es) are landable and none could be put in a batch - they conflict
      REFUSED - ALL 2 remaining branch(es) conflict. Nothing here can be landed by merging.
2026-09-16T03:03:06.547Z feed start
the loop lock is held by heal (2 min) - standing down; it feeds too
2026-09-16T03:08:06.824Z feed start
the loop lock is held by heal (7 min) - standing down; it feeds too
2026-09-16T03:13:07.078Z feed start

--- push-work  (a branch nobody can see cannot be closed against)
    pushed 0
      REFUSED - 140 branch(es) in /workspace/t27 hold work that is on no remote, and this tool is not authorised to push there.

--- land  (put accepted work into the branch)
    EMPTY-HANDED - 2 branch(es) are landable and none could be put in a batch - they conflict; it reported: 0 accepted branch(es) landed
      REFUSED - ALL 2 remaining branch(es) conflict. Nothing here can be landed by merging.

--- close-done  (an open accepted issue holds its boundary)
    nothing closable

--- author  (refill to the queue depth)
    REFUSED to file - nobody is draining the backlog

feed complete: push-work=ok land=empty-handed close-done=ok author=ok
  EMPTY-HANDED  land: 2 branch(es) are landable and none could be put in a batch - they conflict
      REFUSED - ALL 2 remaining branch(es) conflict. Nothing here can be landed by merging.
2026-09-16T03:20:17.841Z feed start

--- push-work  (a branch nobody can see cannot be closed against)
    pushed 0
      REFUSED - 140 branch(es) in /workspace/t27 hold work that is on no remote, and this tool is not authorised to push there.

--- land  (put accepted work into the branch)
    EMPTY-HANDED - 2 branch(es) are landable and none could be put in a batch - they conflict; it reported: 0 accepted branch(es) landed
      REFUSED - ALL 2 remaining branch(es) conflict. Nothing here can be landed by merging.

--- close-done  (an open accepted issue holds its boundary)
    nothing closable

--- author  (refill to the queue depth)
    REFUSED to file - nobody is draining the backlog

feed complete: push-work=ok land=empty-handed close-done=ok author=ok
  EMPTY-HANDED  land: 2 branch(es) are landable and none could be put in a batch - they conflict
      REFUSED - ALL 2 remaining branch(es) conflict. Nothing here can be landed by merging.
2026-09-16T03:27:26.430Z feed start
the loop lock is held by heal (4 min) - standing down; it feeds too
2026-09-16T03:32:26.813Z feed start

--- push-work  (a branch nobody can see cannot be closed against)
    pushed 0
      REFUSED - 140 branch(es) in /workspace/t27 hold work that is on no remote, and this tool is not authorised to push there.

--- land  (put accepted work into the branch)
    EMPTY-HANDED - 2 branch(es) are landable and none could be put in a batch - they conflict; it reported: 0 accepted branch(es) landed
      REFUSED - ALL 2 remaining branch(es) conflict. Nothing here can be landed by merging.

--- close-done  (an open accepted issue holds its boundary)
    nothing closable

--- author  (refill to the queue depth)
    REFUSED to file - nobody is draining the backlog

feed complete: push-work=ok land=empty-handed close-done=ok author=ok
  EMPTY-HANDED  land: 2 branch(es) are landable and none could be put in a batch - they conflict
      REFUSED - ALL 2 remaining branch(es) conflict. Nothing here can be landed by merging.
2026-09-16T03:39:36.949Z feed start

--- push-work  (a branch nobody can see cannot be closed against)
    pushed 0
      REFUSED - 141 branch(es) in /workspace/t27 hold work that is on no remote, and this tool is not authorised to push there.

--- land  (put accepted work into the branch)
    EMPTY-HANDED - 2 branch(es) are landable and none could be put in a batch - they conflict; it reported: 0 accepted branch(es) landed
      REFUSED - ALL 2 remaining branch(es) conflict. Nothing here can be landed by merging.

--- close-done  (an open accepted issue holds its boundary)
    nothing closable

--- author  (refill to the queue depth)
    REFUSED to file - nobody is draining the backlog

feed complete: push-work=ok land=empty-handed close-done=ok author=ok
  EMPTY-HANDED  land: 2 branch(es) are landable and none could be put in a batch - they conflict
      REFUSED - ALL 2 remaining branch(es) conflict. Nothing here can be landed by merging.
2026-09-16T03:46:47.802Z feed start
the loop lock is held by heal (1 min) - standing down; it feeds too
2026-09-16T03:51:48.053Z feed start
the loop lock is held by heal (6 min) - standing down; it feeds too
2026-09-16T03:56:48.324Z feed start

--- push-work  (a branch nobody can see cannot be closed against)
    pushed 0
      REFUSED - 141 branch(es) in /workspace/t27 hold work that is on no remote, and this tool is not authorised to push there.

--- land  (put accepted work into the branch)
    EMPTY-HANDED - 2 branch(es) are landable and none could be put in a batch - they conflict; it reported: 0 accepted branch(es) landed
      REFUSED - ALL 2 remaining branch(es) conflict. Nothing here can be landed by merging.

--- close-done  (an open accepted issue holds its boundary)
    nothing closable

--- author  (refill to the queue depth)
    REFUSED to file - nobody is draining the backlog

feed complete: push-work=ok land=empty-handed close-done=ok author=ok
  EMPTY-HANDED  land: 2 branch(es) are landable and none could be put in a batch - they conflict
      REFUSED - ALL 2 remaining branch(es) conflict. Nothing here can be landed by merging.
2026-09-16T04:03:59.755Z feed start

--- push-work  (a branch nobody can see cannot be closed against)
    pushed 0
      REFUSED - 141 branch(es) in /workspace/t27 hold work that is on no remote, and this tool is not authorised to push there.

--- land  (put accepted work into the branch)
    EMPTY-HANDED - 2 branch(es) are landable and none could be put in a batch - they conflict; it reported: 0 accepted branch(es) landed
      REFUSED - ALL 2 remaining branch(es) conflict. Nothing here can be landed by merging.

--- close-done  (an open accepted issue holds its boundary)
    nothing closable

--- author  (refill to the queue depth)
    REFUSED to file - nobody is draining the backlog

feed complete: push-work=ok land=empty-handed close-done=ok author=ok
  EMPTY-HANDED  land: 2 branch(es) are landable and none could be put in a batch - they conflict
      REFUSED - ALL 2 remaining branch(es) conflict. Nothing here can be landed by merging.
2026-09-16T04:11:11.405Z feed start
the loop lock is held by heal (3 min) - standing down; it feeds too
2026-09-16T04:16:11.698Z feed start
the loop lock is held by heal (8 min) - standing down; it feeds too
2026-09-16T04:21:12.178Z feed start

--- push-work  (a branch nobody can see cannot be closed against)
    pushed 0
      REFUSED - 141 branch(es) in /workspace/t27 hold work that is on no remote, and this tool is not authorised to push there.

--- land  (put accepted work into the branch)
    EMPTY-HANDED - 2 branch(es) are landable and none could be put in a batch - they conflict; it reported: 0 accepted branch(es) landed
      REFUSED - ALL 2 remaining branch(es) conflict. Nothing here can be landed by merging.

--- close-done  (an open accepted issue holds its boundary)
    nothing closable

--- author  (refill to the queue depth)
    REFUSED to file - nobody is draining the backlog

feed complete: push-work=ok land=empty-handed close-done=ok author=ok
  EMPTY-HANDED  land: 2 branch(es) are landable and none could be put in a batch - they conflict
      REFUSED - ALL 2 remaining branch(es) conflict. Nothing here can be landed by merging.
2026-09-16T04:28:24.572Z feed start

--- push-work  (a branch nobody can see cannot be closed against)
    pushed 0
      REFUSED - 141 branch(es) in /workspace/t27 hold work that is on no remote, and this tool is not authorised to push there.

--- land  (put accepted work into the branch)
    EMPTY-HANDED - 2 branch(es) are landable and none could be put in a batch - they conflict; it reported: 0 accepted branch(es) landed
      REFUSED - ALL 2 remaining branch(es) conflict. Nothing here can be landed by merging.

--- close-done  (an open accepted issue holds its boundary)
    nothing closable

--- author  (refill to the queue depth)
    REFUSED to file - nobody is draining the backlog

feed complete: push-work=ok land=empty-handed close-done=ok author=ok
  EMPTY-HANDED  land: 2 branch(es) are landable and none could be put in a batch - they conflict
      REFUSED - ALL 2 remaining branch(es) conflict. Nothing here can be landed by merging.
2026-09-16T04:35:38.960Z feed start
the loop lock is held by heal (5 min) - standing down; it feeds too
2026-09-16T04:40:39.334Z feed start

--- push-work  (a branch nobody can see cannot be closed against)
    pushed 0
      REFUSED - 141 branch(es) in /workspace/t27 hold work that is on no remote, and this tool is not authorised to push there.

--- land  (put accepted work into the branch)
    EMPTY-HANDED - 2 branch(es) are landable and none could be put in a batch - they conflict; it reported: 0 accepted branch(es) landed
      REFUSED - ALL 2 remaining branch(es) conflict. Nothing here can be landed by merging.

--- close-done  (an open accepted issue holds its boundary)
    nothing closable

--- author  (refill to the queue depth)
    REFUSED to file - nobody is draining the backlog

feed complete: push-work=ok land=empty-handed close-done=ok author=ok
  EMPTY-HANDED  land: 2 branch(es) are landable and none could be put in a batch - they conflict
      REFUSED - ALL 2 remaining branch(es) conflict. Nothing here can be landed by merging.
2026-09-16T04:47:53.416Z feed start

--- push-work  (a branch nobody can see cannot be closed against)
    pushed 0
      REFUSED - 141 branch(es) in /workspace/t27 hold work that is on no remote, and this tool is not authorised to push there.

--- land  (put accepted work into the branch)
    EMPTY-HANDED - 2 branch(es) are landable and none could be put in a batch - they conflict; it reported: 0 accepted branch(es) landed
      REFUSED - ALL 2 remaining branch(es) conflict. Nothing here can be landed by merging.

--- close-done  (an open accepted issue holds its boundary)
    nothing closable

--- author  (refill to the queue depth)
    REFUSED to file - nobody is draining the backlog

feed complete: push-work=ok land=empty-handed close-done=ok author=ok
  EMPTY-HANDED  land: 2 branch(es) are landable and none could be put in a batch - they conflict
      REFUSED - ALL 2 remaining branch(es) conflict. Nothing here can be landed by merging.
2026-09-16T04:55:04.374Z feed start
the loop lock is held by heal (2 min) - standing down; it feeds too
2026-09-16T05:00:04.640Z feed start
the loop lock is held by heal (7 min) - standing down; it feeds too
2026-09-16T05:05:04.915Z feed start

--- push-work  (a branch nobody can see cannot be closed against)
    pushed 0
      REFUSED - 140 branch(es) in /workspace/t27 hold work that is on no remote, and this tool is not authorised to push there.

--- land  (put accepted work into the branch)
    EMPTY-HANDED - 2 branch(es) are landable and none could be put in a batch - they conflict; it reported: 0 accepted branch(es) landed
      REFUSED - ALL 2 remaining branch(es) conflict. Nothing here can be landed by merging.

--- close-done  (an open accepted issue holds its boundary)
    nothing closable

--- author  (refill to the queue depth)
    REFUSED to file - nobody is draining the backlog

feed complete: push-work=ok land=empty-handed close-done=ok author=ok
  EMPTY-HANDED  land: 2 branch(es) are landable and none could be put in a batch - they conflict
      REFUSED - ALL 2 remaining branch(es) conflict. Nothing here can be landed by merging.
2026-09-16T05:12:18.368Z feed start

--- push-work  (a branch nobody can see cannot be closed against)
    pushed 0
      REFUSED - 141 branch(es) in /workspace/t27 hold work that is on no remote, and this tool is not authorised to push there.

--- land  (put accepted work into the branch)
    EMPTY-HANDED - 2 branch(es) are landable and none could be put in a batch - they conflict; it reported: 0 accepted branch(es) landed
      REFUSED - ALL 2 remaining branch(es) conflict. Nothing here can be landed by merging.

--- close-done  (an open accepted issue holds its boundary)
    nothing closable

--- author  (refill to the queue depth)
    REFUSED to file - nobody is draining the backlog

feed complete: push-work=ok land=empty-handed close-done=ok author=ok
  EMPTY-HANDED  land: 2 branch(es) are landable and none could be put in a batch - they conflict
      REFUSED - ALL 2 remaining branch(es) conflict. Nothing here can be landed by merging.
2026-09-16T05:19:29.881Z feed start
the loop lock is held by heal (3 min) - standing down; it feeds too
2026-09-16T05:24:38.070Z feed start

--- push-work  (a branch nobody can see cannot be closed against)
    timed out part-way - what it did before that stands:   transport: out of time - a 15s wait would pass the 240s budget, stopping after 1 attempt

--- land  (put accepted work into the branch)
    EMPTY-HANDED - 2 branch(es) are landable and none could be put in a batch - they conflict; it reported: 0 accepted branch(es) landed
      REFUSED - ALL 2 remaining branch(es) conflict. Nothing here can be landed by merging.

--- close-done  (an open accepted issue holds its boundary)
    nothing closable

--- author  (refill to the queue depth)
    timed out part-way - what it did before that stands: signals: length=11/830 seen  untested=137/830 seen  ascii=56/939 seen

feed complete: push-work=timed out land=empty-handed close-done=ok author=timed out
  EMPTY-HANDED  land: 2 branch(es) are landable and none could be put in a batch - they conflict
      REFUSED - ALL 2 remaining branch(es) conflict. Nothing here can be landed by merging.
2026-09-16T06:00:58.213Z feed start

--- push-work  (a branch nobody can see cannot be closed against)
    pushed 0
      REFUSED - 143 branch(es) in /workspace/t27 hold work that is on no remote, and this tool is not authorised to push there.

--- land  (put accepted work into the branch)
    EMPTY-HANDED - 2 branch(es) are landable and none could be put in a batch - they conflict; it reported: 0 accepted branch(es) landed
      REFUSED - ALL 2 remaining branch(es) conflict. Nothing here can be landed by merging.

--- close-done  (an open accepted issue holds its boundary)
    nothing closable

--- author  (refill to the queue depth)
    REFUSED to file - nobody is draining the backlog

feed complete: push-work=ok land=empty-handed close-done=ok author=ok
  EMPTY-HANDED  land: 2 branch(es) are landable and none could be put in a batch - they conflict
      REFUSED - ALL 2 remaining branch(es) conflict. Nothing here can be landed by merging.
2026-09-16T06:09:41.424Z feed start

--- push-work  (a branch nobody can see cannot be closed against)
    pushed 0
      REFUSED - 143 branch(es) in /workspace/t27 hold work that is on no remote, and this tool is not authorised to push there.

--- land  (put accepted work into the branch)
    EMPTY-HANDED - 2 branch(es) are landable and none could be put in a batch - they conflict; it reported: 0 accepted branch(es) landed
      REFUSED - ALL 2 remaining branch(es) conflict. Nothing here can be landed by merging.

--- close-done  (an open accepted issue holds its boundary)
    nothing closable

--- author  (refill to the queue depth)
    REFUSED to file - nobody is draining the backlog

feed complete: push-work=ok land=empty-handed close-done=ok author=ok
  EMPTY-HANDED  land: 2 branch(es) are landable and none could be put in a batch - they conflict
      REFUSED - ALL 2 remaining branch(es) conflict. Nothing here can be landed by merging.
2026-09-16T06:17:10.341Z feed start

--- push-work  (a branch nobody can see cannot be closed against)
    pushed 0
      REFUSED - 143 branch(es) in /workspace/t27 hold work that is on no remote, and this tool is not authorised to push there.

--- land  (put accepted work into the branch)
    EMPTY-HANDED - 2 branch(es) are landable and none could be put in a batch - they conflict; it reported: 0 accepted branch(es) landed
      REFUSED - ALL 2 remaining branch(es) conflict. Nothing here can be landed by merging.

--- close-done  (an open accepted issue holds its boundary)
    nothing closable

--- author  (refill to the queue depth)
    REFUSED to file - nobody is draining the backlog

feed complete: push-work=ok land=empty-handed close-done=ok author=ok
  EMPTY-HANDED  land: 2 branch(es) are landable and none could be put in a batch - they conflict
      REFUSED - ALL 2 remaining branch(es) conflict. Nothing here can be landed by merging.
2026-09-16T06:24:47.770Z feed start
the loop lock is held by heal (5 min) - standing down; it feeds too
2026-09-16T06:29:48.074Z feed start

--- push-work  (a branch nobody can see cannot be closed against)
    pushed 0
      REFUSED - 143 branch(es) in /workspace/t27 hold work that is on no remote, and this tool is not authorised to push there.

--- land  (put accepted work into the branch)
    EMPTY-HANDED - 2 branch(es) are landable and none could be put in a batch - they conflict; it reported: 0 accepted branch(es) landed
      REFUSED - ALL 2 remaining branch(es) conflict. Nothing here can be landed by merging.

--- close-done  (an open accepted issue holds its boundary)
    nothing closable

--- author  (refill to the queue depth)
    REFUSED to file - nobody is draining the backlog

feed complete: push-work=ok land=empty-handed close-done=ok author=ok
  EMPTY-HANDED  land: 2 branch(es) are landable and none could be put in a batch - they conflict
      REFUSED - ALL 2 remaining branch(es) conflict. Nothing here can be landed by merging.
2026-09-16T06:38:12.800Z feed start

--- push-work  (a branch nobody can see cannot be closed against)
    pushed 0
      REFUSED - 143 branch(es) in /workspace/t27 hold work that is on no remote, and this tool is not authorised to push there.

--- land  (put accepted work into the branch)
    EMPTY-HANDED - 2 branch(es) are landable and none could be put in a batch - they conflict; it reported: 0 accepted branch(es) landed
      REFUSED - ALL 2 remaining branch(es) conflict. Nothing here can be landed by merging.

--- close-done  (an open accepted issue holds its boundary)
    nothing closable

--- author  (refill to the queue depth)
    REFUSED to file - nobody is draining the backlog

feed complete: push-work=ok land=empty-handed close-done=ok author=ok
  EMPTY-HANDED  land: 2 branch(es) are landable and none could be put in a batch - they conflict
      REFUSED - ALL 2 remaining branch(es) conflict. Nothing here can be landed by merging.
2026-09-16T06:45:45.500Z feed start
the loop lock is held by heal (3 min) - standing down; it feeds too
2026-09-16T06:50:45.758Z feed start

--- push-work  (a branch nobody can see cannot be closed against)
    pushed 0
      REFUSED - 142 branch(es) in /workspace/t27 hold work that is on no remote, and this tool is not authorised to push there.

--- land  (put accepted work into the branch)
    EMPTY-HANDED - 2 branch(es) are landable and none could be put in a batch - they conflict; it reported: 0 accepted branch(es) landed
      REFUSED - ALL 2 remaining branch(es) conflict. Nothing here can be landed by merging.

--- close-done  (an open accepted issue holds its boundary)
    nothing closable

--- author  (refill to the queue depth)
    REFUSED to file - nobody is draining the backlog

feed complete: push-work=ok land=empty-handed close-done=ok author=ok
  EMPTY-HANDED  land: 2 branch(es) are landable and none could be put in a batch - they conflict
      REFUSED - ALL 2 remaining branch(es) conflict. Nothing here can be landed by merging.
2026-09-16T06:58:06.304Z feed start

--- push-work  (a branch nobody can see cannot be closed against)
    pushed 0
      REFUSED - 142 branch(es) in /workspace/t27 hold work that is on no remote, and this tool is not authorised to push there.

--- land  (put accepted work into the branch)
    EMPTY-HANDED - 2 branch(es) are landable and none could be put in a batch - they conflict; it reported: 0 accepted branch(es) landed
      REFUSED - ALL 2 remaining branch(es) conflict. Nothing here can be landed by merging.

--- close-done  (an open accepted issue holds its boundary)
    nothing closable

--- author  (refill to the queue depth)
    REFUSED to file - nobody is draining the backlog

feed complete: push-work=ok land=empty-handed close-done=ok author=ok
  EMPTY-HANDED  land: 2 branch(es) are landable and none could be put in a batch - they conflict
      REFUSED - ALL 2 remaining branch(es) conflict. Nothing here can be landed by merging.
2026-09-16T07:05:25.319Z feed start
the loop lock is held by heal (0 min) - standing down; it feeds too
2026-09-16T07:10:25.563Z feed start
the loop lock is held by heal (5 min) - standing down; it feeds too
2026-09-16T07:15:25.901Z feed start

--- push-work  (a branch nobody can see cannot be closed against)
    pushed 0
      REFUSED - 143 branch(es) in /workspace/t27 hold work that is on no remote, and this tool is not authorised to push there.

--- land  (put accepted work into the branch)
    EMPTY-HANDED - 2 branch(es) are landable and none could be put in a batch - they conflict; it reported: 0 accepted branch(es) landed
      REFUSED - ALL 2 remaining branch(es) conflict. Nothing here can be landed by merging.

--- close-done  (an open accepted issue holds its boundary)
    nothing closable

--- author  (refill to the queue depth)
    REFUSED to file - nobody is draining the backlog

feed complete: push-work=ok land=empty-handed close-done=ok author=ok
  EMPTY-HANDED  land: 2 branch(es) are landable and none could be put in a batch - they conflict
      REFUSED - ALL 2 remaining branch(es) conflict. Nothing here can be landed by merging.
2026-09-16T07:22:57.199Z feed start

--- push-work  (a branch nobody can see cannot be closed against)
    pushed 0
      REFUSED - 143 branch(es) in /workspace/t27 hold work that is on no remote, and this tool is not authorised to push there.

--- land  (put accepted work into the branch)
    EMPTY-HANDED - 2 branch(es) are landable and none could be put in a batch - they conflict; it reported: 0 accepted branch(es) landed
      REFUSED - ALL 2 remaining branch(es) conflict. Nothing here can be landed by merging.

--- close-done  (an open accepted issue holds its boundary)
    nothing closable

--- author  (refill to the queue depth)
    REFUSED to file - nobody is draining the backlog

feed complete: push-work=ok land=empty-handed close-done=ok author=ok
  EMPTY-HANDED  land: 2 branch(es) are landable and none could be put in a batch - they conflict
      REFUSED - ALL 2 remaining branch(es) conflict. Nothing here can be landed by merging.
2026-09-16T07:30:17.508Z feed start
the loop lock is held by heal (2 min) - standing down; it feeds too
2026-09-16T07:35:17.761Z feed start
the loop lock is held by heal (7 min) - standing down; it feeds too
2026-09-16T07:40:18.071Z feed start

--- push-work  (a branch nobody can see cannot be closed against)
    pushed 0
      REFUSED - 143 branch(es) in /workspace/t27 hold work that is on no remote, and this tool is not authorised to push there.

--- land  (put accepted work into the branch)
    EMPTY-HANDED - 2 branch(es) are landable and none could be put in a batch - they conflict; it reported: 0 accepted branch(es) landed
      REFUSED - ALL 2 remaining branch(es) conflict. Nothing here can be landed by merging.

--- close-done  (an open accepted issue holds its boundary)
    nothing closable

--- author  (refill to the queue depth)
    REFUSED to file - nobody is draining the backlog

feed complete: push-work=ok land=empty-handed close-done=ok author=ok
  EMPTY-HANDED  land: 2 branch(es) are landable and none could be put in a batch - they conflict
      REFUSED - ALL 2 remaining branch(es) conflict. Nothing here can be landed by merging.
2026-09-16T07:47:56.989Z feed start

--- push-work  (a branch nobody can see cannot be closed against)
    pushed 0
      REFUSED - 143 branch(es) in /workspace/t27 hold work that is on no remote, and this tool is not authorised to push there.

--- land  (put accepted work into the branch)
    EMPTY-HANDED - 2 branch(es) are landable and none could be put in a batch - they conflict; it reported: 0 accepted branch(es) landed
      REFUSED - ALL 2 remaining branch(es) conflict. Nothing here can be landed by merging.

--- close-done  (an open accepted issue holds its boundary)
    nothing closable

--- author  (refill to the queue depth)
    REFUSED to file - nobody is draining the backlog

feed complete: push-work=ok land=empty-handed close-done=ok author=ok
  EMPTY-HANDED  land: 2 branch(es) are landable and none could be put in a batch - they conflict
      REFUSED - ALL 2 remaining branch(es) conflict. Nothing here can be landed by merging.
2026-09-16T07:55:22.393Z feed start
the loop lock is held by heal (4 min) - standing down; it feeds too
2026-09-16T08:00:23.584Z feed start

--- push-work  (a branch nobody can see cannot be closed against)
    pushed 0
      REFUSED - 143 branch(es) in /workspace/t27 hold work that is on no remote, and this tool is not authorised to push there.

--- land  (put accepted work into the branch)
    EMPTY-HANDED - 2 branch(es) are landable and none could be put in a batch - they conflict; it reported: 0 accepted branch(es) landed
      REFUSED - ALL 2 remaining branch(es) conflict. Nothing here can be landed by merging.

--- close-done  (an open accepted issue holds its boundary)
    nothing closable

--- author  (refill to the queue depth)
    REFUSED to file - nobody is draining the backlog

feed complete: push-work=ok land=empty-handed close-done=ok author=ok
  EMPTY-HANDED  land: 2 branch(es) are landable and none could be put in a batch - they conflict
      REFUSED - ALL 2 remaining branch(es) conflict. Nothing here can be landed by merging.
2026-09-16T08:07:49.531Z feed start

--- push-work  (a branch nobody can see cannot be closed against)
    pushed 0
      REFUSED - 143 branch(es) in /workspace/t27 hold work that is on no remote, and this tool is not authorised to push there.

--- land  (put accepted work into the branch)
    EMPTY-HANDED - 2 branch(es) are landable and none could be put in a batch - they conflict; it reported: 0 accepted branch(es) landed
      REFUSED - ALL 2 remaining branch(es) conflict. Nothing here can be landed by merging.

--- close-done  (an open accepted issue holds its boundary)
    nothing closable

--- author  (refill to the queue depth)
    REFUSED to file - nobody is draining the backlog

feed complete: push-work=ok land=empty-handed close-done=ok author=ok
  EMPTY-HANDED  land: 2 branch(es) are landable and none could be put in a batch - they conflict
      REFUSED - ALL 2 remaining branch(es) conflict. Nothing here can be landed by merging.
2026-09-16T08:17:01.434Z feed start

--- push-work  (a branch nobody can see cannot be closed against)
    pushed 0
      REFUSED - 144 branch(es) in /workspace/t27 hold work that is on no remote, and this tool is not authorised to push there.

--- land  (put accepted work into the branch)
    EMPTY-HANDED - 2 branch(es) are landable and none could be put in a batch - they conflict; it reported: 0 accepted branch(es) landed
      REFUSED - ALL 2 remaining branch(es) conflict. Nothing here can be landed by merging.

--- close-done  (an open accepted issue holds its boundary)
    nothing closable

--- author  (refill to the queue depth)
    REFUSED to file - nobody is draining the backlog

feed complete: push-work=ok land=empty-handed close-done=ok author=ok
  EMPTY-HANDED  land: 2 branch(es) are landable and none could be put in a batch - they conflict
      REFUSED - ALL 2 remaining branch(es) conflict. Nothing here can be landed by merging.
2026-09-16T08:28:22.984Z feed start
the loop lock is held by heal (3 min) - standing down; it feeds too
2026-09-16T08:33:23.399Z feed start
the loop lock is held by heal (8 min) - standing down; it feeds too
2026-09-16T08:38:23.867Z feed start

--- push-work  (a branch nobody can see cannot be closed against)
    pushed 0
      REFUSED - 144 branch(es) in /workspace/t27 hold work that is on no remote, and this tool is not authorised to push there.

--- land  (put accepted work into the branch)
    EMPTY-HANDED - 2 branch(es) are landable and none could be put in a batch - they conflict; it reported: 0 accepted branch(es) landed
      REFUSED - ALL 2 remaining branch(es) conflict. Nothing here can be landed by merging.

--- close-done  (an open accepted issue holds its boundary)
    nothing closable

--- author  (refill to the queue depth)
    REFUSED to file - nobody is draining the backlog

feed complete: push-work=ok land=empty-handed close-done=ok author=ok
  EMPTY-HANDED  land: 2 branch(es) are landable and none could be put in a batch - they conflict
      REFUSED - ALL 2 remaining branch(es) conflict. Nothing here can be landed by merging.
2026-09-16T08:46:55.527Z feed start

--- push-work  (a branch nobody can see cannot be closed against)
    pushed 0
      REFUSED - 145 branch(es) in /workspace/t27 hold work that is on no remote, and this tool is not authorised to push there.

--- land  (put accepted work into the branch)
    EMPTY-HANDED - 2 branch(es) are landable and none could be put in a batch - they conflict; it reported: 0 accepted branch(es) landed
      REFUSED - ALL 2 remaining branch(es) conflict. Nothing here can be landed by merging.

--- close-done  (an open accepted issue holds its boundary)
    nothing closable

--- author  (refill to the queue depth)
    REFUSED to file - nobody is draining the backlog

feed complete: push-work=ok land=empty-handed close-done=ok author=ok
  EMPTY-HANDED  land: 2 branch(es) are landable and none could be put in a batch - they conflict
      REFUSED - ALL 2 remaining branch(es) conflict. Nothing here can be landed by merging.
2026-09-16T08:54:23.945Z feed start
the loop lock is held by heal (3 min) - standing down; it feeds too
2026-09-16T08:59:24.375Z feed start

--- push-work  (a branch nobody can see cannot be closed against)
    pushed 0
      REFUSED - 145 branch(es) in /workspace/t27 hold work that is on no remote, and this tool is not authorised to push there.

--- land  (put accepted work into the branch)
    EMPTY-HANDED - 2 branch(es) are landable and none could be put in a batch - they conflict; it reported: 0 accepted branch(es) landed
      REFUSED - ALL 2 remaining branch(es) conflict. Nothing here can be landed by merging.

--- close-done  (an open accepted issue holds its boundary)
    nothing closable

--- author  (refill to the queue depth)
    REFUSED to file - nobody is draining the backlog

feed complete: push-work=ok land=empty-handed close-done=ok author=ok
  EMPTY-HANDED  land: 2 branch(es) are landable and none could be put in a batch - they conflict
      REFUSED - ALL 2 remaining branch(es) conflict. Nothing here can be landed by merging.
2026-09-16T09:10:49.341Z feed start

--- push-work  (a branch nobody can see cannot be closed against)
    pushed 0
      REFUSED - 145 branch(es) in /workspace/t27 hold work that is on no remote, and this tool is not authorised to push there.

--- land  (put accepted work into the branch)
    EMPTY-HANDED - 2 branch(es) are landable and none could be put in a batch - they conflict; it reported: 0 accepted branch(es) landed
      REFUSED - ALL 2 remaining branch(es) conflict. Nothing here can be landed by merging.

--- close-done  (an open accepted issue holds its boundary)
    nothing closable

--- author  (refill to the queue depth)
    REFUSED to file - nobody is draining the backlog

feed complete: push-work=ok land=empty-handed close-done=ok author=ok
  EMPTY-HANDED  land: 2 branch(es) are landable and none could be put in a batch - they conflict
      REFUSED - ALL 2 remaining branch(es) conflict. Nothing here can be landed by merging.
2026-09-16T09:18:19.402Z feed start
the loop lock is held by heal (4 min) - standing down; it feeds too
2026-09-16T09:23:19.895Z feed start

--- push-work  (a branch nobody can see cannot be closed against)
    pushed 0
      REFUSED - 145 branch(es) in /workspace/t27 hold work that is on no remote, and this tool is not authorised to push there.

--- land  (put accepted work into the branch)
    EMPTY-HANDED - 2 branch(es) are landable and none could be put in a batch - they conflict; it reported: 0 accepted branch(es) landed
      REFUSED - ALL 2 remaining branch(es) conflict. Nothing here can be landed by merging.

--- close-done  (an open accepted issue holds its boundary)
    nothing closable

--- author  (refill to the queue depth)
    REFUSED to file - nobody is draining the backlog

feed complete: push-work=ok land=empty-handed close-done=ok author=ok
  EMPTY-HANDED  land: 2 branch(es) are landable and none could be put in a batch - they conflict
      REFUSED - ALL 2 remaining branch(es) conflict. Nothing here can be landed by merging.
2026-09-16T09:33:31.009Z feed start

--- push-work  (a branch nobody can see cannot be closed against)
    pushed 0
      REFUSED - 145 branch(es) in /workspace/t27 hold work that is on no remote, and this tool is not authorised to push there.

--- land  (put accepted work into the branch)
    EMPTY-HANDED - 2 branch(es) are landable and none could be put in a batch - they conflict; it reported: 0 accepted branch(es) landed
      REFUSED - ALL 2 remaining branch(es) conflict. Nothing here can be landed by merging.

--- close-done  (an open accepted issue holds its boundary)
    nothing closable

--- author  (refill to the queue depth)
    REFUSED to file - nobody is draining the backlog

feed complete: push-work=ok land=empty-handed close-done=ok author=ok
  EMPTY-HANDED  land: 2 branch(es) are landable and none could be put in a batch - they conflict
      REFUSED - ALL 2 remaining branch(es) conflict. Nothing here can be landed by merging.
2026-09-16T09:41:59.584Z feed start
the loop lock is held by heal (1 min) - standing down; it feeds too
2026-09-16T09:46:59.830Z feed start
the loop lock is held by heal (6 min) - standing down; it feeds too
2026-09-16T09:52:00.138Z feed start

--- push-work  (a branch nobody can see cannot be closed against)
    pushed 0
      REFUSED - 145 branch(es) in /workspace/t27 hold work that is on no remote, and this tool is not authorised to push there.

--- land  (put accepted work into the branch)
    EMPTY-HANDED - 2 branch(es) are landable and none could be put in a batch - they conflict; it reported: 0 accepted branch(es) landed
      REFUSED - ALL 2 remaining branch(es) conflict. Nothing here can be landed by merging.

--- close-done  (an open accepted issue holds its boundary)
    nothing closable

--- author  (refill to the queue depth)
    FAILED
signals: length=11/830 seen  untested=137/830 seen  ascii=56/939 seen
queue depth target 9 - counted on UNSTARTED issues, not open ones
could not measure the queen-authored queue - refusing to file, because a failed count would read as zero and lift the limit


feed complete: push-work=ok land=empty-handed close-done=ok author=FAILED
  EMPTY-HANDED  land: 2 branch(es) are landable and none could be put in a batch - they conflict
      REFUSED - ALL 2 remaining branch(es) conflict. Nothing here can be landed by merging.
2026-09-16T10:00:26.921Z feed start

--- push-work  (a branch nobody can see cannot be closed against)
    pushed 0
      REFUSED - 145 branch(es) in /workspace/t27 hold work that is on no remote, and this tool is not authorised to push there.

--- land  (put accepted work into the branch)
    EMPTY-HANDED - 2 branch(es) are landable and none could be put in a batch - they conflict; it reported: 0 accepted branch(es) landed
      REFUSED - ALL 2 remaining branch(es) conflict. Nothing here can be landed by merging.

--- close-done  (an open accepted issue holds its boundary)
    nothing closable

--- author  (refill to the queue depth)
    REFUSED to file - nobody is draining the backlog

feed complete: push-work=ok land=empty-handed close-done=ok author=ok
  EMPTY-HANDED  land: 2 branch(es) are landable and none could be put in a batch - they conflict
      REFUSED - ALL 2 remaining branch(es) conflict. Nothing here can be landed by merging.
2026-09-16T10:07:50.566Z feed start
the loop lock is held by heal (4 min) - standing down; it feeds too
2026-09-16T10:12:51.691Z feed start

--- push-work  (a branch nobody can see cannot be closed against)
    pushed 0
      REFUSED - 145 branch(es) in /workspace/t27 hold work that is on no remote, and this tool is not authorised to push there.

--- land  (put accepted work into the branch)
    EMPTY-HANDED - 2 branch(es) are landable and none could be put in a batch - they conflict; it reported: 0 accepted branch(es) landed
      REFUSED - ALL 2 remaining branch(es) conflict. Nothing here can be landed by merging.

--- close-done  (an open accepted issue holds its boundary)
    nothing closable

--- author  (refill to the queue depth)
    REFUSED to file - nobody is draining the backlog

feed complete: push-work=ok land=empty-handed close-done=ok author=ok
  EMPTY-HANDED  land: 2 branch(es) are landable and none could be put in a batch - they conflict
      REFUSED - ALL 2 remaining branch(es) conflict. Nothing here can be landed by merging.
2026-09-16T10:20:55.544Z feed start

--- push-work  (a branch nobody can see cannot be closed against)
    pushed 0
      REFUSED - 145 branch(es) in /workspace/t27 hold work that is on no remote, and this tool is not authorised to push there.

--- land  (put accepted work into the branch)
    EMPTY-HANDED - 2 branch(es) are landable and none could be put in a batch - they conflict; it reported: 0 accepted branch(es) landed
      REFUSED - ALL 2 remaining branch(es) conflict. Nothing here can be landed by merging.

--- close-done  (an open accepted issue holds its boundary)
    nothing closable

--- author  (refill to the queue depth)
    REFUSED to file - nobody is draining the backlog

feed complete: push-work=ok land=empty-handed close-done=ok author=ok
  EMPTY-HANDED  land: 2 branch(es) are landable and none could be put in a batch - they conflict
      REFUSED - ALL 2 remaining branch(es) conflict. Nothing here can be landed by merging.
2026-09-16T10:29:11.472Z feed start
the loop lock is held by heal (1 min) - standing down; it feeds too
2026-09-16T10:34:13.240Z feed start
the loop lock is held by heal (6 min) - standing down; it feeds too
2026-09-16T10:39:13.646Z feed start

--- push-work  (a branch nobody can see cannot be closed against)
    pushed 0
      REFUSED - 145 branch(es) in /workspace/t27 hold work that is on no remote, and this tool is not authorised to push there.

--- land  (put accepted work into the branch)
    EMPTY-HANDED - 2 branch(es) are landable and none could be put in a batch - they conflict; it reported: 0 accepted branch(es) landed
      REFUSED - ALL 2 remaining branch(es) conflict. Nothing here can be landed by merging.

--- close-done  (an open accepted issue holds its boundary)
    nothing closable

--- author  (refill to the queue depth)
    REFUSED to file - nobody is draining the backlog

feed complete: push-work=ok land=empty-handed close-done=ok author=ok
  EMPTY-HANDED  land: 2 branch(es) are landable and none could be put in a batch - they conflict
      REFUSED - ALL 2 remaining branch(es) conflict. Nothing here can be landed by merging.
2026-09-16T10:48:59.903Z feed start

--- push-work  (a branch nobody can see cannot be closed against)
    EMPTY-HANDED - 109 branch(es) hold work that is still not on the remote; it reported: pushed 0

--- land  (put accepted work into the branch)
    EMPTY-HANDED - 2 branch(es) are landable and none could be put in a batch - they conflict; it reported: 0 accepted branch(es) landed
      REFUSED - ALL 2 remaining branch(es) conflict. Nothing here can be landed by merging.

--- close-done  (an open accepted issue holds its boundary)
    nothing closable

--- author  (refill to the queue depth)
    REFUSED to file - nobody is draining the backlog

feed complete: push-work=empty-handed land=empty-handed close-done=ok author=ok
  EMPTY-HANDED  push-work: 109 branch(es) hold work that is still not on the remote
  EMPTY-HANDED  land: 2 branch(es) are landable and none could be put in a batch - they conflict
      REFUSED - ALL 2 remaining branch(es) conflict. Nothing here can be landed by merging.
2026-09-16T10:59:15.954Z feed start

--- push-work  (a branch nobody can see cannot be closed against)
    pushed 0

--- land  (put accepted work into the branch)
    EMPTY-HANDED - 2 branch(es) are landable and none could be put in a batch - they conflict; it reported: 0 accepted branch(es) landed
      REFUSED - ALL 2 remaining branch(es) conflict. Nothing here can be landed by merging.

--- close-done  (an open accepted issue holds its boundary)
    nothing closable

--- author  (refill to the queue depth)
    REFUSED to file - nobody is draining the backlog

feed complete: push-work=ok land=empty-handed close-done=ok author=ok
  EMPTY-HANDED  land: 2 branch(es) are landable and none could be put in a batch - they conflict
      REFUSED - ALL 2 remaining branch(es) conflict. Nothing here can be landed by merging.
2026-09-16T11:07:18.757Z feed start
the loop lock is held by heal (4 min) - standing down; it feeds too
2026-09-16T11:12:19.504Z feed start

--- push-work  (a branch nobody can see cannot be closed against)
    pushed 0

--- land  (put accepted work into the branch)
    EMPTY-HANDED - 2 branch(es) are landable and none could be put in a batch - they conflict; it reported: 0 accepted branch(es) landed
      REFUSED - ALL 2 remaining branch(es) conflict. Nothing here can be landed by merging.

--- close-done  (an open accepted issue holds its boundary)
    nothing closable

--- author  (refill to the queue depth)
    REFUSED to file - nobody is draining the backlog

feed complete: push-work=ok land=empty-handed close-done=ok author=ok
  EMPTY-HANDED  land: 2 branch(es) are landable and none could be put in a batch - they conflict
      REFUSED - ALL 2 remaining branch(es) conflict. Nothing here can be landed by merging.
2026-09-16T11:19:49.948Z feed start

--- push-work  (a branch nobody can see cannot be closed against)
    pushed 0

--- land  (put accepted work into the branch)
    EMPTY-HANDED - 2 branch(es) are landable and none could be put in a batch - they conflict; it reported: 0 accepted branch(es) landed
      REFUSED - ALL 2 remaining branch(es) conflict. Nothing here can be landed by merging.

--- close-done  (an open accepted issue holds its boundary)
    nothing closable

--- author  (refill to the queue depth)
    REFUSED to file - nobody is draining the backlog

feed complete: push-work=ok land=empty-handed close-done=ok author=ok
  EMPTY-HANDED  land: 2 branch(es) are landable and none could be put in a batch - they conflict
      REFUSED - ALL 2 remaining branch(es) conflict. Nothing here can be landed by merging.
2026-09-16T11:27:23.611Z feed start
the loop lock is held by heal (2 min) - standing down; it feeds too
2026-09-16T11:32:23.876Z feed start
the loop lock is held by heal (7 min) - standing down; it feeds too
2026-09-16T11:37:24.180Z feed start

--- push-work  (a branch nobody can see cannot be closed against)
    pushed 0

--- land  (put accepted work into the branch)
    EMPTY-HANDED - 2 branch(es) are landable and none could be put in a batch - they conflict; it reported: 0 accepted branch(es) landed
      REFUSED - ALL 2 remaining branch(es) conflict. Nothing here can be landed by merging.

--- close-done  (an open accepted issue holds its boundary)
    nothing closable

--- author  (refill to the queue depth)
    REFUSED to file - nobody is draining the backlog

feed complete: push-work=ok land=empty-handed close-done=ok author=ok
  EMPTY-HANDED  land: 2 branch(es) are landable and none could be put in a batch - they conflict
      REFUSED - ALL 2 remaining branch(es) conflict. Nothing here can be landed by merging.
2026-09-16T11:46:06.611Z feed start

--- push-work  (a branch nobody can see cannot be closed against)
    pushed 0

--- land  (put accepted work into the branch)
    EMPTY-HANDED - 2 branch(es) are landable and none could be put in a batch - they conflict; it reported: 0 accepted branch(es) landed
      REFUSED - ALL 2 remaining branch(es) conflict. Nothing here can be landed by merging.

--- close-done  (an open accepted issue holds its boundary)
    nothing closable

--- author  (refill to the queue depth)
    REFUSED to file - nobody is draining the backlog

feed complete: push-work=ok land=empty-handed close-done=ok author=ok
  EMPTY-HANDED  land: 2 branch(es) are landable and none could be put in a batch - they conflict
      REFUSED - ALL 2 remaining branch(es) conflict. Nothing here can be landed by merging.
2026-09-16T11:54:37.174Z feed start

--- push-work  (a branch nobody can see cannot be closed against)
    pushed 0

--- land  (put accepted work into the branch)
    EMPTY-HANDED - 2 branch(es) are landable and none could be put in a batch - they conflict; it reported: 0 accepted branch(es) landed
      REFUSED - ALL 2 remaining branch(es) conflict. Nothing here can be landed by merging.

--- close-done  (an open accepted issue holds its boundary)
    nothing closable

--- author  (refill to the queue depth)
    REFUSED to file - nobody is draining the backlog

feed complete: push-work=ok land=empty-handed close-done=ok author=ok
  EMPTY-HANDED  land: 2 branch(es) are landable and none could be put in a batch - they conflict
      REFUSED - ALL 2 remaining branch(es) conflict. Nothing here can be landed by merging.
2026-09-16T12:03:21.914Z feed start
the loop lock is held by heal (4 min) - standing down; it feeds too
2026-09-16T12:42:45.115Z feed start

--- push-work  (a branch nobody can see cannot be closed against)
    pushed 0

--- land  (put accepted work into the branch)
    EMPTY-HANDED - 2 branch(es) are landable and none could be put in a batch - they conflict; it reported: 0 accepted branch(es) landed
      REFUSED - ALL 2 remaining branch(es) conflict. Nothing here can be landed by merging.

--- close-done  (an open accepted issue holds its boundary)
    nothing closable

--- author  (refill to the queue depth)
    REFUSED to file - nobody is draining the backlog

feed complete: push-work=ok land=empty-handed close-done=ok author=ok
  EMPTY-HANDED  land: 2 branch(es) are landable and none could be put in a batch - they conflict
      REFUSED - ALL 2 remaining branch(es) conflict. Nothing here can be landed by merging.
2026-09-16T12:50:47.588Z feed start
the loop lock is held by heal (1 min) - standing down; it feeds too
2026-09-16T12:55:47.993Z feed start
the loop lock is held by heal (6 min) - standing down; it feeds too
2026-09-16T13:00:48.385Z feed start

--- push-work  (a branch nobody can see cannot be closed against)
    pushed 0

--- land  (put accepted work into the branch)
    EMPTY-HANDED - 2 branch(es) are landable and none could be put in a batch - they conflict; it reported: 0 accepted branch(es) landed
      REFUSED - ALL 2 remaining branch(es) conflict. Nothing here can be landed by merging.

--- close-done  (an open accepted issue holds its boundary)
    nothing closable

--- author  (refill to the queue depth)
    REFUSED to file - nobody is draining the backlog

feed complete: push-work=ok land=empty-handed close-done=ok author=ok
  EMPTY-HANDED  land: 2 branch(es) are landable and none could be put in a batch - they conflict
      REFUSED - ALL 2 remaining branch(es) conflict. Nothing here can be landed by merging.
2026-09-16T13:09:12.978Z feed start

--- push-work  (a branch nobody can see cannot be closed against)
    pushed 0

--- land  (put accepted work into the branch)
    EMPTY-HANDED - 2 branch(es) are landable and none could be put in a batch - they conflict; it reported: 0 accepted branch(es) landed
      REFUSED - ALL 2 remaining branch(es) conflict. Nothing here can be landed by merging.

--- close-done  (an open accepted issue holds its boundary)
    nothing closable

--- author  (refill to the queue depth)
    REFUSED to file - nobody is draining the backlog

feed complete: push-work=ok land=empty-handed close-done=ok author=ok
  EMPTY-HANDED  land: 2 branch(es) are landable and none could be put in a batch - they conflict
      REFUSED - ALL 2 remaining branch(es) conflict. Nothing here can be landed by merging.
2026-09-16T13:16:40.470Z feed start
the loop lock is held by heal (4 min) - standing down; it feeds too
2026-09-16T13:21:40.732Z feed start

--- push-work  (a branch nobody can see cannot be closed against)
    pushed 0

--- land  (put accepted work into the branch)
    EMPTY-HANDED - 2 branch(es) are landable and none could be put in a batch - they conflict; it reported: 0 accepted branch(es) landed
      REFUSED - ALL 2 remaining branch(es) conflict. Nothing here can be landed by merging.

--- close-done  (an open accepted issue holds its boundary)
    nothing closable

--- author  (refill to the queue depth)
    REFUSED to file - nobody is draining the backlog

feed complete: push-work=ok land=empty-handed close-done=ok author=ok
  EMPTY-HANDED  land: 2 branch(es) are landable and none could be put in a batch - they conflict
      REFUSED - ALL 2 remaining branch(es) conflict. Nothing here can be landed by merging.
2026-09-16T13:29:18.482Z feed start

--- push-work  (a branch nobody can see cannot be closed against)
    pushed 0

--- land  (put accepted work into the branch)
    EMPTY-HANDED - 2 branch(es) are landable and none could be put in a batch - they conflict; it reported: 0 accepted branch(es) landed
      REFUSED - ALL 2 remaining branch(es) conflict. Nothing here can be landed by merging.

--- close-done  (an open accepted issue holds its boundary)
    nothing closable

--- author  (refill to the queue depth)
    REFUSED to file - nobody is draining the backlog

feed complete: push-work=ok land=empty-handed close-done=ok author=ok
  EMPTY-HANDED  land: 2 branch(es) are landable and none could be put in a batch - they conflict
      REFUSED - ALL 2 remaining branch(es) conflict. Nothing here can be landed by merging.
2026-09-16T13:37:27.941Z feed start

--- push-work  (a branch nobody can see cannot be closed against)
    pushed 0

--- land  (put accepted work into the branch)
    EMPTY-HANDED - 2 branch(es) are landable and none could be put in a batch - they conflict; it reported: 0 accepted branch(es) landed
      REFUSED - ALL 2 remaining branch(es) conflict. Nothing here can be landed by merging.

--- close-done  (an open accepted issue holds its boundary)
    nothing closable

--- author  (refill to the queue depth)
    REFUSED to file - nobody is draining the backlog

feed complete: push-work=ok land=empty-handed close-done=ok author=ok
  EMPTY-HANDED  land: 2 branch(es) are landable and none could be put in a batch - they conflict
      REFUSED - ALL 2 remaining branch(es) conflict. Nothing here can be landed by merging.
2026-09-16T13:45:06.561Z feed start
the loop lock is held by heal (0 min) - standing down; it feeds too
2026-09-16T13:51:51.062Z feed start
the loop lock is held by heal (7 min) - standing down; it feeds too
2026-09-16T13:56:51.572Z feed start

--- push-work  (a branch nobody can see cannot be closed against)
    pushed 0

--- land  (put accepted work into the branch)
    EMPTY-HANDED - 2 branch(es) are landable and none could be put in a batch - they conflict; it reported: 0 accepted branch(es) landed
      REFUSED - ALL 2 remaining branch(es) conflict. Nothing here can be landed by merging.

--- close-done  (an open accepted issue holds its boundary)
    nothing closable

--- author  (refill to the queue depth)
    REFUSED to file - nobody is draining the backlog

feed complete: push-work=ok land=empty-handed close-done=ok author=ok
  EMPTY-HANDED  land: 2 branch(es) are landable and none could be put in a batch - they conflict
      REFUSED - ALL 2 remaining branch(es) conflict. Nothing here can be landed by merging.
2026-09-16T14:04:31.151Z feed start

--- push-work  (a branch nobody can see cannot be closed against)
    pushed 0

--- land  (put accepted work into the branch)
    EMPTY-HANDED - 2 branch(es) are landable and none could be put in a batch - they conflict; it reported: 0 accepted branch(es) landed
      REFUSED - ALL 2 remaining branch(es) conflict. Nothing here can be landed by merging.

--- close-done  (an open accepted issue holds its boundary)
    nothing closable

--- author  (refill to the queue depth)
    REFUSED to file - nobody is draining the backlog

feed complete: push-work=ok land=empty-handed close-done=ok author=ok
  EMPTY-HANDED  land: 2 branch(es) are landable and none could be put in a batch - they conflict
      REFUSED - ALL 2 remaining branch(es) conflict. Nothing here can be landed by merging.
2026-09-16T14:13:18.429Z feed start

--- push-work  (a branch nobody can see cannot be closed against)
    pushed 0

--- land  (put accepted work into the branch)
    EMPTY-HANDED - 2 branch(es) are landable and none could be put in a batch - they conflict; it reported: 0 accepted branch(es) landed
      REFUSED - ALL 2 remaining branch(es) conflict. Nothing here can be landed by merging.

--- close-done  (an open accepted issue holds its boundary)
    nothing closable

--- author  (refill to the queue depth)
    REFUSED to file - nobody is draining the backlog

feed complete: push-work=ok land=empty-handed close-done=ok author=ok
  EMPTY-HANDED  land: 2 branch(es) are landable and none could be put in a batch - they conflict
      REFUSED - ALL 2 remaining branch(es) conflict. Nothing here can be landed by merging.
2026-09-16T14:21:07.868Z feed start
the loop lock is held by heal (5 min) - standing down; it feeds too
2026-09-16T14:26:09.759Z feed start

--- push-work  (a branch nobody can see cannot be closed against)
    pushed 0

--- land  (put accepted work into the branch)
    EMPTY-HANDED - 2 branch(es) are landable and none could be put in a batch - they conflict; it reported: 0 accepted branch(es) landed
      REFUSED - ALL 2 remaining branch(es) conflict. Nothing here can be landed by merging.

--- close-done  (an open accepted issue holds its boundary)
    nothing closable

--- author  (refill to the queue depth)
    REFUSED to file - nobody is draining the backlog

feed complete: push-work=ok land=empty-handed close-done=ok author=ok
  EMPTY-HANDED  land: 2 branch(es) are landable and none could be put in a batch - they conflict
      REFUSED - ALL 2 remaining branch(es) conflict. Nothing here can be landed by merging.
2026-09-16T14:34:34.947Z feed start

--- push-work  (a branch nobody can see cannot be closed against)
    pushed 0

--- land  (put accepted work into the branch)
    EMPTY-HANDED - 2 branch(es) are landable and none could be put in a batch - they conflict; it reported: 0 accepted branch(es) landed
      REFUSED - ALL 2 remaining branch(es) conflict. Nothing here can be landed by merging.

--- close-done  (an open accepted issue holds its boundary)
    nothing closable

--- author  (refill to the queue depth)
    REFUSED to file - nobody is draining the backlog

feed complete: push-work=ok land=empty-handed close-done=ok author=ok
  EMPTY-HANDED  land: 2 branch(es) are landable and none could be put in a batch - they conflict
      REFUSED - ALL 2 remaining branch(es) conflict. Nothing here can be landed by merging.
2026-09-16T14:43:28.438Z feed start

--- push-work  (a branch nobody can see cannot be closed against)
    pushed 0

--- land  (put accepted work into the branch)
    EMPTY-HANDED - 2 branch(es) are landable and none could be put in a batch - they conflict; it reported: 0 accepted branch(es) landed
      REFUSED - ALL 2 remaining branch(es) conflict. Nothing here can be landed by merging.

--- close-done  (an open accepted issue holds its boundary)
    nothing closable

--- author  (refill to the queue depth)
    REFUSED to file - nobody is draining the backlog

feed complete: push-work=ok land=empty-handed close-done=ok author=ok
  EMPTY-HANDED  land: 2 branch(es) are landable and none could be put in a batch - they conflict
      REFUSED - ALL 2 remaining branch(es) conflict. Nothing here can be landed by merging.
2026-09-16T14:51:32.552Z feed start

--- push-work  (a branch nobody can see cannot be closed against)
    pushed 0

--- land  (put accepted work into the branch)
    EMPTY-HANDED - 2 branch(es) are landable and none could be put in a batch - they conflict; it reported: 0 accepted branch(es) landed
      REFUSED - ALL 2 remaining branch(es) conflict. Nothing here can be landed by merging.

--- close-done  (an open accepted issue holds its boundary)
    nothing closable

--- author  (refill to the queue depth)
    REFUSED to file - nobody is draining the backlog

feed complete: push-work=ok land=empty-handed close-done=ok author=ok
  EMPTY-HANDED  land: 2 branch(es) are landable and none could be put in a batch - they conflict
      REFUSED - ALL 2 remaining branch(es) conflict. Nothing here can be landed by merging.
2026-09-16T14:59:37.754Z feed start

--- push-work  (a branch nobody can see cannot be closed against)
    pushed 0

--- land  (put accepted work into the branch)
    EMPTY-HANDED - 2 branch(es) are landable and none could be put in a batch - they conflict; it reported: 0 accepted branch(es) landed
      REFUSED - ALL 2 remaining branch(es) conflict. Nothing here can be landed by merging.

--- close-done  (an open accepted issue holds its boundary)
    nothing closable

--- author  (refill to the queue depth)
    REFUSED to file - nobody is draining the backlog

feed complete: push-work=ok land=empty-handed close-done=ok author=ok
  EMPTY-HANDED  land: 2 branch(es) are landable and none could be put in a batch - they conflict
      REFUSED - ALL 2 remaining branch(es) conflict. Nothing here can be landed by merging.
2026-09-16T15:07:18.567Z feed start
the loop lock is held by heal (3 min) - standing down; it feeds too
2026-09-16T15:12:18.804Z feed start

--- push-work  (a branch nobody can see cannot be closed against)
    pushed 0

--- land  (put accepted work into the branch)
    EMPTY-HANDED - 2 branch(es) are landable and none could be put in a batch - they conflict; it reported: 0 accepted branch(es) landed
      REFUSED - ALL 2 remaining branch(es) conflict. Nothing here can be landed by merging.

--- close-done  (an open accepted issue holds its boundary)
    nothing closable

--- author  (refill to the queue depth)
    REFUSED to file - nobody is draining the backlog

feed complete: push-work=ok land=empty-handed close-done=ok author=ok
  EMPTY-HANDED  land: 2 branch(es) are landable and none could be put in a batch - they conflict
      REFUSED - ALL 2 remaining branch(es) conflict. Nothing here can be landed by merging.
2026-09-16T15:20:16.794Z feed start

--- push-work  (a branch nobody can see cannot be closed against)
    pushed 0

--- land  (put accepted work into the branch)
    EMPTY-HANDED - 2 branch(es) are landable and none could be put in a batch - they conflict; it reported: 0 accepted branch(es) landed
      REFUSED - ALL 2 remaining branch(es) conflict. Nothing here can be landed by merging.

--- close-done  (an open accepted issue holds its boundary)
    nothing closable

--- author  (refill to the queue depth)
    REFUSED to file - nobody is draining the backlog

feed complete: push-work=ok land=empty-handed close-done=ok author=ok
  EMPTY-HANDED  land: 2 branch(es) are landable and none could be put in a batch - they conflict
      REFUSED - ALL 2 remaining branch(es) conflict. Nothing here can be landed by merging.
2026-09-16T15:29:28.159Z feed start
the loop lock is held by heal (3 min) - standing down; it feeds too
2026-09-16T15:34:28.440Z feed start

--- push-work  (a branch nobody can see cannot be closed against)
    pushed 0

--- land  (put accepted work into the branch)
    EMPTY-HANDED - 3 branch(es) are landable and none could be put in a batch - they conflict; it reported: 0 accepted branch(es) landed
      REFUSED - ALL 3 remaining branch(es) conflict. Nothing here can be landed by merging.

--- close-done  (an open accepted issue holds its boundary)
    nothing closable

--- author  (refill to the queue depth)
    REFUSED to file - nobody is draining the backlog

feed complete: push-work=ok land=empty-handed close-done=ok author=ok
  EMPTY-HANDED  land: 3 branch(es) are landable and none could be put in a batch - they conflict
      REFUSED - ALL 3 remaining branch(es) conflict. Nothing here can be landed by merging.
2026-09-16T15:42:28.721Z feed start

--- push-work  (a branch nobody can see cannot be closed against)
    pushed 0

--- land  (put accepted work into the branch)
    EMPTY-HANDED - 3 branch(es) are landable and none could be put in a batch - they conflict; it reported: 0 accepted branch(es) landed
      REFUSED - ALL 3 remaining branch(es) conflict. Nothing here can be landed by merging.

--- close-done  (an open accepted issue holds its boundary)
    nothing closable

--- author  (refill to the queue depth)
    REFUSED to file - nobody is draining the backlog

feed complete: push-work=ok land=empty-handed close-done=ok author=ok
  EMPTY-HANDED  land: 3 branch(es) are landable and none could be put in a batch - they conflict
      REFUSED - ALL 3 remaining branch(es) conflict. Nothing here can be landed by merging.
2026-09-16T15:50:34.100Z feed start
the loop lock is held by heal (2 min) - standing down; it feeds too
2026-09-16T15:55:34.455Z feed start
the loop lock is held by heal (7 min) - standing down; it feeds too
2026-09-16T16:00:34.739Z feed start

--- push-work  (a branch nobody can see cannot be closed against)
    pushed 0

--- land  (put accepted work into the branch)
    EMPTY-HANDED - 3 branch(es) are landable and none could be put in a batch - they conflict; it reported: 0 accepted branch(es) landed
      REFUSED - ALL 3 remaining branch(es) conflict. Nothing here can be landed by merging.

--- close-done  (an open accepted issue holds its boundary)
    closed 12, failed 0

--- author  (refill to the queue depth)
    REFUSED to file - nobody is draining the backlog

feed complete: push-work=ok land=empty-handed close-done=ok author=ok
  EMPTY-HANDED  land: 3 branch(es) are landable and none could be put in a batch - they conflict
      REFUSED - ALL 3 remaining branch(es) conflict. Nothing here can be landed by merging.
2026-09-16T16:11:16.571Z feed start
the loop lock is held by heal (0 min) - standing down; it feeds too
2026-09-16T16:16:16.840Z feed start
the loop lock is held by heal (5 min) - standing down; it feeds too
2026-09-16T16:21:17.135Z feed start

--- push-work  (a branch nobody can see cannot be closed against)
    pushed 0

--- land  (put accepted work into the branch)
    EMPTY-HANDED - 3 branch(es) are landable and none could be put in a batch - they conflict; it reported: 0 accepted branch(es) landed
      REFUSED - ALL 3 remaining branch(es) conflict. Nothing here can be landed by merging.

--- close-done  (an open accepted issue holds its boundary)
    closed 12, failed 0

--- author  (refill to the queue depth)
    REFUSED to file - nobody is draining the backlog

feed complete: push-work=ok land=empty-handed close-done=ok author=ok
  EMPTY-HANDED  land: 3 branch(es) are landable and none could be put in a batch - they conflict
      REFUSED - ALL 3 remaining branch(es) conflict. Nothing here can be landed by merging.
2026-09-16T16:31:32.797Z feed start

--- push-work  (a branch nobody can see cannot be closed against)
    pushed 0

--- land  (put accepted work into the branch)
    EMPTY-HANDED - 3 branch(es) are landable and none could be put in a batch - they conflict; it reported: 0 accepted branch(es) landed
      REFUSED - ALL 3 remaining branch(es) conflict. Nothing here can be landed by merging.

--- close-done  (an open accepted issue holds its boundary)
    closed 12, failed 0

--- author  (refill to the queue depth)
    REFUSED to file - nobody is draining the backlog

feed complete: push-work=ok land=empty-handed close-done=ok author=ok
  EMPTY-HANDED  land: 3 branch(es) are landable and none could be put in a batch - they conflict
      REFUSED - ALL 3 remaining branch(es) conflict. Nothing here can be landed by merging.
2026-09-16T16:41:27.178Z feed start

--- push-work  (a branch nobody can see cannot be closed against)
    pushed 0

--- land  (put accepted work into the branch)
    EMPTY-HANDED - 3 branch(es) are landable and none could be put in a batch - they conflict; it reported: 0 accepted branch(es) landed
      REFUSED - ALL 3 remaining branch(es) conflict. Nothing here can be landed by merging.

--- close-done  (an open accepted issue holds its boundary)
    closed 12, failed 0

--- author  (refill to the queue depth)
    REFUSED to file - nobody is draining the backlog

feed complete: push-work=ok land=empty-handed close-done=ok author=ok
  EMPTY-HANDED  land: 3 branch(es) are landable and none could be put in a batch - they conflict
      REFUSED - ALL 3 remaining branch(es) conflict. Nothing here can be landed by merging.
2026-09-16T16:51:31.034Z feed start

--- push-work  (a branch nobody can see cannot be closed against)
    pushed 0

--- land  (put accepted work into the branch)
    EMPTY-HANDED - 3 branch(es) are landable and none could be put in a batch - they conflict; it reported: 0 accepted branch(es) landed
      REFUSED - ALL 3 remaining branch(es) conflict. Nothing here can be landed by merging.

--- close-done  (an open accepted issue holds its boundary)
    closed 12, failed 0

--- author  (refill to the queue depth)
    REFUSED to file - nobody is draining the backlog

feed complete: push-work=ok land=empty-handed close-done=ok author=ok
  EMPTY-HANDED  land: 3 branch(es) are landable and none could be put in a batch - they conflict
      REFUSED - ALL 3 remaining branch(es) conflict. Nothing here can be landed by merging.
2026-09-16T17:04:15.121Z feed start

--- push-work  (a branch nobody can see cannot be closed against)
    pushed 0

--- land  (put accepted work into the branch)
    EMPTY-HANDED - 3 branch(es) are landable and none could be put in a batch - they conflict; it reported: 0 accepted branch(es) landed
      REFUSED - ALL 3 remaining branch(es) conflict. Nothing here can be landed by merging.

--- close-done  (an open accepted issue holds its boundary)
    closed 12, failed 0

--- author  (refill to the queue depth)
    REFUSED to file - nobody is draining the backlog

feed complete: push-work=ok land=empty-handed close-done=ok author=ok
  EMPTY-HANDED  land: 3 branch(es) are landable and none could be put in a batch - they conflict
      REFUSED - ALL 3 remaining branch(es) conflict. Nothing here can be landed by merging.
2026-09-16T17:14:43.414Z feed start
the loop lock is held by heal (0 min) - standing down; it feeds too
2026-09-16T17:19:43.866Z feed start
the loop lock is held by heal (5 min) - standing down; it feeds too
2026-09-16T17:24:44.092Z feed start

--- push-work  (a branch nobody can see cannot be closed against)
    pushed 0

--- land  (put accepted work into the branch)
    EMPTY-HANDED - 3 branch(es) are landable and none could be put in a batch - they conflict; it reported: 0 accepted branch(es) landed
      REFUSED - ALL 3 remaining branch(es) conflict. Nothing here can be landed by merging.

--- close-done  (an open accepted issue holds its boundary)
    closed 12, failed 0

--- author  (refill to the queue depth)
    REFUSED to file - nobody is draining the backlog

feed complete: push-work=ok land=empty-handed close-done=ok author=ok
  EMPTY-HANDED  land: 3 branch(es) are landable and none could be put in a batch - they conflict
      REFUSED - ALL 3 remaining branch(es) conflict. Nothing here can be landed by merging.
2026-09-16T17:35:08.016Z feed start

--- push-work  (a branch nobody can see cannot be closed against)
    pushed 0

--- land  (put accepted work into the branch)
    EMPTY-HANDED - 3 branch(es) are landable and none could be put in a batch - they conflict; it reported: 0 accepted branch(es) landed
      REFUSED - ALL 3 remaining branch(es) conflict. Nothing here can be landed by merging.

--- close-done  (an open accepted issue holds its boundary)
    closed 12, failed 0

--- author  (refill to the queue depth)
    REFUSED to file - nobody is draining the backlog

feed complete: push-work=ok land=empty-handed close-done=ok author=ok
  EMPTY-HANDED  land: 3 branch(es) are landable and none could be put in a batch - they conflict
      REFUSED - ALL 3 remaining branch(es) conflict. Nothing here can be landed by merging.
2026-09-16T17:46:13.361Z feed start

--- push-work  (a branch nobody can see cannot be closed against)
    pushed 0

--- land  (put accepted work into the branch)
    EMPTY-HANDED - 3 branch(es) are landable and none could be put in a batch - they conflict; it reported: 0 accepted branch(es) landed
      REFUSED - ALL 3 remaining branch(es) conflict. Nothing here can be landed by merging.

--- close-done  (an open accepted issue holds its boundary)
    closed 12, failed 0

--- author  (refill to the queue depth)
    REFUSED to file - nobody is draining the backlog

feed complete: push-work=ok land=empty-handed close-done=ok author=ok
  EMPTY-HANDED  land: 3 branch(es) are landable and none could be put in a batch - they conflict
      REFUSED - ALL 3 remaining branch(es) conflict. Nothing here can be landed by merging.
2026-09-16T17:56:18.610Z feed start

--- push-work  (a branch nobody can see cannot be closed against)
    pushed 0

--- land  (put accepted work into the branch)
    EMPTY-HANDED - 3 branch(es) are landable and none could be put in a batch - they conflict; it reported: 0 accepted branch(es) landed
      REFUSED - ALL 3 remaining branch(es) conflict. Nothing here can be landed by merging.

--- close-done  (an open accepted issue holds its boundary)
    closed 12, failed 0

--- author  (refill to the queue depth)
    REFUSED to file - nobody is draining the backlog

feed complete: push-work=ok land=empty-handed close-done=ok author=ok
  EMPTY-HANDED  land: 3 branch(es) are landable and none could be put in a batch - they conflict
      REFUSED - ALL 3 remaining branch(es) conflict. Nothing here can be landed by merging.
2026-09-16T18:06:59.454Z feed start

--- push-work  (a branch nobody can see cannot be closed against)
    pushed 0

--- land  (put accepted work into the branch)
    EMPTY-HANDED - 3 branch(es) are landable and none could be put in a batch - they conflict; it reported: 0 accepted branch(es) landed
      REFUSED - ALL 3 remaining branch(es) conflict. Nothing here can be landed by merging.

--- close-done  (an open accepted issue holds its boundary)
    closed 12, failed 0

--- author  (refill to the queue depth)
    REFUSED to file - nobody is draining the backlog

feed complete: push-work=ok land=empty-handed close-done=ok author=ok
  EMPTY-HANDED  land: 3 branch(es) are landable and none could be put in a batch - they conflict
      REFUSED - ALL 3 remaining branch(es) conflict. Nothing here can be landed by merging.
2026-09-16T18:18:20.889Z feed start

--- push-work  (a branch nobody can see cannot be closed against)
    pushed 0

--- land  (put accepted work into the branch)
    EMPTY-HANDED - 3 branch(es) are landable and none could be put in a batch - they conflict; it reported: 0 accepted branch(es) landed
      REFUSED - ALL 3 remaining branch(es) conflict. Nothing here can be landed by merging.

--- close-done  (an open accepted issue holds its boundary)
    closed 12, failed 0

--- author  (refill to the queue depth)
    REFUSED to file - nobody is draining the backlog

feed complete: push-work=ok land=empty-handed close-done=ok author=ok
  EMPTY-HANDED  land: 3 branch(es) are landable and none could be put in a batch - they conflict
      REFUSED - ALL 3 remaining branch(es) conflict. Nothing here can be landed by merging.
2026-09-16T18:29:09.506Z feed start
the loop lock is held by heal (1 min) - standing down; it feeds too
2026-09-16T18:34:09.770Z feed start
the loop lock is held by heal (6 min) - standing down; it feeds too
2026-09-16T18:39:09.992Z feed start

--- push-work  (a branch nobody can see cannot be closed against)
    pushed 0

--- land  (put accepted work into the branch)
    EMPTY-HANDED - 3 branch(es) are landable and none could be put in a batch - they conflict; it reported: 0 accepted branch(es) landed
      REFUSED - ALL 3 remaining branch(es) conflict. Nothing here can be landed by merging.

--- close-done  (an open accepted issue holds its boundary)
    closed 12, failed 0

--- author  (refill to the queue depth)
    REFUSED to file - nobody is draining the backlog

feed complete: push-work=ok land=empty-handed close-done=ok author=ok
  EMPTY-HANDED  land: 3 branch(es) are landable and none could be put in a batch - they conflict
      REFUSED - ALL 3 remaining branch(es) conflict. Nothing here can be landed by merging.
2026-09-16T18:50:05.600Z feed start

--- push-work  (a branch nobody can see cannot be closed against)
    pushed 0

--- land  (put accepted work into the branch)
    EMPTY-HANDED - 3 branch(es) are landable and none could be put in a batch - they conflict; it reported: 0 accepted branch(es) landed
      REFUSED - ALL 3 remaining branch(es) conflict. Nothing here can be landed by merging.

--- close-done  (an open accepted issue holds its boundary)
    closed 12, failed 0

--- author  (refill to the queue depth)
    REFUSED to file - nobody is draining the backlog

feed complete: push-work=ok land=empty-handed close-done=ok author=ok
  EMPTY-HANDED  land: 3 branch(es) are landable and none could be put in a batch - they conflict
      REFUSED - ALL 3 remaining branch(es) conflict. Nothing here can be landed by merging.
2026-09-16T19:00:56.537Z feed start
the loop lock is held by heal (0 min) - standing down; it feeds too
2026-09-16T19:05:56.817Z feed start
the loop lock is held by heal (5 min) - standing down; it feeds too
2026-09-16T19:10:57.280Z feed start

--- push-work  (a branch nobody can see cannot be closed against)
    pushed 0

--- land  (put accepted work into the branch)
    EMPTY-HANDED - 3 branch(es) are landable and none could be put in a batch - they conflict; it reported: 0 accepted branch(es) landed
      REFUSED - ALL 3 remaining branch(es) conflict. Nothing here can be landed by merging.

--- close-done  (an open accepted issue holds its boundary)
    closed 12, failed 0

--- author  (refill to the queue depth)
    REFUSED to file - nobody is draining the backlog

feed complete: push-work=ok land=empty-handed close-done=ok author=ok
  EMPTY-HANDED  land: 3 branch(es) are landable and none could be put in a batch - they conflict
      REFUSED - ALL 3 remaining branch(es) conflict. Nothing here can be landed by merging.
2026-09-16T19:21:26.819Z feed start

--- push-work  (a branch nobody can see cannot be closed against)
    pushed 0

--- land  (put accepted work into the branch)
    EMPTY-HANDED - 3 branch(es) are landable and none could be put in a batch - they conflict; it reported: 0 accepted branch(es) landed
      REFUSED - ALL 3 remaining branch(es) conflict. Nothing here can be landed by merging.

--- close-done  (an open accepted issue holds its boundary)
    closed 12, failed 0

--- author  (refill to the queue depth)
    REFUSED to file - nobody is draining the backlog

feed complete: push-work=ok land=empty-handed close-done=ok author=ok
  EMPTY-HANDED  land: 3 branch(es) are landable and none could be put in a batch - they conflict
      REFUSED - ALL 3 remaining branch(es) conflict. Nothing here can be landed by merging.
2026-09-16T19:31:54.932Z feed start

--- push-work  (a branch nobody can see cannot be closed against)
    pushed 0

--- land  (put accepted work into the branch)
    EMPTY-HANDED - 3 branch(es) are landable and none could be put in a batch - they conflict; it reported: 0 accepted branch(es) landed
      REFUSED - ALL 3 remaining branch(es) conflict. Nothing here can be landed by merging.

--- close-done  (an open accepted issue holds its boundary)
    closed 12, failed 0

--- author  (refill to the queue depth)
    REFUSED to file - nobody is draining the backlog

feed complete: push-work=ok land=empty-handed close-done=ok author=ok
  EMPTY-HANDED  land: 3 branch(es) are landable and none could be put in a batch - they conflict
      REFUSED - ALL 3 remaining branch(es) conflict. Nothing here can be landed by merging.
2026-09-16T19:42:32.837Z feed start

--- push-work  (a branch nobody can see cannot be closed against)
    pushed 0

--- land  (put accepted work into the branch)
    EMPTY-HANDED - 3 branch(es) are landable and none could be put in a batch - they conflict; it reported: 0 accepted branch(es) landed
      REFUSED - ALL 3 remaining branch(es) conflict. Nothing here can be landed by merging.

--- close-done  (an open accepted issue holds its boundary)
    closed 12, failed 0

--- author  (refill to the queue depth)
    REFUSED to file - nobody is draining the backlog

feed complete: push-work=ok land=empty-handed close-done=ok author=ok
  EMPTY-HANDED  land: 3 branch(es) are landable and none could be put in a batch - they conflict
      REFUSED - ALL 3 remaining branch(es) conflict. Nothing here can be landed by merging.
2026-09-16T19:52:58.653Z feed start

--- push-work  (a branch nobody can see cannot be closed against)
    pushed 0

--- land  (put accepted work into the branch)
    EMPTY-HANDED - 3 branch(es) are landable and none could be put in a batch - they conflict; it reported: 0 accepted branch(es) landed
      REFUSED - ALL 3 remaining branch(es) conflict. Nothing here can be landed by merging.

--- close-done  (an open accepted issue holds its boundary)
    closed 12, failed 0

--- author  (refill to the queue depth)
    REFUSED to file - nobody is draining the backlog

feed complete: push-work=ok land=empty-handed close-done=ok author=ok
  EMPTY-HANDED  land: 3 branch(es) are landable and none could be put in a batch - they conflict
      REFUSED - ALL 3 remaining branch(es) conflict. Nothing here can be landed by merging.
2026-09-16T20:06:22.077Z feed start

--- push-work  (a branch nobody can see cannot be closed against)
    timed out part-way - what it did before that stands:   transport: out of time - a 15s wait would pass the 240s budget, stopping after 1 attempt

--- land  (put accepted work into the branch)
    SKIPPED - past the 8 minute deadline

--- close-done  (an open accepted issue holds its boundary)
    SKIPPED - past the 8 minute deadline

--- author  (refill to the queue depth)
    SKIPPED - past the 8 minute deadline

feed complete: push-work=timed out land=skipped close-done=skipped author=skipped
2026-09-16T20:29:14.491Z feed start

--- push-work  (a branch nobody can see cannot be closed against)
    pushed 0

--- land  (put accepted work into the branch)
    EMPTY-HANDED - 3 branch(es) are landable and none could be put in a batch - they conflict; it reported: 0 accepted branch(es) landed
      REFUSED - ALL 3 remaining branch(es) conflict. Nothing here can be landed by merging.

--- close-done  (an open accepted issue holds its boundary)
    closed 12, failed 0

--- author  (refill to the queue depth)
    REFUSED to file - nobody is draining the backlog

feed complete: push-work=ok land=empty-handed close-done=ok author=ok
  EMPTY-HANDED  land: 3 branch(es) are landable and none could be put in a batch - they conflict
      REFUSED - ALL 3 remaining branch(es) conflict. Nothing here can be landed by merging.
2026-09-16T20:39:18.696Z feed start

--- push-work  (a branch nobody can see cannot be closed against)
    pushed 0

--- land  (put accepted work into the branch)
    EMPTY-HANDED - 3 branch(es) are landable and none could be put in a batch - they conflict; it reported: 0 accepted branch(es) landed
      REFUSED - ALL 3 remaining branch(es) conflict. Nothing here can be landed by merging.

--- close-done  (an open accepted issue holds its boundary)
    closed 12, failed 0

--- author  (refill to the queue depth)
    REFUSED to file - nobody is draining the backlog

feed complete: push-work=ok land=empty-handed close-done=ok author=ok
  EMPTY-HANDED  land: 3 branch(es) are landable and none could be put in a batch - they conflict
      REFUSED - ALL 3 remaining branch(es) conflict. Nothing here can be landed by merging.
2026-09-16T20:49:26.678Z feed start

--- push-work  (a branch nobody can see cannot be closed against)
    pushed 0

--- land  (put accepted work into the branch)
    EMPTY-HANDED - 3 branch(es) are landable and none could be put in a batch - they conflict; it reported: 0 accepted branch(es) landed
      REFUSED - ALL 3 remaining branch(es) conflict. Nothing here can be landed by merging.

--- close-done  (an open accepted issue holds its boundary)
    closed 12, failed 0

--- author  (refill to the queue depth)
    REFUSED to file - nobody is draining the backlog

feed complete: push-work=ok land=empty-handed close-done=ok author=ok
  EMPTY-HANDED  land: 3 branch(es) are landable and none could be put in a batch - they conflict
      REFUSED - ALL 3 remaining branch(es) conflict. Nothing here can be landed by merging.
2026-09-16T20:59:45.458Z feed start

--- push-work  (a branch nobody can see cannot be closed against)
    pushed 0

--- land  (put accepted work into the branch)
    EMPTY-HANDED - 3 branch(es) are landable and none could be put in a batch - they conflict; it reported: 0 accepted branch(es) landed
      REFUSED - ALL 3 remaining branch(es) conflict. Nothing here can be landed by merging.

--- close-done  (an open accepted issue holds its boundary)
    closed 12, failed 0

--- author  (refill to the queue depth)
    REFUSED to file - nobody is draining the backlog

feed complete: push-work=ok land=empty-handed close-done=ok author=ok
  EMPTY-HANDED  land: 3 branch(es) are landable and none could be put in a batch - they conflict
      REFUSED - ALL 3 remaining branch(es) conflict. Nothing here can be landed by merging.
2026-09-16T21:09:44.847Z feed start

--- push-work  (a branch nobody can see cannot be closed against)
    pushed 0

--- land  (put accepted work into the branch)
    EMPTY-HANDED - 3 branch(es) are landable and none could be put in a batch - they conflict; it reported: 0 accepted branch(es) landed
      REFUSED - ALL 3 remaining branch(es) conflict. Nothing here can be landed by merging.

--- close-done  (an open accepted issue holds its boundary)
    closed 12, failed 0

--- author  (refill to the queue depth)
    REFUSED to file - nobody is draining the backlog

feed complete: push-work=ok land=empty-handed close-done=ok author=ok
  EMPTY-HANDED  land: 3 branch(es) are landable and none could be put in a batch - they conflict
      REFUSED - ALL 3 remaining branch(es) conflict. Nothing here can be landed by merging.
2026-09-16T21:20:11.295Z feed start

--- push-work  (a branch nobody can see cannot be closed against)
    pushed 0

--- land  (put accepted work into the branch)
    EMPTY-HANDED - 3 branch(es) are landable and none could be put in a batch - they conflict; it reported: 0 accepted branch(es) landed
      REFUSED - ALL 3 remaining branch(es) conflict. Nothing here can be landed by merging.

--- close-done  (an open accepted issue holds its boundary)
    closed 12, failed 0

--- author  (refill to the queue depth)
    REFUSED to file - nobody is draining the backlog

feed complete: push-work=ok land=empty-handed close-done=ok author=ok
  EMPTY-HANDED  land: 3 branch(es) are landable and none could be put in a batch - they conflict
      REFUSED - ALL 3 remaining branch(es) conflict. Nothing here can be landed by merging.
2026-09-16T21:30:27.850Z feed start

--- push-work  (a branch nobody can see cannot be closed against)
    pushed 0

--- land  (put accepted work into the branch)
    EMPTY-HANDED - 3 branch(es) are landable and none could be put in a batch - they conflict; it reported: 0 accepted branch(es) landed
      REFUSED - ALL 3 remaining branch(es) conflict. Nothing here can be landed by merging.

--- close-done  (an open accepted issue holds its boundary)
    closed 12, failed 0

--- author  (refill to the queue depth)
    REFUSED to file - nobody is draining the backlog

feed complete: push-work=ok land=empty-handed close-done=ok author=ok
  EMPTY-HANDED  land: 3 branch(es) are landable and none could be put in a batch - they conflict
      REFUSED - ALL 3 remaining branch(es) conflict. Nothing here can be landed by merging.
2026-09-16T21:41:10.705Z feed start

--- push-work  (a branch nobody can see cannot be closed against)
    pushed 0

--- land  (put accepted work into the branch)
    EMPTY-HANDED - 3 branch(es) are landable and none could be put in a batch - they conflict; it reported: 0 accepted branch(es) landed
      REFUSED - ALL 3 remaining branch(es) conflict. Nothing here can be landed by merging.

--- close-done  (an open accepted issue holds its boundary)
    closed 12, failed 0

--- author  (refill to the queue depth)
    REFUSED to file - nobody is draining the backlog

feed complete: push-work=ok land=empty-handed close-done=ok author=ok
  EMPTY-HANDED  land: 3 branch(es) are landable and none could be put in a batch - they conflict
      REFUSED - ALL 3 remaining branch(es) conflict. Nothing here can be landed by merging.
2026-09-16T21:51:36.922Z feed start

--- push-work  (a branch nobody can see cannot be closed against)
    pushed 0

--- land  (put accepted work into the branch)
    EMPTY-HANDED - 3 branch(es) are landable and none could be put in a batch - they conflict; it reported: 0 accepted branch(es) landed
      REFUSED - ALL 3 remaining branch(es) conflict. Nothing here can be landed by merging.

--- close-done  (an open accepted issue holds its boundary)
    closed 12, failed 0

--- author  (refill to the queue depth)
    REFUSED to file - nobody is draining the backlog

feed complete: push-work=ok land=empty-handed close-done=ok author=ok
  EMPTY-HANDED  land: 3 branch(es) are landable and none could be put in a batch - they conflict
      REFUSED - ALL 3 remaining branch(es) conflict. Nothing here can be landed by merging.
2026-09-16T22:01:38.082Z feed start

--- push-work  (a branch nobody can see cannot be closed against)
    pushed 0

--- land  (put accepted work into the branch)
    EMPTY-HANDED - 3 branch(es) are landable and none could be put in a batch - they conflict; it reported: 0 accepted branch(es) landed
      REFUSED - ALL 3 remaining branch(es) conflict. Nothing here can be landed by merging.

--- close-done  (an open accepted issue holds its boundary)
    closed 12, failed 0

--- author  (refill to the queue depth)
    REFUSED to file - nobody is draining the backlog

feed complete: push-work=ok land=empty-handed close-done=ok author=ok
  EMPTY-HANDED  land: 3 branch(es) are landable and none could be put in a batch - they conflict
      REFUSED - ALL 3 remaining branch(es) conflict. Nothing here can be landed by merging.
2026-09-16T22:11:35.231Z feed start

--- push-work  (a branch nobody can see cannot be closed against)
    pushed 0

--- land  (put accepted work into the branch)
    EMPTY-HANDED - 3 branch(es) are landable and none could be put in a batch - they conflict; it reported: 0 accepted branch(es) landed
      REFUSED - ALL 3 remaining branch(es) conflict. Nothing here can be landed by merging.

--- close-done  (an open accepted issue holds its boundary)
    closed 12, failed 0

--- author  (refill to the queue depth)
    REFUSED to file - nobody is draining the backlog

feed complete: push-work=ok land=empty-handed close-done=ok author=ok
  EMPTY-HANDED  land: 3 branch(es) are landable and none could be put in a batch - they conflict
      REFUSED - ALL 3 remaining branch(es) conflict. Nothing here can be landed by merging.
2026-09-16T22:21:35.530Z feed start

--- push-work  (a branch nobody can see cannot be closed against)
    pushed 0

--- land  (put accepted work into the branch)
    EMPTY-HANDED - 3 branch(es) are landable and none could be put in a batch - they conflict; it reported: 0 accepted branch(es) landed
      REFUSED - ALL 3 remaining branch(es) conflict. Nothing here can be landed by merging.

--- close-done  (an open accepted issue holds its boundary)
    closed 12, failed 0

--- author  (refill to the queue depth)
    REFUSED to file - nobody is draining the backlog

feed complete: push-work=ok land=empty-handed close-done=ok author=ok
  EMPTY-HANDED  land: 3 branch(es) are landable and none could be put in a batch - they conflict
      REFUSED - ALL 3 remaining branch(es) conflict. Nothing here can be landed by merging.
2026-09-16T22:31:35.573Z feed start

--- push-work  (a branch nobody can see cannot be closed against)
    pushed 0

--- land  (put accepted work into the branch)
    EMPTY-HANDED - 3 branch(es) are landable and none could be put in a batch - they conflict; it reported: 0 accepted branch(es) landed
      REFUSED - ALL 3 remaining branch(es) conflict. Nothing here can be landed by merging.

--- close-done  (an open accepted issue holds its boundary)
    closed 12, failed 0

--- author  (refill to the queue depth)
    REFUSED to file - nobody is draining the backlog

feed complete: push-work=ok land=empty-handed close-done=ok author=ok
  EMPTY-HANDED  land: 3 branch(es) are landable and none could be put in a batch - they conflict
      REFUSED - ALL 3 remaining branch(es) conflict. Nothing here can be landed by merging.
2026-09-16T22:41:34.777Z feed start

--- push-work  (a branch nobody can see cannot be closed against)
    pushed 0

--- land  (put accepted work into the branch)
    EMPTY-HANDED - 3 branch(es) are landable and none could be put in a batch - they conflict; it reported: 0 accepted branch(es) landed
      REFUSED - ALL 3 remaining branch(es) conflict. Nothing here can be landed by merging.

--- close-done  (an open accepted issue holds its boundary)
    closed 12, failed 0

--- author  (refill to the queue depth)
    REFUSED to file - nobody is draining the backlog

feed complete: push-work=ok land=empty-handed close-done=ok author=ok
  EMPTY-HANDED  land: 3 branch(es) are landable and none could be put in a batch - they conflict
      REFUSED - ALL 3 remaining branch(es) conflict. Nothing here can be landed by merging.
2026-09-16T22:51:25.543Z feed start

--- push-work  (a branch nobody can see cannot be closed against)
    pushed 0

--- land  (put accepted work into the branch)
    EMPTY-HANDED - 3 branch(es) are landable and none could be put in a batch - they conflict; it reported: 0 accepted branch(es) landed
      REFUSED - ALL 3 remaining branch(es) conflict. Nothing here can be landed by merging.

--- close-done  (an open accepted issue holds its boundary)
    closed 12, failed 0

--- author  (refill to the queue depth)
    REFUSED to file - nobody is draining the backlog

feed complete: push-work=ok land=empty-handed close-done=ok author=ok
  EMPTY-HANDED  land: 3 branch(es) are landable and none could be put in a batch - they conflict
      REFUSED - ALL 3 remaining branch(es) conflict. Nothing here can be landed by merging.
2026-09-16T23:01:54.286Z feed start

--- push-work  (a branch nobody can see cannot be closed against)
    pushed 0

--- land  (put accepted work into the branch)
    EMPTY-HANDED - 3 branch(es) are landable and none could be put in a batch - they conflict; it reported: 0 accepted branch(es) landed
      REFUSED - ALL 3 remaining branch(es) conflict. Nothing here can be landed by merging.

--- close-done  (an open accepted issue holds its boundary)
    closed 12, failed 0

--- author  (refill to the queue depth)
    REFUSED to file - nobody is draining the backlog

feed complete: push-work=ok land=empty-handed close-done=ok author=ok
  EMPTY-HANDED  land: 3 branch(es) are landable and none could be put in a batch - they conflict
      REFUSED - ALL 3 remaining branch(es) conflict. Nothing here can be landed by merging.
2026-09-16T23:11:43.855Z feed start

--- push-work  (a branch nobody can see cannot be closed against)
    pushed 0

--- land  (put accepted work into the branch)
    EMPTY-HANDED - 3 branch(es) are landable and none could be put in a batch - they conflict; it reported: 0 accepted branch(es) landed
      REFUSED - ALL 3 remaining branch(es) conflict. Nothing here can be landed by merging.

--- close-done  (an open accepted issue holds its boundary)
    closed 12, failed 0

--- author  (refill to the queue depth)
    REFUSED to file - nobody is draining the backlog

feed complete: push-work=ok land=empty-handed close-done=ok author=ok
  EMPTY-HANDED  land: 3 branch(es) are landable and none could be put in a batch - they conflict
      REFUSED - ALL 3 remaining branch(es) conflict. Nothing here can be landed by merging.
2026-09-16T23:21:49.187Z feed start

--- push-work  (a branch nobody can see cannot be closed against)
    pushed 0

--- land  (put accepted work into the branch)
    EMPTY-HANDED - 3 branch(es) are landable and none could be put in a batch - they conflict; it reported: 0 accepted branch(es) landed
      REFUSED - ALL 3 remaining branch(es) conflict. Nothing here can be landed by merging.

--- close-done  (an open accepted issue holds its boundary)
    closed 12, failed 0

--- author  (refill to the queue depth)
    REFUSED to file - nobody is draining the backlog

feed complete: push-work=ok land=empty-handed close-done=ok author=ok
  EMPTY-HANDED  land: 3 branch(es) are landable and none could be put in a batch - they conflict
      REFUSED - ALL 3 remaining branch(es) conflict. Nothing here can be landed by merging.
2026-09-16T23:31:38.266Z feed start

--- push-work  (a branch nobody can see cannot be closed against)
    pushed 0

--- land  (put accepted work into the branch)
    EMPTY-HANDED - 3 branch(es) are landable and none could be put in a batch - they conflict; it reported: 0 accepted branch(es) landed
      REFUSED - ALL 3 remaining branch(es) conflict. Nothing here can be landed by merging.

--- close-done  (an open accepted issue holds its boundary)
    closed 12, failed 0

--- author  (refill to the queue depth)
    REFUSED to file - nobody is draining the backlog

feed complete: push-work=ok land=empty-handed close-done=ok author=ok
  EMPTY-HANDED  land: 3 branch(es) are landable and none could be put in a batch - they conflict
      REFUSED - ALL 3 remaining branch(es) conflict. Nothing here can be landed by merging.
2026-09-16T23:41:28.665Z feed start

--- push-work  (a branch nobody can see cannot be closed against)
    pushed 0

--- land  (put accepted work into the branch)
    EMPTY-HANDED - 3 branch(es) are landable and none could be put in a batch - they conflict; it reported: 0 accepted branch(es) landed
      REFUSED - ALL 3 remaining branch(es) conflict. Nothing here can be landed by merging.

--- close-done  (an open accepted issue holds its boundary)
    closed 12, failed 0

--- author  (refill to the queue depth)
    REFUSED to file - nobody is draining the backlog

feed complete: push-work=ok land=empty-handed close-done=ok author=ok
  EMPTY-HANDED  land: 3 branch(es) are landable and none could be put in a batch - they conflict
      REFUSED - ALL 3 remaining branch(es) conflict. Nothing here can be landed by merging.
2026-09-16T23:51:29.591Z feed start

--- push-work  (a branch nobody can see cannot be closed against)
    pushed 0

--- land  (put accepted work into the branch)
    EMPTY-HANDED - 3 branch(es) are landable and none could be put in a batch - they conflict; it reported: 0 accepted branch(es) landed
      REFUSED - ALL 3 remaining branch(es) conflict. Nothing here can be landed by merging.

--- close-done  (an open accepted issue holds its boundary)
    closed 12, failed 0

--- author  (refill to the queue depth)
    REFUSED to file - nobody is draining the backlog

feed complete: push-work=ok land=empty-handed close-done=ok author=ok
  EMPTY-HANDED  land: 3 branch(es) are landable and none could be put in a batch - they conflict
      REFUSED - ALL 3 remaining branch(es) conflict. Nothing here can be landed by merging.
2026-09-17T00:01:40.267Z feed start

--- push-work  (a branch nobody can see cannot be closed against)
    pushed 0

--- land  (put accepted work into the branch)
    EMPTY-HANDED - 3 branch(es) are landable and none could be put in a batch - they conflict; it reported: 0 accepted branch(es) landed
      REFUSED - ALL 3 remaining branch(es) conflict. Nothing here can be landed by merging.

--- close-done  (an open accepted issue holds its boundary)
    closed 12, failed 0

--- author  (refill to the queue depth)
    REFUSED to file - nobody is draining the backlog

feed complete: push-work=ok land=empty-handed close-done=ok author=ok
  EMPTY-HANDED  land: 3 branch(es) are landable and none could be put in a batch - they conflict
      REFUSED - ALL 3 remaining branch(es) conflict. Nothing here can be landed by merging.
2026-09-17T00:11:38.891Z feed start
the loop lock is held by cycle (0 min) - standing down; it feeds too
2026-09-17T00:16:39.114Z feed start
the loop lock is held by heal (3 min) - standing down; it feeds too
2026-09-17T00:21:39.365Z feed start

--- push-work  (a branch nobody can see cannot be closed against)
    pushed 0

--- land  (put accepted work into the branch)
    EMPTY-HANDED - 3 branch(es) are landable and none could be put in a batch - they conflict; it reported: 0 accepted branch(es) landed
      REFUSED - ALL 3 remaining branch(es) conflict. Nothing here can be landed by merging.

--- close-done  (an open accepted issue holds its boundary)
    closed 12, failed 0

--- author  (refill to the queue depth)
    REFUSED to file - nobody is draining the backlog

feed complete: push-work=ok land=empty-handed close-done=ok author=ok
  EMPTY-HANDED  land: 3 branch(es) are landable and none could be put in a batch - they conflict
      REFUSED - ALL 3 remaining branch(es) conflict. Nothing here can be landed by merging.
2026-09-17T00:31:44.271Z feed start

--- push-work  (a branch nobody can see cannot be closed against)
    pushed 0

--- land  (put accepted work into the branch)
    EMPTY-HANDED - 3 branch(es) are landable and none could be put in a batch - they conflict; it reported: 0 accepted branch(es) landed
      REFUSED - ALL 3 remaining branch(es) conflict. Nothing here can be landed by merging.

--- close-done  (an open accepted issue holds its boundary)
    closed 12, failed 0

--- author  (refill to the queue depth)
    REFUSED to file - nobody is draining the backlog

feed complete: push-work=ok land=empty-handed close-done=ok author=ok
  EMPTY-HANDED  land: 3 branch(es) are landable and none could be put in a batch - they conflict
      REFUSED - ALL 3 remaining branch(es) conflict. Nothing here can be landed by merging.
2026-09-17T00:41:56.077Z feed start

--- push-work  (a branch nobody can see cannot be closed against)
    pushed 0

--- land  (put accepted work into the branch)
    EMPTY-HANDED - 3 branch(es) are landable and none could be put in a batch - they conflict; it reported: 0 accepted branch(es) landed
      REFUSED - ALL 3 remaining branch(es) conflict. Nothing here can be landed by merging.

--- close-done  (an open accepted issue holds its boundary)
    closed 12, failed 0

--- author  (refill to the queue depth)
    REFUSED to file - nobody is draining the backlog

feed complete: push-work=ok land=empty-handed close-done=ok author=ok
  EMPTY-HANDED  land: 3 branch(es) are landable and none could be put in a batch - they conflict
      REFUSED - ALL 3 remaining branch(es) conflict. Nothing here can be landed by merging.
2026-09-17T00:52:08.803Z feed start

--- push-work  (a branch nobody can see cannot be closed against)
    pushed 0

--- land  (put accepted work into the branch)
    EMPTY-HANDED - 3 branch(es) are landable and none could be put in a batch - they conflict; it reported: 0 accepted branch(es) landed
      REFUSED - ALL 3 remaining branch(es) conflict. Nothing here can be landed by merging.

--- close-done  (an open accepted issue holds its boundary)
    closed 12, failed 0

--- author  (refill to the queue depth)
    REFUSED to file - nobody is draining the backlog

feed complete: push-work=ok land=empty-handed close-done=ok author=ok
  EMPTY-HANDED  land: 3 branch(es) are landable and none could be put in a batch - they conflict
      REFUSED - ALL 3 remaining branch(es) conflict. Nothing here can be landed by merging.
2026-09-17T01:02:16.764Z feed start

--- push-work  (a branch nobody can see cannot be closed against)
    pushed 0

--- land  (put accepted work into the branch)
    EMPTY-HANDED - 3 branch(es) are landable and none could be put in a batch - they conflict; it reported: 0 accepted branch(es) landed
      REFUSED - ALL 3 remaining branch(es) conflict. Nothing here can be landed by merging.

--- close-done  (an open accepted issue holds its boundary)
    closed 12, failed 0

--- author  (refill to the queue depth)
    REFUSED to file - nobody is draining the backlog

feed complete: push-work=ok land=empty-handed close-done=ok author=ok
  EMPTY-HANDED  land: 3 branch(es) are landable and none could be put in a batch - they conflict
      REFUSED - ALL 3 remaining branch(es) conflict. Nothing here can be landed by merging.
2026-09-17T01:12:10.388Z feed start

--- push-work  (a branch nobody can see cannot be closed against)
    pushed 0

--- land  (put accepted work into the branch)
    EMPTY-HANDED - 3 branch(es) are landable and none could be put in a batch - they conflict; it reported: 0 accepted branch(es) landed
      REFUSED - ALL 3 remaining branch(es) conflict. Nothing here can be landed by merging.

--- close-done  (an open accepted issue holds its boundary)
    closed 12, failed 0

--- author  (refill to the queue depth)
    REFUSED to file - nobody is draining the backlog

feed complete: push-work=ok land=empty-handed close-done=ok author=ok
  EMPTY-HANDED  land: 3 branch(es) are landable and none could be put in a batch - they conflict
      REFUSED - ALL 3 remaining branch(es) conflict. Nothing here can be landed by merging.
2026-09-17T01:22:21.862Z feed start

--- push-work  (a branch nobody can see cannot be closed against)
    pushed 0

--- land  (put accepted work into the branch)
    EMPTY-HANDED - 3 branch(es) are landable and none could be put in a batch - they conflict; it reported: 0 accepted branch(es) landed
      REFUSED - ALL 3 remaining branch(es) conflict. Nothing here can be landed by merging.

--- close-done  (an open accepted issue holds its boundary)
    closed 12, failed 0

--- author  (refill to the queue depth)
    REFUSED to file - nobody is draining the backlog

feed complete: push-work=ok land=empty-handed close-done=ok author=ok
  EMPTY-HANDED  land: 3 branch(es) are landable and none could be put in a batch - they conflict
      REFUSED - ALL 3 remaining branch(es) conflict. Nothing here can be landed by merging.
2026-09-17T01:32:28.117Z feed start

--- push-work  (a branch nobody can see cannot be closed against)
    pushed 0

--- land  (put accepted work into the branch)
    EMPTY-HANDED - 3 branch(es) are landable and none could be put in a batch - they conflict; it reported: 0 accepted branch(es) landed
      REFUSED - ALL 3 remaining branch(es) conflict. Nothing here can be landed by merging.

--- close-done  (an open accepted issue holds its boundary)
    closed 12, failed 0

--- author  (refill to the queue depth)
    REFUSED to file - nobody is draining the backlog

feed complete: push-work=ok land=empty-handed close-done=ok author=ok
  EMPTY-HANDED  land: 3 branch(es) are landable and none could be put in a batch - they conflict
      REFUSED - ALL 3 remaining branch(es) conflict. Nothing here can be landed by merging.
2026-09-17T01:42:15.314Z feed start

--- push-work  (a branch nobody can see cannot be closed against)
    pushed 0

--- land  (put accepted work into the branch)
    EMPTY-HANDED - 3 branch(es) are landable and none could be put in a batch - they conflict; it reported: 0 accepted branch(es) landed
      REFUSED - ALL 3 remaining branch(es) conflict. Nothing here can be landed by merging.

--- close-done  (an open accepted issue holds its boundary)
    closed 12, failed 0

--- author  (refill to the queue depth)
    REFUSED to file - nobody is draining the backlog

feed complete: push-work=ok land=empty-handed close-done=ok author=ok
  EMPTY-HANDED  land: 3 branch(es) are landable and none could be put in a batch - they conflict
      REFUSED - ALL 3 remaining branch(es) conflict. Nothing here can be landed by merging.
2026-09-17T01:52:22.635Z feed start

--- push-work  (a branch nobody can see cannot be closed against)
    pushed 0

--- land  (put accepted work into the branch)
    EMPTY-HANDED - 3 branch(es) are landable and none could be put in a batch - they conflict; it reported: 0 accepted branch(es) landed
      REFUSED - ALL 3 remaining branch(es) conflict. Nothing here can be landed by merging.

--- close-done  (an open accepted issue holds its boundary)
    closed 12, failed 0

--- author  (refill to the queue depth)
    REFUSED to file - nobody is draining the backlog

feed complete: push-work=ok land=empty-handed close-done=ok author=ok
  EMPTY-HANDED  land: 3 branch(es) are landable and none could be put in a batch - they conflict
      REFUSED - ALL 3 remaining branch(es) conflict. Nothing here can be landed by merging.
2026-09-17T02:02:37.721Z feed start

--- push-work  (a branch nobody can see cannot be closed against)
    pushed 0

--- land  (put accepted work into the branch)
    EMPTY-HANDED - 3 branch(es) are landable and none could be put in a batch - they conflict; it reported: 0 accepted branch(es) landed
      REFUSED - ALL 3 remaining branch(es) conflict. Nothing here can be landed by merging.

--- close-done  (an open accepted issue holds its boundary)
    closed 12, failed 0

--- author  (refill to the queue depth)
    REFUSED to file - nobody is draining the backlog

feed complete: push-work=ok land=empty-handed close-done=ok author=ok
  EMPTY-HANDED  land: 3 branch(es) are landable and none could be put in a batch - they conflict
      REFUSED - ALL 3 remaining branch(es) conflict. Nothing here can be landed by merging.
2026-09-17T02:12:47.331Z feed start

--- push-work  (a branch nobody can see cannot be closed against)
    pushed 0

--- land  (put accepted work into the branch)
    EMPTY-HANDED - 3 branch(es) are landable and none could be put in a batch - they conflict; it reported: 0 accepted branch(es) landed
      REFUSED - ALL 3 remaining branch(es) conflict. Nothing here can be landed by merging.

--- close-done  (an open accepted issue holds its boundary)
    closed 12, failed 0

--- author  (refill to the queue depth)
    REFUSED to file - nobody is draining the backlog

feed complete: push-work=ok land=empty-handed close-done=ok author=ok
  EMPTY-HANDED  land: 3 branch(es) are landable and none could be put in a batch - they conflict
      REFUSED - ALL 3 remaining branch(es) conflict. Nothing here can be landed by merging.
2026-09-17T02:22:40.165Z feed start

--- push-work  (a branch nobody can see cannot be closed against)
    pushed 0

--- land  (put accepted work into the branch)
    EMPTY-HANDED - 3 branch(es) are landable and none could be put in a batch - they conflict; it reported: 0 accepted branch(es) landed
      REFUSED - ALL 3 remaining branch(es) conflict. Nothing here can be landed by merging.

--- close-done  (an open accepted issue holds its boundary)
    closed 12, failed 0

--- author  (refill to the queue depth)
    REFUSED to file - nobody is draining the backlog

feed complete: push-work=ok land=empty-handed close-done=ok author=ok
  EMPTY-HANDED  land: 3 branch(es) are landable and none could be put in a batch - they conflict
      REFUSED - ALL 3 remaining branch(es) conflict. Nothing here can be landed by merging.
2026-09-17T02:32:46.643Z feed start

--- push-work  (a branch nobody can see cannot be closed against)
    pushed 0

--- land  (put accepted work into the branch)
    EMPTY-HANDED - 3 branch(es) are landable and none could be put in a batch - they conflict; it reported: 0 accepted branch(es) landed
      REFUSED - ALL 3 remaining branch(es) conflict. Nothing here can be landed by merging.

--- close-done  (an open accepted issue holds its boundary)
    closed 12, failed 0

--- author  (refill to the queue depth)
    REFUSED to file - nobody is draining the backlog

feed complete: push-work=ok land=empty-handed close-done=ok author=ok
  EMPTY-HANDED  land: 3 branch(es) are landable and none could be put in a batch - they conflict
      REFUSED - ALL 3 remaining branch(es) conflict. Nothing here can be landed by merging.
2026-09-17T02:42:51.996Z feed start

--- push-work  (a branch nobody can see cannot be closed against)
    pushed 0

--- land  (put accepted work into the branch)
    EMPTY-HANDED - 3 branch(es) are landable and none could be put in a batch - they conflict; it reported: 0 accepted branch(es) landed
      REFUSED - ALL 3 remaining branch(es) conflict. Nothing here can be landed by merging.

--- close-done  (an open accepted issue holds its boundary)
    closed 12, failed 0

--- author  (refill to the queue depth)
    REFUSED to file - nobody is draining the backlog

feed complete: push-work=ok land=empty-handed close-done=ok author=ok
  EMPTY-HANDED  land: 3 branch(es) are landable and none could be put in a batch - they conflict
      REFUSED - ALL 3 remaining branch(es) conflict. Nothing here can be landed by merging.
2026-09-17T02:53:16.274Z feed start

--- push-work  (a branch nobody can see cannot be closed against)
    pushed 0

--- land  (put accepted work into the branch)
    EMPTY-HANDED - 3 branch(es) are landable and none could be put in a batch - they conflict; it reported: 0 accepted branch(es) landed
      REFUSED - ALL 3 remaining branch(es) conflict. Nothing here can be landed by merging.

--- close-done  (an open accepted issue holds its boundary)
    closed 12, failed 0

--- author  (refill to the queue depth)
    REFUSED to file - nobody is draining the backlog

feed complete: push-work=ok land=empty-handed close-done=ok author=ok
  EMPTY-HANDED  land: 3 branch(es) are landable and none could be put in a batch - they conflict
      REFUSED - ALL 3 remaining branch(es) conflict. Nothing here can be landed by merging.
2026-09-17T03:04:12.782Z feed start

--- push-work  (a branch nobody can see cannot be closed against)
    pushed 0

--- land  (put accepted work into the branch)
    EMPTY-HANDED - 3 branch(es) are landable and none could be put in a batch - they conflict; it reported: 0 accepted branch(es) landed
      REFUSED - ALL 3 remaining branch(es) conflict. Nothing here can be landed by merging.

--- close-done  (an open accepted issue holds its boundary)
    closed 12, failed 0

--- author  (refill to the queue depth)
    REFUSED to file - nobody is draining the backlog

feed complete: push-work=ok land=empty-handed close-done=ok author=ok
  EMPTY-HANDED  land: 3 branch(es) are landable and none could be put in a batch - they conflict
      REFUSED - ALL 3 remaining branch(es) conflict. Nothing here can be landed by merging.
2026-09-17T03:14:39.995Z feed start

--- push-work  (a branch nobody can see cannot be closed against)
    pushed 0

--- land  (put accepted work into the branch)
    EMPTY-HANDED - 3 branch(es) are landable and none could be put in a batch - they conflict; it reported: 0 accepted branch(es) landed
      REFUSED - ALL 3 remaining branch(es) conflict. Nothing here can be landed by merging.

--- close-done  (an open accepted issue holds its boundary)
    closed 12, failed 0

--- author  (refill to the queue depth)
    REFUSED to file - nobody is draining the backlog

feed complete: push-work=ok land=empty-handed close-done=ok author=ok
  EMPTY-HANDED  land: 3 branch(es) are landable and none could be put in a batch - they conflict
      REFUSED - ALL 3 remaining branch(es) conflict. Nothing here can be landed by merging.
2026-09-17T03:25:01.369Z feed start

--- push-work  (a branch nobody can see cannot be closed against)
    pushed 0

--- land  (put accepted work into the branch)
    EMPTY-HANDED - 3 branch(es) are landable and none could be put in a batch - they conflict; it reported: 0 accepted branch(es) landed
      REFUSED - ALL 3 remaining branch(es) conflict. Nothing here can be landed by merging.

--- close-done  (an open accepted issue holds its boundary)
    closed 12, failed 0

--- author  (refill to the queue depth)
    REFUSED to file - nobody is draining the backlog

feed complete: push-work=ok land=empty-handed close-done=ok author=ok
  EMPTY-HANDED  land: 3 branch(es) are landable and none could be put in a batch - they conflict
      REFUSED - ALL 3 remaining branch(es) conflict. Nothing here can be landed by merging.
2026-09-17T03:35:17.015Z feed start

--- push-work  (a branch nobody can see cannot be closed against)
    pushed 0

--- land  (put accepted work into the branch)
    EMPTY-HANDED - 3 branch(es) are landable and none could be put in a batch - they conflict; it reported: 0 accepted branch(es) landed
      REFUSED - ALL 3 remaining branch(es) conflict. Nothing here can be landed by merging.

--- close-done  (an open accepted issue holds its boundary)
    closed 12, failed 0

--- author  (refill to the queue depth)
    REFUSED to file - nobody is draining the backlog

feed complete: push-work=ok land=empty-handed close-done=ok author=ok
  EMPTY-HANDED  land: 3 branch(es) are landable and none could be put in a batch - they conflict
      REFUSED - ALL 3 remaining branch(es) conflict. Nothing here can be landed by merging.
2026-09-17T03:45:35.692Z feed start

--- push-work  (a branch nobody can see cannot be closed against)
    pushed 0

--- land  (put accepted work into the branch)
    EMPTY-HANDED - 3 branch(es) are landable and none could be put in a batch - they conflict; it reported: 0 accepted branch(es) landed
      REFUSED - ALL 3 remaining branch(es) conflict. Nothing here can be landed by merging.

--- close-done  (an open accepted issue holds its boundary)
    closed 12, failed 0

--- author  (refill to the queue depth)
    REFUSED to file - nobody is draining the backlog

feed complete: push-work=ok land=empty-handed close-done=ok author=ok
  EMPTY-HANDED  land: 3 branch(es) are landable and none could be put in a batch - they conflict
      REFUSED - ALL 3 remaining branch(es) conflict. Nothing here can be landed by merging.
2026-09-17T03:55:39.928Z feed start

--- push-work  (a branch nobody can see cannot be closed against)
    pushed 0

--- land  (put accepted work into the branch)
    EMPTY-HANDED - 3 branch(es) are landable and none could be put in a batch - they conflict; it reported: 0 accepted branch(es) landed
      REFUSED - ALL 3 remaining branch(es) conflict. Nothing here can be landed by merging.

--- close-done  (an open accepted issue holds its boundary)
    closed 12, failed 0

--- author  (refill to the queue depth)
    REFUSED to file - nobody is draining the backlog

feed complete: push-work=ok land=empty-handed close-done=ok author=ok
  EMPTY-HANDED  land: 3 branch(es) are landable and none could be put in a batch - they conflict
      REFUSED - ALL 3 remaining branch(es) conflict. Nothing here can be landed by merging.
2026-09-17T04:06:04.552Z feed start

--- push-work  (a branch nobody can see cannot be closed against)
    pushed 0

--- land  (put accepted work into the branch)
    EMPTY-HANDED - 3 branch(es) are landable and none could be put in a batch - they conflict; it reported: 0 accepted branch(es) landed
      REFUSED - ALL 3 remaining branch(es) conflict. Nothing here can be landed by merging.

--- close-done  (an open accepted issue holds its boundary)
    closed 12, failed 0

--- author  (refill to the queue depth)
    REFUSED to file - nobody is draining the backlog

feed complete: push-work=ok land=empty-handed close-done=ok author=ok
  EMPTY-HANDED  land: 3 branch(es) are landable and none could be put in a batch - they conflict
      REFUSED - ALL 3 remaining branch(es) conflict. Nothing here can be landed by merging.
2026-09-17T04:16:18.753Z feed start

--- push-work  (a branch nobody can see cannot be closed against)
    pushed 0

--- land  (put accepted work into the branch)
    EMPTY-HANDED - 3 branch(es) are landable and none could be put in a batch - they conflict; it reported: 0 accepted branch(es) landed
      REFUSED - ALL 3 remaining branch(es) conflict. Nothing here can be landed by merging.

--- close-done  (an open accepted issue holds its boundary)
    closed 12, failed 0

--- author  (refill to the queue depth)
    REFUSED to file - nobody is draining the backlog

feed complete: push-work=ok land=empty-handed close-done=ok author=ok
  EMPTY-HANDED  land: 3 branch(es) are landable and none could be put in a batch - they conflict
      REFUSED - ALL 3 remaining branch(es) conflict. Nothing here can be landed by merging.
2026-09-17T04:26:30.163Z feed start

--- push-work  (a branch nobody can see cannot be closed against)
    pushed 0

--- land  (put accepted work into the branch)
    EMPTY-HANDED - 3 branch(es) are landable and none could be put in a batch - they conflict; it reported: 0 accepted branch(es) landed
      REFUSED - ALL 3 remaining branch(es) conflict. Nothing here can be landed by merging.

--- close-done  (an open accepted issue holds its boundary)
    closed 12, failed 0

--- author  (refill to the queue depth)
    REFUSED to file - nobody is draining the backlog

feed complete: push-work=ok land=empty-handed close-done=ok author=ok
  EMPTY-HANDED  land: 3 branch(es) are landable and none could be put in a batch - they conflict
      REFUSED - ALL 3 remaining branch(es) conflict. Nothing here can be landed by merging.
2026-09-17T04:37:17.954Z feed start

--- push-work  (a branch nobody can see cannot be closed against)
    pushed 0

--- land  (put accepted work into the branch)
    EMPTY-HANDED - 3 branch(es) are landable and none could be put in a batch - they conflict; it reported: 0 accepted branch(es) landed
      REFUSED - ALL 3 remaining branch(es) conflict. Nothing here can be landed by merging.

--- close-done  (an open accepted issue holds its boundary)
    closed 12, failed 0

--- author  (refill to the queue depth)
    REFUSED to file - nobody is draining the backlog

feed complete: push-work=ok land=empty-handed close-done=ok author=ok
  EMPTY-HANDED  land: 3 branch(es) are landable and none could be put in a batch - they conflict
      REFUSED - ALL 3 remaining branch(es) conflict. Nothing here can be landed by merging.
2026-09-17T04:48:27.228Z feed start

--- push-work  (a branch nobody can see cannot be closed against)
    pushed 0

--- land  (put accepted work into the branch)
    EMPTY-HANDED - 3 branch(es) are landable and none could be put in a batch - they conflict; it reported: 0 accepted branch(es) landed
      REFUSED - ALL 3 remaining branch(es) conflict. Nothing here can be landed by merging.

--- close-done  (an open accepted issue holds its boundary)
    closed 12, failed 0

--- author  (refill to the queue depth)
    REFUSED to file - nobody is draining the backlog

feed complete: push-work=ok land=empty-handed close-done=ok author=ok
  EMPTY-HANDED  land: 3 branch(es) are landable and none could be put in a batch - they conflict
      REFUSED - ALL 3 remaining branch(es) conflict. Nothing here can be landed by merging.
2026-09-17T05:00:49.249Z feed start
the loop lock is held by heal (2 min) - standing down; it feeds too
2026-09-17T05:05:51.488Z feed start
the loop lock is held by heal (7 min) - standing down; it feeds too
2026-09-17T05:10:51.786Z feed start

--- push-work  (a branch nobody can see cannot be closed against)
    pushed 0

--- land  (put accepted work into the branch)
    EMPTY-HANDED - 3 branch(es) are landable and none could be put in a batch - they conflict; it reported: 0 accepted branch(es) landed
      REFUSED - ALL 3 remaining branch(es) conflict. Nothing here can be landed by merging.

--- close-done  (an open accepted issue holds its boundary)
    closed 12, failed 0

--- author  (refill to the queue depth)
    REFUSED to file - nobody is draining the backlog

feed complete: push-work=ok land=empty-handed close-done=ok author=ok
  EMPTY-HANDED  land: 3 branch(es) are landable and none could be put in a batch - they conflict
      REFUSED - ALL 3 remaining branch(es) conflict. Nothing here can be landed by merging.
2026-09-17T05:23:05.854Z feed start
the loop lock is held by heal (2 min) - standing down; it feeds too
2026-09-17T05:28:06.147Z feed start
the loop lock is held by heal (7 min) - standing down; it feeds too
2026-09-17T05:33:06.421Z feed start

--- push-work  (a branch nobody can see cannot be closed against)
    pushed 0

--- land  (put accepted work into the branch)
    EMPTY-HANDED - 3 branch(es) are landable and none could be put in a batch - they conflict; it reported: 0 accepted branch(es) landed
      REFUSED - ALL 3 remaining branch(es) conflict. Nothing here can be landed by merging.

--- close-done  (an open accepted issue holds its boundary)
    closed 12, failed 0

--- author  (refill to the queue depth)
    REFUSED to file - nobody is draining the backlog

feed complete: push-work=ok land=empty-handed close-done=ok author=ok
  EMPTY-HANDED  land: 3 branch(es) are landable and none could be put in a batch - they conflict
      REFUSED - ALL 3 remaining branch(es) conflict. Nothing here can be landed by merging.
2026-09-17T05:43:32.844Z feed start

--- push-work  (a branch nobody can see cannot be closed against)
    pushed 0

--- land  (put accepted work into the branch)
    EMPTY-HANDED - 3 branch(es) are landable and none could be put in a batch - they conflict; it reported: 0 accepted branch(es) landed
      REFUSED - ALL 3 remaining branch(es) conflict. Nothing here can be landed by merging.

--- close-done  (an open accepted issue holds its boundary)
    closed 12, failed 0

--- author  (refill to the queue depth)
    REFUSED to file - nobody is draining the backlog

feed complete: push-work=ok land=empty-handed close-done=ok author=ok
  EMPTY-HANDED  land: 3 branch(es) are landable and none could be put in a batch - they conflict
      REFUSED - ALL 3 remaining branch(es) conflict. Nothing here can be landed by merging.
2026-09-17T05:54:27.791Z feed start
the loop lock is held by heal (5 min) - standing down; it feeds too
2026-09-17T05:59:28.056Z feed start

--- push-work  (a branch nobody can see cannot be closed against)
    pushed 0

--- land  (put accepted work into the branch)
    EMPTY-HANDED - 3 branch(es) are landable and none could be put in a batch - they conflict; it reported: 0 accepted branch(es) landed
      REFUSED - ALL 3 remaining branch(es) conflict. Nothing here can be landed by merging.

--- close-done  (an open accepted issue holds its boundary)
2026-09-17T06:10:55.426Z feed start

--- push-work  (a branch nobody can see cannot be closed against)
    pushed 0

--- land  (put accepted work into the branch)
    EMPTY-HANDED - 3 branch(es) are landable and none could be put in a batch - they conflict; it reported: 0 accepted branch(es) landed
      REFUSED - ALL 3 remaining branch(es) conflict. Nothing here can be landed by merging.

--- close-done  (an open accepted issue holds its boundary)
    closed 12, failed 0

--- author  (refill to the queue depth)
    REFUSED to file - nobody is draining the backlog

feed complete: push-work=ok land=empty-handed close-done=ok author=ok
  EMPTY-HANDED  land: 3 branch(es) are landable and none could be put in a batch - they conflict
      REFUSED - ALL 3 remaining branch(es) conflict. Nothing here can be landed by merging.
2026-09-17T06:23:42.079Z feed start
the loop lock is held by heal (1 min) - standing down; it feeds too
2026-09-17T06:28:43.132Z feed start
the loop lock is held by heal (6 min) - standing down; it feeds too
2026-09-17T06:33:45.688Z feed start

--- push-work  (a branch nobody can see cannot be closed against)
    pushed 0

--- land  (put accepted work into the branch)
    EMPTY-HANDED - 3 branch(es) are landable and none could be put in a batch - they conflict; it reported: 0 accepted branch(es) landed
      REFUSED - ALL 3 remaining branch(es) conflict. Nothing here can be landed by merging.

--- close-done  (an open accepted issue holds its boundary)
    closed 12, failed 0

--- author  (refill to the queue depth)
    timed out part-way - what it did before that stands: 

feed complete: push-work=ok land=empty-handed close-done=ok author=timed out
  EMPTY-HANDED  land: 3 branch(es) are landable and none could be put in a batch - they conflict
      REFUSED - ALL 3 remaining branch(es) conflict. Nothing here can be landed by merging.
2026-09-17T06:46:54.058Z feed start

--- push-work  (a branch nobody can see cannot be closed against)
    pushed 0

--- land  (put accepted work into the branch)
    EMPTY-HANDED - 3 branch(es) are landable and none could be put in a batch - they conflict; it reported: 0 accepted branch(es) landed
      REFUSED - ALL 3 remaining branch(es) conflict. Nothing here can be landed by merging.

--- close-done  (an open accepted issue holds its boundary)
    timed out part-way - what it did before that stands: closable 12   skipped 140

--- author  (refill to the queue depth)
    SKIPPED - past the 8 minute deadline

feed complete: push-work=ok land=empty-handed close-done=timed out author=skipped
  EMPTY-HANDED  land: 3 branch(es) are landable and none could be put in a batch - they conflict
      REFUSED - ALL 3 remaining branch(es) conflict. Nothing here can be landed by merging.
2026-09-17T06:59:54.478Z feed start
the loop lock is held by heal (1 min) - standing down; it feeds too
2026-09-17T07:04:54.804Z feed start
the loop lock is held by heal (6 min) - standing down; it feeds too
2026-09-17T07:09:56.523Z feed start

--- push-work  (a branch nobody can see cannot be closed against)
    pushed 0

--- land  (put accepted work into the branch)
    EMPTY-HANDED - 3 branch(es) are landable and none could be put in a batch - they conflict; it reported: 0 accepted branch(es) landed
      REFUSED - ALL 3 remaining branch(es) conflict. Nothing here can be landed by merging.

--- close-done  (an open accepted issue holds its boundary)
    closed 12, failed 0

--- author  (refill to the queue depth)
    REFUSED to file - nobody is draining the backlog

feed complete: push-work=ok land=empty-handed close-done=ok author=ok
  EMPTY-HANDED  land: 3 branch(es) are landable and none could be put in a batch - they conflict
      REFUSED - ALL 3 remaining branch(es) conflict. Nothing here can be landed by merging.
2026-09-17T07:22:09.167Z feed start

--- push-work  (a branch nobody can see cannot be closed against)
    pushed 0

--- land  (put accepted work into the branch)
    EMPTY-HANDED - 3 branch(es) are landable and none could be put in a batch - they conflict; it reported: 0 accepted branch(es) landed
      REFUSED - ALL 3 remaining branch(es) conflict. Nothing here can be landed by merging.

--- close-done  (an open accepted issue holds its boundary)
    closed 12, failed 0

--- author  (refill to the queue depth)
    REFUSED to file - nobody is draining the backlog

feed complete: push-work=ok land=empty-handed close-done=ok author=ok
  EMPTY-HANDED  land: 3 branch(es) are landable and none could be put in a batch - they conflict
      REFUSED - ALL 3 remaining branch(es) conflict. Nothing here can be landed by merging.
2026-09-17T07:34:33.951Z feed start

--- push-work  (a branch nobody can see cannot be closed against)
    pushed 0

--- land  (put accepted work into the branch)
    EMPTY-HANDED - 3 branch(es) are landable and none could be put in a batch - they conflict; it reported: 0 accepted branch(es) landed
      REFUSED - ALL 3 remaining branch(es) conflict. Nothing here can be landed by merging.

--- close-done  (an open accepted issue holds its boundary)
    timed out part-way - what it did before that stands: closable 12   skipped 134

--- author  (refill to the queue depth)
    SKIPPED - past the 8 minute deadline

feed complete: push-work=ok land=empty-handed close-done=timed out author=skipped
  EMPTY-HANDED  land: 3 branch(es) are landable and none could be put in a batch - they conflict
      REFUSED - ALL 3 remaining branch(es) conflict. Nothing here can be landed by merging.
2026-09-17T07:47:40.203Z feed start
the loop lock is held by heal (2 min) - standing down; it feeds too
2026-09-17T07:52:40.883Z feed start
the loop lock is held by heal (7 min) - standing down; it feeds too
2026-09-17T07:57:45.829Z feed start

--- push-work  (a branch nobody can see cannot be closed against)
    pushed 0

--- land  (put accepted work into the branch)
    EMPTY-HANDED - 3 branch(es) are landable and none could be put in a batch - they conflict; it reported: 0 accepted branch(es) landed
      REFUSED - ALL 3 remaining branch(es) conflict. Nothing here can be landed by merging.

--- close-done  (an open accepted issue holds its boundary)
    timed out part-way - what it did before that stands: closable 12   skipped 125

--- author  (refill to the queue depth)
    SKIPPED - past the 8 minute deadline

feed complete: push-work=ok land=empty-handed close-done=timed out author=skipped
  EMPTY-HANDED  land: 3 branch(es) are landable and none could be put in a batch - they conflict
      REFUSED - ALL 3 remaining branch(es) conflict. Nothing here can be landed by merging.
2026-09-17T08:10:46.781Z feed start

--- push-work  (a branch nobody can see cannot be closed against)
    pushed 0

--- land  (put accepted work into the branch)
    EMPTY-HANDED - 3 branch(es) are landable and none could be put in a batch - they conflict; it reported: 0 accepted branch(es) landed
      REFUSED - ALL 3 remaining branch(es) conflict. Nothing here can be landed by merging.

--- close-done  (an open accepted issue holds its boundary)
    closed 12, failed 0

--- author  (refill to the queue depth)
    REFUSED to file - nobody is draining the backlog

feed complete: push-work=ok land=empty-handed close-done=ok author=ok
  EMPTY-HANDED  land: 3 branch(es) are landable and none could be put in a batch - they conflict
      REFUSED - ALL 3 remaining branch(es) conflict. Nothing here can be landed by merging.
2026-09-17T08:23:28.876Z feed start
the loop lock is held by heal (1 min) - standing down; it feeds too
2026-09-17T08:28:29.334Z feed start
the loop lock is held by heal (6 min) - standing down; it feeds too
2026-09-17T08:33:29.758Z feed start

--- push-work  (a branch nobody can see cannot be closed against)
    pushed 0

--- land  (put accepted work into the branch)
    EMPTY-HANDED - 3 branch(es) are landable and none could be put in a batch - they conflict; it reported: 0 accepted branch(es) landed
      REFUSED - ALL 3 remaining branch(es) conflict. Nothing here can be landed by merging.

--- close-done  (an open accepted issue holds its boundary)
    closed 12, failed 0

--- author  (refill to the queue depth)
    REFUSED to file - nobody is draining the backlog

feed complete: push-work=ok land=empty-handed close-done=ok author=ok
  EMPTY-HANDED  land: 3 branch(es) are landable and none could be put in a batch - they conflict
      REFUSED - ALL 3 remaining branch(es) conflict. Nothing here can be landed by merging.
2026-09-17T08:44:20.351Z feed start

--- push-work  (a branch nobody can see cannot be closed against)
    pushed 0

--- land  (put accepted work into the branch)
    EMPTY-HANDED - 3 branch(es) are landable and none could be put in a batch - they conflict; it reported: 0 accepted branch(es) landed
      REFUSED - ALL 3 remaining branch(es) conflict. Nothing here can be landed by merging.

--- close-done  (an open accepted issue holds its boundary)
    closed 12, failed 0

--- author  (refill to the queue depth)
    REFUSED to file - nobody is draining the backlog

feed complete: push-work=ok land=empty-handed close-done=ok author=ok
  EMPTY-HANDED  land: 3 branch(es) are landable and none could be put in a batch - they conflict
      REFUSED - ALL 3 remaining branch(es) conflict. Nothing here can be landed by merging.
2026-09-17T08:55:40.402Z feed start
the loop lock is held by heal (0 min) - standing down; it feeds too
2026-09-17T09:00:40.688Z feed start
the loop lock is held by heal (5 min) - standing down; it feeds too
2026-09-17T09:05:41.349Z feed start

--- push-work  (a branch nobody can see cannot be closed against)
    pushed 0

--- land  (put accepted work into the branch)
    EMPTY-HANDED - 3 branch(es) are landable and none could be put in a batch - they conflict; it reported: 0 accepted branch(es) landed
      REFUSED - ALL 3 remaining branch(es) conflict. Nothing here can be landed by merging.

--- close-done  (an open accepted issue holds its boundary)
    closed 12, failed 0

--- author  (refill to the queue depth)
    REFUSED to file - nobody is draining the backlog

feed complete: push-work=ok land=empty-handed close-done=ok author=ok
  EMPTY-HANDED  land: 3 branch(es) are landable and none could be put in a batch - they conflict
      REFUSED - ALL 3 remaining branch(es) conflict. Nothing here can be landed by merging.
2026-09-17T09:15:26.990Z feed start

--- push-work  (a branch nobody can see cannot be closed against)
    pushed 0

--- land  (put accepted work into the branch)
    EMPTY-HANDED - 3 branch(es) are landable and none could be put in a batch - they conflict; it reported: 0 accepted branch(es) landed
      REFUSED - ALL 3 remaining branch(es) conflict. Nothing here can be landed by merging.

--- close-done  (an open accepted issue holds its boundary)
    closed 12, failed 0

--- author  (refill to the queue depth)
    REFUSED to file - nobody is draining the backlog

feed complete: push-work=ok land=empty-handed close-done=ok author=ok
  EMPTY-HANDED  land: 3 branch(es) are landable and none could be put in a batch - they conflict
      REFUSED - ALL 3 remaining branch(es) conflict. Nothing here can be landed by merging.
2026-09-17T09:28:09.764Z feed start
the loop lock is held by heal (0 min) - standing down; it feeds too
2026-09-17T09:33:10.037Z feed start
the loop lock is held by heal (5 min) - standing down; it feeds too
2026-09-17T09:38:15.949Z feed start

--- push-work  (a branch nobody can see cannot be closed against)
    pushed 0

--- land  (put accepted work into the branch)
    EMPTY-HANDED - 3 branch(es) are landable and none could be put in a batch - they conflict; it reported: 0 accepted branch(es) landed
      REFUSED - ALL 3 remaining branch(es) conflict. Nothing here can be landed by merging.

--- close-done  (an open accepted issue holds its boundary)
    closed 12, failed 0

--- author  (refill to the queue depth)
    timed out part-way - what it did before that stands: 

feed complete: push-work=ok land=empty-handed close-done=ok author=timed out
  EMPTY-HANDED  land: 3 branch(es) are landable and none could be put in a batch - they conflict
      REFUSED - ALL 3 remaining branch(es) conflict. Nothing here can be landed by merging.
2026-09-17T09:51:27.738Z feed start

--- push-work  (a branch nobody can see cannot be closed against)
    pushed 0

--- land  (put accepted work into the branch)
    EMPTY-HANDED - 3 branch(es) are landable and none could be put in a batch - they conflict; it reported: 0 accepted branch(es) landed
      REFUSED - ALL 3 remaining branch(es) conflict. Nothing here can be landed by merging.

--- close-done  (an open accepted issue holds its boundary)
    closed 12, failed 0

--- author  (refill to the queue depth)
    REFUSED to file - nobody is draining the backlog

feed complete: push-work=ok land=empty-handed close-done=ok author=ok
  EMPTY-HANDED  land: 3 branch(es) are landable and none could be put in a batch - they conflict
      REFUSED - ALL 3 remaining branch(es) conflict. Nothing here can be landed by merging.
2026-09-17T10:01:15.961Z feed start

--- push-work  (a branch nobody can see cannot be closed against)
    pushed 0

--- land  (put accepted work into the branch)
    EMPTY-HANDED - 3 branch(es) are landable and none could be put in a batch - they conflict; it reported: 0 accepted branch(es) landed
      REFUSED - ALL 3 remaining branch(es) conflict. Nothing here can be landed by merging.

--- close-done  (an open accepted issue holds its boundary)
    closed 12, failed 0

--- author  (refill to the queue depth)
    REFUSED to file - nobody is draining the backlog

feed complete: push-work=ok land=empty-handed close-done=ok author=ok
  EMPTY-HANDED  land: 3 branch(es) are landable and none could be put in a batch - they conflict
      REFUSED - ALL 3 remaining branch(es) conflict. Nothing here can be landed by merging.
2026-09-17T10:12:15.282Z feed start
the loop lock is held by heal (0 min) - standing down; it feeds too
2026-09-17T10:17:15.511Z feed start
the loop lock is held by heal (5 min) - standing down; it feeds too
2026-09-17T10:22:16.148Z feed start

--- push-work  (a branch nobody can see cannot be closed against)
    pushed 0

--- land  (put accepted work into the branch)
    EMPTY-HANDED - 3 branch(es) are landable and none could be put in a batch - they conflict; it reported: 0 accepted branch(es) landed
      REFUSED - ALL 3 remaining branch(es) conflict. Nothing here can be landed by merging.

--- close-done  (an open accepted issue holds its boundary)
    timed out part-way - what it did before that stands: closable 12   skipped 85

--- author  (refill to the queue depth)
    timed out part-way - what it did before that stands: 

feed complete: push-work=ok land=empty-handed close-done=timed out author=timed out
  EMPTY-HANDED  land: 3 branch(es) are landable and none could be put in a batch - they conflict
      REFUSED - ALL 3 remaining branch(es) conflict. Nothing here can be landed by merging.
2026-09-17T10:35:34.788Z feed start
the loop lock is held by heal (0 min) - standing down; it feeds too
2026-09-17T10:40:35.106Z feed start
the loop lock is held by heal (5 min) - standing down; it feeds too
2026-09-17T10:45:35.518Z feed start

--- push-work  (a branch nobody can see cannot be closed against)
    pushed 0

--- land  (put accepted work into the branch)
    EMPTY-HANDED - 3 branch(es) are landable and none could be put in a batch - they conflict; it reported: 0 accepted branch(es) landed
      REFUSED - ALL 3 remaining branch(es) conflict. Nothing here can be landed by merging.

--- close-done  (an open accepted issue holds its boundary)
    closed 12, failed 0

--- author  (refill to the queue depth)
    REFUSED to file - nobody is draining the backlog

feed complete: push-work=ok land=empty-handed close-done=ok author=ok
  EMPTY-HANDED  land: 3 branch(es) are landable and none could be put in a batch - they conflict
      REFUSED - ALL 3 remaining branch(es) conflict. Nothing here can be landed by merging.
2026-09-17T10:56:38.859Z feed start

--- push-work  (a branch nobody can see cannot be closed against)
    pushed 0

--- land  (put accepted work into the branch)
    EMPTY-HANDED - 3 branch(es) are landable and none could be put in a batch - they conflict; it reported: 0 accepted branch(es) landed
      REFUSED - ALL 3 remaining branch(es) conflict. Nothing here can be landed by merging.

--- close-done  (an open accepted issue holds its boundary)
