another run holds the loop lock (iteration-7, 2 min) - standing down
another run holds the loop lock (iteration-8, 7 min) - standing down

--- reap  (free the volume before anything else)
    FAILED
        stderr: 'Must provide project when setting service or environment\n'
      }
      
      Node.js v26.0.0

--- lease  (release idle path fences)
    FAILED
        stderr: 'Must provide project when setting service or environment\n'
      }
      
      Node.js v26.0.0

--- push-work  (make finished work visible)
    FAILED
        stderr: 'Must provide project when setting service or environment\n'
      }
      
      Node.js v26.0.0

--- close-done  (clear accepted issues from the pool)
    FAILED
        stderr: 'Must provide project when setting service or environment\n'
      }
      
      Node.js v26.0.0

heal complete: reap=FAILED lease=FAILED push-work=FAILED close-done=FAILED
another run holds the loop lock (iteration-11, 4 min) - standing down
another run holds the loop lock (iteration-12, 9 min) - standing down
another run holds the loop lock (iteration-14, 3 min) - standing down

--- reap  (free the volume before anything else)
    FAILED
        stderr: 'Must provide project when setting service or environment\n'
      }
      
      Node.js v26.0.0

--- lease  (release idle path fences)
    FAILED
        stderr: 'Must provide project when setting service or environment\n'
      }
      
      Node.js v26.0.0

--- push-work  (make finished work visible)
    FAILED
        stderr: 'Must provide project when setting service or environment\n'
      }
      
      Node.js v26.0.0

--- close-done  (clear accepted issues from the pool)
    FAILED
        stderr: 'Must provide project when setting service or environment\n'
      }
      
      Node.js v26.0.0

--- verdict-audit  (check what the swarm claims against what it pushed)
    33 claims supported by the diff, none unsupported

--- author  (refill the backlog from a measured deficit)
    at the WIP limit, nothing filed

heal complete: reap=FAILED lease=FAILED push-work=FAILED close-done=FAILED verdict-audit=ok author=ok

--- reap  (free the volume before anything else)
    FAILED
        stderr: 'Must provide project when setting service or environment\n'
      }
      
      Node.js v26.0.0

--- lease  (release idle path fences)
    FAILED
        stderr: 'Must provide project when setting service or environment\n'
      }
      
      Node.js v26.0.0

--- push-work  (make finished work visible)
    FAILED
        stderr: 'Must provide project when setting service or environment\n'
      }
      
      Node.js v26.0.0

--- close-done  (clear accepted issues from the pool)
    FAILED
        stderr: 'Must provide project when setting service or environment\n'
      }
      
      Node.js v26.0.0

--- verdict-audit  (check what the swarm claims against what it pushed)
    33 claims supported by the diff, none unsupported

--- author  (refill the backlog from a measured deficit)
    at the WIP limit, nothing filed

heal complete: reap=FAILED lease=FAILED push-work=FAILED close-done=FAILED verdict-audit=ok author=ok
another run holds the loop lock (iteration-15, 5 min) - standing down
another run holds the loop lock (iteration-17, 6 min) - standing down
another run holds the loop lock (iteration-19, 8 min) - standing down
another run holds the loop lock (iteration-22, 0 min) - standing down

--- reap  (free the volume before anything else)
    FAILED
        stderr: 'Must provide project when setting service or environment\n'
      }
      
      Node.js v26.0.0

--- lease  (release idle path fences)
    FAILED
        stderr: 'Must provide project when setting service or environment\n'
      }
      
      Node.js v26.0.0

--- push-work  (make finished work visible)
    FAILED
        stderr: 'Must provide project when setting service or environment\n'
      }
      
      Node.js v26.0.0

--- close-done  (clear accepted issues from the pool)
    FAILED
        stderr: 'Must provide project when setting service or environment\n'
      }
      
      Node.js v26.0.0

--- verdict-audit  (check what the swarm claims against what it pushed)
    42 claims supported by the diff, none unsupported

--- judge-packet  (queue the unauditable for judgement)
    25 packet(s) queued for judgement, 0 skipped

--- author  (refill the backlog from a measured deficit)
    at the WIP limit, nothing filed

heal complete: reap=FAILED lease=FAILED push-work=FAILED close-done=FAILED verdict-audit=ok judge-packet=ok author=ok
/Users/playra/.local/bin/tri: line 581: syntax error near unexpected token `('
/Users/playra/.local/bin/tri: line 581: `    echo "неизвестная команда: $1 (tri help)"; exit 1'

--- reap  (free the volume before anything else)
    FAILED
        stderr: 'Must provide project when setting service or environment\n'
      }
      
      Node.js v26.0.0

--- lease  (release idle path fences)
    FAILED
        stderr: 'Must provide project when setting service or environment\n'
      }
      
      Node.js v26.0.0

--- push-work  (make finished work visible)
    FAILED
        stderr: 'Must provide project when setting service or environment\n'
      }
      
      Node.js v26.0.0

--- close-done  (clear accepted issues from the pool)
    FAILED
        stderr: 'Must provide project when setting service or environment\n'
      }
      
      Node.js v26.0.0

--- verdict-audit  (check what the swarm claims against what it pushed)
    42 claims supported by the diff, none unsupported

--- judge-packet  (queue the unauditable for judgement)
    25 packet(s) queued for judgement, 0 skipped

--- author  (refill the backlog from a measured deficit)
    at the WIP limit, nothing filed

heal complete: reap=FAILED lease=FAILED push-work=FAILED close-done=FAILED verdict-audit=ok judge-packet=ok author=ok
another run holds the loop lock (probe-victim, 3 min) - standing down
another run holds the loop lock (iteration-28, 14 min) - standing down
another run holds the loop lock (iteration-28, 34 min) - standing down

--- reap  (free the volume before anything else)
    FAILED
        stderr: 'Must provide project when setting service or environment\n'
      }
      
      Node.js v26.0.0

--- lease  (release idle path fences)
    FAILED
        stderr: 'Must provide project when setting service or environment\n'
      }
      
      Node.js v26.0.0

--- push-work  (make finished work visible)
    FAILED
        stderr: 'Must provide project when setting service or environment\n'
      }
      
      Node.js v26.0.0

--- close-done  (clear accepted issues from the pool)
    FAILED
        stderr: 'Must provide project when setting service or environment\n'
      }
      
      Node.js v26.0.0

--- stale-escalations  (retire escalations whose stated cause no longer reproduces)
    could not survey the escalations: could not reach the service

--- clocks  (no decision keyed on a field something rewrites)
    7 clocks, 7 on fields nothing rewrites

--- fields  (no decision reading a field its query never selects)
    2 query regions, 2 selecting every field they read

--- fp-check  (no checker accuses anything known good)
    20 known-good inputs, 1 falsely accused

--- verdict-audit  (check what the swarm claims against what it pushed)
    43 claims supported by the diff, none unsupported

--- judge-packet  (queue the unauditable for judgement)
    25 packet(s) queued for judgement, 0 skipped

--- author  (refill the backlog from a measured deficit)
    at the WIP limit, nothing filed

heal complete: reap=FAILED lease=FAILED push-work=FAILED close-done=FAILED stale-escalations=ok clocks=ok fields=ok fp-check=ok verdict-audit=ok judge-packet=ok author=ok
/Users/playra/.local/bin/tri: line 604: unexpected EOF while looking for matching `''
/Users/playra/.local/bin/tri: line 611: syntax error: unexpected end of file

--- reap  (free the volume before anything else)
    FAILED
        stderr: 'Must provide project when setting service or environment\n'
      }
      
      Node.js v26.0.0

--- lease  (release idle path fences)
    FAILED
        stderr: 'Must provide project when setting service or environment\n'
      }
      
      Node.js v26.0.0

--- push-work  (make finished work visible)
    FAILED
        stderr: 'Must provide project when setting service or environment\n'
      }
      
      Node.js v26.0.0

--- close-done  (clear accepted issues from the pool)
    FAILED
        stderr: 'Must provide project when setting service or environment\n'
      }
      
      Node.js v26.0.0

--- stale-escalations  (retire escalations whose stated cause no longer reproduces)
    could not survey the escalations: could not reach the service

--- clocks  (no decision keyed on a field something rewrites)
    8 clocks, 8 on fields nothing rewrites

--- fields  (no decision reading a field its query never selects)
    2 query regions, 2 selecting every field they read

--- fp-check  (no checker accuses anything known good)
    19 known-good inputs, 1 falsely accused

--- verdict-audit  (check what the swarm claims against what it pushed)
    42 claims supported by the diff, none unsupported

--- judge-packet  (queue the unauditable for judgement)
    25 packet(s) queued for judgement, 0 skipped

--- author  (refill the backlog from a measured deficit)
    at the WIP limit, nothing filed

heal complete: reap=FAILED lease=FAILED push-work=FAILED close-done=FAILED stale-escalations=ok clocks=ok fields=ok fp-check=ok verdict-audit=ok judge-packet=ok author=ok
/Users/playra/.local/bin/tri: line 610: syntax error near unexpected token `('
/Users/playra/.local/bin/tri: line 610: `    echo "неизвестная команда: $1 (tri help)"; exit 1'

--- reap  (free the volume before anything else)
    FAILED
        stderr: 'Must provide project when setting service or environment\n'
      }
      
      Node.js v26.0.0

--- lease  (release idle path fences)
    FAILED
        stderr: 'Must provide project when setting service or environment\n'
      }
      
      Node.js v26.0.0

--- push-work  (make finished work visible)
    FAILED
        stderr: 'Must provide project when setting service or environment\n'
      }
      
      Node.js v26.0.0

--- close-done  (clear accepted issues from the pool)
    FAILED
        stderr: 'Must provide project when setting service or environment\n'
      }
      
      Node.js v26.0.0

--- stale-escalations  (retire escalations whose stated cause no longer reproduces)
    could not survey the escalations: could not reach the service

--- clocks  (no decision keyed on a field something rewrites)
    8 clocks, 8 on fields nothing rewrites

--- fields  (no decision reading a field its query never selects)
    2 query regions, 2 selecting every field they read

--- fp-check  (no checker accuses anything known good)
    19 known-good inputs, 1 falsely accused

--- verdict-audit  (check what the swarm claims against what it pushed)
    43 claims supported by the diff, none unsupported

--- judge-packet  (queue the unauditable for judgement)
    25 packet(s) queued for judgement, 0 skipped

--- author  (refill the backlog from a measured deficit)
    at the WIP limit, nothing filed

heal complete: reap=FAILED lease=FAILED push-work=FAILED close-done=FAILED stale-escalations=ok clocks=ok fields=ok fp-check=ok verdict-audit=ok judge-packet=ok author=ok

--- reap  (free the volume before anything else)
    FAILED
        stderr: 'Must provide project when setting service or environment\n'
      }
      
      Node.js v26.0.0

--- lease  (release idle path fences)
    FAILED
        stderr: 'Must provide project when setting service or environment\n'
      }
      
      Node.js v26.0.0

--- push-work  (make finished work visible)
    FAILED
        stderr: 'Must provide project when setting service or environment\n'
      }
      
      Node.js v26.0.0

--- close-done  (clear accepted issues from the pool)
    FAILED
        stderr: 'Must provide project when setting service or environment\n'
      }
      
      Node.js v26.0.0

--- stale-escalations  (retire escalations whose stated cause no longer reproduces)
    could not survey the escalations: could not reach the service

--- clocks  (no decision keyed on a field something rewrites)
    8 clocks, 8 on fields nothing rewrites

--- fields  (no decision reading a field its query never selects)
    2 query regions, 2 selecting every field they read

--- fp-check  (no checker accuses anything known good)
    19 known-good inputs, 0 falsely accused

--- verdict-audit  (check what the swarm claims against what it pushed)
    47 claims supported by the diff, none unsupported

--- judge-packet  (queue the unauditable for judgement)
    25 packet(s) queued for judgement, 3 skipped

--- author  (refill the backlog from a measured deficit)
    at the WIP limit, nothing filed

heal complete: reap=FAILED lease=FAILED push-work=FAILED close-done=FAILED stale-escalations=ok clocks=ok fields=ok fp-check=ok verdict-audit=ok judge-packet=ok author=ok
/Users/playra/.local/bin/tri: line 636: syntax error near unexpected token `('
/Users/playra/.local/bin/tri: line 636: `    echo "неизвестная команда: $1 (tri help)"; exit 1'

--- reap  (free the volume before anything else)
    FAILED
        stderr: 'Must provide project when setting service or environment\n'
      }
      
      Node.js v26.0.0

--- lease  (release idle path fences)
    FAILED
        stderr: 'Must provide project when setting service or environment\n'
      }
      
      Node.js v26.0.0

--- push-work  (make finished work visible)
    FAILED
        stderr: 'Must provide project when setting service or environment\n'
      }
      
      Node.js v26.0.0

--- close-done  (clear accepted issues from the pool)
    FAILED
        stderr: 'Must provide project when setting service or environment\n'
      }
      
      Node.js v26.0.0

--- stale-escalations  (retire escalations whose stated cause no longer reproduces)
    could not survey the escalations: could not reach the service

--- clocks  (no decision keyed on a field something rewrites)
    8 clocks, 8 on fields nothing rewrites

--- fields  (no decision reading a field its query never selects)
    2 query regions, 2 selecting every field they read

--- fp-check  (no checker accuses anything known good)
    19 known-good inputs, 0 falsely accused

--- verdict-audit  (check what the swarm claims against what it pushed)
    48 claims supported by the diff, none unsupported

--- judge-packet  (queue the unauditable for judgement)
    28 packet(s) queued for judgement, 0 skipped

--- author  (refill the backlog from a measured deficit)
    could not measure the queen-authored queue - refusing to file, because a failed count would read as zero and lift the limit

heal complete: reap=FAILED lease=FAILED push-work=FAILED close-done=FAILED stale-escalations=ok clocks=ok fields=ok fp-check=ok verdict-audit=ok judge-packet=ok author=ok

--- reap  (free the volume before anything else)
    FAILED
        stderr: 'Must provide project when setting service or environment\n'
      }
      
      Node.js v26.0.0

--- lease  (release idle path fences)
    FAILED
        stderr: 'Must provide project when setting service or environment\n'
      }
      
      Node.js v26.0.0

--- push-work  (make finished work visible)
    FAILED
        stderr: 'Must provide project when setting service or environment\n'
      }
      
      Node.js v26.0.0

--- close-done  (clear accepted issues from the pool)
    FAILED
        stderr: 'Must provide project when setting service or environment\n'
      }
      
      Node.js v26.0.0

--- stale-escalations  (retire escalations whose stated cause no longer reproduces)
    could not survey the escalations: could not reach the service

--- clocks  (no decision keyed on a field something rewrites)
    8 clocks, 8 on fields nothing rewrites

--- fields  (no decision reading a field its query never selects)
    2 query regions, 2 selecting every field they read

--- fp-check  (no checker accuses anything known good)
    19 known-good inputs, 1 falsely accused

--- verdict-audit  (check what the swarm claims against what it pushed)
    48 claims supported by the diff, none unsupported

--- judge-packet  (queue the unauditable for judgement)
    -> #1374  7 criteria, 12762 chars of diff  /Users/playra/BrowserOS/trios/.trinity/loop/packets/1374.md

--- author  (refill the backlog from a measured deficit)
    could not measure the queen-authored queue - refusing to file, because a failed count would read as zero and lift the limit

heal complete: reap=FAILED lease=FAILED push-work=FAILED close-done=FAILED stale-escalations=ok clocks=ok fields=ok fp-check=ok verdict-audit=ok judge-packet=ok author=ok
/Users/playra/.local/bin/tri: line 657: syntax error near unexpected token `('
/Users/playra/.local/bin/tri: line 657: `    echo "неизвестная команда: $1 (tri help)"; exit 1'

--- reap  (free the volume before anything else)
    FAILED
        stderr: 'Must provide project when setting service or environment\n'
      }
      
      Node.js v26.0.0

--- lease  (release idle path fences)
    FAILED
        stderr: 'Must provide project when setting service or environment\n'
      }
      
      Node.js v26.0.0

--- push-work  (make finished work visible)
    FAILED
        stderr: 'Must provide project when setting service or environment\n'
      }
      
      Node.js v26.0.0

--- close-done  (clear accepted issues from the pool)
    FAILED
        stderr: 'Must provide project when setting service or environment\n'
      }
      
      Node.js v26.0.0

--- stale-escalations  (retire escalations whose stated cause no longer reproduces)
    could not survey the escalations: could not reach the service

--- clocks  (no decision keyed on a field something rewrites)
    8 clocks, 8 on fields nothing rewrites

--- fields  (no decision reading a field its query never selects)
    2 query regions, 2 selecting every field they read

--- fp-check  (no checker accuses anything known good)
    19 known-good inputs, 1 falsely accused

--- verdict-audit  (check what the swarm claims against what it pushed)
    48 claims supported by the diff, none unsupported

--- judge-packet  (queue the unauditable for judgement)
    31 packet(s) queued for judgement, 11 skipped

--- author  (refill the backlog from a measured deficit)
    could not measure the queen-authored queue - refusing to file, because a failed count would read as zero and lift the limit

heal complete: reap=FAILED lease=FAILED push-work=FAILED close-done=FAILED stale-escalations=ok clocks=ok fields=ok fp-check=ok verdict-audit=ok judge-packet=ok author=ok

--- reap  (free the volume before anything else)
    FAILED
        stderr: 'Must provide project when setting service or environment\n'
      }
      
      Node.js v26.0.0

--- lease  (release idle path fences)
    FAILED
        stderr: 'Must provide project when setting service or environment\n'
      }
      
      Node.js v26.0.0

--- push-work  (make finished work visible)
    FAILED
        stderr: 'Must provide project when setting service or environment\n'
      }
      
      Node.js v26.0.0

--- close-done  (clear accepted issues from the pool)
    FAILED
        stderr: 'Must provide project when setting service or environment\n'
      }
      
      Node.js v26.0.0

--- stale-escalations  (retire escalations whose stated cause no longer reproduces)
    could not survey the escalations: could not reach the service

--- clocks  (no decision keyed on a field something rewrites)
    8 clocks, 8 on fields nothing rewrites

--- fields  (no decision reading a field its query never selects)
    2 query regions, 2 selecting every field they read

--- fp-check  (no checker accuses anything known good)
    21 known-good inputs, 1 falsely accused

--- verdict-audit  (check what the swarm claims against what it pushed)
       #1433  NO MECHANICAL CLAIM  files=1  the brief promised no new identifier, so nothing here can be checked without a judge

--- judge-packet  (queue the unauditable for judgement)
    -> #1384  13 criteria, 22681 chars of diff  /Users/playra/BrowserOS/trios/.trinity/loop/packets/1384.md

--- author  (refill the backlog from a measured deficit)
another run holds the loop lock (heal, 14 min) - standing down
    could not measure the queen-authored queue - refusing to file, because a failed count would read as zero and lift the limit

heal complete: reap=FAILED lease=FAILED push-work=FAILED close-done=FAILED stale-escalations=ok clocks=ok fields=ok fp-check=ok verdict-audit=ok judge-packet=ok author=ok

--- reap-local  (free the disk this loop runs on)
    11 merged worktree(s) removed, 1925 MB freed

--- reap  (free the volume before anything else)
    FAILED
        stderr: 'Expected welcome message, received: ServerMessage { type: "error", payload: ServerPayload { data: Empty, message: "Your application is not running or in a unexpected state", code: None } }\n'
      }
      
      Node.js v26.0.0

--- lease  (release idle path fences)
    FAILED
        stderr: 'Expected welcome message, received: ServerMessage { type: "error", payload: ServerPayload { data: Empty, message: "Your application is not running or in a unexpected state", code: None } }\n'
      }
      
      Node.js v26.0.0

--- push-work  (make finished work visible)
    FAILED
        stderr: 'Expected welcome message, received: ServerMessage { type: "error", payload: ServerPayload { data: Empty, message: "Your application is not running or in a unexpected state", code: None } }\n'
      }
      
      Node.js v26.0.0

--- close-done  (clear accepted issues from the pool)
    FAILED
        stderr: 'Expected welcome message, received: ServerMessage { type: "error", payload: ServerPayload { data: Empty, message: "Your application is not running or in a unexpected state", code: None } }\n'
      }
      
      Node.js v26.0.0

--- stale-escalations  (retire escalations whose stated cause no longer reproduces)
    could not survey the escalations: could not reach the service

--- clocks  (no decision keyed on a field something rewrites)
    8 clocks, 8 on fields nothing rewrites

--- fields  (no decision reading a field its query never selects)
    2 query regions, 2 selecting every field they read

--- fp-check  (no checker accuses anything known good)
    21 known-good inputs, 0 falsely accused

--- verdict-audit  (check what the swarm claims against what it pushed)
    49 claims supported by the diff, none unsupported

--- judge-packet  (queue the unauditable for judgement)
    -> #1375  7 criteria, 20674 chars of diff  /Users/playra/BrowserOS/trios/.trinity/loop/packets/1375.md

--- author  (refill the backlog from a measured deficit)
    could not measure the queen-authored queue - refusing to file, because a failed count would read as zero and lift the limit

heal complete: reap-local=ok reap=FAILED lease=FAILED push-work=FAILED close-done=FAILED stale-escalations=ok clocks=ok fields=ok fp-check=ok verdict-audit=ok judge-packet=ok author=ok
/Users/playra/.local/bin/tri: line 653: syntax error near unexpected token `;;'
/Users/playra/.local/bin/tri: line 653: `  shift; exec bash "$HOME/skills/queen-game-loop/scripts/ship.sh" "$@" ;;'

--- reap-local  (free the disk this loop runs on)
    0 merged worktree(s) removed, 0 MB freed

--- reap  (free the volume before anything else)
    FAILED
        stderr: 'Expected welcome message, received: ServerMessage { type: "error", payload: ServerPayload { data: Empty, message: "Your application is not running or in a unexpected state", code: None } }\n'
      }
      
      Node.js v26.0.0

--- lease  (release idle path fences)
    FAILED
        stderr: 'Expected welcome message, received: ServerMessage { type: "error", payload: ServerPayload { data: Empty, message: "Your application is not running or in a unexpected state", code: None } }\n'
      }
      
      Node.js v26.0.0

--- push-work  (make finished work visible)
    FAILED
        stderr: 'Expected welcome message, received: ServerMessage { type: "error", payload: ServerPayload { data: Empty, message: "Your application is not running or in a unexpected state", code: None } }\n'
      }
      
      Node.js v26.0.0

--- close-done  (clear accepted issues from the pool)
    FAILED
        stderr: 'Expected welcome message, received: ServerMessage { type: "error", payload: ServerPayload { data: Empty, message: "Your application is not running or in a unexpected state", code: None } }\n'
      }
      
      Node.js v26.0.0

--- stale-escalations  (retire escalations whose stated cause no longer reproduces)
    could not survey the escalations: could not reach the service

--- author  (refill the backlog from a measured deficit)
    could not measure the queen-authored queue - refusing to file, because a failed count would read as zero and lift the limit

--- clocks  (no decision keyed on a field something rewrites)
    8 clocks, 8 on fields nothing rewrites

--- fields  (no decision reading a field its query never selects)
    2 query regions, 2 selecting every field they read

--- fp-check  (no checker accuses anything known good)
    21 known-good inputs, 0 falsely accused

--- verdict-audit  (check what the swarm claims against what it pushed)
    49 claims supported by the diff, none unsupported

--- judge-packet  (queue the unauditable for judgement)
    (no output)

heal complete: reap-local=ok reap=FAILED lease=FAILED push-work=FAILED close-done=FAILED stale-escalations=ok author=ok clocks=ok fields=ok fp-check=ok verdict-audit=ok judge-packet=ok

--- reap-local  (free the disk this loop runs on)
    1 merged worktree(s) removed, 206 MB freed

--- reap  (free the volume before anything else)
    FAILED
        stderr: 'Expected welcome message, received: ServerMessage { type: "error", payload: ServerPayload { data: Empty, message: "Your application is not running or in a unexpected state", code: None } }\n'
      }
      
      Node.js v26.0.0

--- lease  (release idle path fences)
    FAILED
        stderr: 'Expected welcome message, received: ServerMessage { type: "error", payload: ServerPayload { data: Empty, message: "Your application is not running or in a unexpected state", code: None } }\n'
      }
      
      Node.js v26.0.0

--- push-work  (make finished work visible)
    FAILED
        stderr: 'Expected welcome message, received: ServerMessage { type: "error", payload: ServerPayload { data: Empty, message: "Your application is not running or in a unexpected state", code: None } }\n'
      }
      
      Node.js v26.0.0

--- close-done  (clear accepted issues from the pool)
    FAILED
        stderr: 'Expected welcome message, received: ServerMessage { type: "error", payload: ServerPayload { data: Empty, message: "Your application is not running or in a unexpected state", code: None } }\n'
      }
      
      Node.js v26.0.0

--- stale-escalations  (retire escalations whose stated cause no longer reproduces)
    could not survey the escalations: could not reach the service

--- author  (refill the backlog from a measured deficit)
    could not measure the queen-authored queue - refusing to file, because a failed count would read as zero and lift the limit

--- clocks  (no decision keyed on a field something rewrites)
    8 clocks, 8 on fields nothing rewrites

--- fields  (no decision reading a field its query never selects)
    2 query regions, 2 selecting every field they read

--- fp-check  (no checker accuses anything known good)
    21 known-good inputs, 0 falsely accused

--- verdict-audit  (check what the swarm claims against what it pushed)
    ok #1401  SUPPORTED            files=1  all 1 promised identifier(s) present in the diff

--- judge-packet  (queue the unauditable for judgement)
    SKIPPED - the chain is past its 8 minute deadline

heal complete: reap-local=ok reap=FAILED lease=FAILED push-work=FAILED close-done=FAILED stale-escalations=ok author=ok clocks=ok fields=ok fp-check=ok verdict-audit=ok judge-packet=skipped

--- reap-local  (free the disk this loop runs on)
    0 merged worktree(s) removed, 0 MB freed

--- reap  (free the volume before anything else)
    FAILED
        stderr: 'Expected welcome message, received: ServerMessage { type: "error", payload: ServerPayload { data: Empty, message: "Your application is not running or in a unexpected state", code: None } }\n'
      }
      
      Node.js v26.0.0

--- lease  (release idle path fences)
    FAILED
        stderr: 'Expected welcome message, received: ServerMessage { type: "error", payload: ServerPayload { data: Empty, message: "Your application is not running or in a unexpected state", code: None } }\n'
      }
      
      Node.js v26.0.0

--- push-work  (make finished work visible)
    FAILED
        stderr: 'Expected welcome message, received: ServerMessage { type: "error", payload: ServerPayload { data: Empty, message: "Your application is not running or in a unexpected state", code: None } }\n'
      }
      
      Node.js v26.0.0

--- close-done  (clear accepted issues from the pool)
    FAILED
        stderr: 'Expected welcome message, received: ServerMessage { type: "error", payload: ServerPayload { data: Empty, message: "Your application is not running or in a unexpected state", code: None } }\n'
      }
      
      Node.js v26.0.0

--- stale-escalations  (retire escalations whose stated cause no longer reproduces)
    could not survey the escalations: could not reach the service

--- author  (refill the backlog from a measured deficit)
    could not measure the queen-authored queue - refusing to file, because a failed count would read as zero and lift the limit

--- clocks  (no decision keyed on a field something rewrites)
    8 clocks, 8 on fields nothing rewrites

--- fields  (no decision reading a field its query never selects)
    2 query regions, 2 selecting every field they read

--- fp-check  (no checker accuses anything known good)
    21 known-good inputs, 0 falsely accused

--- verdict-audit  (check what the swarm claims against what it pushed)
    49 claims supported by the diff, none unsupported

--- judge-packet  (queue the unauditable for judgement)
    0 packet(s) queued for judgement, 8 skipped

heal complete: reap-local=ok reap=FAILED lease=FAILED push-work=FAILED close-done=FAILED stale-escalations=ok author=ok clocks=ok fields=ok fp-check=ok verdict-audit=ok judge-packet=ok
another run holds the loop lock (feed, 2 min) - standing down

--- reap-local  (free the disk this loop runs on)
    0 merged worktree(s) removed, 0 MB freed

--- reap  (free the volume before anything else)
    FAILED
        stderr: 'Expected welcome message, received: ServerMessage { type: "error", payload: ServerPayload { data: Empty, message: "Your application is not running or in a unexpected state", code: None } }\n'
      }
      
      Node.js v26.0.0

--- lease  (release idle path fences)
    FAILED
        stderr: 'Expected welcome message, received: ServerMessage { type: "error", payload: ServerPayload { data: Empty, message: "Your application is not running or in a unexpected state", code: None } }\n'
      }
      
      Node.js v26.0.0

--- push-work  (make finished work visible)
    FAILED
        stderr: 'Expected welcome message, received: ServerMessage { type: "error", payload: ServerPayload { data: Empty, message: "Your application is not running or in a unexpected state", code: None } }\n'
      }
      
      Node.js v26.0.0

--- close-done  (clear accepted issues from the pool)
    FAILED
        stderr: 'Expected welcome message, received: ServerMessage { type: "error", payload: ServerPayload { data: Empty, message: "Your application is not running or in a unexpected state", code: None } }\n'
      }
      
      Node.js v26.0.0

--- stale-escalations  (retire escalations whose stated cause no longer reproduces)
    could not survey the escalations: could not reach the service

--- author  (refill the backlog from a measured deficit)
    could not measure the queen-authored queue - refusing to file, because a failed count would read as zero and lift the limit

--- clocks  (no decision keyed on a field something rewrites)
    8 clocks, 8 on fields nothing rewrites

--- fields  (no decision reading a field its query never selects)
    2 query regions, 2 selecting every field they read

--- fp-check  (no checker accuses anything known good)
    21 known-good inputs, 1 falsely accused

--- verdict-audit  (check what the swarm claims against what it pushed)
    ok #1420  SUPPORTED            files=2  all 1 promised identifier(s) present in the diff

--- judge-packet  (queue the unauditable for judgement)
    SKIPPED - the chain is past its 8 minute deadline

heal complete: reap-local=ok reap=FAILED lease=FAILED push-work=FAILED close-done=FAILED stale-escalations=ok author=ok clocks=ok fields=ok fp-check=ok verdict-audit=ok judge-packet=skipped
/Users/playra/.local/bin/tri: line 672: c: command not found
/Users/playra/.local/bin/tri: line 673: syntax error near unexpected token `;;'
/Users/playra/.local/bin/tri: line 673: `    ;;'

--- reap-local  (free the disk this loop runs on)
    0 merged worktree(s) removed, 0 MB freed

--- reap  (free the volume before anything else)
    FAILED
        stderr: 'Expected welcome message, received: ServerMessage { type: "error", payload: ServerPayload { data: Empty, message: "Your application is not running or in a unexpected state", code: None } }\n'
      }
      
      Node.js v26.0.0

--- lease  (release idle path fences)
    FAILED
        stderr: 'Expected welcome message, received: ServerMessage { type: "error", payload: ServerPayload { data: Empty, message: "Your application is not running or in a unexpected state", code: None } }\n'
      }
      
      Node.js v26.0.0

--- push-work  (make finished work visible)
    FAILED
        stderr: 'Expected welcome message, received: ServerMessage { type: "error", payload: ServerPayload { data: Empty, message: "Your application is not running or in a unexpected state", code: None } }\n'
      }
      
      Node.js v26.0.0

--- close-done  (clear accepted issues from the pool)
    FAILED
        stderr: 'Expected welcome message, received: ServerMessage { type: "error", payload: ServerPayload { data: Empty, message: "Your application is not running or in a unexpected state", code: None } }\n'
      }
      
      Node.js v26.0.0

--- stale-escalations  (retire escalations whose stated cause no longer reproduces)
    could not survey the escalations: could not reach the service

--- author  (refill the backlog from a measured deficit)
    could not measure the queen-authored queue - refusing to file, because a failed count would read as zero and lift the limit

--- clocks  (no decision keyed on a field something rewrites)
    8 clocks, 8 on fields nothing rewrites

--- fields  (no decision reading a field its query never selects)
    2 query regions, 2 selecting every field they read

--- fp-check  (no checker accuses anything known good)
    21 known-good inputs, 1 falsely accused

--- verdict-audit  (check what the swarm claims against what it pushed)
       #1389  NO MECHANICAL CLAIM  files=3  the brief promised no new identifier, so nothing here can be checked without a judge

--- judge-packet  (queue the unauditable for judgement)
    SKIPPED - the chain is past its 8 minute deadline

heal complete: reap-local=ok reap=FAILED lease=FAILED push-work=FAILED close-done=FAILED stale-escalations=ok author=ok clocks=ok fields=ok fp-check=ok verdict-audit=ok judge-packet=skipped
/Users/playra/.local/bin/tri: line 696: syntax error near unexpected token `;'
/Users/playra/.local/bin/tri: line 696: `;'

--- reap-local  (free the disk this loop runs on)
    0 merged worktree(s) removed, 0 MB freed

--- reap  (free the volume before anything else)
    FAILED
        stderr: 'Expected welcome message, received: ServerMessage { type: "error", payload: ServerPayload { data: Empty, message: "Your application is not running or in a unexpected state", code: None } }\n'
      }
      
      Node.js v26.0.0

--- lease  (release idle path fences)
    FAILED
        stderr: 'Expected welcome message, received: ServerMessage { type: "error", payload: ServerPayload { data: Empty, message: "Your application is not running or in a unexpected state", code: None } }\n'
      }
      
      Node.js v26.0.0

--- push-work  (make finished work visible)
    FAILED
        stderr: 'Expected welcome message, received: ServerMessage { type: "error", payload: ServerPayload { data: Empty, message: "Your application is not running or in a unexpected state", code: None } }\n'
      }
      
      Node.js v26.0.0

--- close-done  (clear accepted issues from the pool)
    FAILED
        stderr: 'Expected welcome message, received: ServerMessage { type: "error", payload: ServerPayload { data: Empty, message: "Your application is not running or in a unexpected state", code: None } }\n'
      }
      
      Node.js v26.0.0

--- stale-escalations  (retire escalations whose stated cause no longer reproduces)
    could not survey the escalations: could not reach the service

--- author  (refill the backlog from a measured deficit)
    could not measure the queen-authored queue - refusing to file, because a failed count would read as zero and lift the limit

--- clocks  (no decision keyed on a field something rewrites)
    8 clocks, 8 on fields nothing rewrites

--- fields  (no decision reading a field its query never selects)
    2 query regions, 2 selecting every field they read

--- fp-check  (no checker accuses anything known good)
    21 known-good inputs, 1 falsely accused

--- verdict-audit  (check what the swarm claims against what it pushed)
    ok #1417  SUPPORTED            files=1  all 1 promised identifier(s) present in the diff

--- judge-packet  (queue the unauditable for judgement)
    SKIPPED - the chain is past its 8 minute deadline

heal complete: reap-local=ok reap=FAILED lease=FAILED push-work=FAILED close-done=FAILED stale-escalations=ok author=ok clocks=ok fields=ok fp-check=ok verdict-audit=ok judge-packet=skipped

--- reap-local  (free the disk this loop runs on)
    6 merged worktree(s) removed, 1237 MB freed

--- reap  (free the volume before anything else)
    FAILED
        stderr: 'Expected welcome message, received: ServerMessage { type: "error", payload: ServerPayload { data: Empty, message: "Your application is not running or in a unexpected state", code: None } }\n'
      }
      
      Node.js v26.0.0

--- lease  (release idle path fences)
    FAILED
        stderr: 'Expected welcome message, received: ServerMessage { type: "error", payload: ServerPayload { data: Empty, message: "Your application is not running or in a unexpected state", code: None } }\n'
      }
      
      Node.js v26.0.0

--- push-work  (make finished work visible)
    FAILED
        stderr: 'Expected welcome message, received: ServerMessage { type: "error", payload: ServerPayload { data: Empty, message: "Your application is not running or in a unexpected state", code: None } }\n'
      }
      
      Node.js v26.0.0

--- close-done  (clear accepted issues from the pool)
    FAILED
        stderr: 'Expected welcome message, received: ServerMessage { type: "error", payload: ServerPayload { data: Empty, message: "Your application is not running or in a unexpected state", code: None } }\n'
      }
      
      Node.js v26.0.0

--- stale-escalations  (retire escalations whose stated cause no longer reproduces)
    could not survey the escalations: could not reach the service

--- author  (refill the backlog from a measured deficit)
    could not measure the queen-authored queue - refusing to file, because a failed count would read as zero and lift the limit

--- clocks  (no decision keyed on a field something rewrites)
    8 clocks, 8 on fields nothing rewrites

--- fields  (no decision reading a field its query never selects)
    2 query regions, 2 selecting every field they read

--- fp-check  (no checker accuses anything known good)
    21 known-good inputs, 1 falsely accused

--- verdict-audit  (check what the swarm claims against what it pushed)
    ok #1350  SUPPORTED            files=2  all 1 promised identifier(s) present in the diff

--- judge-packet  (queue the unauditable for judgement)
    SKIPPED - the chain is past its 8 minute deadline

heal complete: reap-local=ok reap=FAILED lease=FAILED push-work=FAILED close-done=FAILED stale-escalations=ok author=ok clocks=ok fields=ok fp-check=ok verdict-audit=ok judge-packet=skipped

--- reap-local  (free the disk this loop runs on)
    0 merged worktree(s) removed, 0 MB freed

--- reap  (free the volume before anything else)
    FAILED
        stderr: 'Expected welcome message, received: ServerMessage { type: "error", payload: ServerPayload { data: Empty, message: "Your application is not running or in a unexpected state", code: None } }\n'
      }
      
      Node.js v26.0.0

--- lease  (release idle path fences)
    FAILED
        stderr: 'Expected welcome message, received: ServerMessage { type: "error", payload: ServerPayload { data: Empty, message: "Your application is not running or in a unexpected state", code: None } }\n'
      }
      
      Node.js v26.0.0

--- push-work  (make finished work visible)
    FAILED
        stderr: 'Expected welcome message, received: ServerMessage { type: "error", payload: ServerPayload { data: Empty, message: "Your application is not running or in a unexpected state", code: None } }\n'
      }
      
      Node.js v26.0.0

--- close-done  (clear accepted issues from the pool)
    FAILED
        stderr: 'Expected welcome message, received: ServerMessage { type: "error", payload: ServerPayload { data: Empty, message: "Your application is not running or in a unexpected state", code: None } }\n'
      }
      
      Node.js v26.0.0

--- stale-escalations  (retire escalations whose stated cause no longer reproduces)
    could not survey the escalations: could not reach the service

--- author  (refill the backlog from a measured deficit)
    could not measure the queen-authored queue - refusing to file, because a failed count would read as zero and lift the limit

--- clocks  (no decision keyed on a field something rewrites)
    8 clocks, 8 on fields nothing rewrites

--- fields  (no decision reading a field its query never selects)
    2 query regions, 2 selecting every field they read

--- fp-check  (no checker accuses anything known good)
    21 known-good inputs, 1 falsely accused

--- verdict-audit  (check what the swarm claims against what it pushed)
    49 claims supported by the diff, none unsupported

--- judge-packet  (queue the unauditable for judgement)
    (no output)

heal complete: reap-local=ok reap=FAILED lease=FAILED push-work=FAILED close-done=FAILED stale-escalations=ok author=ok clocks=ok fields=ok fp-check=ok verdict-audit=ok judge-packet=ok
/Users/playra/.local/bin/tri: line 706: syntax error near unexpected token `;;'
/Users/playra/.local/bin/tri: line 706: ` bash "$HOME/skills/queen-game-loop/scripts/spike.sh" "$@" ;;'

--- reap-local  (free the disk this loop runs on)
    2 merged worktree(s) removed, 414 MB freed

--- reap  (free the volume before anything else)
    FAILED
        stderr: 'Expected welcome message, received: ServerMessage { type: "error", payload: ServerPayload { data: Empty, message: "Your application is not running or in a unexpected state", code: None } }\n'
      }
      
      Node.js v26.0.0

--- lease  (release idle path fences)
    FAILED
        stderr: 'Expected welcome message, received: ServerMessage { type: "error", payload: ServerPayload { data: Empty, message: "Your application is not running or in a unexpected state", code: None } }\n'
      }
      
      Node.js v26.0.0

--- push-work  (make finished work visible)
    FAILED
        stderr: 'Expected welcome message, received: ServerMessage { type: "error", payload: ServerPayload { data: Empty, message: "Your application is not running or in a unexpected state", code: None } }\n'
      }
      
      Node.js v26.0.0

--- close-done  (clear accepted issues from the pool)
    FAILED
        stderr: 'Expected welcome message, received: ServerMessage { type: "error", payload: ServerPayload { data: Empty, message: "Your application is not running or in a unexpected state", code: None } }\n'
      }
      
      Node.js v26.0.0

--- stale-escalations  (retire escalations whose stated cause no longer reproduces)
    could not survey the escalations: could not reach the service

--- author  (refill the backlog from a measured deficit)
    could not measure the queen-authored queue - refusing to file, because a failed count would read as zero and lift the limit

--- clocks  (no decision keyed on a field something rewrites)
    8 clocks, 8 on fields nothing rewrites

--- fields  (no decision reading a field its query never selects)
    2 query regions, 2 selecting every field they read

--- fp-check  (no checker accuses anything known good)
    21 known-good inputs, 1 falsely accused

--- verdict-audit  (check what the swarm claims against what it pushed)
    ok #1395  SUPPORTED            files=4  all 1 promised identifier(s) present in the diff

--- judge-packet  (queue the unauditable for judgement)
    SKIPPED - the chain is past its 8 minute deadline

heal complete: reap-local=ok reap=FAILED lease=FAILED push-work=FAILED close-done=FAILED stale-escalations=ok author=ok clocks=ok fields=ok fp-check=ok verdict-audit=ok judge-packet=skipped

--- reap-local  (free the disk this loop runs on)
    1 merged worktree(s) removed, 208 MB freed

--- reap  (free the volume before anything else)
    FAILED
        stderr: 'Expected welcome message, received: ServerMessage { type: "error", payload: ServerPayload { data: Empty, message: "Your application is not running or in a unexpected state", code: None } }\n'
      }
      
      Node.js v26.0.0

--- lease  (release idle path fences)
    FAILED
        stderr: 'Expected welcome message, received: ServerMessage { type: "error", payload: ServerPayload { data: Empty, message: "Your application is not running or in a unexpected state", code: None } }\n'
      }
      
      Node.js v26.0.0

--- push-work  (make finished work visible)
    FAILED
        stderr: 'Expected welcome message, received: ServerMessage { type: "error", payload: ServerPayload { data: Empty, message: "Your application is not running or in a unexpected state", code: None } }\n'
      }
      
      Node.js v26.0.0

--- land  (put accepted work into the branch it was accepted for)
    1 accepted branch(es) landed

--- close-done  (clear accepted issues from the pool)
    FAILED
        stderr: 'Expected welcome message, received: ServerMessage { type: "error", payload: ServerPayload { data: Empty, message: "Your application is not running or in a unexpected state", code: None } }\n'
      }
      
      Node.js v26.0.0

--- stale-escalations  (retire escalations whose stated cause no longer reproduces)
    could not survey the escalations: could not reach the service

--- author  (refill the backlog from a measured deficit)
    could not measure the queen-authored queue - refusing to file, because a failed count would read as zero and lift the limit

--- clocks  (no decision keyed on a field something rewrites)
    8 clocks, 8 on fields nothing rewrites

--- fields  (no decision reading a field its query never selects)
    2 query regions, 2 selecting every field they read

--- fp-check  (no checker accuses anything known good)
    21 known-good inputs, 1 falsely accused

--- verdict-audit  (check what the swarm claims against what it pushed)
       #1452  NO MECHANICAL CLAIM  files=1  the brief promised no new identifier, so nothing here can be checked without a judge

--- judge-packet  (queue the unauditable for judgement)
    SKIPPED - the chain is past its 8 minute deadline

heal complete: reap-local=ok reap=FAILED lease=FAILED push-work=FAILED land=ok close-done=FAILED stale-escalations=ok author=ok clocks=ok fields=ok fp-check=ok verdict-audit=ok judge-packet=skipped

--- reap-local  (free the disk this loop runs on)
    1 merged worktree(s) removed, 208 MB freed

--- reap  (free the volume before anything else)
    FAILED
        stderr: 'Expected welcome message, received: ServerMessage { type: "error", payload: ServerPayload { data: Empty, message: "Your application is not running or in a unexpected state", code: None } }\n'
      }
      
      Node.js v26.0.0

--- lease  (release idle path fences)
    FAILED
        stderr: 'Expected welcome message, received: ServerMessage { type: "error", payload: ServerPayload { data: Empty, message: "Your application is not running or in a unexpected state", code: None } }\n'
      }
      
      Node.js v26.0.0

--- push-work  (make finished work visible)
    FAILED
        stderr: 'Expected welcome message, received: ServerMessage { type: "error", payload: ServerPayload { data: Empty, message: "Your application is not running or in a unexpected state", code: None } }\n'
      }
      
      Node.js v26.0.0

--- land  (put accepted work into the branch it was accepted for)
    4 accepted branch(es) landed

--- close-done  (clear accepted issues from the pool)
    FAILED
        stderr: 'Expected welcome message, received: ServerMessage { type: "error", payload: ServerPayload { data: Empty, message: "Your application is not running or in a unexpected state", code: None } }\n'
      }
      
      Node.js v26.0.0

--- stale-escalations  (retire escalations whose stated cause no longer reproduces)
    could not survey the escalations: could not reach the service

--- author  (refill the backlog from a measured deficit)
    could not measure the queen-authored queue - refusing to file, because a failed count would read as zero and lift the limit

--- clocks  (no decision keyed on a field something rewrites)
    8 clocks, 8 on fields nothing rewrites

--- fields  (no decision reading a field its query never selects)
    2 query regions, 2 selecting every field they read

--- fp-check  (no checker accuses anything known good)
    21 known-good inputs, 1 falsely accused

--- verdict-audit  (check what the swarm claims against what it pushed)
       #1442  NO MECHANICAL CLAIM  files=1  the brief promised no new identifier, so nothing here can be checked without a judge

--- judge-packet  (queue the unauditable for judgement)
    SKIPPED - the chain is past its 8 minute deadline

heal complete: reap-local=ok reap=FAILED lease=FAILED push-work=FAILED land=ok close-done=FAILED stale-escalations=ok author=ok clocks=ok fields=ok fp-check=ok verdict-audit=ok judge-packet=skipped

--- reap-local  (free the disk this loop runs on)
    0 merged worktree(s) removed, 0 MB freed

--- reap  (free the volume before anything else)
    FAILED
        stderr: 'Expected welcome message, received: ServerMessage { type: "error", payload: ServerPayload { data: Empty, message: "Your application is not running or in a unexpected state", code: None } }\n'
      }
      
      Node.js v26.0.0

--- lease  (release idle path fences)
    FAILED
        stderr: 'Expected welcome message, received: ServerMessage { type: "error", payload: ServerPayload { data: Empty, message: "Your application is not running or in a unexpected state", code: None } }\n'
      }
      
      Node.js v26.0.0

--- push-work  (make finished work visible)
    FAILED
        stderr: 'Expected welcome message, received: ServerMessage { type: "error", payload: ServerPayload { data: Empty, message: "Your application is not running or in a unexpected state", code: None } }\n'
      }
      
      Node.js v26.0.0

--- land  (put accepted work into the branch it was accepted for)
    0 accepted branch(es) landed

--- close-done  (clear accepted issues from the pool)
    FAILED
        stderr: 'Expected welcome message, received: ServerMessage { type: "error", payload: ServerPayload { data: Empty, message: "Your application is not running or in a unexpected state", code: None } }\n'
      }
      
      Node.js v26.0.0

--- stale-escalations  (retire escalations whose stated cause no longer reproduces)
    could not survey the escalations: could not reach the service

--- author  (refill the backlog from a measured deficit)
    (no output)

--- clocks  (no decision keyed on a field something rewrites)
    SKIPPED - the chain is past its 8 minute deadline

--- fields  (no decision reading a field its query never selects)
    SKIPPED - the chain is past its 8 minute deadline

--- fp-check  (no checker accuses anything known good)
    SKIPPED - the chain is past its 8 minute deadline

--- verdict-audit  (check what the swarm claims against what it pushed)
    SKIPPED - the chain is past its 8 minute deadline

--- judge-packet  (queue the unauditable for judgement)
    SKIPPED - the chain is past its 8 minute deadline

heal complete: reap-local=ok reap=FAILED lease=FAILED push-work=FAILED land=ok close-done=FAILED stale-escalations=ok author=ok clocks=skipped fields=skipped fp-check=skipped verdict-audit=skipped judge-packet=skipped

--- reap-local  (free the disk this loop runs on)
    2 merged worktree(s) removed, 416 MB freed

--- reap  (free the volume before anything else)
    FAILED
        stderr: 'Expected welcome message, received: ServerMessage { type: "error", payload: ServerPayload { data: Empty, message: "Your application is not running or in a unexpected state", code: None } }\n'
      }
      
      Node.js v26.0.0

--- lease  (release idle path fences)
    FAILED
        stderr: 'Expected welcome message, received: ServerMessage { type: "error", payload: ServerPayload { data: Empty, message: "Your application is not running or in a unexpected state", code: None } }\n'
      }
      
      Node.js v26.0.0

--- push-work  (make finished work visible)
    FAILED
        stderr: 'Expected welcome message, received: ServerMessage { type: "error", payload: ServerPayload { data: Empty, message: "Your application is not running or in a unexpected state", code: None } }\n'
      }
      
      Node.js v26.0.0

--- land  (put accepted work into the branch it was accepted for)
    0 accepted branch(es) landed

--- close-done  (clear accepted issues from the pool)
    FAILED
        stderr: 'Expected welcome message, received: ServerMessage { type: "error", payload: ServerPayload { data: Empty, message: "Your application is not running or in a unexpected state", code: None } }\n'
      }
      
      Node.js v26.0.0

--- stale-escalations  (retire escalations whose stated cause no longer reproduces)
    could not survey the escalations: could not reach the service

--- author  (refill the backlog from a measured deficit)
    (no output)

--- clocks  (no decision keyed on a field something rewrites)
    SKIPPED - the chain is past its 8 minute deadline

--- fields  (no decision reading a field its query never selects)
    SKIPPED - the chain is past its 8 minute deadline

--- fp-check  (no checker accuses anything known good)
    SKIPPED - the chain is past its 8 minute deadline

--- verdict-audit  (check what the swarm claims against what it pushed)
    SKIPPED - the chain is past its 8 minute deadline

--- judge-packet  (queue the unauditable for judgement)
    SKIPPED - the chain is past its 8 minute deadline

heal complete: reap-local=ok reap=FAILED lease=FAILED push-work=FAILED land=ok close-done=FAILED stale-escalations=ok author=ok clocks=skipped fields=skipped fp-check=skipped verdict-audit=skipped judge-packet=skipped
/Users/playra/.local/bin/tri: line 718: syntax error near unexpected token `;;'
/Users/playra/.local/bin/tri: line 718: ` bash "$HOME/skills/queen-game-loop/scripts/spike.sh" "$@" ;;'

--- reap-local  (free the disk this loop runs on)
    1 merged worktree(s) removed, 208 MB freed

--- reap  (free the volume before anything else)
    FAILED
        stderr: 'Expected welcome message, received: ServerMessage { type: "error", payload: ServerPayload { data: Empty, message: "Your application is not running or in a unexpected state", code: None } }\n'
      }
      
      Node.js v26.0.0

--- lease  (release idle path fences)
    FAILED
        stderr: 'Expected welcome message, received: ServerMessage { type: "error", payload: ServerPayload { data: Empty, message: "Your application is not running or in a unexpected state", code: None } }\n'
      }
      
      Node.js v26.0.0

--- push-work  (make finished work visible)
    FAILED
        stderr: 'Expected welcome message, received: ServerMessage { type: "error", payload: ServerPayload { data: Empty, message: "Your application is not running or in a unexpected state", code: None } }\n'
      }
      
      Node.js v26.0.0

--- land  (put accepted work into the branch it was accepted for)
    10 accepted branches still outside the base

--- close-done  (clear accepted issues from the pool)
    FAILED
        stderr: 'Expected welcome message, received: ServerMessage { type: "error", payload: ServerPayload { data: Empty, message: "Your application is not running or in a unexpected state", code: None } }\n'
      }
      
      Node.js v26.0.0

--- stale-escalations  (retire escalations whose stated cause no longer reproduces)
    could not survey the escalations: could not reach the service

--- author  (refill the backlog from a measured deficit)
    (no output)

--- clocks  (no decision keyed on a field something rewrites)
    SKIPPED - the chain is past its 8 minute deadline

--- fields  (no decision reading a field its query never selects)
    SKIPPED - the chain is past its 8 minute deadline

--- fp-check  (no checker accuses anything known good)
    SKIPPED - the chain is past its 8 minute deadline

--- verdict-audit  (check what the swarm claims against what it pushed)
    SKIPPED - the chain is past its 8 minute deadline

--- judge-packet  (queue the unauditable for judgement)
    SKIPPED - the chain is past its 8 minute deadline

heal complete: reap-local=ok reap=FAILED lease=FAILED push-work=FAILED land=ok close-done=FAILED stale-escalations=ok author=ok clocks=skipped fields=skipped fp-check=skipped verdict-audit=skipped judge-packet=skipped

--- reap-local  (free the disk this loop runs on)
    3 merged worktree(s) removed, 624 MB freed

--- reap  (free the volume before anything else)
    FAILED
        stderr: 'Expected welcome message, received: ServerMessage { type: "error", payload: ServerPayload { data: Empty, message: "Your application is not running or in a unexpected state", code: None } }\n'
      }
      
      Node.js v26.0.0

--- lease  (release idle path fences)
    FAILED
        stderr: 'Expected welcome message, received: ServerMessage { type: "error", payload: ServerPayload { data: Empty, message: "Your application is not running or in a unexpected state", code: None } }\n'
      }
      
      Node.js v26.0.0

--- push-work  (make finished work visible)
    FAILED
        stderr: 'Expected welcome message, received: ServerMessage { type: "error", payload: ServerPayload { data: Empty, message: "Your application is not running or in a unexpected state", code: None } }\n'
      }
      
      Node.js v26.0.0

--- land  (put accepted work into the branch it was accepted for)
    10 accepted branches still outside the base

--- close-done  (clear accepted issues from the pool)
    FAILED
        stderr: 'Failed to establish connection after 3 attempts: IO error: failed to load user trust settings: I/O error.\n'
      }
      
      Node.js v26.0.0

--- stale-escalations  (retire escalations whose stated cause no longer reproduces)
    could not survey the escalations: could not reach the service

--- author  (refill the backlog from a measured deficit)
    (no output)

--- clocks  (no decision keyed on a field something rewrites)
    SKIPPED - the chain is past its 8 minute deadline

--- fields  (no decision reading a field its query never selects)
    SKIPPED - the chain is past its 8 minute deadline

--- fp-check  (no checker accuses anything known good)
    SKIPPED - the chain is past its 8 minute deadline

--- verdict-audit  (check what the swarm claims against what it pushed)
    SKIPPED - the chain is past its 8 minute deadline

--- judge-packet  (queue the unauditable for judgement)
    SKIPPED - the chain is past its 8 minute deadline

heal complete: reap-local=ok reap=FAILED lease=FAILED push-work=FAILED land=ok close-done=FAILED stale-escalations=ok author=ok clocks=skipped fields=skipped fp-check=skipped verdict-audit=skipped judge-packet=skipped

URGENT: 4 step(s) that FREE the swarm failed - reap, lease, push-work, close-done.
These are not audits. While they fail the swarm is being starved, and the
failure of `reap` in particular is circular: it reaches the volume through the
container, which stops answering once the volume is full. Retry it.
  tri why    - it checks the CONTAINER volume now, not just this laptop
/Users/playra/.local/bin/tri: line 732: syntax error near unexpected token `)'
/Users/playra/.local/bin/tri: line 732: `  *)'

--- reap-local  (free the disk this loop runs on)
    1 merged worktree(s) removed, 208 MB freed

--- reap  (free the volume before anything else)
    FAILED
        stderr: 'Expected welcome message, received: ServerMessage { type: "error", payload: ServerPayload { data: Empty, message: "Your application is not running or in a unexpected state", code: None } }\n'
      }
      
      Node.js v26.0.0

--- lease  (release idle path fences)
    FAILED
        stderr: 'Expected welcome message, received: ServerMessage { type: "error", payload: ServerPayload { data: Empty, message: "Your application is not running or in a unexpected state", code: None } }\n'
      }
      
      Node.js v26.0.0

--- push-work  (make finished work visible)
    FAILED
        stderr: 'Expected welcome message, received: ServerMessage { type: "error", payload: ServerPayload { data: Empty, message: "Your application is not running or in a unexpected state", code: None } }\n'
      }
      
      Node.js v26.0.0

--- land  (put accepted work into the branch it was accepted for)
    10 accepted branches still outside the base

--- close-done  (clear accepted issues from the pool)
    FAILED
        stderr: 'Expected welcome message, received: ServerMessage { type: "error", payload: ServerPayload { data: Empty, message: "Your application is not running or in a unexpected state", code: None } }\n'
      }
      
      Node.js v26.0.0

--- stale-escalations  (retire escalations whose stated cause no longer reproduces)
    could not survey the escalations: could not reach the service

--- author  (refill the backlog from a measured deficit)
    (no output)

--- clocks  (no decision keyed on a field something rewrites)
    SKIPPED - the chain is past its 8 minute deadline

--- fields  (no decision reading a field its query never selects)
    SKIPPED - the chain is past its 8 minute deadline

--- fp-check  (no checker accuses anything known good)
    SKIPPED - the chain is past its 8 minute deadline

--- verdict-audit  (check what the swarm claims against what it pushed)
    SKIPPED - the chain is past its 8 minute deadline

--- judge-packet  (queue the unauditable for judgement)
    SKIPPED - the chain is past its 8 minute deadline

heal complete: reap-local=ok reap=FAILED lease=FAILED push-work=FAILED land=ok close-done=FAILED stale-escalations=ok author=ok clocks=skipped fields=skipped fp-check=skipped verdict-audit=skipped judge-packet=skipped

URGENT: 4 step(s) that FREE the swarm failed - reap, lease, push-work, close-done.
These are not audits. While they fail the swarm is being starved, and the
failure of `reap` in particular is circular: it reaches the volume through the
container, which stops answering once the volume is full. Retry it.
  tri why    - it checks the CONTAINER volume now, not just this laptop
/Users/playra/.local/bin/tri: line 733: syntax error near unexpected token `}'
/Users/playra/.local/bin/tri: line 733: ` } >> "$f"'

--- reap-local  (free the disk this loop runs on)
    2 merged worktree(s) removed, 416 MB freed

--- reap  (free the volume before anything else)
    FAILED
        stderr: 'Expected welcome message, received: ServerMessage { type: "error", payload: ServerPayload { data: Empty, message: "Your application is not running or in a unexpected state", code: None } }\n'
      }
      
      Node.js v26.0.0

--- lease  (release idle path fences)
    FAILED
        stderr: 'Expected welcome message, received: ServerMessage { type: "error", payload: ServerPayload { data: Empty, message: "Your application is not running or in a unexpected state", code: None } }\n'
      }
      
      Node.js v26.0.0

--- push-work  (make finished work visible)
    FAILED
        stderr: 'Expected welcome message, received: ServerMessage { type: "error", payload: ServerPayload { data: Empty, message: "Your application is not running or in a unexpected state", code: None } }\n'
      }
      
      Node.js v26.0.0

--- land  (put accepted work into the branch it was accepted for)
    (no output)

--- close-done  (clear accepted issues from the pool)
    SKIPPED - the chain is past its 8 minute deadline

--- stale-escalations  (retire escalations whose stated cause no longer reproduces)
    SKIPPED - the chain is past its 8 minute deadline

--- author  (refill the backlog from a measured deficit)
    SKIPPED - the chain is past its 8 minute deadline

--- clocks  (no decision keyed on a field something rewrites)
    SKIPPED - the chain is past its 8 minute deadline

--- fields  (no decision reading a field its query never selects)
    SKIPPED - the chain is past its 8 minute deadline

--- fp-check  (no checker accuses anything known good)
    SKIPPED - the chain is past its 8 minute deadline

--- verdict-audit  (check what the swarm claims against what it pushed)
    SKIPPED - the chain is past its 8 minute deadline

--- judge-packet  (queue the unauditable for judgement)
    SKIPPED - the chain is past its 8 minute deadline

heal complete: reap-local=ok reap=FAILED lease=FAILED push-work=FAILED land=ok close-done=skipped stale-escalations=skipped author=skipped clocks=skipped fields=skipped fp-check=skipped verdict-audit=skipped judge-packet=skipped

URGENT: 3 step(s) that FREE the swarm failed - reap, lease, push-work.
These are not audits. While they fail the swarm is being starved, and the
failure of `reap` in particular is circular: it reaches the volume through the
container, which stops answering once the volume is full. Retry it.
  tri why    - it checks the CONTAINER volume now, not just this laptop

--- reap-local  (free the disk this loop runs on)
    0 merged worktree(s) removed, 0 MB freed

--- reap  (free the volume before anything else)
    FAILED
        stderr: 'Expected welcome message, received: ServerMessage { type: "error", payload: ServerPayload { data: Empty, message: "Your application is not running or in a unexpected state", code: None } }\n'
      }
      
      Node.js v26.0.0

--- lease  (release idle path fences)
    FAILED
        stderr: 'Expected welcome message, received: ServerMessage { type: "error", payload: ServerPayload { data: Empty, message: "Your application is not running or in a unexpected state", code: None } }\n'
      }
      
      Node.js v26.0.0

--- push-work  (make finished work visible)
    FAILED
        stderr: 'Expected welcome message, received: ServerMessage { type: "error", payload: ServerPayload { data: Empty, message: "Your application is not running or in a unexpected state", code: None } }\n'
      }
      
      Node.js v26.0.0

--- land  (put accepted work into the branch it was accepted for)
    (no output)

--- close-done  (clear accepted issues from the pool)
    FAILED
        stderr: 'Expected welcome message, received: ServerMessage { type: "error", payload: ServerPayload { data: Empty, message: "Your application is not running or in a unexpected state", code: None } }\n'
      }
      
      Node.js v26.0.0

--- stale-escalations  (retire escalations whose stated cause no longer reproduces)
    could not survey the escalations: could not reach the service

--- author  (refill the backlog from a measured deficit)
    SKIPPED - the chain is past its 8 minute deadline

--- clocks  (no decision keyed on a field something rewrites)
    SKIPPED - the chain is past its 8 minute deadline

--- fields  (no decision reading a field its query never selects)
    SKIPPED - the chain is past its 8 minute deadline

--- fp-check  (no checker accuses anything known good)
    SKIPPED - the chain is past its 8 minute deadline

--- verdict-audit  (check what the swarm claims against what it pushed)
    SKIPPED - the chain is past its 8 minute deadline

--- judge-packet  (queue the unauditable for judgement)
    SKIPPED - the chain is past its 8 minute deadline

heal complete: reap-local=ok reap=FAILED lease=FAILED push-work=FAILED land=ok close-done=FAILED stale-escalations=ok author=skipped clocks=skipped fields=skipped fp-check=skipped verdict-audit=skipped judge-packet=skipped

URGENT: 4 step(s) that FREE the swarm failed - reap, lease, push-work, close-done.
These are not audits. While they fail the swarm is being starved, and the
failure of `reap` in particular is circular: it reaches the volume through the
container, which stops answering once the volume is full. Retry it.
  tri why    - it checks the CONTAINER volume now, not just this laptop

--- reap-local  (free the disk this loop runs on)
    (no output)

--- reap  (free the volume before anything else)
    FAILED
        stderr: 'Expected welcome message, received: ServerMessage { type: "error", payload: ServerPayload { data: Empty, message: "Your application is not running or in a unexpected state", code: None } }\n'
      }
      
      Node.js v26.0.0

--- lease  (release idle path fences)
    (no output)

--- push-work  (make finished work visible)
    SKIPPED - the chain is past its 8 minute deadline

--- land  (put accepted work into the branch it was accepted for)
    SKIPPED - the chain is past its 8 minute deadline

--- close-done  (clear accepted issues from the pool)
    SKIPPED - the chain is past its 8 minute deadline

--- stale-escalations  (retire escalations whose stated cause no longer reproduces)
    SKIPPED - the chain is past its 8 minute deadline

--- author  (refill the backlog from a measured deficit)
    SKIPPED - the chain is past its 8 minute deadline

--- clocks  (no decision keyed on a field something rewrites)
    SKIPPED - the chain is past its 8 minute deadline

--- fields  (no decision reading a field its query never selects)
    SKIPPED - the chain is past its 8 minute deadline

--- fp-check  (no checker accuses anything known good)
    SKIPPED - the chain is past its 8 minute deadline

--- verdict-audit  (check what the swarm claims against what it pushed)
    SKIPPED - the chain is past its 8 minute deadline

--- judge-packet  (queue the unauditable for judgement)
    SKIPPED - the chain is past its 8 minute deadline

heal complete: reap-local=ok reap=FAILED lease=ok push-work=skipped land=skipped close-done=skipped stale-escalations=skipped author=skipped clocks=skipped fields=skipped fp-check=skipped verdict-audit=skipped judge-packet=skipped

URGENT: 1 step(s) that FREE the swarm failed - reap.
These are not audits. While they fail the swarm is being starved, and the
failure of `reap` in particular is circular: it reaches the volume through the
container, which stops answering once the volume is full. Retry it.
  tri why    - it checks the CONTAINER volume now, not just this laptop

--- reap-local  (free the disk this loop runs on)
    0 merged worktree(s) removed, 0 MB freed

--- reap  (free the volume before anything else)
    FAILED
        stderr: 'Expected welcome message, received: ServerMessage { type: "error", payload: ServerPayload { data: Empty, message: "Your application is not running or in a unexpected state", code: None } }\n'
      }
      
      Node.js v26.0.0

--- lease  (release idle path fences)
    FAILED
        stderr: 'Expected welcome message, received: ServerMessage { type: "error", payload: ServerPayload { data: Empty, message: "Your application is not running or in a unexpected state", code: None } }\n'
      }
      
      Node.js v26.0.0

--- push-work  (make finished work visible)
    FAILED
        stderr: 'Expected welcome message, received: ServerMessage { type: "error", payload: ServerPayload { data: Empty, message: "Your application is not running or in a unexpected state", code: None } }\n'
      }
      
      Node.js v26.0.0

--- land  (put accepted work into the branch it was accepted for)
    (no output)

--- close-done  (clear accepted issues from the pool)
    SKIPPED - the chain is past its 8 minute deadline

--- stale-escalations  (retire escalations whose stated cause no longer reproduces)
    SKIPPED - the chain is past its 8 minute deadline

--- author  (refill the backlog from a measured deficit)
    SKIPPED - the chain is past its 8 minute deadline

--- clocks  (no decision keyed on a field something rewrites)
    SKIPPED - the chain is past its 8 minute deadline

--- fields  (no decision reading a field its query never selects)
    SKIPPED - the chain is past its 8 minute deadline

--- fp-check  (no checker accuses anything known good)
    SKIPPED - the chain is past its 8 minute deadline

--- verdict-audit  (check what the swarm claims against what it pushed)
    SKIPPED - the chain is past its 8 minute deadline

--- judge-packet  (queue the unauditable for judgement)
    SKIPPED - the chain is past its 8 minute deadline

heal complete: reap-local=ok reap=FAILED lease=FAILED push-work=FAILED land=ok close-done=skipped stale-escalations=skipped author=skipped clocks=skipped fields=skipped fp-check=skipped verdict-audit=skipped judge-packet=skipped

URGENT: 3 step(s) that FREE the swarm failed - reap, lease, push-work.
These are not audits. While they fail the swarm is being starved, and the
failure of `reap` in particular is circular: it reaches the volume through the
container, which stops answering once the volume is full. Retry it.
  tri why    - it checks the CONTAINER volume now, not just this laptop
/Users/playra/.local/bin/tri: line 734: syntax error near unexpected token `;;'
/Users/playra/.local/bin/tri: line 734: ` ;;'

--- reap-local  (free the disk this loop runs on)
    1 merged worktree(s) removed, 208 MB freed

--- reap  (free the volume before anything else)
    FAILED
        stderr: 'Expected welcome message, received: ServerMessage { type: "error", payload: ServerPayload { data: Empty, message: "Your application is not running or in a unexpected state", code: None } }\n'
      }
      
      Node.js v26.0.0

--- lease  (release idle path fences)
    FAILED
        stderr: 'Expected welcome message, received: ServerMessage { type: "error", payload: ServerPayload { data: Empty, message: "Your application is not running or in a unexpected state", code: None } }\n'
      }
      
      Node.js v26.0.0

--- push-work  (make finished work visible)
    FAILED
        stderr: 'Expected welcome message, received: ServerMessage { type: "error", payload: ServerPayload { data: Empty, message: "Your application is not running or in a unexpected state", code: None } }\n'
      }
      
      Node.js v26.0.0

--- land  (put accepted work into the branch it was accepted for)
    (no output)

--- close-done  (clear accepted issues from the pool)
    SKIPPED - the chain is past its 8 minute deadline

--- stale-escalations  (retire escalations whose stated cause no longer reproduces)
    SKIPPED - the chain is past its 8 minute deadline

--- author  (refill the backlog from a measured deficit)
    SKIPPED - the chain is past its 8 minute deadline

--- clocks  (no decision keyed on a field something rewrites)
    SKIPPED - the chain is past its 8 minute deadline

--- fields  (no decision reading a field its query never selects)
    SKIPPED - the chain is past its 8 minute deadline

--- fp-check  (no checker accuses anything known good)
    SKIPPED - the chain is past its 8 minute deadline

--- verdict-audit  (check what the swarm claims against what it pushed)
    SKIPPED - the chain is past its 8 minute deadline

--- judge-packet  (queue the unauditable for judgement)
    SKIPPED - the chain is past its 8 minute deadline

heal complete: reap-local=ok reap=FAILED lease=FAILED push-work=FAILED land=ok close-done=skipped stale-escalations=skipped author=skipped clocks=skipped fields=skipped fp-check=skipped verdict-audit=skipped judge-packet=skipped

URGENT: 3 step(s) that FREE the swarm failed - reap, lease, push-work.
These are not audits. While they fail the swarm is being starved, and the
failure of `reap` in particular is circular: it reaches the volume through the
container, which stops answering once the volume is full. Retry it.
  tri why    - it checks the CONTAINER volume now, not just this laptop

--- reap-local  (free the disk this loop runs on)
    (no output)

--- reap  (free the volume before anything else)
    FAILED
        stderr: 'Expected welcome message, received: ServerMessage { type: "error", payload: ServerPayload { data: Empty, message: "Your application is not running or in a unexpected state", code: None } }\n'
      }
      
      Node.js v26.0.0

--- lease  (release idle path fences)
    FAILED
        stderr: 'Expected welcome message, received: ServerMessage { type: "error", payload: ServerPayload { data: Empty, message: "Your application is not running or in a unexpected state", code: None } }\n'
      }
      
      Node.js v26.0.0

--- push-work  (make finished work visible)
    FAILED
        stderr: 'Expected welcome message, received: ServerMessage { type: "error", payload: ServerPayload { data: Empty, message: "Your application is not running or in a unexpected state", code: None } }\n'
      }
      
      Node.js v26.0.0

--- land  (put accepted work into the branch it was accepted for)
    (no output)

--- close-done  (clear accepted issues from the pool)
    SKIPPED - the chain is past its 8 minute deadline

--- stale-escalations  (retire escalations whose stated cause no longer reproduces)
    SKIPPED - the chain is past its 8 minute deadline

--- author  (refill the backlog from a measured deficit)
    SKIPPED - the chain is past its 8 minute deadline

--- clocks  (no decision keyed on a field something rewrites)
    SKIPPED - the chain is past its 8 minute deadline

--- fields  (no decision reading a field its query never selects)
    SKIPPED - the chain is past its 8 minute deadline

--- fp-check  (no checker accuses anything known good)
    SKIPPED - the chain is past its 8 minute deadline

--- verdict-audit  (check what the swarm claims against what it pushed)
    SKIPPED - the chain is past its 8 minute deadline

--- judge-packet  (queue the unauditable for judgement)
    SKIPPED - the chain is past its 8 minute deadline

heal complete: reap-local=ok reap=FAILED lease=FAILED push-work=FAILED land=ok close-done=skipped stale-escalations=skipped author=skipped clocks=skipped fields=skipped fp-check=skipped verdict-audit=skipped judge-packet=skipped

URGENT: 3 step(s) that FREE the swarm failed - reap, lease, push-work.
These are not audits. While they fail the swarm is being starved, and the
failure of `reap` in particular is circular: it reaches the volume through the
container, which stops answering once the volume is full. Retry it.
  tri why    - it checks the CONTAINER volume now, not just this laptop
/Users/playra/.local/bin/tri: line 735: syntax error near unexpected token `;'
/Users/playra/.local/bin/tri: line 735: `;'

--- reap-local  (free the disk this loop runs on)
    (no output)

--- reap  (free the volume before anything else)
    FAILED
        stderr: 'Expected welcome message, received: ServerMessage { type: "error", payload: ServerPayload { data: Empty, message: "Your application is not running or in a unexpected state", code: None } }\n'
      }
      
      Node.js v26.0.0

--- lease  (release idle path fences)
    FAILED
        stderr: 'Expected welcome message, received: ServerMessage { type: "error", payload: ServerPayload { data: Empty, message: "Your application is not running or in a unexpected state", code: None } }\n'
      }
      
      Node.js v26.0.0

--- push-work  (make finished work visible)
    FAILED
        stderr: 'Expected welcome message, received: ServerMessage { type: "error", payload: ServerPayload { data: Empty, message: "Your application is not running or in a unexpected state", code: None } }\n'
      }
      
      Node.js v26.0.0

--- land  (put accepted work into the branch it was accepted for)
    (no output)

--- close-done  (clear accepted issues from the pool)
    SKIPPED - the chain is past its 8 minute deadline

--- stale-escalations  (retire escalations whose stated cause no longer reproduces)
    SKIPPED - the chain is past its 8 minute deadline

--- author  (refill the backlog from a measured deficit)
    SKIPPED - the chain is past its 8 minute deadline

--- clocks  (no decision keyed on a field something rewrites)
    SKIPPED - the chain is past its 8 minute deadline

--- fields  (no decision reading a field its query never selects)
    SKIPPED - the chain is past its 8 minute deadline

--- fp-check  (no checker accuses anything known good)
    SKIPPED - the chain is past its 8 minute deadline

--- verdict-audit  (check what the swarm claims against what it pushed)
    SKIPPED - the chain is past its 8 minute deadline

--- judge-packet  (queue the unauditable for judgement)
    SKIPPED - the chain is past its 8 minute deadline

heal complete: reap-local=ok reap=FAILED lease=FAILED push-work=FAILED land=ok close-done=skipped stale-escalations=skipped author=skipped clocks=skipped fields=skipped fp-check=skipped verdict-audit=skipped judge-packet=skipped

URGENT: 3 step(s) that FREE the swarm failed - reap, lease, push-work.
These are not audits. While they fail the swarm is being starved, and the
failure of `reap` in particular is circular: it reaches the volume through the
container, which stops answering once the volume is full. Retry it.
  tri why    - it checks the CONTAINER volume now, not just this laptop
another run holds the loop lock (feed, 2 min) - standing down

--- reap-local  (free the disk this loop runs on)
    0 merged worktree(s) removed, 0 MB freed

--- reap  (free the volume before anything else)
    FAILED
        stderr: 'Expected welcome message, received: ServerMessage { type: "error", payload: ServerPayload { data: Empty, message: "Your application is not running or in a unexpected state", code: None } }\n'
      }
      
      Node.js v26.0.0

--- lease  (release idle path fences)
    FAILED
        stderr: 'Expected welcome message, received: ServerMessage { type: "error", payload: ServerPayload { data: Empty, message: "Your application is not running or in a unexpected state", code: None } }\n'
      }
      
      Node.js v26.0.0

--- push-work  (make finished work visible)
    FAILED
        stderr: 'Expected welcome message, received: ServerMessage { type: "error", payload: ServerPayload { data: Empty, message: "Your application is not running or in a unexpected state", code: None } }\n'
      }
      
      Node.js v26.0.0

--- land  (put accepted work into the branch it was accepted for)
    (no output)

--- close-done  (clear accepted issues from the pool)
    SKIPPED - the chain is past its 8 minute deadline

--- stale-escalations  (retire escalations whose stated cause no longer reproduces)
    SKIPPED - the chain is past its 8 minute deadline

--- author  (refill the backlog from a measured deficit)
    SKIPPED - the chain is past its 8 minute deadline

--- clocks  (no decision keyed on a field something rewrites)
    SKIPPED - the chain is past its 8 minute deadline

--- fields  (no decision reading a field its query never selects)
    SKIPPED - the chain is past its 8 minute deadline

--- fp-check  (no checker accuses anything known good)
    SKIPPED - the chain is past its 8 minute deadline

--- verdict-audit  (check what the swarm claims against what it pushed)
    SKIPPED - the chain is past its 8 minute deadline

--- judge-packet  (queue the unauditable for judgement)
    SKIPPED - the chain is past its 8 minute deadline

heal complete: reap-local=ok reap=FAILED lease=FAILED push-work=FAILED land=ok close-done=skipped stale-escalations=skipped author=skipped clocks=skipped fields=skipped fp-check=skipped verdict-audit=skipped judge-packet=skipped

URGENT: 3 step(s) that FREE the swarm failed - reap, lease, push-work.
These are not audits. While they fail the swarm is being starved, and the
failure of `reap` in particular is circular: it reaches the volume through the
container, which stops answering once the volume is full. Retry it.
  tri why    - it checks the CONTAINER volume now, not just this laptop
/Users/playra/.local/bin/tri: line 743: $1: unbound variable

--- reap-local  (free the disk this loop runs on)
              (detached) - its status could not be read, and unreadable is not removable

--- reap  (free the volume before anything else)
    FAILED
        stderr: 'Failed to establish connection after 3 attempts: IO error: failed to load system trust settings: I/O error.\n'
      }
      
      Node.js v26.0.0

--- lease  (release idle path fences)
    FAILED
        stderr: 'Expected welcome message, received: ServerMessage { type: "error", payload: ServerPayload { data: Empty, message: "Your application is not running or in a unexpected state", code: None } }\n'
      }
      
      Node.js v26.0.0

--- push-work  (make finished work visible)
    FAILED
        stderr: 'Expected welcome message, received: ServerMessage { type: "error", payload: ServerPayload { data: Empty, message: "Your application is not running or in a unexpected state", code: None } }\n'
      }
      
      Node.js v26.0.0

--- land  (put accepted work into the branch it was accepted for)
    (no output)

--- close-done  (clear accepted issues from the pool)
    SKIPPED - the chain is past its 8 minute deadline

--- stale-escalations  (retire escalations whose stated cause no longer reproduces)
    SKIPPED - the chain is past its 8 minute deadline

--- author  (refill the backlog from a measured deficit)
    SKIPPED - the chain is past its 8 minute deadline

--- clocks  (no decision keyed on a field something rewrites)
    SKIPPED - the chain is past its 8 minute deadline

--- fields  (no decision reading a field its query never selects)
    SKIPPED - the chain is past its 8 minute deadline

--- fp-check  (no checker accuses anything known good)
    SKIPPED - the chain is past its 8 minute deadline

--- verdict-audit  (check what the swarm claims against what it pushed)
    SKIPPED - the chain is past its 8 minute deadline

--- judge-packet  (queue the unauditable for judgement)
    SKIPPED - the chain is past its 8 minute deadline

heal complete: reap-local=ok reap=FAILED lease=FAILED push-work=FAILED land=ok close-done=skipped stale-escalations=skipped author=skipped clocks=skipped fields=skipped fp-check=skipped verdict-audit=skipped judge-packet=skipped

URGENT: 3 step(s) that FREE the swarm failed - reap, lease, push-work.
These are not audits. While they fail the swarm is being starved, and the
failure of `reap` in particular is circular: it reaches the volume through the
container, which stops answering once the volume is full. Retry it.
  tri why    - it checks the CONTAINER volume now, not just this laptop
another run holds the loop lock (feed, 1 min) - standing down

--- reap-local  (free the disk this loop runs on)
    (no output)

--- reap  (free the volume before anything else)
    FAILED
        stderr: 'Expected welcome message, received: ServerMessage { type: "error", payload: ServerPayload { data: Empty, message: "Your application is not running or in a unexpected state", code: None } }\n'
      }
      
      Node.js v26.0.0

--- lease  (release idle path fences)
    FAILED
        stderr: 'Expected welcome message, received: ServerMessage { type: "error", payload: ServerPayload { data: Empty, message: "Your application is not running or in a unexpected state", code: None } }\n'
      }
      
      Node.js v26.0.0

--- push-work  (make finished work visible)
    FAILED
        stderr: 'Expected welcome message, received: ServerMessage { type: "error", payload: ServerPayload { data: Empty, message: "Your application is not running or in a unexpected state", code: None } }\n'
      }
      
      Node.js v26.0.0

--- land  (put accepted work into the branch it was accepted for)
    (no output)

--- close-done  (clear accepted issues from the pool)
    SKIPPED - the chain is past its 8 minute deadline

--- stale-escalations  (retire escalations whose stated cause no longer reproduces)
    SKIPPED - the chain is past its 8 minute deadline

--- author  (refill the backlog from a measured deficit)
    SKIPPED - the chain is past its 8 minute deadline

--- clocks  (no decision keyed on a field something rewrites)
    SKIPPED - the chain is past its 8 minute deadline

--- fields  (no decision reading a field its query never selects)
    SKIPPED - the chain is past its 8 minute deadline

--- fp-check  (no checker accuses anything known good)
    SKIPPED - the chain is past its 8 minute deadline

--- verdict-audit  (check what the swarm claims against what it pushed)
    SKIPPED - the chain is past its 8 minute deadline

--- judge-packet  (queue the unauditable for judgement)
    SKIPPED - the chain is past its 8 minute deadline

heal complete: reap-local=ok reap=FAILED lease=FAILED push-work=FAILED land=ok close-done=skipped stale-escalations=skipped author=skipped clocks=skipped fields=skipped fp-check=skipped verdict-audit=skipped judge-packet=skipped

URGENT: 3 step(s) that FREE the swarm failed - reap, lease, push-work.
These are not audits. While they fail the swarm is being starved, and the
failure of `reap` in particular is circular: it reaches the volume through the
container, which stops answering once the volume is full. Retry it.
  tri why    - it checks the CONTAINER volume now, not just this laptop
/Users/playra/.local/bin/tri: line 751: syntax error near unexpected token `('
/Users/playra/.local/bin/tri: line 751: `    echo "неизвестная команда: $1 (tri help)"; exit 1'

--- reap-local  (free the disk this loop runs on)
    38 worktrees, 3 merged and clean

--- reap  (free the volume before anything else)
    FAILED
        stderr: 'Expected welcome message, received: ServerMessage { type: "error", payload: ServerPayload { data: Empty, message: "Your application is not running or in a unexpected state", code: None } }\n'
      }
      
      Node.js v26.0.0

--- lease  (release idle path fences)
    FAILED
        stderr: 'Expected welcome message, received: ServerMessage { type: "error", payload: ServerPayload { data: Empty, message: "Your application is not running or in a unexpected state", code: None } }\n'
      }
      
      Node.js v26.0.0

--- push-work  (make finished work visible)
    FAILED
        stderr: 'Expected welcome message, received: ServerMessage { type: "error", payload: ServerPayload { data: Empty, message: "Your application is not running or in a unexpected state", code: None } }\n'
      }
      
      Node.js v26.0.0

--- land  (put accepted work into the branch it was accepted for)
    (no output)

--- close-done  (clear accepted issues from the pool)
    SKIPPED - the chain is past its 8 minute deadline

--- stale-escalations  (retire escalations whose stated cause no longer reproduces)
    SKIPPED - the chain is past its 8 minute deadline

--- author  (refill the backlog from a measured deficit)
    SKIPPED - the chain is past its 8 minute deadline

--- clocks  (no decision keyed on a field something rewrites)
    SKIPPED - the chain is past its 8 minute deadline

--- fields  (no decision reading a field its query never selects)
    SKIPPED - the chain is past its 8 minute deadline

--- fp-check  (no checker accuses anything known good)
    SKIPPED - the chain is past its 8 minute deadline

--- verdict-audit  (check what the swarm claims against what it pushed)
    SKIPPED - the chain is past its 8 minute deadline

--- coverage  (is the recent work still proving anything)
    SKIPPED - the chain is past its 8 minute deadline

--- judge-packet  (queue the unauditable for judgement)
    SKIPPED - the chain is past its 8 minute deadline

heal complete: reap-local=ok reap=FAILED lease=FAILED push-work=FAILED land=ok close-done=skipped stale-escalations=skipped author=skipped clocks=skipped fields=skipped fp-check=skipped verdict-audit=skipped coverage=skipped judge-packet=skipped

URGENT: 3 step(s) that FREE the swarm failed - reap, lease, push-work.
These are not audits. While they fail the swarm is being starved, and the
failure of `reap` in particular is circular: it reaches the volume through the
container, which stops answering once the volume is full. Retry it.
  tri why    - it checks the CONTAINER volume now, not just this laptop
another run holds the loop lock (heal, 9 min) - standing down

--- reap-local  (free the disk this loop runs on)
    0 merged worktree(s) removed, 0 MB freed

--- reap  (free the volume before anything else)
    FAILED
        stderr: 'Expected welcome message, received: ServerMessage { type: "error", payload: ServerPayload { data: Empty, message: "Your application is not running or in a unexpected state", code: None } }\n'
      }
      
      Node.js v26.0.0

--- lease  (release idle path fences)
    FAILED
        stderr: 'Expected welcome message, received: ServerMessage { type: "error", payload: ServerPayload { data: Empty, message: "Your application is not running or in a unexpected state", code: None } }\n'
      }
      
      Node.js v26.0.0

--- push-work  (make finished work visible)
    FAILED
        stderr: 'Expected welcome message, received: ServerMessage { type: "error", payload: ServerPayload { data: Empty, message: "Your application is not running or in a unexpected state", code: None } }\n'
      }
      
      Node.js v26.0.0

--- land  (put accepted work into the branch it was accepted for)
    (no output)

--- close-done  (clear accepted issues from the pool)
    (no output)

--- stale-escalations  (retire escalations whose stated cause no longer reproduces)
    SKIPPED - past the 8 minute swarm-freeing deadline

--- author  (refill the backlog from a measured deficit)
    SKIPPED - past the 8 minute swarm-freeing deadline

--- clocks  (no decision keyed on a field something rewrites)
    9 clocks, 9 on fields nothing rewrites

--- fields  (no decision reading a field its query never selects)
    2 query regions, 2 selecting every field they read

--- fp-check  (no checker accuses anything known good)
    (no output)

--- verdict-audit  (check what the swarm claims against what it pushed)
    SKIPPED - past the 5 minute reporting deadline

--- proven  (is the recent work still proving anything)
    SKIPPED - past the 5 minute reporting deadline

--- judge-packet  (queue the unauditable for judgement)
    SKIPPED - past the 5 minute reporting deadline

heal complete: reap-local=ok reap=FAILED lease=FAILED push-work=FAILED land=ok close-done=ok stale-escalations=skipped author=skipped clocks=ok fields=ok fp-check=ok verdict-audit=skipped proven=skipped judge-packet=skipped

URGENT: 3 step(s) that FREE the swarm failed - reap, lease, push-work.
These are not audits. While they fail the swarm is being starved, and the
failure of `reap` in particular is circular: it reaches the volume through the
container, which stops answering once the volume is full. Retry it.
  tri why    - it checks the CONTAINER volume now, not just this laptop
/Users/playra/.local/bin/tri: line 756: syntax error near unexpected token `)'
/Users/playra/.local/bin/tri: line 756: `*)'

--- reap-local  (free the disk this loop runs on)
    0 merged worktree(s) removed, 0 MB freed

--- reap  (free the volume before anything else)
    FAILED
        stderr: 'Expected welcome message, received: ServerMessage { type: "error", payload: ServerPayload { data: Empty, message: "Your application is not running or in a unexpected state", code: None } }\n'
      }
      
      Node.js v26.0.0

--- lease  (release idle path fences)
    FAILED
        stderr: 'Expected welcome message, received: ServerMessage { type: "error", payload: ServerPayload { data: Empty, message: "Your application is not running or in a unexpected state", code: None } }\n'
      }
      
      Node.js v26.0.0

--- push-work  (make finished work visible)
    FAILED
        stderr: 'Expected welcome message, received: ServerMessage { type: "error", payload: ServerPayload { data: Empty, message: "Your application is not running or in a unexpected state", code: None } }\n'
      }
      
      Node.js v26.0.0

--- land  (put accepted work into the branch it was accepted for)
    (no output)

--- close-done  (clear accepted issues from the pool)
    SKIPPED - past the 8 minute swarm-freeing deadline

--- stale-escalations  (retire escalations whose stated cause no longer reproduces)
    SKIPPED - past the 8 minute swarm-freeing deadline

--- author  (refill the backlog from a measured deficit)
    SKIPPED - past the 8 minute swarm-freeing deadline

--- clocks  (no decision keyed on a field something rewrites)
    9 clocks, 9 on fields nothing rewrites

--- fields  (no decision reading a field its query never selects)
    2 query regions, 2 selecting every field they read

--- fp-check  (no checker accuses anything known good)
    (no output)

--- verdict-audit  (check what the swarm claims against what it pushed)
    SKIPPED - past the 5 minute reporting deadline

--- proven  (is the recent work still proving anything)
    SKIPPED - past the 5 minute reporting deadline

--- judge-packet  (queue the unauditable for judgement)
    SKIPPED - past the 5 minute reporting deadline

heal complete: reap-local=ok reap=FAILED lease=FAILED push-work=FAILED land=ok close-done=skipped stale-escalations=skipped author=skipped clocks=ok fields=ok fp-check=ok verdict-audit=skipped proven=skipped judge-packet=skipped

URGENT: 3 step(s) that FREE the swarm failed - reap, lease, push-work.
These are not audits. While they fail the swarm is being starved, and the
failure of `reap` in particular is circular: it reaches the volume through the
container, which stops answering once the volume is full. Retry it.
  tri why    - it checks the CONTAINER volume now, not just this laptop

--- reap-local  (free the disk this loop runs on)
    36 worktrees, 1 merged and clean

--- reap  (free the volume before anything else)
    FAILED
        stderr: 'Expected welcome message, received: ServerMessage { type: "error", payload: ServerPayload { data: Empty, message: "Your application is not running or in a unexpected state", code: None } }\n'
      }
      
      Node.js v26.0.0

--- lease  (release idle path fences)
    FAILED
        stderr: 'Expected welcome message, received: ServerMessage { type: "error", payload: ServerPayload { data: Empty, message: "Your application is not running or in a unexpected state", code: None } }\n'
      }
      
      Node.js v26.0.0

--- push-work  (make finished work visible)
    FAILED
        stderr: 'Expected welcome message, received: ServerMessage { type: "error", payload: ServerPayload { data: Empty, message: "Your application is not running or in a unexpected state", code: None } }\n'
      }
      
      Node.js v26.0.0

--- land  (put accepted work into the branch it was accepted for)
    (no output)

--- close-done  (clear accepted issues from the pool)
    SKIPPED - past the 8 minute swarm-freeing deadline

--- stale-escalations  (retire escalations whose stated cause no longer reproduces)
    SKIPPED - past the 8 minute swarm-freeing deadline

--- author  (refill the backlog from a measured deficit)
    SKIPPED - past the 8 minute swarm-freeing deadline

--- clocks  (no decision keyed on a field something rewrites)
    9 clocks, 9 on fields nothing rewrites

--- fields  (no decision reading a field its query never selects)
    2 query regions, 2 selecting every field they read

--- fp-check  (no checker accuses anything known good)
    (no output)

--- verdict-audit  (check what the swarm claims against what it pushed)
    SKIPPED - past the 5 minute reporting deadline

--- proven  (is the recent work still proving anything)
    SKIPPED - past the 5 minute reporting deadline

--- judge-packet  (queue the unauditable for judgement)
    SKIPPED - past the 5 minute reporting deadline

heal complete: reap-local=ok reap=FAILED lease=FAILED push-work=FAILED land=ok close-done=skipped stale-escalations=skipped author=skipped clocks=ok fields=ok fp-check=ok verdict-audit=skipped proven=skipped judge-packet=skipped

URGENT: 3 step(s) that FREE the swarm failed - reap, lease, push-work.
These are not audits. While they fail the swarm is being starved, and the
failure of `reap` in particular is circular: it reaches the volume through the
container, which stops answering once the volume is full. Retry it.
  tri why    - it checks the CONTAINER volume now, not just this laptop

--- reap-local  (free the disk this loop runs on)
    36 worktrees, 1 merged and clean

--- reap  (free the volume before anything else)
    FAILED
        stderr: 'Expected welcome message, received: ServerMessage { type: "error", payload: ServerPayload { data: Empty, message: "Your application is not running or in a unexpected state", code: None } }\n'
      }
      
      Node.js v26.0.0

--- lease  (release idle path fences)
    FAILED
        stderr: 'Expected welcome message, received: ServerMessage { type: "error", payload: ServerPayload { data: Empty, message: "Your application is not running or in a unexpected state", code: None } }\n'
      }
      
      Node.js v26.0.0

--- push-work  (make finished work visible)
    FAILED
        pid: 44684,
        stdout: '',
        stderr: 'Expected welcome message, received: ServerMessage { type: "error", payload: ServerPayload { data: Empty, message: "Your application is not running or in a unexpected state", code: None } }\n'
      }

--- land  (put accepted work into the branch it was accepted for)
    (no output)

--- close-done  (clear accepted issues from the pool)
    SKIPPED - past the 8 minute swarm-freeing deadline

--- stale-escalations  (retire escalations whose stated cause no longer reproduces)
    SKIPPED - past the 8 minute swarm-freeing deadline

--- author  (refill the backlog from a measured deficit)
    SKIPPED - past the 8 minute swarm-freeing deadline

--- clocks  (no decision keyed on a field something rewrites)
    9 clocks, 9 on fields nothing rewrites

--- fields  (no decision reading a field its query never selects)
    2 query regions, 2 selecting every field they read

--- fp-check  (no checker accuses anything known good)
    (no output)

--- verdict-audit  (check what the swarm claims against what it pushed)
    SKIPPED - past the 5 minute reporting deadline

--- proven  (is the recent work still proving anything)
    SKIPPED - past the 5 minute reporting deadline

--- judge-packet  (queue the unauditable for judgement)
    SKIPPED - past the 5 minute reporting deadline

heal complete: reap-local=ok reap=FAILED lease=FAILED push-work=FAILED land=ok close-done=skipped stale-escalations=skipped author=skipped clocks=ok fields=ok fp-check=ok verdict-audit=skipped proven=skipped judge-packet=skipped

URGENT: 3 step(s) that FREE the swarm failed - reap, lease, push-work.
These are not audits. While they fail the swarm is being starved, and the
failure of `reap` in particular is circular: it reaches the volume through the
container, which stops answering once the volume is full. Retry it.
  tri why    - it checks the CONTAINER volume now, not just this laptop
another run holds the loop lock (heal, 9 min) - standing down

--- reap-local  (free the disk this loop runs on)
    36 worktrees, 1 merged and clean

--- reap  (free the volume before anything else)
    FAILED
        stderr: 'Expected welcome message, received: ServerMessage { type: "error", payload: ServerPayload { data: Empty, message: "Your application is not running or in a unexpected state", code: None } }\n'
      }
      
      Node.js v26.0.0

--- lease  (release idle path fences)
    FAILED
        stderr: 'Failed to establish connection after 3 attempts: IO error: failed to load system trust settings: I/O error.\n'
      }
      
      Node.js v26.0.0

--- push-work  (make finished work visible)
    FAILED
        pid: 79257,
        stdout: '',
        stderr: 'Expected welcome message, received: ServerMessage { type: "error", payload: ServerPayload { data: Empty, message: "Your application is not running or in a unexpected state", code: None } }\n'
      }

--- land  (put accepted work into the branch it was accepted for)
    (no output)

--- close-done  (clear accepted issues from the pool)
    SKIPPED - past the 8 minute swarm-freeing deadline

--- stale-escalations  (retire escalations whose stated cause no longer reproduces)
    SKIPPED - past the 8 minute swarm-freeing deadline

--- author  (refill the backlog from a measured deficit)
    SKIPPED - past the 8 minute swarm-freeing deadline

--- clocks  (no decision keyed on a field something rewrites)
    9 clocks, 9 on fields nothing rewrites

--- fields  (no decision reading a field its query never selects)
    2 query regions, 2 selecting every field they read

--- fp-check  (no checker accuses anything known good)
    (no output)

--- verdict-audit  (check what the swarm claims against what it pushed)
    SKIPPED - past the 5 minute reporting deadline

--- proven  (is the recent work still proving anything)
    SKIPPED - past the 5 minute reporting deadline

--- judge-packet  (queue the unauditable for judgement)
    SKIPPED - past the 5 minute reporting deadline

heal complete: reap-local=ok reap=FAILED lease=FAILED push-work=FAILED land=ok close-done=skipped stale-escalations=skipped author=skipped clocks=ok fields=ok fp-check=ok verdict-audit=skipped proven=skipped judge-packet=skipped

URGENT: 3 step(s) that FREE the swarm failed - reap, lease, push-work.
These are not audits. While they fail the swarm is being starved, and the
failure of `reap` in particular is circular: it reaches the volume through the
container, which stops answering once the volume is full. Retry it.
  tri why    - it checks the CONTAINER volume now, not just this laptop

--- reap-local  (free the disk this loop runs on)
    34 worktrees, none removable

--- reap  (free the volume before anything else)
    FAILED
        channelAdvice: 'railway will not attach to the service; /health may still answer ok - they are different views'
      }
      
      Node.js v26.0.0

--- lease  (release idle path fences)
      app-down: railway will not attach to the service; /health may still answer ok - they are different views - retrying in 120s

--- push-work  (make finished work visible)
    SKIPPED - past the 8 minute swarm-freeing deadline

--- land  (put accepted work into the branch it was accepted for)
    SKIPPED - past the 8 minute swarm-freeing deadline

--- close-done  (clear accepted issues from the pool)
    SKIPPED - past the 8 minute swarm-freeing deadline

--- stale-escalations  (retire escalations whose stated cause no longer reproduces)
    SKIPPED - past the 8 minute swarm-freeing deadline

--- author  (refill the backlog from a measured deficit)
    SKIPPED - past the 8 minute swarm-freeing deadline

--- clocks  (no decision keyed on a field something rewrites)
    9 clocks, 9 on fields nothing rewrites

--- fields  (no decision reading a field its query never selects)
    2 query regions, 2 selecting every field they read

--- fp-check  (no checker accuses anything known good)
    (no output)

--- verdict-audit  (check what the swarm claims against what it pushed)
    SKIPPED - past the 5 minute reporting deadline

--- proven  (is the recent work still proving anything)
    SKIPPED - past the 5 minute reporting deadline

--- judge-packet  (queue the unauditable for judgement)
    SKIPPED - past the 5 minute reporting deadline

heal complete: reap-local=ok reap=FAILED lease=ok push-work=skipped land=skipped close-done=skipped stale-escalations=skipped author=skipped clocks=ok fields=ok fp-check=ok verdict-audit=skipped proven=skipped judge-packet=skipped

URGENT: 1 step(s) that FREE the swarm failed - reap.
These are not audits. While they fail the swarm is being starved, and the
failure of `reap` in particular is circular: it reaches the volume through the
container, which stops answering once the volume is full. Retry it.
  tri why    - it checks the CONTAINER volume now, not just this laptop
another run holds the loop lock (heal, 0 min) - standing down

--- two-views  (both views of the service, at the same moment)
    the two views of the service DISAGREE - a green health check is not evidence the channel will connect

--- reap-local  (free the disk this loop runs on)
    34 worktrees, none removable

--- reap  (free the volume before anything else)
      app-down: railway will not attach to the service; /health may still answer ok - they are different views - retrying in 120s

--- lease  (release idle path fences)
    (no output)

--- push-work  (make finished work visible)
    SKIPPED - past the 8 minute swarm-freeing deadline

--- land  (put accepted work into the branch it was accepted for)
    SKIPPED - past the 8 minute swarm-freeing deadline

--- close-done  (clear accepted issues from the pool)
    SKIPPED - past the 8 minute swarm-freeing deadline

--- stale-escalations  (retire escalations whose stated cause no longer reproduces)
    SKIPPED - past the 8 minute swarm-freeing deadline

--- author  (refill the backlog from a measured deficit)
    SKIPPED - past the 8 minute swarm-freeing deadline

--- clocks  (no decision keyed on a field something rewrites)
    9 clocks, 9 on fields nothing rewrites

--- fields  (no decision reading a field its query never selects)
    2 query regions, 2 selecting every field they read

--- fp-check  (no checker accuses anything known good)
    (no output)

--- verdict-audit  (check what the swarm claims against what it pushed)
    SKIPPED - past the 5 minute reporting deadline

--- proven  (is the recent work still proving anything)
    SKIPPED - past the 5 minute reporting deadline

--- judge-packet  (queue the unauditable for judgement)
    SKIPPED - past the 5 minute reporting deadline

heal complete: two-views=FINDING reap-local=ok reap=ok lease=ok push-work=skipped land=skipped close-done=skipped stale-escalations=skipped author=skipped clocks=ok fields=ok fp-check=ok verdict-audit=skipped proven=skipped judge-packet=skipped

  FINDING  two-views: undefined

--- two-views  (both views of the service, at the same moment)
    the two views of the service DISAGREE - a green health check is not evidence the channel will connect

--- reap-local  (free the disk this loop runs on)
    34 worktrees, none removable

--- reap  (free the volume before anything else)
      app-down: railway will not attach to the service; /health may still answer ok - they are different views - retrying in 120s

--- lease  (release idle path fences)
    SKIPPED - past the 8 minute swarm-freeing deadline

--- push-work  (make finished work visible)
    SKIPPED - past the 8 minute swarm-freeing deadline

--- land  (put accepted work into the branch it was accepted for)
    SKIPPED - past the 8 minute swarm-freeing deadline

--- close-done  (clear accepted issues from the pool)
    SKIPPED - past the 8 minute swarm-freeing deadline

--- stale-escalations  (retire escalations whose stated cause no longer reproduces)
    SKIPPED - past the 8 minute swarm-freeing deadline

--- author  (refill the backlog from a measured deficit)
    SKIPPED - past the 8 minute swarm-freeing deadline

  lock released: everything from here only reads, and the refill needs it

--- clocks  (no decision keyed on a field something rewrites)
    9 clocks, 9 on fields nothing rewrites

--- fields  (no decision reading a field its query never selects)
    2 query regions, 2 selecting every field they read

--- fp-check  (no checker accuses anything known good)
    (no output)

--- verdict-audit  (check what the swarm claims against what it pushed)
    SKIPPED - past the 5 minute reporting deadline

--- proven  (is the recent work still proving anything)
    SKIPPED - past the 5 minute reporting deadline

--- judge-packet  (queue the unauditable for judgement)
    SKIPPED - past the 5 minute reporting deadline

heal complete: two-views=FINDING reap-local=ok reap=ok lease=skipped push-work=skipped land=skipped close-done=skipped stale-escalations=skipped author=skipped clocks=ok fields=ok fp-check=ok verdict-audit=skipped proven=skipped judge-packet=skipped

  FINDING  two-views: undefined

--- two-views  (both views of the service, at the same moment)
    the two views of the service DISAGREE - a green health check is not evidence the channel will connect

--- reap-local  (free the disk this loop runs on)
    34 worktrees, none removable

--- rescue  (save work a bee never committed, before anything reclaims it)
    whether writing here is safe. Run the report, or re-run when the board answers.

--- reap  (free the volume before anything else)
    FAILED
        channelAdvice: 'railway will not attach to the service; /health may still answer ok - they are different views'
      }
      
      Node.js v26.0.0

--- lease  (release idle path fences)
      app-down: railway will not attach to the service; /health may still answer ok - they are different views - retrying in 120s

--- push-work  (make finished work visible)
    SKIPPED - past the 8 minute swarm-freeing deadline

--- land  (put accepted work into the branch it was accepted for)
    SKIPPED - past the 8 minute swarm-freeing deadline

--- close-done  (clear accepted issues from the pool)
    SKIPPED - past the 8 minute swarm-freeing deadline

--- stale-escalations  (retire escalations whose stated cause no longer reproduces)
    SKIPPED - past the 8 minute swarm-freeing deadline

--- author  (refill the backlog from a measured deficit)
    SKIPPED - past the 8 minute swarm-freeing deadline

  lock released: everything from here only reads, and the refill needs it

--- clocks  (no decision keyed on a field something rewrites)
    9 clocks, 9 on fields nothing rewrites

--- fields  (no decision reading a field its query never selects)
    2 query regions, 2 selecting every field they read

--- fp-check  (no checker accuses anything known good)
    20 known-good inputs, 0 falsely accused

--- verdict-audit  (check what the swarm claims against what it pushed)
    ok #1556  SUPPORTED            files=1  1 criterion(s) failed at the fork point and pass on the branch

--- proven  (is the recent work still proving anything)
    SKIPPED - past the 5 minute reporting deadline

--- judge-packet  (queue the unauditable for judgement)
    SKIPPED - past the 5 minute reporting deadline

heal complete: two-views=FINDING reap-local=ok rescue=ok reap=FAILED lease=ok push-work=skipped land=skipped close-done=skipped stale-escalations=skipped author=skipped clocks=ok fields=ok fp-check=ok verdict-audit=ok proven=skipped judge-packet=skipped

  FINDING  two-views: undefined

URGENT: 1 step(s) that FREE the swarm failed - reap.
These are not audits. While they fail the swarm is being starved, and the
failure of `reap` in particular is circular: it reaches the volume through the
container, which stops answering once the volume is full. Retry it.
  tri why    - it checks the CONTAINER volume now, not just this laptop

--- two-views  (both views of the service, at the same moment)
    the two views of the service DISAGREE - a green health check is not evidence the channel will connect

--- reap-local  (free the disk this loop runs on)
    34 worktrees, none removable

--- rescue  (save work a bee never committed, before anything reclaims it)
    whether writing here is safe. Run the report, or re-run when the board answers.

--- reap  (free the volume before anything else)
    FAILED
        channelAdvice: 'railway will not attach to the service; /health may still answer ok - they are different views'
      }
      
      Node.js v26.0.0

--- lease  (release idle path fences)
      app-down: railway will not attach to the service; /health may still answer ok - they are different views - retrying in 120s

--- push-work  (make finished work visible)
    SKIPPED - past the 8 minute swarm-freeing deadline

--- land  (put accepted work into the branch it was accepted for)
    SKIPPED - past the 8 minute swarm-freeing deadline

--- close-done  (clear accepted issues from the pool)
    SKIPPED - past the 8 minute swarm-freeing deadline

--- stale-escalations  (retire escalations whose stated cause no longer reproduces)
    SKIPPED - past the 8 minute swarm-freeing deadline

--- author  (refill the backlog from a measured deficit)
    SKIPPED - past the 8 minute swarm-freeing deadline

  lock released: everything from here only reads, and the refill needs it

--- clocks  (no decision keyed on a field something rewrites)
    9 clocks, 9 on fields nothing rewrites

--- fields  (no decision reading a field its query never selects)
    2 query regions, 2 selecting every field they read

--- fp-check  (no checker accuses anything known good)
    (no output)

--- verdict-audit  (check what the swarm claims against what it pushed)
    SKIPPED - past the 5 minute reporting deadline

--- proven  (is the recent work still proving anything)
    SKIPPED - past the 5 minute reporting deadline

--- judge-packet  (queue the unauditable for judgement)
    SKIPPED - past the 5 minute reporting deadline

heal complete: two-views=FINDING reap-local=ok rescue=ok reap=FAILED lease=ok push-work=skipped land=skipped close-done=skipped stale-escalations=skipped author=skipped clocks=ok fields=ok fp-check=ok verdict-audit=skipped proven=skipped judge-packet=skipped

  FINDING  two-views: undefined

URGENT: 1 step(s) that FREE the swarm failed - reap.
These are not audits. While they fail the swarm is being starved, and the
failure of `reap` in particular is circular: it reaches the volume through the
container, which stops answering once the volume is full. Retry it.
  tri why    - it checks the CONTAINER volume now, not just this laptop

--- two-views  (both views of the service, at the same moment)
    the two views of the service DISAGREE - a green health check is not evidence the channel will connect

--- reap-local  (free the disk this loop runs on)
    34 worktrees, none removable

--- rescue  (save work a bee never committed, before anything reclaims it)
    whether writing here is safe. Run the report, or re-run when the board answers.

--- reap  (free the volume before anything else)
    FAILED
        channelAdvice: 'railway will not attach to the service; /health may still answer ok - they are different views'
      }
      
      Node.js v26.0.0

--- lease  (release idle path fences)
      app-down: railway will not attach to the service; /health may still answer ok - they are different views - retrying in 120s

--- push-work  (make finished work visible)
    SKIPPED - past the 8 minute swarm-freeing deadline

--- reap-finished  (a worktree stops being needed when its work is published)
    SKIPPED - past the 8 minute swarm-freeing deadline

--- land  (put accepted work into the branch it was accepted for)
    SKIPPED - past the 8 minute swarm-freeing deadline

--- close-done  (clear accepted issues from the pool)
    SKIPPED - past the 8 minute swarm-freeing deadline

--- stale-escalations  (retire escalations whose stated cause no longer reproduces)
    SKIPPED - past the 8 minute swarm-freeing deadline

--- author  (refill the backlog from a measured deficit)
    SKIPPED - past the 8 minute swarm-freeing deadline

  lock released: everything from here only reads, and the refill needs it

--- clocks  (no decision keyed on a field something rewrites)
    9 clocks, 9 on fields nothing rewrites

--- fields  (no decision reading a field its query never selects)
    2 query regions, 2 selecting every field they read

--- fp-check  (no checker accuses anything known good)
    (no output)

--- verdict-audit  (check what the swarm claims against what it pushed)
    SKIPPED - past the 5 minute reporting deadline

--- proven  (is the recent work still proving anything)
    SKIPPED - past the 5 minute reporting deadline

--- judge-packet  (queue the unauditable for judgement)
    SKIPPED - past the 5 minute reporting deadline

heal complete: two-views=FINDING reap-local=ok rescue=ok reap=FAILED lease=ok push-work=skipped reap-finished=skipped land=skipped close-done=skipped stale-escalations=skipped author=skipped clocks=ok fields=ok fp-check=ok verdict-audit=skipped proven=skipped judge-packet=skipped

  FINDING  two-views: undefined

URGENT: 1 step(s) that FREE the swarm failed - reap.
These are not audits. While they fail the swarm is being starved, and the
failure of `reap` in particular is circular: it reaches the volume through the
container, which stops answering once the volume is full. Retry it.
  tri why    - it checks the CONTAINER volume now, not just this laptop

--- two-views  (both views of the service, at the same moment)
    the two views of the service DISAGREE - a green health check is not evidence the channel will connect

--- reap-local  (free the disk this loop runs on)
    34 worktrees, 1 merged and clean

--- rescue  (save work a bee never committed, before anything reclaims it)
    whether writing here is safe. Run the report, or re-run when the board answers.

--- reap  (free the volume before anything else)
    FAILED
        channelAdvice: 'railway will not attach to the service; /health may still answer ok - they are different views'
      }
      
      Node.js v26.0.0

--- lease  (release idle path fences)
      app-down: railway will not attach to the service; /health may still answer ok - they are different views - retrying in 120s

--- push-work  (make finished work visible)
    SKIPPED - past the 8 minute swarm-freeing deadline

--- reap-finished  (a worktree stops being needed when its work is published)
    SKIPPED - past the 8 minute swarm-freeing deadline

--- land  (put accepted work into the branch it was accepted for)
    SKIPPED - past the 8 minute swarm-freeing deadline

--- close-done  (clear accepted issues from the pool)
    SKIPPED - past the 8 minute swarm-freeing deadline

--- stale-escalations  (retire escalations whose stated cause no longer reproduces)
    SKIPPED - past the 8 minute swarm-freeing deadline

--- author  (refill the backlog from a measured deficit)
    SKIPPED - past the 8 minute swarm-freeing deadline

  lock released: everything from here only reads, and the refill needs it

--- clocks  (no decision keyed on a field something rewrites)
    9 clocks, 9 on fields nothing rewrites

--- fields  (no decision reading a field its query never selects)
    2 query regions, 2 selecting every field they read

--- fp-check  (no checker accuses anything known good)
    20 known-good inputs, 0 falsely accused

--- verdict-audit  (check what the swarm claims against what it pushed)
    ok #1554  SUPPORTED            files=1  1 criterion(s) failed at the fork point and pass on the branch

--- proven  (is the recent work still proving anything)
    SKIPPED - past the 5 minute reporting deadline

--- judge-packet  (queue the unauditable for judgement)
    SKIPPED - past the 5 minute reporting deadline

heal complete: two-views=FINDING reap-local=ok rescue=ok reap=FAILED lease=ok push-work=skipped reap-finished=skipped land=skipped close-done=skipped stale-escalations=skipped author=skipped clocks=ok fields=ok fp-check=ok verdict-audit=ok proven=skipped judge-packet=skipped

  FINDING  two-views: undefined

URGENT: 1 step(s) that FREE the swarm failed - reap.
These are not audits. While they fail the swarm is being starved, and the
failure of `reap` in particular is circular: it reaches the volume through the
container, which stops answering once the volume is full. Retry it.
  tri why    - it checks the CONTAINER volume now, not just this laptop

--- two-views  (both views of the service, at the same moment)
    the two views of the service DISAGREE - a green health check is not evidence the channel will connect

--- reap-local  (free the disk this loop runs on)
    34 worktrees, none removable

--- rescue  (save work a bee never committed, before anything reclaims it)
    whether writing here is safe. Run the report, or re-run when the board answers.

--- reap  (free the volume before anything else)
    FAILED
        channelAdvice: 'railway will not attach to the service; /health may still answer ok - they are different views'
      }
      
      Node.js v26.0.0

--- lease  (release idle path fences)
    FAILED
        channelAdvice: 'railway will not attach to the service; /health may still answer ok - they are different views'
      }
      
      Node.js v26.0.0

--- push-work  (make finished work visible)
    app-down: railway will not attach to the service; /health may still answer ok - they are different views - retrying in 60s

--- reap-finished  (a worktree stops being needed when its work is published)
    SKIPPED - past the 8 minute swarm-freeing deadline

--- share-modules  (one installed dependency tree, linked into every worktree)
    SKIPPED - past the 8 minute swarm-freeing deadline

--- land  (put accepted work into the branch it was accepted for)
    SKIPPED - past the 8 minute swarm-freeing deadline

--- close-done  (clear accepted issues from the pool)
    SKIPPED - past the 8 minute swarm-freeing deadline

--- stale-escalations  (retire escalations whose stated cause no longer reproduces)
    SKIPPED - past the 8 minute swarm-freeing deadline

--- author  (refill the backlog from a measured deficit)
    SKIPPED - past the 8 minute swarm-freeing deadline

  lock released: everything from here only reads, and the refill needs it

--- clocks  (no decision keyed on a field something rewrites)
    9 clocks, 9 on fields nothing rewrites

--- fields  (no decision reading a field its query never selects)
    2 query regions, 2 selecting every field they read

--- fp-check  (no checker accuses anything known good)
    (no output)

--- verdict-audit  (check what the swarm claims against what it pushed)
    SKIPPED - past the 5 minute reporting deadline

--- proven  (is the recent work still proving anything)
    SKIPPED - past the 5 minute reporting deadline

--- judge-packet  (queue the unauditable for judgement)
    SKIPPED - past the 5 minute reporting deadline

heal complete: two-views=FINDING reap-local=ok rescue=ok reap=FAILED lease=FAILED push-work=ok reap-finished=skipped share-modules=skipped land=skipped close-done=skipped stale-escalations=skipped author=skipped clocks=ok fields=ok fp-check=ok verdict-audit=skipped proven=skipped judge-packet=skipped

  FINDING  two-views: undefined

URGENT: 2 step(s) that FREE the swarm failed - reap, lease.
These are not audits. While they fail the swarm is being starved, and the
failure of `reap` in particular is circular: it reaches the volume through the
container, which stops answering once the volume is full. Retry it.
  tri why    - it checks the CONTAINER volume now, not just this laptop

--- two-views  (both views of the service, at the same moment)
    the two views of the service DISAGREE - a green health check is not evidence the channel will connect

--- reap-local  (free the disk this loop runs on)
    34 worktrees, 1 merged and clean

--- rescue  (save work a bee never committed, before anything reclaims it)
    whether writing here is safe. Run the report, or re-run when the board answers.

--- reap  (free the volume before anything else)
    FAILED
        channelAdvice: 'railway will not attach to the service; /health may still answer ok - they are different views'
      }
      
      Node.js v26.0.0

--- lease  (release idle path fences)
    FAILED
        channelAdvice: 'railway will not attach to the service; /health may still answer ok - they are different views'
      }
      
      Node.js v26.0.0

--- push-work  (make finished work visible)
    app-down: railway will not attach to the service; /health may still answer ok - they are different views - retrying in 60s

--- reap-finished  (a worktree stops being needed when its work is published)
    SKIPPED - past the 8 minute swarm-freeing deadline

--- share-modules  (one installed dependency tree, linked into every worktree)
    SKIPPED - past the 8 minute swarm-freeing deadline

--- land  (put accepted work into the branch it was accepted for)
    SKIPPED - past the 8 minute swarm-freeing deadline

--- close-done  (clear accepted issues from the pool)
    SKIPPED - past the 8 minute swarm-freeing deadline

--- stale-escalations  (retire escalations whose stated cause no longer reproduces)
    SKIPPED - past the 8 minute swarm-freeing deadline

--- author  (refill the backlog from a measured deficit)
    SKIPPED - past the 8 minute swarm-freeing deadline

  lock released: everything from here only reads, and the refill needs it

--- clocks  (no decision keyed on a field something rewrites)
    9 clocks, 9 on fields nothing rewrites

--- fields  (no decision reading a field its query never selects)
    2 query regions, 2 selecting every field they read

--- fp-check  (no checker accuses anything known good)
    20 known-good inputs, 0 falsely accused

--- verdict-audit  (check what the swarm claims against what it pushed)
    ok #1533  SUPPORTED            files=1  1 promised identifier(s) absent at the fork point and present on the branch, 1 in a declar

--- proven  (is the recent work still proving anything)
    SKIPPED - past the 5 minute reporting deadline

--- judge-packet  (queue the unauditable for judgement)
    SKIPPED - past the 5 minute reporting deadline

heal complete: two-views=FINDING reap-local=ok rescue=ok reap=FAILED lease=FAILED push-work=ok reap-finished=skipped share-modules=skipped land=skipped close-done=skipped stale-escalations=skipped author=skipped clocks=ok fields=ok fp-check=ok verdict-audit=ok proven=skipped judge-packet=skipped

  FINDING  two-views: undefined

URGENT: 2 step(s) that FREE the swarm failed - reap, lease.
These are not audits. While they fail the swarm is being starved, and the
failure of `reap` in particular is circular: it reaches the volume through the
container, which stops answering once the volume is full. Retry it.
  tri why    - it checks the CONTAINER volume now, not just this laptop
another run holds the loop lock (feed, 0 min) - standing down

--- two-views  (both views of the service, at the same moment)
    the two views of the service DISAGREE - a green health check is not evidence the channel will connect

--- reap-local  (free the disk this loop runs on)
    34 worktrees, 1 merged and clean

--- rescue  (save work a bee never committed, before anything reclaims it)
    whether writing here is safe. Run the report, or re-run when the board answers.

--- reap  (free the volume before anything else)
    FAILED
        channelAdvice: 'railway will not attach to the service; /health may still answer ok - they are different views'
      }
      
      Node.js v26.0.0

--- lease  (release idle path fences)
      app-down: railway will not attach to the service; /health may still answer ok - they are different views - retrying in 120s

--- push-work  (make finished work visible)
    SKIPPED - past the 8 minute swarm-freeing deadline

--- reap-finished  (a worktree stops being needed when its work is published)
    SKIPPED - past the 8 minute swarm-freeing deadline

--- share-modules  (one installed dependency tree, linked into every worktree)
    SKIPPED - past the 8 minute swarm-freeing deadline

--- land  (put accepted work into the branch it was accepted for)
    SKIPPED - past the 8 minute swarm-freeing deadline

--- close-done  (clear accepted issues from the pool)
    SKIPPED - past the 8 minute swarm-freeing deadline

--- stale-escalations  (retire escalations whose stated cause no longer reproduces)
    SKIPPED - past the 8 minute swarm-freeing deadline

--- author  (refill the backlog from a measured deficit)
    SKIPPED - past the 8 minute swarm-freeing deadline

  lock released: everything from here only reads, and the refill needs it

--- clocks  (no decision keyed on a field something rewrites)
    9 clocks, 9 on fields nothing rewrites

--- fields  (no decision reading a field its query never selects)
    2 query regions, 2 selecting every field they read

--- fp-check  (no checker accuses anything known good)
    20 known-good inputs, 0 falsely accused

--- verdict-audit  (check what the swarm claims against what it pushed)
    (no output)

--- proven  (is the recent work still proving anything)
    SKIPPED - past the 5 minute reporting deadline

--- judge-packet  (queue the unauditable for judgement)
    SKIPPED - past the 5 minute reporting deadline

heal complete: two-views=FINDING reap-local=ok rescue=ok reap=FAILED lease=ok push-work=skipped reap-finished=skipped share-modules=skipped land=skipped close-done=skipped stale-escalations=skipped author=skipped clocks=ok fields=ok fp-check=ok verdict-audit=ok proven=skipped judge-packet=skipped

  FINDING  two-views: undefined

URGENT: 1 step(s) that FREE the swarm failed - reap.
These are not audits. While they fail the swarm is being starved, and the
failure of `reap` in particular is circular: it reaches the volume through the
container, which stops answering once the volume is full. Retry it.
  tri why    - it checks the CONTAINER volume now, not just this laptop

--- two-views  (both views of the service, at the same moment)
    the two views of the service DISAGREE - a green health check is not evidence the channel will connect

--- reap-local  (free the disk this loop runs on)
    34 worktrees, 1 merged and clean

--- rescue  (save work a bee never committed, before anything reclaims it)
    whether writing here is safe. Run the report, or re-run when the board answers.

--- reap  (free the volume before anything else)
    FAILED
        channelAdvice: 'railway will not attach to the service; /health may still answer ok - they are different views'
      }
      
      Node.js v26.0.0

--- lease  (release idle path fences)
    FAILED
        channelAdvice: 'railway will not attach to the service; /health may still answer ok - they are different views'
      }
      
      Node.js v26.0.0

--- push-work  (make finished work visible)
    app-down: railway will not attach to the service; /health may still answer ok - they are different views - retrying in 60s

--- reap-finished  (a worktree stops being needed when its work is published)
    SKIPPED - past the 8 minute swarm-freeing deadline

--- share-modules  (one installed dependency tree, linked into every worktree)
    SKIPPED - past the 8 minute swarm-freeing deadline

--- land  (put accepted work into the branch it was accepted for)
    SKIPPED - past the 8 minute swarm-freeing deadline

--- close-done  (clear accepted issues from the pool)
    SKIPPED - past the 8 minute swarm-freeing deadline

--- stale-escalations  (retire escalations whose stated cause no longer reproduces)
    SKIPPED - past the 8 minute swarm-freeing deadline

--- author  (refill the backlog from a measured deficit)
    SKIPPED - past the 8 minute swarm-freeing deadline

  lock released: everything from here only reads, and the refill needs it

--- clocks  (no decision keyed on a field something rewrites)
    9 clocks, 9 on fields nothing rewrites

--- fields  (no decision reading a field its query never selects)
    2 query regions, 2 selecting every field they read

--- fp-check  (no checker accuses anything known good)
    20 known-good inputs, 0 falsely accused

--- verdict-audit  (check what the swarm claims against what it pushed)
    ok #1556  SUPPORTED            files=1  1 criterion(s) failed at the fork point and pass on the branch

--- proven  (is the recent work still proving anything)
    SKIPPED - past the 5 minute reporting deadline

--- judge-packet  (queue the unauditable for judgement)
    SKIPPED - past the 5 minute reporting deadline

heal complete: two-views=FINDING reap-local=ok rescue=ok reap=FAILED lease=FAILED push-work=ok reap-finished=skipped share-modules=skipped land=skipped close-done=skipped stale-escalations=skipped author=skipped clocks=ok fields=ok fp-check=ok verdict-audit=ok proven=skipped judge-packet=skipped

  FINDING  two-views: undefined

URGENT: 2 step(s) that FREE the swarm failed - reap, lease.
These are not audits. While they fail the swarm is being starved, and the
failure of `reap` in particular is circular: it reaches the volume through the
container, which stops answering once the volume is full. Retry it.
  tri why    - it checks the CONTAINER volume now, not just this laptop

--- two-views  (both views of the service, at the same moment)
    the two views of the service DISAGREE - a green health check is not evidence the channel will connect

--- reap-local  (free the disk this loop runs on)
    34 worktrees, 1 merged and clean

--- rescue  (save work a bee never committed, before anything reclaims it)
    whether writing here is safe. Run the report, or re-run when the board answers.

--- reap  (free the volume before anything else)
    FAILED
        channelAdvice: 'railway will not attach to the service; /health may still answer ok - they are different views'
      }
      
      Node.js v26.0.0

--- lease  (release idle path fences)
      app-down: railway will not attach to the service; /health may still answer ok - they are different views - retrying in 120s

--- push-work  (make finished work visible)
    SKIPPED - past the 8 minute swarm-freeing deadline

--- reap-finished  (a worktree stops being needed when its work is published)
    SKIPPED - past the 8 minute swarm-freeing deadline

--- share-modules  (one installed dependency tree, linked into every worktree)
    SKIPPED - past the 8 minute swarm-freeing deadline

--- land  (put accepted work into the branch it was accepted for)
    SKIPPED - past the 8 minute swarm-freeing deadline

--- close-done  (clear accepted issues from the pool)
    SKIPPED - past the 8 minute swarm-freeing deadline

--- stale-escalations  (retire escalations whose stated cause no longer reproduces)
    SKIPPED - past the 8 minute swarm-freeing deadline

--- author  (refill the backlog from a measured deficit)
    SKIPPED - past the 8 minute swarm-freeing deadline

  lock released: everything from here only reads, and the refill needs it

--- clocks  (no decision keyed on a field something rewrites)
    9 clocks, 9 on fields nothing rewrites

--- fields  (no decision reading a field its query never selects)
    2 query regions, 2 selecting every field they read

--- fp-check  (no checker accuses anything known good)
    20 known-good inputs, 0 falsely accused

--- verdict-audit  (check what the swarm claims against what it pushed)
    ok #1553  SUPPORTED            files=1  1 promised identifier(s) absent at the fork point and present on the branch, 1 in a declar

--- proven  (is the recent work still proving anything)
    SKIPPED - past the 5 minute reporting deadline

--- judge-packet  (queue the unauditable for judgement)
    SKIPPED - past the 5 minute reporting deadline

heal complete: two-views=FINDING reap-local=ok rescue=ok reap=FAILED lease=ok push-work=skipped reap-finished=skipped share-modules=skipped land=skipped close-done=skipped stale-escalations=skipped author=skipped clocks=ok fields=ok fp-check=ok verdict-audit=ok proven=skipped judge-packet=skipped

  FINDING  two-views: undefined

URGENT: 1 step(s) that FREE the swarm failed - reap.
These are not audits. While they fail the swarm is being starved, and the
failure of `reap` in particular is circular: it reaches the volume through the
container, which stops answering once the volume is full. Retry it.
  tri why    - it checks the CONTAINER volume now, not just this laptop

--- two-views  (both views of the service, at the same moment)
    the two views of the service DISAGREE - a green health check is not evidence the channel will connect

--- reap-local  (free the disk this loop runs on)
    34 worktrees, 1 merged and clean

--- rescue  (save work a bee never committed, before anything reclaims it)
    whether writing here is safe. Run the report, or re-run when the board answers.

--- reap  (free the volume before anything else)
    FAILED
        channelAdvice: 'railway will not attach to the service; /health may still answer ok - they are different views'
      }
      
      Node.js v26.0.0

--- lease  (release idle path fences)
      app-down: railway will not attach to the service; /health may still answer ok - they are different views - retrying in 120s

--- push-work  (make finished work visible)
    SKIPPED - past the 8 minute swarm-freeing deadline

--- reap-finished  (a worktree stops being needed when its work is published)
    SKIPPED - past the 8 minute swarm-freeing deadline

--- share-modules  (one installed dependency tree, linked into every worktree)
    SKIPPED - past the 8 minute swarm-freeing deadline

--- land  (put accepted work into the branch it was accepted for)
    SKIPPED - past the 8 minute swarm-freeing deadline

--- close-done  (clear accepted issues from the pool)
    SKIPPED - past the 8 minute swarm-freeing deadline

--- stale-escalations  (retire escalations whose stated cause no longer reproduces)
    SKIPPED - past the 8 minute swarm-freeing deadline

--- author  (refill the backlog from a measured deficit)
    SKIPPED - past the 8 minute swarm-freeing deadline

  lock released: everything from here only reads, and the refill needs it

--- clocks  (no decision keyed on a field something rewrites)
    9 clocks, 9 on fields nothing rewrites

--- fields  (no decision reading a field its query never selects)
    2 query regions, 2 selecting every field they read

--- fp-check  (no checker accuses anything known good)
    (no output)

--- verdict-audit  (check what the swarm claims against what it pushed)
    SKIPPED - past the 5 minute reporting deadline

--- proven  (is the recent work still proving anything)
    SKIPPED - past the 5 minute reporting deadline

--- judge-packet  (queue the unauditable for judgement)
    SKIPPED - past the 5 minute reporting deadline

heal complete: two-views=FINDING reap-local=ok rescue=ok reap=FAILED lease=ok push-work=skipped reap-finished=skipped share-modules=skipped land=skipped close-done=skipped stale-escalations=skipped author=skipped clocks=ok fields=ok fp-check=ok verdict-audit=skipped proven=skipped judge-packet=skipped

  FINDING  two-views: undefined

URGENT: 1 step(s) that FREE the swarm failed - reap.
These are not audits. While they fail the swarm is being starved, and the
failure of `reap` in particular is circular: it reaches the volume through the
container, which stops answering once the volume is full. Retry it.
  tri why    - it checks the CONTAINER volume now, not just this laptop

--- two-views  (both views of the service, at the same moment)
    the two views of the service DISAGREE - a green health check is not evidence the channel will connect

--- reap-local  (free the disk this loop runs on)
    34 worktrees, none removable

--- rescue  (save work a bee never committed, before anything reclaims it)
    whether writing here is safe. Run the report, or re-run when the board answers.

--- reap  (free the volume before anything else)
    FAILED
        channelAdvice: 'railway will not attach to the service; /health may still answer ok - they are different views'
      }
      
      Node.js v26.0.0

--- lease  (release idle path fences)
    FAILED
        channelAdvice: 'railway will not attach to the service; /health may still answer ok - they are different views'
      }
      
      Node.js v26.0.0

--- push-work  (make finished work visible)
    app-down: railway will not attach to the service; /health may still answer ok - they are different views - retrying in 60s

--- reap-finished  (a worktree stops being needed when its work is published)
    SKIPPED - past the 8 minute swarm-freeing deadline

--- share-modules  (one installed dependency tree, linked into every worktree)
    SKIPPED - past the 8 minute swarm-freeing deadline

--- land  (put accepted work into the branch it was accepted for)
    SKIPPED - past the 8 minute swarm-freeing deadline

--- close-done  (clear accepted issues from the pool)
    SKIPPED - past the 8 minute swarm-freeing deadline

--- stale-escalations  (retire escalations whose stated cause no longer reproduces)
    SKIPPED - past the 8 minute swarm-freeing deadline

--- author  (refill the backlog from a measured deficit)
    SKIPPED - past the 8 minute swarm-freeing deadline

  lock released: everything from here only reads, and the refill needs it

--- clocks  (no decision keyed on a field something rewrites)
    9 clocks, 9 on fields nothing rewrites

--- fields  (no decision reading a field its query never selects)
    2 query regions, 2 selecting every field they read

--- fp-check  (no checker accuses anything known good)
    20 known-good inputs, 0 falsely accused

--- verdict-audit  (check what the swarm claims against what it pushed)
    ok #1541  SUPPORTED            files=1  1 criterion(s) failed at the fork point and pass on the branch

--- proven  (is the recent work still proving anything)
    SKIPPED - past the 5 minute reporting deadline

--- judge-packet  (queue the unauditable for judgement)
    SKIPPED - past the 5 minute reporting deadline

heal complete: two-views=FINDING reap-local=ok rescue=ok reap=FAILED lease=FAILED push-work=ok reap-finished=skipped share-modules=skipped land=skipped close-done=skipped stale-escalations=skipped author=skipped clocks=ok fields=ok fp-check=ok verdict-audit=ok proven=skipped judge-packet=skipped

  FINDING  two-views: undefined

URGENT: 2 step(s) that FREE the swarm failed - reap, lease.
These are not audits. While they fail the swarm is being starved, and the
failure of `reap` in particular is circular: it reaches the volume through the
container, which stops answering once the volume is full. Retry it.
  tri why    - it checks the CONTAINER volume now, not just this laptop
another run holds the loop lock (feed, 0 min) - standing down

--- two-views  (both views of the service, at the same moment)
    the two views of the service DISAGREE - a green health check is not evidence the channel will connect

--- reap-local  (free the disk this loop runs on)
    34 worktrees, 1 merged and clean

--- rescue  (save work a bee never committed, before anything reclaims it)
    whether writing here is safe. Run the report, or re-run when the board answers.

--- reap  (free the volume before anything else)
    FAILED
        channelAdvice: 'railway will not attach to the service; /health may still answer ok - they are different views'
      }
      
      Node.js v26.0.0

--- lease  (release idle path fences)
    FAILED
        channelAdvice: 'railway will not attach to the service; /health may still answer ok - they are different views'
      }
      
      Node.js v26.0.0

--- push-work  (make finished work visible)
    app-down: railway will not attach to the service; /health may still answer ok - they are different views - retrying in 60s

--- reap-finished  (a worktree stops being needed when its work is published)
    SKIPPED - past the 8 minute swarm-freeing deadline

--- share-modules  (one installed dependency tree, linked into every worktree)
    SKIPPED - past the 8 minute swarm-freeing deadline

--- land  (put accepted work into the branch it was accepted for)
    SKIPPED - past the 8 minute swarm-freeing deadline

--- close-done  (clear accepted issues from the pool)
    SKIPPED - past the 8 minute swarm-freeing deadline

--- stale-escalations  (retire escalations whose stated cause no longer reproduces)
    SKIPPED - past the 8 minute swarm-freeing deadline

--- author  (refill the backlog from a measured deficit)
    SKIPPED - past the 8 minute swarm-freeing deadline

  lock released: everything from here only reads, and the refill needs it

--- clocks  (no decision keyed on a field something rewrites)
    9 clocks, 9 on fields nothing rewrites

--- fields  (no decision reading a field its query never selects)
    2 query regions, 2 selecting every field they read

--- fp-check  (no checker accuses anything known good)
    20 known-good inputs, 0 falsely accused

--- verdict-audit  (check what the swarm claims against what it pushed)
    ok #1549  SUPPORTED            files=1  1 criterion(s) failed at the fork point and pass on the branch

--- proven  (is the recent work still proving anything)
    SKIPPED - past the 5 minute reporting deadline

--- judge-packet  (queue the unauditable for judgement)
    SKIPPED - past the 5 minute reporting deadline

heal complete: two-views=FINDING reap-local=ok rescue=ok reap=FAILED lease=FAILED push-work=ok reap-finished=skipped share-modules=skipped land=skipped close-done=skipped stale-escalations=skipped author=skipped clocks=ok fields=ok fp-check=ok verdict-audit=ok proven=skipped judge-packet=skipped

  FINDING  two-views: undefined

URGENT: 2 step(s) that FREE the swarm failed - reap, lease.
These are not audits. While they fail the swarm is being starved, and the
failure of `reap` in particular is circular: it reaches the volume through the
container, which stops answering once the volume is full. Retry it.
  tri why    - it checks the CONTAINER volume now, not just this laptop

--- two-views  (both views of the service, at the same moment)
    the two views of the service DISAGREE - a green health check is not evidence the channel will connect

--- reap-local  (free the disk this loop runs on)
    34 worktrees, 1 merged and clean

--- rescue  (save work a bee never committed, before anything reclaims it)
    whether writing here is safe. Run the report, or re-run when the board answers.

--- reap  (free the volume before anything else)
    FAILED
        channelAdvice: 'railway will not attach to the service; /health may still answer ok - they are different views'
      }
      
      Node.js v26.0.0

--- lease  (release idle path fences)
      app-down: railway will not attach to the service; /health may still answer ok - they are different views - retrying in 120s

--- push-work  (make finished work visible)
    SKIPPED - past the 8 minute swarm-freeing deadline

--- reap-finished  (a worktree stops being needed when its work is published)
    SKIPPED - past the 8 minute swarm-freeing deadline

--- share-modules  (one installed dependency tree, linked into every worktree)
    SKIPPED - past the 8 minute swarm-freeing deadline

--- land  (put accepted work into the branch it was accepted for)
    SKIPPED - past the 8 minute swarm-freeing deadline

--- close-done  (clear accepted issues from the pool)
    SKIPPED - past the 8 minute swarm-freeing deadline

--- stale-escalations  (retire escalations whose stated cause no longer reproduces)
    SKIPPED - past the 8 minute swarm-freeing deadline

--- author  (refill the backlog from a measured deficit)
    SKIPPED - past the 8 minute swarm-freeing deadline

  lock released: everything from here only reads, and the refill needs it

--- clocks  (no decision keyed on a field something rewrites)
    9 clocks, 9 on fields nothing rewrites

--- fields  (no decision reading a field its query never selects)
    2 query regions, 2 selecting every field they read

--- fp-check  (no checker accuses anything known good)
    (no output)

--- verdict-audit  (check what the swarm claims against what it pushed)
    SKIPPED - past the 5 minute reporting deadline

--- proven  (is the recent work still proving anything)
    SKIPPED - past the 5 minute reporting deadline

--- judge-packet  (queue the unauditable for judgement)
    SKIPPED - past the 5 minute reporting deadline

heal complete: two-views=FINDING reap-local=ok rescue=ok reap=FAILED lease=ok push-work=skipped reap-finished=skipped share-modules=skipped land=skipped close-done=skipped stale-escalations=skipped author=skipped clocks=ok fields=ok fp-check=ok verdict-audit=skipped proven=skipped judge-packet=skipped

  FINDING  two-views: undefined

URGENT: 1 step(s) that FREE the swarm failed - reap.
These are not audits. While they fail the swarm is being starved, and the
failure of `reap` in particular is circular: it reaches the volume through the
container, which stops answering once the volume is full. Retry it.
  tri why    - it checks the CONTAINER volume now, not just this laptop

--- two-views  (both views of the service, at the same moment)
    both views agree the service is up

--- reap-local  (free the disk this loop runs on)
    34 worktrees, none removable

--- rescue  (save work a bee never committed, before anything reclaims it)
    rescued 13 stranded path(s) from 6 tree(s)

--- reap  (free the volume before anything else)
    volume below the threshold, nothing reaped

--- lease  (release idle path fences)
    released 16, quarantined 6, held 22

--- push-work  (make finished work visible)
    pushed 2

--- reap-finished  (a worktree stops being needed when its work is published)
    11 redundant worktree(s) removed, 4 still hold work

--- share-modules  (one installed dependency tree, linked into every worktree)
    1 tree(s) share one store, 2403 MB returned

--- land  (put accepted work into the branch it was accepted for)
    (no output)

--- close-done  (clear accepted issues from the pool)
    SKIPPED - past the 8 minute swarm-freeing deadline

--- stale-escalations  (retire escalations whose stated cause no longer reproduces)
    SKIPPED - past the 8 minute swarm-freeing deadline

--- author  (refill the backlog from a measured deficit)
    SKIPPED - past the 8 minute swarm-freeing deadline

  lock released: everything from here only reads, and the refill needs it

--- clocks  (no decision keyed on a field something rewrites)
    9 clocks, 9 on fields nothing rewrites

--- fields  (no decision reading a field its query never selects)
    2 query regions, 2 selecting every field they read

--- fp-check  (no checker accuses anything known good)
    20 known-good inputs, 0 falsely accused

--- verdict-audit  (check what the swarm claims against what it pushed)
    ok #1517  SUPPORTED            files=1  1 promised identifier(s) absent at the fork point and present on the branch, 1 in a declar

--- proven  (is the recent work still proving anything)
    SKIPPED - past the 5 minute reporting deadline

--- judge-packet  (queue the unauditable for judgement)
    SKIPPED - past the 5 minute reporting deadline

heal complete: two-views=ok reap-local=ok rescue=ok reap=ok lease=ok push-work=ok reap-finished=ok share-modules=ok land=ok close-done=skipped stale-escalations=skipped author=skipped clocks=ok fields=ok fp-check=ok verdict-audit=ok proven=skipped judge-packet=skipped

--- two-views  (both views of the service, at the same moment)
    both views agree the service is up

--- reap-local  (free the disk this loop runs on)
    34 worktrees, 1 merged and clean

--- rescue  (save work a bee never committed, before anything reclaims it)
    rescued 2 stranded path(s) from 2 tree(s)

--- reap  (free the volume before anything else)
    volume below the threshold, nothing reaped

--- lease  (release idle path fences)
    released 6, quarantined 6, held 22

--- push-work  (make finished work visible)
    pushed 4

--- reap-finished  (a worktree stops being needed when its work is published)
    7 redundant worktree(s) removed, 3 still hold work

--- share-modules  (one installed dependency tree, linked into every worktree)
    4 tree(s) share one store, 9608 MB returned

--- land  (put accepted work into the branch it was accepted for)
    (no output)

--- close-done  (clear accepted issues from the pool)
    SKIPPED - past the 8 minute swarm-freeing deadline

--- stale-escalations  (retire escalations whose stated cause no longer reproduces)
    SKIPPED - past the 8 minute swarm-freeing deadline

--- author  (refill the backlog from a measured deficit)
    SKIPPED - past the 8 minute swarm-freeing deadline

  lock released: everything from here only reads, and the refill needs it

--- clocks  (no decision keyed on a field something rewrites)
    9 clocks, 9 on fields nothing rewrites

--- fields  (no decision reading a field its query never selects)
    2 query regions, 2 selecting every field they read

--- fp-check  (no checker accuses anything known good)
    20 known-good inputs, 0 falsely accused

--- verdict-audit  (check what the swarm claims against what it pushed)
    ok #1553  SUPPORTED            files=1  1 promised identifier(s) absent at the fork point and present on the branch, 1 in a declar

--- proven  (is the recent work still proving anything)
    SKIPPED - past the 5 minute reporting deadline

--- judge-packet  (queue the unauditable for judgement)
    SKIPPED - past the 5 minute reporting deadline

heal complete: two-views=ok reap-local=ok rescue=ok reap=ok lease=ok push-work=ok reap-finished=ok share-modules=ok land=ok close-done=skipped stale-escalations=skipped author=skipped clocks=ok fields=ok fp-check=ok verdict-audit=ok proven=skipped judge-packet=skipped

--- two-views  (both views of the service, at the same moment)
    both views agree the service is up

--- reap-local  (free the disk this loop runs on)
    34 worktrees, 1 merged and clean

--- rescue  (save work a bee never committed, before anything reclaims it)
    rescued 0 stranded path(s) from 0 tree(s)

--- reap  (free the volume before anything else)
    FAILED
        channelAdvice: 'unrecognised - printed verbatim rather than guessed at'
      }
      
      Node.js v26.0.0

--- lease  (release idle path fences)
    FAILED
        channelAdvice: 'unrecognised - printed verbatim rather than guessed at'
      }
      
      Node.js v26.0.0

--- push-work  (make finished work visible)
    FAILED
          'sh: 1: Cannot fork\n',
        channelKind: 'unknown',
        channelAdvice: 'unrecognised - printed verbatim rather than guessed at'
      }

--- reap-finished  (a worktree stops being needed when its work is published)
    FAILED
        channelAdvice: 'unrecognised - printed verbatim rather than guessed at'
      }
      
      Node.js v26.0.0

--- share-modules  (one installed dependency tree, linked into every worktree)
    FAILED
        channelAdvice: 'unrecognised - printed verbatim rather than guessed at'
      }
      
      Node.js v26.0.0

--- land  (put accepted work into the branch it was accepted for)
    (no output)

--- close-done  (clear accepted issues from the pool)
    SKIPPED - past the 8 minute swarm-freeing deadline

--- stale-escalations  (retire escalations whose stated cause no longer reproduces)
    SKIPPED - past the 8 minute swarm-freeing deadline

--- author  (refill the backlog from a measured deficit)
    SKIPPED - past the 8 minute swarm-freeing deadline

  lock released: everything from here only reads, and the refill needs it

--- clocks  (no decision keyed on a field something rewrites)
    9 clocks, 9 on fields nothing rewrites

--- fields  (no decision reading a field its query never selects)
    2 query regions, 2 selecting every field they read

--- fp-check  (no checker accuses anything known good)
    (no output)

--- verdict-audit  (check what the swarm claims against what it pushed)
    SKIPPED - past the 5 minute reporting deadline

--- proven  (is the recent work still proving anything)
    SKIPPED - past the 5 minute reporting deadline

--- judge-packet  (queue the unauditable for judgement)
    SKIPPED - past the 5 minute reporting deadline

heal complete: two-views=ok reap-local=ok rescue=ok reap=FAILED lease=FAILED push-work=FAILED reap-finished=FAILED share-modules=FAILED land=ok close-done=skipped stale-escalations=skipped author=skipped clocks=ok fields=ok fp-check=ok verdict-audit=skipped proven=skipped judge-packet=skipped

URGENT: 3 step(s) that FREE the swarm failed - reap, lease, push-work.
These are not audits. While they fail the swarm is being starved, and the
failure of `reap` in particular is circular: it reaches the volume through the
container, which stops answering once the volume is full. Retry it.
  tri why    - it checks the CONTAINER volume now, not just this laptop

--- two-views  (both views of the service, at the same moment)
      ssh said:  Your service's container is not running (status: exited). Deploy or restart your service, then try again. Using SSH key from file /Users/pl

--- reap-local  (free the disk this loop runs on)
    34 worktrees, 1 merged and clean

--- rescue  (save work a bee never committed, before anything reclaims it)
    whether writing here is safe. Run the report, or re-run when the board answers.

--- reap  (free the volume before anything else)
    FAILED
        channelAdvice: 'unrecognised - printed verbatim rather than guessed at'
      }
      
      Node.js v26.0.0

--- lease  (release idle path fences)
    FAILED
        channelAdvice: 'unrecognised - printed verbatim rather than guessed at'
      }
      
      Node.js v26.0.0

--- push-work  (make finished work visible)
    FAILED
          'Connection to ssh.railway.com closed by remote host.\r\n',
        channelKind: 'unknown',
        channelAdvice: 'unrecognised - printed verbatim rather than guessed at'
      }

--- reap-finished  (a worktree stops being needed when its work is published)
    FAILED
        channelAdvice: 'unrecognised - printed verbatim rather than guessed at'
      }
      
      Node.js v26.0.0

--- share-modules  (one installed dependency tree, linked into every worktree)
    FAILED
        channelAdvice: 'unrecognised - printed verbatim rather than guessed at'
      }
      
      Node.js v26.0.0

--- land  (put accepted work into the branch it was accepted for)
    (no output)

--- close-done  (clear accepted issues from the pool)
    SKIPPED - past the 8 minute swarm-freeing deadline

--- stale-escalations  (retire escalations whose stated cause no longer reproduces)
    SKIPPED - past the 8 minute swarm-freeing deadline

--- author  (refill the backlog from a measured deficit)
    SKIPPED - past the 8 minute swarm-freeing deadline

  lock released: everything from here only reads, and the refill needs it

--- clocks  (no decision keyed on a field something rewrites)
    9 clocks, 9 on fields nothing rewrites

--- fields  (no decision reading a field its query never selects)
    2 query regions, 2 selecting every field they read

--- fp-check  (no checker accuses anything known good)
    (no output)

--- verdict-audit  (check what the swarm claims against what it pushed)
    SKIPPED - past the 5 minute reporting deadline

--- proven  (is the recent work still proving anything)
    SKIPPED - past the 5 minute reporting deadline

--- judge-packet  (queue the unauditable for judgement)
    SKIPPED - past the 5 minute reporting deadline

heal complete: two-views=ok reap-local=ok rescue=ok reap=FAILED lease=FAILED push-work=FAILED reap-finished=FAILED share-modules=FAILED land=ok close-done=skipped stale-escalations=skipped author=skipped clocks=ok fields=ok fp-check=ok verdict-audit=skipped proven=skipped judge-packet=skipped

URGENT: 3 step(s) that FREE the swarm failed - reap, lease, push-work.
These are not audits. While they fail the swarm is being starved, and the
failure of `reap` in particular is circular: it reaches the volume through the
container, which stops answering once the volume is full. Retry it.
  tri why    - it checks the CONTAINER volume now, not just this laptop
another run holds the loop lock (feed, 1 min) - standing down

--- two-views  (both views of the service, at the same moment)
      ssh said:  Your service's container is not running (status: exited). Deploy or restart your service, then try again. Using SSH key from file /Users/pl

--- reap-local  (free the disk this loop runs on)
    34 worktrees, 1 merged and clean

--- rescue  (save work a bee never committed, before anything reclaims it)
    whether writing here is safe. Run the report, or re-run when the board answers.

--- reap  (free the volume before anything else)
    FAILED
        channelAdvice: 'unrecognised - printed verbatim rather than guessed at'
      }
      
      Node.js v26.0.0

--- lease  (release idle path fences)
    FAILED
        channelAdvice: 'unrecognised - printed verbatim rather than guessed at'
      }
      
      Node.js v26.0.0

--- push-work  (make finished work visible)
    FAILED
          'Connection to ssh.railway.com closed by remote host.\r\n',
        channelKind: 'unknown',
        channelAdvice: 'unrecognised - printed verbatim rather than guessed at'
      }

--- reap-finished  (a worktree stops being needed when its work is published)
    FAILED
        channelAdvice: 'unrecognised - printed verbatim rather than guessed at'
      }
      
      Node.js v26.0.0

--- share-modules  (one installed dependency tree, linked into every worktree)
    FAILED
        channelAdvice: 'unrecognised - printed verbatim rather than guessed at'
      }
      
      Node.js v26.0.0

--- land  (put accepted work into the branch it was accepted for)
    (no output)

--- close-done  (clear accepted issues from the pool)
    SKIPPED - past the 8 minute swarm-freeing deadline

--- stale-escalations  (retire escalations whose stated cause no longer reproduces)
    SKIPPED - past the 8 minute swarm-freeing deadline

--- author  (refill the backlog from a measured deficit)
    SKIPPED - past the 8 minute swarm-freeing deadline

  lock released: everything from here only reads, and the refill needs it

--- clocks  (no decision keyed on a field something rewrites)
    9 clocks, 9 on fields nothing rewrites

--- fields  (no decision reading a field its query never selects)
    2 query regions, 2 selecting every field they read

--- fp-check  (no checker accuses anything known good)
    (no output)

--- verdict-audit  (check what the swarm claims against what it pushed)
    SKIPPED - past the 5 minute reporting deadline

--- proven  (is the recent work still proving anything)
    SKIPPED - past the 5 minute reporting deadline

--- judge-packet  (queue the unauditable for judgement)
    SKIPPED - past the 5 minute reporting deadline

heal complete: two-views=ok reap-local=ok rescue=ok reap=FAILED lease=FAILED push-work=FAILED reap-finished=FAILED share-modules=FAILED land=ok close-done=skipped stale-escalations=skipped author=skipped clocks=ok fields=ok fp-check=ok verdict-audit=skipped proven=skipped judge-packet=skipped

URGENT: 3 step(s) that FREE the swarm failed - reap, lease, push-work.
These are not audits. While they fail the swarm is being starved, and the
failure of `reap` in particular is circular: it reaches the volume through the
container, which stops answering once the volume is full. Retry it.
  tri why    - it checks the CONTAINER volume now, not just this laptop

--- two-views  (both views of the service, at the same moment)
      ssh said:  Your service's container is not running (status: exited). Deploy or restart your service, then try again. Using SSH key from file /Users/pl

--- reap-local  (free the disk this loop runs on)
    34 worktrees, 1 merged and clean

--- rescue  (save work a bee never committed, before anything reclaims it)
    whether writing here is safe. Run the report, or re-run when the board answers.

--- reap  (free the volume before anything else)
    FAILED
        channelAdvice: 'unrecognised - printed verbatim rather than guessed at'
      }
      
      Node.js v26.0.0

--- lease  (release idle path fences)
    FAILED
        channelAdvice: 'unrecognised - printed verbatim rather than guessed at'
      }
      
      Node.js v26.0.0

--- push-work  (make finished work visible)
    FAILED
        stderr: 'Using SSH key from file /Users/playra/.ssh/id_ed25519_codex_queen.pub: codex-queen-volume-audit\n',
        channelKind: 'unknown',
        channelAdvice: 'unrecognised - printed verbatim rather than guessed at'
      }

--- reap-finished  (a worktree stops being needed when its work is published)
    FAILED
        channelAdvice: 'unrecognised - printed verbatim rather than guessed at'
      }
      
      Node.js v26.0.0

--- share-modules  (one installed dependency tree, linked into every worktree)
    FAILED
        channelAdvice: 'unrecognised - printed verbatim rather than guessed at'
      }
      
      Node.js v26.0.0

--- land  (put accepted work into the branch it was accepted for)
    (no output)

--- close-done  (clear accepted issues from the pool)
    SKIPPED - past the 8 minute swarm-freeing deadline

--- stale-escalations  (retire escalations whose stated cause no longer reproduces)
    SKIPPED - past the 8 minute swarm-freeing deadline

--- author  (refill the backlog from a measured deficit)
    SKIPPED - past the 8 minute swarm-freeing deadline

  lock released: everything from here only reads, and the refill needs it

--- clocks  (no decision keyed on a field something rewrites)
    9 clocks, 9 on fields nothing rewrites

--- fields  (no decision reading a field its query never selects)
    2 query regions, 2 selecting every field they read

--- fp-check  (no checker accuses anything known good)
    (no output)

--- verdict-audit  (check what the swarm claims against what it pushed)
    SKIPPED - past the 5 minute reporting deadline

--- proven  (is the recent work still proving anything)
    SKIPPED - past the 5 minute reporting deadline

--- judge-packet  (queue the unauditable for judgement)
    SKIPPED - past the 5 minute reporting deadline

heal complete: two-views=ok reap-local=ok rescue=ok reap=FAILED lease=FAILED push-work=FAILED reap-finished=FAILED share-modules=FAILED land=ok close-done=skipped stale-escalations=skipped author=skipped clocks=ok fields=ok fp-check=ok verdict-audit=skipped proven=skipped judge-packet=skipped

URGENT: 3 step(s) that FREE the swarm failed - reap, lease, push-work.
These are not audits. While they fail the swarm is being starved, and the
failure of `reap` in particular is circular: it reaches the volume through the
container, which stops answering once the volume is full. Retry it.
  tri why    - it checks the CONTAINER volume now, not just this laptop
another run holds the loop lock (feed, 1 min) - standing down

--- two-views  (both views of the service, at the same moment)
      ssh said:  Your service's container is not running (status: exited). Deploy or restart your service, then try again. Using SSH key from file /Users/pl

--- reap-local  (free the disk this loop runs on)
    34 worktrees, 1 merged and clean

--- rescue  (save work a bee never committed, before anything reclaims it)
    whether writing here is safe. Run the report, or re-run when the board answers.

--- reap  (free the volume before anything else)
    FAILED
        channelAdvice: 'unrecognised - printed verbatim rather than guessed at'
      }
      
      Node.js v26.0.0

--- lease  (release idle path fences)
    FAILED
        channelAdvice: 'unrecognised - printed verbatim rather than guessed at'
      }
      
      Node.js v26.0.0

--- push-work  (make finished work visible)
    FAILED
          'Connection to ssh.railway.com closed by remote host.\r\n',
        channelKind: 'unknown',
        channelAdvice: 'unrecognised - printed verbatim rather than guessed at'
      }

--- reap-finished  (a worktree stops being needed when its work is published)
    FAILED
        channelAdvice: 'unrecognised - printed verbatim rather than guessed at'
      }
      
      Node.js v26.0.0

--- share-modules  (one installed dependency tree, linked into every worktree)
    FAILED
        channelAdvice: 'unrecognised - printed verbatim rather than guessed at'
      }
      
      Node.js v26.0.0

--- land  (put accepted work into the branch it was accepted for)
    (no output)

--- close-done  (clear accepted issues from the pool)
    SKIPPED - past the 8 minute swarm-freeing deadline

--- stale-escalations  (retire escalations whose stated cause no longer reproduces)
    SKIPPED - past the 8 minute swarm-freeing deadline

--- author  (refill the backlog from a measured deficit)
    SKIPPED - past the 8 minute swarm-freeing deadline

  lock released: everything from here only reads, and the refill needs it

--- clocks  (no decision keyed on a field something rewrites)
    9 clocks, 9 on fields nothing rewrites

--- fields  (no decision reading a field its query never selects)
    2 query regions, 2 selecting every field they read

--- fp-check  (no checker accuses anything known good)
    (no output)

--- verdict-audit  (check what the swarm claims against what it pushed)
    SKIPPED - past the 5 minute reporting deadline

--- proven  (is the recent work still proving anything)
    SKIPPED - past the 5 minute reporting deadline

--- judge-packet  (queue the unauditable for judgement)
    SKIPPED - past the 5 minute reporting deadline

heal complete: two-views=ok reap-local=ok rescue=ok reap=FAILED lease=FAILED push-work=FAILED reap-finished=FAILED share-modules=FAILED land=ok close-done=skipped stale-escalations=skipped author=skipped clocks=ok fields=ok fp-check=ok verdict-audit=skipped proven=skipped judge-packet=skipped

URGENT: 3 step(s) that FREE the swarm failed - reap, lease, push-work.
These are not audits. While they fail the swarm is being starved, and the
failure of `reap` in particular is circular: it reaches the volume through the
container, which stops answering once the volume is full. Retry it.
  tri why    - it checks the CONTAINER volume now, not just this laptop

--- two-views  (both views of the service, at the same moment)
      ssh said:  Your service's container is not running (status: exited). Deploy or restart your service, then try again. Using SSH key from file /Users/pl

--- reap-local  (free the disk this loop runs on)
    34 worktrees, 1 merged and clean

--- rescue  (save work a bee never committed, before anything reclaims it)
    whether writing here is safe. Run the report, or re-run when the board answers.

--- reap  (free the volume before anything else)
    FAILED
        channelAdvice: 'unrecognised - printed verbatim rather than guessed at'
      }
      
      Node.js v26.0.0

--- lease  (release idle path fences)
    FAILED
        channelAdvice: 'unrecognised - printed verbatim rather than guessed at'
      }
      
      Node.js v26.0.0

--- push-work  (make finished work visible)
    FAILED
          'Connection to ssh.railway.com closed by remote host.\r\n',
        channelKind: 'unknown',
        channelAdvice: 'unrecognised - printed verbatim rather than guessed at'
      }

--- reap-finished  (a worktree stops being needed when its work is published)
    FAILED
        channelAdvice: 'unrecognised - printed verbatim rather than guessed at'
      }
      
      Node.js v26.0.0

--- share-modules  (one installed dependency tree, linked into every worktree)
    FAILED
        channelAdvice: 'unrecognised - printed verbatim rather than guessed at'
      }
      
      Node.js v26.0.0

--- land  (put accepted work into the branch it was accepted for)
    (no output)

--- close-done  (clear accepted issues from the pool)
    SKIPPED - past the 8 minute swarm-freeing deadline

--- stale-escalations  (retire escalations whose stated cause no longer reproduces)
    SKIPPED - past the 8 minute swarm-freeing deadline

--- author  (refill the backlog from a measured deficit)
    SKIPPED - past the 8 minute swarm-freeing deadline

  lock released: everything from here only reads, and the refill needs it

--- clocks  (no decision keyed on a field something rewrites)
    9 clocks, 9 on fields nothing rewrites

--- fields  (no decision reading a field its query never selects)
    2 query regions, 2 selecting every field they read

--- fp-check  (no checker accuses anything known good)
    (no output)

--- verdict-audit  (check what the swarm claims against what it pushed)
    SKIPPED - past the 5 minute reporting deadline

--- proven  (is the recent work still proving anything)
    SKIPPED - past the 5 minute reporting deadline

--- judge-packet  (queue the unauditable for judgement)
    SKIPPED - past the 5 minute reporting deadline

heal complete: two-views=ok reap-local=ok rescue=ok reap=FAILED lease=FAILED push-work=FAILED reap-finished=FAILED share-modules=FAILED land=ok close-done=skipped stale-escalations=skipped author=skipped clocks=ok fields=ok fp-check=ok verdict-audit=skipped proven=skipped judge-packet=skipped

URGENT: 3 step(s) that FREE the swarm failed - reap, lease, push-work.
These are not audits. While they fail the swarm is being starved, and the
failure of `reap` in particular is circular: it reaches the volume through the
container, which stops answering once the volume is full. Retry it.
  tri why    - it checks the CONTAINER volume now, not just this laptop

--- two-views  (both views of the service, at the same moment)
      ssh said:  Your service's container is not running (status: exited). Deploy or restart your service, then try again. Using SSH key from file /Users/pl

--- reap-local  (free the disk this loop runs on)
    34 worktrees, 1 merged and clean

--- rescue  (save work a bee never committed, before anything reclaims it)
    whether writing here is safe. Run the report, or re-run when the board answers.

--- reap  (free the volume before anything else)
    FAILED
        channelAdvice: 'unrecognised - printed verbatim rather than guessed at'
      }
      
      Node.js v26.0.0

--- lease  (release idle path fences)
    FAILED
        channelAdvice: 'unrecognised - printed verbatim rather than guessed at'
      }
      
      Node.js v26.0.0

--- push-work  (make finished work visible)
    FAILED
          'Connection to ssh.railway.com closed by remote host.\r\n',
        channelKind: 'unknown',
        channelAdvice: 'unrecognised - printed verbatim rather than guessed at'
      }

--- reap-finished  (a worktree stops being needed when its work is published)
    FAILED
        channelAdvice: 'unrecognised - printed verbatim rather than guessed at'
      }
      
      Node.js v26.0.0

--- share-modules  (one installed dependency tree, linked into every worktree)
    FAILED
        channelAdvice: 'unrecognised - printed verbatim rather than guessed at'
      }
      
      Node.js v26.0.0

--- land  (put accepted work into the branch it was accepted for)
    (no output)

--- close-done  (clear accepted issues from the pool)
    SKIPPED - past the 8 minute swarm-freeing deadline

--- stale-escalations  (retire escalations whose stated cause no longer reproduces)
    SKIPPED - past the 8 minute swarm-freeing deadline

--- author  (refill the backlog from a measured deficit)
    SKIPPED - past the 8 minute swarm-freeing deadline

  lock released: everything from here only reads, and the refill needs it

--- clocks  (no decision keyed on a field something rewrites)
    9 clocks, 9 on fields nothing rewrites

--- fields  (no decision reading a field its query never selects)
    2 query regions, 2 selecting every field they read

--- fp-check  (no checker accuses anything known good)
    (no output)

--- verdict-audit  (check what the swarm claims against what it pushed)
    SKIPPED - past the 5 minute reporting deadline

--- proven  (is the recent work still proving anything)
    SKIPPED - past the 5 minute reporting deadline

--- judge-packet  (queue the unauditable for judgement)
    SKIPPED - past the 5 minute reporting deadline

heal complete: two-views=ok reap-local=ok rescue=ok reap=FAILED lease=FAILED push-work=FAILED reap-finished=FAILED share-modules=FAILED land=ok close-done=skipped stale-escalations=skipped author=skipped clocks=ok fields=ok fp-check=ok verdict-audit=skipped proven=skipped judge-packet=skipped

URGENT: 3 step(s) that FREE the swarm failed - reap, lease, push-work.
These are not audits. While they fail the swarm is being starved, and the
failure of `reap` in particular is circular: it reaches the volume through the
container, which stops answering once the volume is full. Retry it.
  tri why    - it checks the CONTAINER volume now, not just this laptop
another run holds the loop lock (feed, 2 min) - standing down

--- two-views  (both views of the service, at the same moment)
    both views agree the service is up

--- reap-local  (free the disk this loop runs on)
    34 worktrees, none removable

--- rescue  (save work a bee never committed, before anything reclaims it)
    rescued 2 stranded path(s) from 2 tree(s)

--- reap  (free the volume before anything else)
    thresholds: reap at >=55%, down to 30%, always keep the newest 6

--- lease  (release idle path fences)
    SKIPPED - past the 8 minute swarm-freeing deadline

--- push-work  (make finished work visible)
    SKIPPED - past the 8 minute swarm-freeing deadline

--- reap-finished  (a worktree stops being needed when its work is published)
    SKIPPED - past the 8 minute swarm-freeing deadline

--- share-modules  (one installed dependency tree, linked into every worktree)
    SKIPPED - past the 8 minute swarm-freeing deadline

--- land  (put accepted work into the branch it was accepted for)
    SKIPPED - past the 8 minute swarm-freeing deadline

--- close-done  (clear accepted issues from the pool)
    SKIPPED - past the 8 minute swarm-freeing deadline

--- stale-escalations  (retire escalations whose stated cause no longer reproduces)
    SKIPPED - past the 8 minute swarm-freeing deadline

--- author  (refill the backlog from a measured deficit)
    SKIPPED - past the 8 minute swarm-freeing deadline

  lock released: everything from here only reads, and the refill needs it

--- clocks  (no decision keyed on a field something rewrites)
    9 clocks, 9 on fields nothing rewrites

--- fields  (no decision reading a field its query never selects)
    2 query regions, 2 selecting every field they read

--- fp-check  (no checker accuses anything known good)
    (no output)

--- verdict-audit  (check what the swarm claims against what it pushed)
    SKIPPED - past the 5 minute reporting deadline

--- proven  (is the recent work still proving anything)
    SKIPPED - past the 5 minute reporting deadline

--- judge-packet  (queue the unauditable for judgement)
    SKIPPED - past the 5 minute reporting deadline

heal complete: two-views=ok reap-local=ok rescue=ok reap=ok lease=skipped push-work=skipped reap-finished=skipped share-modules=skipped land=skipped close-done=skipped stale-escalations=skipped author=skipped clocks=ok fields=ok fp-check=ok verdict-audit=skipped proven=skipped judge-packet=skipped

--- two-views  (both views of the service, at the same moment)
    both views agree the service is up

--- reap-local  (free the disk this loop runs on)
    34 worktrees, 1 merged and clean

--- rescue  (save work a bee never committed, before anything reclaims it)
    rescued 3 stranded path(s) from 3 tree(s)

--- reap  (free the volume before anything else)
    volume below the threshold, nothing reaped

--- lease  (release idle path fences)
    released 27, quarantined 6, held 19

--- push-work  (make finished work visible)
    pushed 3

--- reap-finished  (a worktree stops being needed when its work is published)
    4 redundant worktree(s) removed, 3 still hold work

--- share-modules  (one installed dependency tree, linked into every worktree)
    2 tree(s) share one store, 4806 MB returned

--- land  (put accepted work into the branch it was accepted for)
    (no output)

--- close-done  (clear accepted issues from the pool)
    SKIPPED - past the 8 minute swarm-freeing deadline

--- stale-escalations  (retire escalations whose stated cause no longer reproduces)
    SKIPPED - past the 8 minute swarm-freeing deadline

--- author  (refill the backlog from a measured deficit)
    SKIPPED - past the 8 minute swarm-freeing deadline

  lock released: everything from here only reads, and the refill needs it

--- clocks  (no decision keyed on a field something rewrites)
    9 clocks, 9 on fields nothing rewrites

--- fields  (no decision reading a field its query never selects)
    2 query regions, 2 selecting every field they read

--- fp-check  (no checker accuses anything known good)
    20 known-good inputs, 0 falsely accused

--- verdict-audit  (check what the swarm claims against what it pushed)
    ok #1550  SUPPORTED            files=1  1 promised identifier(s) absent at the fork point and present on the branch, 1 in a declar

--- proven  (is the recent work still proving anything)
    SKIPPED - past the 5 minute reporting deadline

--- judge-packet  (queue the unauditable for judgement)
    SKIPPED - past the 5 minute reporting deadline

heal complete: two-views=ok reap-local=ok rescue=ok reap=ok lease=ok push-work=ok reap-finished=ok share-modules=ok land=ok close-done=skipped stale-escalations=skipped author=skipped clocks=ok fields=ok fp-check=ok verdict-audit=ok proven=skipped judge-packet=skipped

--- two-views  (both views of the service, at the same moment)
    both views agree the service is up

--- reap-local  (free the disk this loop runs on)
    34 worktrees, 1 merged and clean

--- rescue  (save work a bee never committed, before anything reclaims it)
    rescued 2 stranded path(s) from 2 tree(s)

--- reap  (free the volume before anything else)
    reclaimed 15.8 G

--- lease  (release idle path fences)
      app-down: railway will not attach to the service; /health may still answer ok - they are different views - retrying in 120s

--- push-work  (make finished work visible)
    SKIPPED - past the 8 minute swarm-freeing deadline

--- reap-finished  (a worktree stops being needed when its work is published)
    SKIPPED - past the 8 minute swarm-freeing deadline

--- share-modules  (one installed dependency tree, linked into every worktree)
    SKIPPED - past the 8 minute swarm-freeing deadline

--- land  (put accepted work into the branch it was accepted for)
    SKIPPED - past the 8 minute swarm-freeing deadline

--- close-done  (clear accepted issues from the pool)
    SKIPPED - past the 8 minute swarm-freeing deadline

--- stale-escalations  (retire escalations whose stated cause no longer reproduces)
    SKIPPED - past the 8 minute swarm-freeing deadline

--- author  (refill the backlog from a measured deficit)
    SKIPPED - past the 8 minute swarm-freeing deadline

  lock released: everything from here only reads, and the refill needs it

--- clocks  (no decision keyed on a field something rewrites)
    9 clocks, 9 on fields nothing rewrites

--- fields  (no decision reading a field its query never selects)
    2 query regions, 2 selecting every field they read

--- fp-check  (no checker accuses anything known good)
    (no output)

--- verdict-audit  (check what the swarm claims against what it pushed)
    SKIPPED - past the 5 minute reporting deadline

--- proven  (is the recent work still proving anything)
    SKIPPED - past the 5 minute reporting deadline

--- judge-packet  (queue the unauditable for judgement)
    SKIPPED - past the 5 minute reporting deadline

heal complete: two-views=ok reap-local=ok rescue=ok reap=ok lease=ok push-work=skipped reap-finished=skipped share-modules=skipped land=skipped close-done=skipped stale-escalations=skipped author=skipped clocks=ok fields=ok fp-check=ok verdict-audit=skipped proven=skipped judge-packet=skipped
another run holds the loop lock (feed, 1 min) - standing down
another run holds the loop lock (feed, 3 min) - standing down
another run holds the loop lock (feed, 4 min) - standing down

--- two-views  (both views of the service, at the same moment)
    the two views of the service DISAGREE - a green health check is not evidence the channel will connect

--- reap-local  (free the disk this loop runs on)
    could not list the worktrees

--- rescue  (save work a bee never committed, before anything reclaims it)
      no railway client of version 5 or later was found - falling back to the bare name, which may be one that cannot attach

--- reap  (free the volume before anything else)
    timed out - what it did before the cut still stands: (nothing recorded)

--- lease  (release idle path fences)
    SKIPPED - past the 8 minute swarm-freeing deadline

--- push-work  (make finished work visible)
    SKIPPED - past the 8 minute swarm-freeing deadline

--- reap-finished  (a worktree stops being needed when its work is published)
    SKIPPED - past the 8 minute swarm-freeing deadline

--- share-modules  (one installed dependency tree, linked into every worktree)
    SKIPPED - past the 8 minute swarm-freeing deadline

--- land  (put accepted work into the branch it was accepted for)
    SKIPPED - past the 8 minute swarm-freeing deadline

--- close-done  (clear accepted issues from the pool)
    SKIPPED - past the 8 minute swarm-freeing deadline

--- stale-escalations  (retire escalations whose stated cause no longer reproduces)
    SKIPPED - past the 8 minute swarm-freeing deadline

--- author  (refill the backlog from a measured deficit)
    SKIPPED - past the 8 minute swarm-freeing deadline

  lock released: everything from here only reads, and the refill needs it

--- clocks  (no decision keyed on a field something rewrites)
    9 clocks, 9 on fields nothing rewrites

--- fields  (no decision reading a field its query never selects)
    2 query regions, 2 selecting every field they read

--- fp-check  (no checker accuses anything known good)
    timed out - what it did before the cut still stands: (nothing recorded)

--- verdict-audit  (check what the swarm claims against what it pushed)
    SKIPPED - past the 5 minute reporting deadline

--- proven  (is the recent work still proving anything)
    SKIPPED - past the 5 minute reporting deadline

--- judge-packet  (queue the unauditable for judgement)
    SKIPPED - past the 5 minute reporting deadline

heal complete: two-views=FINDING reap-local=ok rescue=ok reap=timed out lease=skipped push-work=skipped reap-finished=skipped share-modules=skipped land=skipped close-done=skipped stale-escalations=skipped author=skipped clocks=ok fields=ok fp-check=timed out verdict-audit=skipped proven=skipped judge-packet=skipped

  FINDING  two-views: the two views of the service DISAGREE - a green health check is not evidence the channel will connect
2026-09-17T11:31:25.832Z heal start

--- two-views  (both views of the service, at the same moment)
    both views agree the service is up

--- reap-local  (free the disk this loop runs on)
    21 worktrees, none removable

--- rescue  (save work a bee never committed, before anything reclaims it)
    rescued 0 stranded path(s) from 0 tree(s)

--- reap  (free the volume before anything else)
    reclaimed 4.7 G

--- lease  (release idle path fences)
    released 12, quarantined 43, held 25
      !! #3860  sendBack  sb=2 paths=1  2 attempts, at or over the ceiling of 2 - a person decides, not a timer
      !! #3931  sendBack  sb=2 paths=1  2 attempts, at or over the ceiling of 2 - a person decides, not a timer
      !! #4004  sendBack  sb=2 paths=1  2 attempts, at or over the ceiling of 2 - a person decides, not a timer
      !! #4010  sendBack  sb=2 paths=1  2 attempts, at or over the ceiling of 2 - a person decides, not a timer
      !! #3994  sendBack  sb=2 paths=1  2 attempts, at or over the ceiling of 2 - a person decides, not a timer
      !! #3839  sendBack  sb=2 paths=1  2 attempts, at or over the ceiling of 2 - a person decides, not a timer
      !! #3837  sendBack  sb=2 paths=1  2 attempts, at or over the ceiling of 2 - a person decides, not a timer
      !! #4015  sendBack  sb=2 paths=1  2 attempts, at or over the ceiling of 2 - a person decides, not a timer
      !! #3943  sendBack  sb=2 paths=1  2 attempts, at or over the ceiling of 2 - a person decides, not a timer
      !! #3692  sendBack  sb=2 paths=1  2 attempts, at or over the ceiling of 2 - a person decides, not a timer
      !! #4012  sendBack  sb=2 paths=1  2 attempts, at or over the ceiling of 2 - a person decides, not a timer
      !! #3845  sendBack  sb=2 paths=1  2 attempts, at or over the ceiling of 2 - a person decides, not a timer
      !! #3880  sendBack  sb=2 paths=1  2 attempts, at or over the ceiling of 2 - a person decides, not a timer
      !! #3865  sendBack  sb=2 paths=1  2 attempts, at or over the ceiling of 2 - a person decides, not a timer
      !! #3726  sendBack  sb=2 paths=1  2 attempts, at or over the ceiling of 2 - a person decides, not a timer
      !! #3985  sendBack  sb=2 paths=1  2 attempts, at or over the ceiling of 2 - a person decides, not a timer
      !! #3848  sendBack  sb=2 paths=1  2 attempts, at or over the ceiling of 2 - a person decides, not a timer
      !! #3823  sendBack  sb=2 paths=1  2 attempts, at or over the ceiling of 2 - a person decides, not a timer
      !! #3773  sendBack  sb=2 paths=1  2 attempts, at or over the ceiling of 2 - a person decides, not a timer
      !! #3777  sendBack  sb=2 paths=1  2 attempts, at or over the ceiling of 2 - a person decides, not a timer
      ... and 23 more line(s) like these

--- push-work  (make finished work visible)
    SKIPPED - 8s left, under the 60s a step needs to finish

--- reap-finished  (a worktree stops being needed when its work is published)
    SKIPPED - 8s left, under the 60s a step needs to finish

--- share-modules  (one installed dependency tree, linked into every worktree)
    SKIPPED - 8s left, under the 60s a step needs to finish

--- land  (put accepted work into the branch it was accepted for)
    SKIPPED - 8s left, under the 60s a step needs to finish

--- close-done  (clear accepted issues from the pool)
    SKIPPED - 8s left, under the 60s a step needs to finish

--- stale-escalations  (retire escalations whose stated cause no longer reproduces)
    SKIPPED - 8s left, under the 60s a step needs to finish

--- author  (refill the backlog from a measured deficit)
    SKIPPED - 8s left, under the 60s a step needs to finish

  lock released: everything from here only reads, and the refill needs it

--- loop-selftest  (the loop's own checkers, shown failing before they are believed)
    timed out - what it did before the cut still stands: (nothing recorded)

--- exposure  (what the live service serves to an origin it has never heard of)
    SKIPPED - past the 5 minute reporting deadline

--- forked-files  (a file that exists twice must not start saying two things)
    SKIPPED - past the 5 minute reporting deadline

--- t27-parity  (the generated ring and the twin in production still answer the same)
    SKIPPED - past the 5 minute reporting deadline

--- verdict-audit  (check what the swarm claims against what it pushed)
    SKIPPED - past the 5 minute reporting deadline

--- proven  (is the recent work still proving anything)
    SKIPPED - past the 5 minute reporting deadline

--- judge-packet  (queue the unauditable for judgement)
    SKIPPED - past the 5 minute reporting deadline

--- dash  (the box compares against a reading somebody has to write)
    SKIPPED - past the 5 minute reporting deadline

--- clocks  (no decision keyed on a field something rewrites)
    SKIPPED - past the 5 minute reporting deadline

--- fields  (no decision reading a field its query never selects)
    SKIPPED - past the 5 minute reporting deadline

--- fp-check  (no checker accuses anything known good)
    SKIPPED - past the 5 minute reporting deadline

--- unverdicted  (a finished dispatch whose worker never wrote a verdict block)
    SKIPPED - past the 5 minute reporting deadline

--- silent-loop  (an attempt that charges no retry budget can be repeated for ever)
    SKIPPED - past the 5 minute reporting deadline

--- rejudge  (a recorded verdict the current code would no longer give)
    SKIPPED - past the 5 minute reporting deadline

--- idle  (how much of the day the swarm spent doing nothing, and what stopped it)
    SKIPPED - past the 5 minute reporting deadline

--- unwired  (a gate that exists and runs nowhere)
    SKIPPED - past the 5 minute reporting deadline

--- agree  (two implementations of one rule, asked the same question about real rows)
    SKIPPED - past the 5 minute reporting deadline

--- brief-gate  (which open briefs will produce a verdict nothing can check)
    SKIPPED - past the 5 minute reporting deadline

heal complete: two-views=ok reap-local=ok rescue=ok reap=ok lease=ok push-work=skipped reap-finished=skipped share-modules=skipped land=skipped close-done=skipped stale-escalations=skipped author=skipped loop-selftest=timed out exposure=skipped forked-files=skipped t27-parity=skipped verdict-audit=skipped proven=skipped judge-packet=skipped dash=skipped clocks=skipped fields=skipped fp-check=skipped unverdicted=skipped silent-loop=skipped rejudge=skipped idle=skipped unwired=skipped agree=skipped brief-gate=skipped

  NOT REACHED: 24 of 30 steps never started - push-work, reap-finished, share-modules, land, close-done, stale-escalations, author, exposure, forked-files, t27-parity, verdict-audit, proven, judge-packet, dash, clocks, fields, fp-check, unverdicted, silent-loop, rejudge, idle, unwired, agree, brief-gate
  They are first in line next run; the reporting phase is ordered by hunger.
  tri reach   - how often each step has actually run, over the whole ledger
2026-09-17T11:54:51.468Z heal start
another run holds the loop lock (feed, 0 min) - standing down
2026-09-17T12:05:45.554Z heal start

--- two-views  (both views of the service, at the same moment)
    both views agree the service is up

--- reap-local  (free the disk this loop runs on)
    20 worktrees, none removable

--- rescue  (save work a bee never committed, before anything reclaims it)
    rescued 0 stranded path(s) from 0 tree(s)

--- reap  (free the volume before anything else)
    reclaimed 1.1 G

--- lease  (release idle path fences)
    released 14, quarantined 36, held 18
      !! #3996  sendBack  sb=2 paths=1  2 attempts, at or over the ceiling of 2 - a person decides, not a timer
      !! #3860  sendBack  sb=2 paths=1  2 attempts, at or over the ceiling of 2 - a person decides, not a timer
      !! #4015  sendBack  sb=2 paths=1  2 attempts, at or over the ceiling of 2 - a person decides, not a timer
      !! #3931  sendBack  sb=2 paths=1  2 attempts, at or over the ceiling of 2 - a person decides, not a timer
      !! #4010  sendBack  sb=2 paths=1  2 attempts, at or over the ceiling of 2 - a person decides, not a timer
      !! #3994  sendBack  sb=2 paths=1  2 attempts, at or over the ceiling of 2 - a person decides, not a timer
      !! #4004  sendBack  sb=2 paths=1  2 attempts, at or over the ceiling of 2 - a person decides, not a timer
      !! #3990  sendBack  sb=2 paths=1  2 attempts, at or over the ceiling of 2 - a person decides, not a timer
      !! #3985  sendBack  sb=2 paths=1  2 attempts, at or over the ceiling of 2 - a person decides, not a timer
      !! #3943  sendBack  sb=2 paths=1  2 attempts, at or over the ceiling of 2 - a person decides, not a timer
      !! #3692  sendBack  sb=2 paths=1  2 attempts, at or over the ceiling of 2 - a person decides, not a timer
      !! #4012  sendBack  sb=2 paths=1  2 attempts, at or over the ceiling of 2 - a person decides, not a timer
      !! #3880  sendBack  sb=2 paths=1  2 attempts, at or over the ceiling of 2 - a person decides, not a timer
      !! #3726  sendBack  sb=2 paths=1  2 attempts, at or over the ceiling of 2 - a person decides, not a timer
      !! #3773  sendBack  sb=2 paths=1  2 attempts, at or over the ceiling of 2 - a person decides, not a timer
      !! #3823  sendBack  sb=2 paths=1  2 attempts, at or over the ceiling of 2 - a person decides, not a timer
      !! #3777  sendBack  sb=2 paths=1  2 attempts, at or over the ceiling of 2 - a person decides, not a timer
      !! #3991  sendBack  sb=2 paths=1  2 attempts, at or over the ceiling of 2 - a person decides, not a timer
      !! #3995  sendBack  sb=2 paths=1  2 attempts, at or over the ceiling of 2 - a person decides, not a timer
      !! #4017  sendBack  sb=2 paths=1  2 attempts, at or over the ceiling of 2 - a person decides, not a timer
      ... and 16 more line(s) like these

--- push-work  (make finished work visible)
    pushed 0

--- reap-finished  (a worktree stops being needed when its work is published)
    0 redundant worktree(s) removed, 2 still hold work

--- share-modules  (one installed dependency tree, linked into every worktree)
    SKIPPED - 43s left, under the 60s a step needs to finish

--- land  (put accepted work into the branch it was accepted for)
    SKIPPED - 43s left, under the 60s a step needs to finish

--- close-done  (clear accepted issues from the pool)
    SKIPPED - 43s left, under the 60s a step needs to finish

--- stale-escalations  (retire escalations whose stated cause no longer reproduces)
    SKIPPED - 43s left, under the 60s a step needs to finish

--- author  (refill the backlog from a measured deficit)
    SKIPPED - 43s left, under the 60s a step needs to finish

  lock released: everything from here only reads, and the refill needs it

--- loop-selftest  (the loop's own checkers, shown failing before they are believed)
    timed out - what it did before the cut still stands: (nothing recorded)

--- exposure  (what the live service serves to an origin it has never heard of)
    SKIPPED - past the 5 minute reporting deadline

--- forked-files  (a file that exists twice must not start saying two things)
    SKIPPED - past the 5 minute reporting deadline

--- t27-parity  (the generated ring and the twin in production still answer the same)
    SKIPPED - past the 5 minute reporting deadline

--- verdict-audit  (check what the swarm claims against what it pushed)
    SKIPPED - past the 5 minute reporting deadline

--- proven  (is the recent work still proving anything)
    SKIPPED - past the 5 minute reporting deadline

--- judge-packet  (queue the unauditable for judgement)
    SKIPPED - past the 5 minute reporting deadline

--- dash  (the box compares against a reading somebody has to write)
    SKIPPED - past the 5 minute reporting deadline

--- clocks  (no decision keyed on a field something rewrites)
    SKIPPED - past the 5 minute reporting deadline

--- fields  (no decision reading a field its query never selects)
    SKIPPED - past the 5 minute reporting deadline

--- fp-check  (no checker accuses anything known good)
    SKIPPED - past the 5 minute reporting deadline

--- unverdicted  (a finished dispatch whose worker never wrote a verdict block)
    SKIPPED - past the 5 minute reporting deadline

--- silent-loop  (an attempt that charges no retry budget can be repeated for ever)
    SKIPPED - past the 5 minute reporting deadline

--- rejudge  (a recorded verdict the current code would no longer give)
    SKIPPED - past the 5 minute reporting deadline

--- idle  (how much of the day the swarm spent doing nothing, and what stopped it)
    SKIPPED - past the 5 minute reporting deadline

--- unwired  (a gate that exists and runs nowhere)
    SKIPPED - past the 5 minute reporting deadline

--- agree  (two implementations of one rule, asked the same question about real rows)
    SKIPPED - past the 5 minute reporting deadline

--- brief-gate  (which open briefs will produce a verdict nothing can check)
    SKIPPED - past the 5 minute reporting deadline

heal complete: two-views=ok reap-local=ok rescue=ok reap=ok lease=ok push-work=ok reap-finished=ok share-modules=skipped land=skipped close-done=skipped stale-escalations=skipped author=skipped loop-selftest=timed out exposure=skipped forked-files=skipped t27-parity=skipped verdict-audit=skipped proven=skipped judge-packet=skipped dash=skipped clocks=skipped fields=skipped fp-check=skipped unverdicted=skipped silent-loop=skipped rejudge=skipped idle=skipped unwired=skipped agree=skipped brief-gate=skipped

  NOT REACHED: 22 of 30 steps never started - share-modules, land, close-done, stale-escalations, author, exposure, forked-files, t27-parity, verdict-audit, proven, judge-packet, dash, clocks, fields, fp-check, unverdicted, silent-loop, rejudge, idle, unwired, agree, brief-gate
  They are first in line next run; the reporting phase is ordered by hunger.
  tri reach   - how often each step has actually run, over the whole ledger
2026-09-17T12:28:18.586Z heal start
another run holds the loop lock (feed, 0 min) - standing down
2026-09-17T12:38:19.929Z heal start

--- two-views  (both views of the service, at the same moment)
    both views agree the service is up

--- reap-local  (free the disk this loop runs on)
    20 worktrees, none removable

--- rescue  (save work a bee never committed, before anything reclaims it)
    rescued 0 stranded path(s) from 0 tree(s)

--- reap  (free the volume before anything else)
    reclaimed 0.8 G

--- lease  (release idle path fences)
    released 18, quarantined 31, held 8
      !! #3860  sendBack  sb=2 paths=1  2 attempts, at or over the ceiling of 2 - a person decides, not a timer
      !! #3996  sendBack  sb=2 paths=1  2 attempts, at or over the ceiling of 2 - a person decides, not a timer
      !! #4015  sendBack  sb=2 paths=1  2 attempts, at or over the ceiling of 2 - a person decides, not a timer
      !! #4004  sendBack  sb=2 paths=1  2 attempts, at or over the ceiling of 2 - a person decides, not a timer
      !! #3994  sendBack  sb=2 paths=1  2 attempts, at or over the ceiling of 2 - a person decides, not a timer
      !! #4010  sendBack  sb=2 paths=1  2 attempts, at or over the ceiling of 2 - a person decides, not a timer
      !! #3931  sendBack  sb=2 paths=1  2 attempts, at or over the ceiling of 2 - a person decides, not a timer
      !! #4012  sendBack  sb=2 paths=1  2 attempts, at or over the ceiling of 2 - a person decides, not a timer
      !! #3985  sendBack  sb=2 paths=1  2 attempts, at or over the ceiling of 2 - a person decides, not a timer
      !! #3692  sendBack  sb=2 paths=1  2 attempts, at or over the ceiling of 2 - a person decides, not a timer
      !! #3990  sendBack  sb=2 paths=1  2 attempts, at or over the ceiling of 2 - a person decides, not a timer
      !! #3880  sendBack  sb=2 paths=1  2 attempts, at or over the ceiling of 2 - a person decides, not a timer
      !! #3726  sendBack  sb=2 paths=1  2 attempts, at or over the ceiling of 2 - a person decides, not a timer
      !! #3773  sendBack  sb=2 paths=1  2 attempts, at or over the ceiling of 2 - a person decides, not a timer
      !! #3823  sendBack  sb=2 paths=1  2 attempts, at or over the ceiling of 2 - a person decides, not a timer
      !! #3777  sendBack  sb=2 paths=1  2 attempts, at or over the ceiling of 2 - a person decides, not a timer
      !! #3991  sendBack  sb=2 paths=1  2 attempts, at or over the ceiling of 2 - a person decides, not a timer
      !! #3995  sendBack  sb=2 paths=1  2 attempts, at or over the ceiling of 2 - a person decides, not a timer
      !! #4017  sendBack  sb=2 paths=1  2 attempts, at or over the ceiling of 2 - a person decides, not a timer
      !! #4011  sendBack  sb=2 paths=1  2 attempts, at or over the ceiling of 2 - a person decides, not a timer
      ... and 11 more line(s) like these

--- push-work  (make finished work visible)
    pushed 0

--- reap-finished  (a worktree stops being needed when its work is published)
    0 redundant worktree(s) removed, 2 still hold work

--- share-modules  (one installed dependency tree, linked into every worktree)
    0 tree(s) share one store, 0 MB returned

--- land  (put accepted work into the branch it was accepted for)
    capped at 87s, leaving 180s for the 3 step(s) behind it (it resumes next run)
    timed out - what it did before the cut still stands: (nothing recorded)

--- close-done  (clear accepted issues from the pool)
    timed out - what it did before the cut still stands: (nothing recorded)

--- stale-escalations  (retire escalations whose stated cause no longer reproduces)
    SKIPPED - past the 8 minute swarm-freeing deadline

--- author  (refill the backlog from a measured deficit)
    SKIPPED - past the 8 minute swarm-freeing deadline

  lock released: everything from here only reads, and the refill needs it

--- loop-selftest  (the loop's own checkers, shown failing before they are believed)
    timed out - what it did before the cut still stands: (nothing recorded)

--- exposure  (what the live service serves to an origin it has never heard of)
    SKIPPED - past the 5 minute reporting deadline

--- forked-files  (a file that exists twice must not start saying two things)
    SKIPPED - past the 5 minute reporting deadline

--- t27-parity  (the generated ring and the twin in production still answer the same)
    SKIPPED - past the 5 minute reporting deadline

--- verdict-audit  (check what the swarm claims against what it pushed)
    SKIPPED - past the 5 minute reporting deadline

--- proven  (is the recent work still proving anything)
    SKIPPED - past the 5 minute reporting deadline

--- judge-packet  (queue the unauditable for judgement)
    SKIPPED - past the 5 minute reporting deadline

--- dash  (the box compares against a reading somebody has to write)
    SKIPPED - past the 5 minute reporting deadline

--- clocks  (no decision keyed on a field something rewrites)
    SKIPPED - past the 5 minute reporting deadline

--- fields  (no decision reading a field its query never selects)
    SKIPPED - past the 5 minute reporting deadline

--- fp-check  (no checker accuses anything known good)
    SKIPPED - past the 5 minute reporting deadline

--- unverdicted  (a finished dispatch whose worker never wrote a verdict block)
    SKIPPED - past the 5 minute reporting deadline

--- silent-loop  (an attempt that charges no retry budget can be repeated for ever)
    SKIPPED - past the 5 minute reporting deadline

--- rejudge  (a recorded verdict the current code would no longer give)
    SKIPPED - past the 5 minute reporting deadline

--- idle  (how much of the day the swarm spent doing nothing, and what stopped it)
    SKIPPED - past the 5 minute reporting deadline

--- unwired  (a gate that exists and runs nowhere)
    SKIPPED - past the 5 minute reporting deadline

--- agree  (two implementations of one rule, asked the same question about real rows)
    SKIPPED - past the 5 minute reporting deadline

--- brief-gate  (which open briefs will produce a verdict nothing can check)
    SKIPPED - past the 5 minute reporting deadline

heal complete: two-views=ok reap-local=ok rescue=ok reap=ok lease=ok push-work=ok reap-finished=ok share-modules=ok land=timed out close-done=timed out stale-escalations=skipped author=skipped loop-selftest=timed out exposure=skipped forked-files=skipped t27-parity=skipped verdict-audit=skipped proven=skipped judge-packet=skipped dash=skipped clocks=skipped fields=skipped fp-check=skipped unverdicted=skipped silent-loop=skipped rejudge=skipped idle=skipped unwired=skipped agree=skipped brief-gate=skipped

  NOT REACHED: 19 of 30 steps never started - stale-escalations, author, exposure, forked-files, t27-parity, verdict-audit, proven, judge-packet, dash, clocks, fields, fp-check, unverdicted, silent-loop, rejudge, idle, unwired, agree, brief-gate
  They are first in line next run; the reporting phase is ordered by hunger.
  tri reach   - how often each step has actually run, over the whole ledger
2026-09-17T13:01:26.773Z heal start
another run holds the loop lock (feed, 1 min) - standing down
2026-09-17T13:11:31.481Z heal start
another run holds the loop lock (feed, 1 min) - standing down
2026-09-17T13:21:33.589Z heal start

--- two-views  (both views of the service, at the same moment)
    both views agree the service is up

--- reap-local  (free the disk this loop runs on)
    20 worktrees, none removable

--- rescue  (save work a bee never committed, before anything reclaims it)
    rescued 0 stranded path(s) from 0 tree(s)

--- reap  (free the volume before anything else)
    reclaimed 0.6 G

--- lease  (release idle path fences)
    released 2, quarantined 32, held 11
      !! #3860  sendBack  sb=2 paths=1  2 attempts, at or over the ceiling of 2 - a person decides, not a timer
      !! #3996  sendBack  sb=2 paths=1  2 attempts, at or over the ceiling of 2 - a person decides, not a timer
      !! #4015  sendBack  sb=2 paths=1  2 attempts, at or over the ceiling of 2 - a person decides, not a timer
      !! #3980  sendBack  sb=2 paths=1  2 attempts, at or over the ceiling of 2 - a person decides, not a timer
      !! #4004  sendBack  sb=2 paths=1  2 attempts, at or over the ceiling of 2 - a person decides, not a timer
      !! #3994  sendBack  sb=2 paths=1  2 attempts, at or over the ceiling of 2 - a person decides, not a timer
      !! #4010  sendBack  sb=2 paths=1  2 attempts, at or over the ceiling of 2 - a person decides, not a timer
      !! #4012  sendBack  sb=2 paths=1  2 attempts, at or over the ceiling of 2 - a person decides, not a timer
      !! #3931  sendBack  sb=2 paths=1  2 attempts, at or over the ceiling of 2 - a person decides, not a timer
      !! #3985  sendBack  sb=2 paths=1  2 attempts, at or over the ceiling of 2 - a person decides, not a timer
      !! #3692  sendBack  sb=2 paths=1  2 attempts, at or over the ceiling of 2 - a person decides, not a timer
      !! #3990  sendBack  sb=2 paths=1  2 attempts, at or over the ceiling of 2 - a person decides, not a timer
      !! #3880  sendBack  sb=2 paths=1  2 attempts, at or over the ceiling of 2 - a person decides, not a timer
      !! #3773  sendBack  sb=2 paths=1  2 attempts, at or over the ceiling of 2 - a person decides, not a timer
      !! #3823  sendBack  sb=2 paths=1  2 attempts, at or over the ceiling of 2 - a person decides, not a timer
      !! #3726  sendBack  sb=2 paths=1  2 attempts, at or over the ceiling of 2 - a person decides, not a timer
      !! #3777  sendBack  sb=2 paths=1  2 attempts, at or over the ceiling of 2 - a person decides, not a timer
      !! #3991  sendBack  sb=2 paths=1  2 attempts, at or over the ceiling of 2 - a person decides, not a timer
      !! #3995  sendBack  sb=2 paths=1  2 attempts, at or over the ceiling of 2 - a person decides, not a timer
      !! #4017  sendBack  sb=2 paths=1  2 attempts, at or over the ceiling of 2 - a person decides, not a timer
      ... and 12 more line(s) like these

--- push-work  (make finished work visible)
    pushed 0

--- reap-finished  (a worktree stops being needed when its work is published)
    0 redundant worktree(s) removed, 2 still hold work

--- share-modules  (one installed dependency tree, linked into every worktree)
    0 tree(s) share one store, 0 MB returned

--- land  (put accepted work into the branch it was accepted for)
    capped at 60s, leaving 174s for the 3 step(s) behind it, 6s short of the 180s they need (it resumes next run)
    timed out - what it did before the cut still stands: (nothing recorded)

--- close-done  (clear accepted issues from the pool)
    timed out - what it did before the cut still stands: (nothing recorded)

--- stale-escalations  (retire escalations whose stated cause no longer reproduces)
    SKIPPED - past the 8 minute swarm-freeing deadline

--- author  (refill the backlog from a measured deficit)
    SKIPPED - past the 8 minute swarm-freeing deadline

  lock released: everything from here only reads, and the refill needs it

--- loop-selftest  (the loop's own checkers, shown failing before they are believed)
    timed out - what it did before the cut still stands: (nothing recorded)

--- exposure  (what the live service serves to an origin it has never heard of)
    SKIPPED - past the 5 minute reporting deadline

--- forked-files  (a file that exists twice must not start saying two things)
    SKIPPED - past the 5 minute reporting deadline

--- t27-parity  (the generated ring and the twin in production still answer the same)
    SKIPPED - past the 5 minute reporting deadline

--- verdict-audit  (check what the swarm claims against what it pushed)
    SKIPPED - past the 5 minute reporting deadline

--- proven  (is the recent work still proving anything)
    SKIPPED - past the 5 minute reporting deadline

--- judge-packet  (queue the unauditable for judgement)
    SKIPPED - past the 5 minute reporting deadline

--- dash  (the box compares against a reading somebody has to write)
    SKIPPED - past the 5 minute reporting deadline

--- clocks  (no decision keyed on a field something rewrites)
    SKIPPED - past the 5 minute reporting deadline

--- fields  (no decision reading a field its query never selects)
    SKIPPED - past the 5 minute reporting deadline

--- fp-check  (no checker accuses anything known good)
    SKIPPED - past the 5 minute reporting deadline

--- unverdicted  (a finished dispatch whose worker never wrote a verdict block)
    SKIPPED - past the 5 minute reporting deadline

--- silent-loop  (an attempt that charges no retry budget can be repeated for ever)
    SKIPPED - past the 5 minute reporting deadline

--- rejudge  (a recorded verdict the current code would no longer give)
    SKIPPED - past the 5 minute reporting deadline

--- idle  (how much of the day the swarm spent doing nothing, and what stopped it)
    SKIPPED - past the 5 minute reporting deadline

--- unwired  (a gate that exists and runs nowhere)
    SKIPPED - past the 5 minute reporting deadline

--- agree  (two implementations of one rule, asked the same question about real rows)
    SKIPPED - past the 5 minute reporting deadline

--- brief-gate  (which open briefs will produce a verdict nothing can check)
    SKIPPED - past the 5 minute reporting deadline

heal complete: two-views=ok reap-local=ok rescue=ok reap=ok lease=ok push-work=ok reap-finished=ok share-modules=ok land=timed out close-done=timed out stale-escalations=skipped author=skipped loop-selftest=timed out exposure=skipped forked-files=skipped t27-parity=skipped verdict-audit=skipped proven=skipped judge-packet=skipped dash=skipped clocks=skipped fields=skipped fp-check=skipped unverdicted=skipped silent-loop=skipped rejudge=skipped idle=skipped unwired=skipped agree=skipped brief-gate=skipped

  NOT REACHED: 19 of 30 steps never started - stale-escalations, author, exposure, forked-files, t27-parity, verdict-audit, proven, judge-packet, dash, clocks, fields, fp-check, unverdicted, silent-loop, rejudge, idle, unwired, agree, brief-gate
  They are first in line next run; the reporting phase is ordered by hunger.
  tri reach   - how often each step has actually run, over the whole ledger
2026-09-17T13:44:34.967Z heal start
another run holds the loop lock (feed, 2 min) - standing down
2026-09-17T13:54:36.746Z heal start
another run holds the loop lock (feed, 1 min) - standing down
2026-09-17T14:04:39.481Z heal start
another run holds the loop lock (feed, 0 min) - standing down
2026-09-17T14:14:43.251Z heal start

--- two-views  (both views of the service, at the same moment)
    both views agree the service is up

--- reap-local  (free the disk this loop runs on)
    20 worktrees, none removable

--- rescue  (save work a bee never committed, before anything reclaims it)
    rescued 0 stranded path(s) from 0 tree(s)

--- reap  (free the volume before anything else)
    reclaimed 0.6 G

--- lease  (release idle path fences)
    released 10, quarantined 34, held 2
      !! #4259  sendBack  sb=2 paths=1  2 attempts, at or over the ceiling of 2 - a person decides, not a timer
      !! #3996  sendBack  sb=2 paths=1  2 attempts, at or over the ceiling of 2 - a person decides, not a timer
      !! #3860  sendBack  sb=2 paths=1  2 attempts, at or over the ceiling of 2 - a person decides, not a timer
      !! #3980  sendBack  sb=2 paths=1  2 attempts, at or over the ceiling of 2 - a person decides, not a timer
      !! #4015  sendBack  sb=2 paths=1  2 attempts, at or over the ceiling of 2 - a person decides, not a timer
      !! #3935  sendBack  sb=2 paths=1  2 attempts, at or over the ceiling of 2 - a person decides, not a timer
      !! #4010  sendBack  sb=2 paths=1  2 attempts, at or over the ceiling of 2 - a person decides, not a timer
      !! #4004  sendBack  sb=2 paths=1  2 attempts, at or over the ceiling of 2 - a person decides, not a timer
      !! #3994  sendBack  sb=2 paths=1  2 attempts, at or over the ceiling of 2 - a person decides, not a timer
      !! #3931  sendBack  sb=2 paths=1  2 attempts, at or over the ceiling of 2 - a person decides, not a timer
      !! #4012  sendBack  sb=2 paths=1  2 attempts, at or over the ceiling of 2 - a person decides, not a timer
      !! #3985  sendBack  sb=2 paths=1  2 attempts, at or over the ceiling of 2 - a person decides, not a timer
      !! #3692  sendBack  sb=2 paths=1  2 attempts, at or over the ceiling of 2 - a person decides, not a timer
      !! #3990  sendBack  sb=2 paths=1  2 attempts, at or over the ceiling of 2 - a person decides, not a timer
      !! #3880  sendBack  sb=2 paths=1  2 attempts, at or over the ceiling of 2 - a person decides, not a timer
      !! #3726  sendBack  sb=2 paths=1  2 attempts, at or over the ceiling of 2 - a person decides, not a timer
      !! #3773  sendBack  sb=2 paths=1  2 attempts, at or over the ceiling of 2 - a person decides, not a timer
      !! #3823  sendBack  sb=2 paths=1  2 attempts, at or over the ceiling of 2 - a person decides, not a timer
      !! #3777  sendBack  sb=2 paths=1  2 attempts, at or over the ceiling of 2 - a person decides, not a timer
      !! #3991  sendBack  sb=2 paths=1  2 attempts, at or over the ceiling of 2 - a person decides, not a timer
      ... and 14 more line(s) like these

--- push-work  (make finished work visible)
    pushed 0

--- reap-finished  (a worktree stops being needed when its work is published)
    0 redundant worktree(s) removed, 2 still hold work

--- share-modules  (one installed dependency tree, linked into every worktree)
    0 tree(s) share one store, 0 MB returned

--- land  (put accepted work into the branch it was accepted for)
    capped at 60s, leaving 156s for the 3 step(s) behind it, 24s short of the 180s they need (it resumes next run)
    timed out - what it did before the cut still stands: (nothing recorded)

--- close-done  (clear accepted issues from the pool)
    timed out - what it did before the cut still stands: (nothing recorded)

--- stale-escalations  (retire escalations whose stated cause no longer reproduces)
    SKIPPED - past the 8 minute swarm-freeing deadline

--- author  (refill the backlog from a measured deficit)
    SKIPPED - past the 8 minute swarm-freeing deadline

  lock released: everything from here only reads, and the refill needs it

--- loop-selftest  (the loop's own checkers, shown failing before they are believed)
    timed out - what it did before the cut still stands: (nothing recorded)

--- exposure  (what the live service serves to an origin it has never heard of)
    SKIPPED - past the 5 minute reporting deadline

--- forked-files  (a file that exists twice must not start saying two things)
    SKIPPED - past the 5 minute reporting deadline

--- t27-parity  (the generated ring and the twin in production still answer the same)
    SKIPPED - past the 5 minute reporting deadline

--- verdict-audit  (check what the swarm claims against what it pushed)
    SKIPPED - past the 5 minute reporting deadline

--- proven  (is the recent work still proving anything)
    SKIPPED - past the 5 minute reporting deadline

--- judge-packet  (queue the unauditable for judgement)
    SKIPPED - past the 5 minute reporting deadline

--- dash  (the box compares against a reading somebody has to write)
    SKIPPED - past the 5 minute reporting deadline

--- clocks  (no decision keyed on a field something rewrites)
    SKIPPED - past the 5 minute reporting deadline

--- fields  (no decision reading a field its query never selects)
    SKIPPED - past the 5 minute reporting deadline

--- fp-check  (no checker accuses anything known good)
    SKIPPED - past the 5 minute reporting deadline

--- unverdicted  (a finished dispatch whose worker never wrote a verdict block)
    SKIPPED - past the 5 minute reporting deadline

--- silent-loop  (an attempt that charges no retry budget can be repeated for ever)
    SKIPPED - past the 5 minute reporting deadline

--- rejudge  (a recorded verdict the current code would no longer give)
    SKIPPED - past the 5 minute reporting deadline

--- idle  (how much of the day the swarm spent doing nothing, and what stopped it)
    SKIPPED - past the 5 minute reporting deadline

--- unwired  (a gate that exists and runs nowhere)
    SKIPPED - past the 5 minute reporting deadline

--- agree  (two implementations of one rule, asked the same question about real rows)
    SKIPPED - past the 5 minute reporting deadline

--- brief-gate  (which open briefs will produce a verdict nothing can check)
    SKIPPED - past the 5 minute reporting deadline

heal complete: two-views=ok reap-local=ok rescue=ok reap=ok lease=ok push-work=ok reap-finished=ok share-modules=ok land=timed out close-done=timed out stale-escalations=skipped author=skipped loop-selftest=timed out exposure=skipped forked-files=skipped t27-parity=skipped verdict-audit=skipped proven=skipped judge-packet=skipped dash=skipped clocks=skipped fields=skipped fp-check=skipped unverdicted=skipped silent-loop=skipped rejudge=skipped idle=skipped unwired=skipped agree=skipped brief-gate=skipped

  NOT REACHED: 19 of 30 steps never started - stale-escalations, author, exposure, forked-files, t27-parity, verdict-audit, proven, judge-packet, dash, clocks, fields, fp-check, unverdicted, silent-loop, rejudge, idle, unwired, agree, brief-gate
  They are first in line next run; the reporting phase is ordered by hunger.
  tri reach   - how often each step has actually run, over the whole ledger
2026-09-17T14:37:44.763Z heal start
another run holds the loop lock (feed, 2 min) - standing down
2026-09-17T14:47:46.965Z heal start
another run holds the loop lock (feed, 1 min) - standing down
2026-09-17T14:57:47.866Z heal start
another run holds the loop lock (feed, 0 min) - standing down
2026-09-17T15:07:50.048Z heal start

--- two-views  (both views of the service, at the same moment)
    both views agree the service is up

--- reap-local  (free the disk this loop runs on)
    20 worktrees, none removable

--- rescue  (save work a bee never committed, before anything reclaims it)
    rescued 0 stranded path(s) from 0 tree(s)

--- reap  (free the volume before anything else)
    reclaimed 0.0 G

--- lease  (release idle path fences)
    released 1, quarantined 34, held 1
      !! #4259  sendBack  sb=2 paths=1  2 attempts, at or over the ceiling of 2 - a person decides, not a timer
      !! #3860  sendBack  sb=2 paths=1  2 attempts, at or over the ceiling of 2 - a person decides, not a timer
      !! #3996  sendBack  sb=2 paths=1  2 attempts, at or over the ceiling of 2 - a person decides, not a timer
      !! #4015  sendBack  sb=2 paths=1  2 attempts, at or over the ceiling of 2 - a person decides, not a timer
      !! #3980  sendBack  sb=2 paths=1  2 attempts, at or over the ceiling of 2 - a person decides, not a timer
      !! #3935  sendBack  sb=2 paths=1  2 attempts, at or over the ceiling of 2 - a person decides, not a timer
      !! #4010  sendBack  sb=2 paths=1  2 attempts, at or over the ceiling of 2 - a person decides, not a timer
      !! #4004  sendBack  sb=2 paths=1  2 attempts, at or over the ceiling of 2 - a person decides, not a timer
      !! #3994  sendBack  sb=2 paths=1  2 attempts, at or over the ceiling of 2 - a person decides, not a timer
      !! #3931  sendBack  sb=2 paths=1  2 attempts, at or over the ceiling of 2 - a person decides, not a timer
      !! #4012  sendBack  sb=2 paths=1  2 attempts, at or over the ceiling of 2 - a person decides, not a timer
      !! #3985  sendBack  sb=2 paths=1  2 attempts, at or over the ceiling of 2 - a person decides, not a timer
      !! #3692  sendBack  sb=2 paths=1  2 attempts, at or over the ceiling of 2 - a person decides, not a timer
      !! #3990  sendBack  sb=2 paths=1  2 attempts, at or over the ceiling of 2 - a person decides, not a timer
      !! #3880  sendBack  sb=2 paths=1  2 attempts, at or over the ceiling of 2 - a person decides, not a timer
      !! #3823  sendBack  sb=2 paths=1  2 attempts, at or over the ceiling of 2 - a person decides, not a timer
      !! #3773  sendBack  sb=2 paths=1  2 attempts, at or over the ceiling of 2 - a person decides, not a timer
      !! #3726  sendBack  sb=2 paths=1  2 attempts, at or over the ceiling of 2 - a person decides, not a timer
      !! #3777  sendBack  sb=2 paths=1  2 attempts, at or over the ceiling of 2 - a person decides, not a timer
      !! #3991  sendBack  sb=2 paths=1  2 attempts, at or over the ceiling of 2 - a person decides, not a timer
      ... and 14 more line(s) like these

--- push-work  (make finished work visible)
    pushed 0

--- reap-finished  (a worktree stops being needed when its work is published)
    0 redundant worktree(s) removed, 2 still hold work

--- share-modules  (one installed dependency tree, linked into every worktree)
    0 tree(s) share one store, 0 MB returned

--- land  (put accepted work into the branch it was accepted for)
    capped at 123s, leaving 180s for the 3 step(s) behind it (it resumes next run)
    timed out - what it did before the cut still stands: (nothing recorded)

--- close-done  (clear accepted issues from the pool)
    timed out - what it did before the cut still stands: (nothing recorded)

--- stale-escalations  (retire escalations whose stated cause no longer reproduces)
    SKIPPED - past the 8 minute swarm-freeing deadline

--- author  (refill the backlog from a measured deficit)
    SKIPPED - past the 8 minute swarm-freeing deadline

  lock released: everything from here only reads, and the refill needs it

--- loop-selftest  (the loop's own checkers, shown failing before they are believed)
    timed out - what it did before the cut still stands: (nothing recorded)

--- exposure  (what the live service serves to an origin it has never heard of)
    SKIPPED - past the 5 minute reporting deadline

--- forked-files  (a file that exists twice must not start saying two things)
    SKIPPED - past the 5 minute reporting deadline

--- t27-parity  (the generated ring and the twin in production still answer the same)
    SKIPPED - past the 5 minute reporting deadline

--- verdict-audit  (check what the swarm claims against what it pushed)
    SKIPPED - past the 5 minute reporting deadline

--- proven  (is the recent work still proving anything)
    SKIPPED - past the 5 minute reporting deadline

--- judge-packet  (queue the unauditable for judgement)
    SKIPPED - past the 5 minute reporting deadline

--- dash  (the box compares against a reading somebody has to write)
    SKIPPED - past the 5 minute reporting deadline

--- clocks  (no decision keyed on a field something rewrites)
    SKIPPED - past the 5 minute reporting deadline

--- fields  (no decision reading a field its query never selects)
    SKIPPED - past the 5 minute reporting deadline

--- fp-check  (no checker accuses anything known good)
    SKIPPED - past the 5 minute reporting deadline

--- unverdicted  (a finished dispatch whose worker never wrote a verdict block)
    SKIPPED - past the 5 minute reporting deadline

--- silent-loop  (an attempt that charges no retry budget can be repeated for ever)
    SKIPPED - past the 5 minute reporting deadline

--- rejudge  (a recorded verdict the current code would no longer give)
    SKIPPED - past the 5 minute reporting deadline

--- idle  (how much of the day the swarm spent doing nothing, and what stopped it)
    SKIPPED - past the 5 minute reporting deadline

--- unwired  (a gate that exists and runs nowhere)
    SKIPPED - past the 5 minute reporting deadline

--- agree  (two implementations of one rule, asked the same question about real rows)
    SKIPPED - past the 5 minute reporting deadline

--- brief-gate  (which open briefs will produce a verdict nothing can check)
    SKIPPED - past the 5 minute reporting deadline

heal complete: two-views=ok reap-local=ok rescue=ok reap=ok lease=ok push-work=ok reap-finished=ok share-modules=ok land=timed out close-done=timed out stale-escalations=skipped author=skipped loop-selftest=timed out exposure=skipped forked-files=skipped t27-parity=skipped verdict-audit=skipped proven=skipped judge-packet=skipped dash=skipped clocks=skipped fields=skipped fp-check=skipped unverdicted=skipped silent-loop=skipped rejudge=skipped idle=skipped unwired=skipped agree=skipped brief-gate=skipped

  NOT REACHED: 19 of 30 steps never started - stale-escalations, author, exposure, forked-files, t27-parity, verdict-audit, proven, judge-packet, dash, clocks, fields, fp-check, unverdicted, silent-loop, rejudge, idle, unwired, agree, brief-gate
  They are first in line next run; the reporting phase is ordered by hunger.
  tri reach   - how often each step has actually run, over the whole ledger
2026-09-17T15:30:53.140Z heal start

--- two-views  (both views of the service, at the same moment)
    both views agree the service is up

--- reap-local  (free the disk this loop runs on)
    20 worktrees, none removable

--- rescue  (save work a bee never committed, before anything reclaims it)
    rescued 0 stranded path(s) from 0 tree(s)

--- reap  (free the volume before anything else)
    reclaimed 0.8 G

--- lease  (release idle path fences)
    released 1, quarantined 35, held 0
      !! #4259  sendBack  sb=2 paths=1  2 attempts, at or over the ceiling of 2 - a person decides, not a timer
      !! #3860  sendBack  sb=2 paths=1  2 attempts, at or over the ceiling of 2 - a person decides, not a timer
      !! #3996  sendBack  sb=2 paths=1  2 attempts, at or over the ceiling of 2 - a person decides, not a timer
      !! #4015  sendBack  sb=2 paths=1  2 attempts, at or over the ceiling of 2 - a person decides, not a timer
      !! #3980  sendBack  sb=2 paths=1  2 attempts, at or over the ceiling of 2 - a person decides, not a timer
      !! #3935  sendBack  sb=2 paths=1  2 attempts, at or over the ceiling of 2 - a person decides, not a timer
      !! #4010  sendBack  sb=2 paths=1  2 attempts, at or over the ceiling of 2 - a person decides, not a timer
      !! #4004  sendBack  sb=2 paths=1  2 attempts, at or over the ceiling of 2 - a person decides, not a timer
      !! #3994  sendBack  sb=2 paths=1  2 attempts, at or over the ceiling of 2 - a person decides, not a timer
      !! #3931  sendBack  sb=2 paths=1  2 attempts, at or over the ceiling of 2 - a person decides, not a timer
      !! #4012  sendBack  sb=2 paths=1  2 attempts, at or over the ceiling of 2 - a person decides, not a timer
      !! #3985  sendBack  sb=2 paths=1  2 attempts, at or over the ceiling of 2 - a person decides, not a timer
      !! #3692  sendBack  sb=2 paths=1  2 attempts, at or over the ceiling of 2 - a person decides, not a timer
      !! #3990  sendBack  sb=2 paths=1  2 attempts, at or over the ceiling of 2 - a person decides, not a timer
      !! #3880  sendBack  sb=2 paths=1  2 attempts, at or over the ceiling of 2 - a person decides, not a timer
      !! #3773  sendBack  sb=2 paths=1  2 attempts, at or over the ceiling of 2 - a person decides, not a timer
      !! #3823  sendBack  sb=2 paths=1  2 attempts, at or over the ceiling of 2 - a person decides, not a timer
      !! #3726  sendBack  sb=2 paths=1  2 attempts, at or over the ceiling of 2 - a person decides, not a timer
      !! #3777  sendBack  sb=2 paths=1  2 attempts, at or over the ceiling of 2 - a person decides, not a timer
      !! #3991  sendBack  sb=2 paths=1  2 attempts, at or over the ceiling of 2 - a person decides, not a timer
      ... and 15 more line(s) like these

--- push-work  (make finished work visible)
    pushed 0

--- reap-finished  (a worktree stops being needed when its work is published)
    0 redundant worktree(s) removed, 2 still hold work

--- share-modules  (one installed dependency tree, linked into every worktree)
    0 tree(s) share one store, 0 MB returned

--- land  (put accepted work into the branch it was accepted for)
    capped at 110s, leaving 180s for the 3 step(s) behind it (it resumes next run)
    timed out - what it did before the cut still stands: (nothing recorded)

--- close-done  (clear accepted issues from the pool)
    timed out - what it did before the cut still stands: (nothing recorded)

--- stale-escalations  (retire escalations whose stated cause no longer reproduces)
    SKIPPED - past the 8 minute swarm-freeing deadline

--- author  (refill the backlog from a measured deficit)
    SKIPPED - past the 8 minute swarm-freeing deadline

  lock released: everything from here only reads, and the refill needs it

--- loop-selftest  (the loop's own checkers, shown failing before they are believed)
    timed out - what it did before the cut still stands: (nothing recorded)

--- exposure  (what the live service serves to an origin it has never heard of)
    SKIPPED - past the 5 minute reporting deadline

--- forked-files  (a file that exists twice must not start saying two things)
    SKIPPED - past the 5 minute reporting deadline

--- t27-parity  (the generated ring and the twin in production still answer the same)
    SKIPPED - past the 5 minute reporting deadline

--- verdict-audit  (check what the swarm claims against what it pushed)
    SKIPPED - past the 5 minute reporting deadline

--- proven  (is the recent work still proving anything)
    SKIPPED - past the 5 minute reporting deadline

--- judge-packet  (queue the unauditable for judgement)
    SKIPPED - past the 5 minute reporting deadline

--- dash  (the box compares against a reading somebody has to write)
    SKIPPED - past the 5 minute reporting deadline

--- clocks  (no decision keyed on a field something rewrites)
    SKIPPED - past the 5 minute reporting deadline

--- fields  (no decision reading a field its query never selects)
    SKIPPED - past the 5 minute reporting deadline

--- fp-check  (no checker accuses anything known good)
    SKIPPED - past the 5 minute reporting deadline

--- unverdicted  (a finished dispatch whose worker never wrote a verdict block)
    SKIPPED - past the 5 minute reporting deadline

--- silent-loop  (an attempt that charges no retry budget can be repeated for ever)
    SKIPPED - past the 5 minute reporting deadline

--- rejudge  (a recorded verdict the current code would no longer give)
    SKIPPED - past the 5 minute reporting deadline

--- idle  (how much of the day the swarm spent doing nothing, and what stopped it)
    SKIPPED - past the 5 minute reporting deadline

--- unwired  (a gate that exists and runs nowhere)
    SKIPPED - past the 5 minute reporting deadline

--- agree  (two implementations of one rule, asked the same question about real rows)
    SKIPPED - past the 5 minute reporting deadline

--- brief-gate  (which open briefs will produce a verdict nothing can check)
    SKIPPED - past the 5 minute reporting deadline

heal complete: two-views=ok reap-local=ok rescue=ok reap=ok lease=ok push-work=ok reap-finished=ok share-modules=ok land=timed out close-done=timed out stale-escalations=skipped author=skipped loop-selftest=timed out exposure=skipped forked-files=skipped t27-parity=skipped verdict-audit=skipped proven=skipped judge-packet=skipped dash=skipped clocks=skipped fields=skipped fp-check=skipped unverdicted=skipped silent-loop=skipped rejudge=skipped idle=skipped unwired=skipped agree=skipped brief-gate=skipped

  NOT REACHED: 19 of 30 steps never started - stale-escalations, author, exposure, forked-files, t27-parity, verdict-audit, proven, judge-packet, dash, clocks, fields, fp-check, unverdicted, silent-loop, rejudge, idle, unwired, agree, brief-gate
  They are first in line next run; the reporting phase is ordered by hunger.
  tri reach   - how often each step has actually run, over the whole ledger
2026-09-17T15:53:55.208Z heal start
another run holds the loop lock (feed, 1 min) - standing down
2026-09-17T16:03:57.679Z heal start
another run holds the loop lock (feed, 1 min) - standing down
2026-09-17T16:13:58.916Z heal start
another run holds the loop lock (feed, 0 min) - standing down
2026-09-17T16:24:00.079Z heal start

--- two-views  (both views of the service, at the same moment)
    both views agree the service is up

--- reap-local  (free the disk this loop runs on)
    20 worktrees, none removable

--- rescue  (save work a bee never committed, before anything reclaims it)
    rescued 0 stranded path(s) from 0 tree(s)

--- reap  (free the volume before anything else)
    reclaimed 0.8 G

--- lease  (release idle path fences)
    released 0, quarantined 36, held 13
      !! #3990  sendBack  sb=2 paths=1  2 attempts, at or over the ceiling of 2 - a person decides, not a timer
      !! #3996  sendBack  sb=2 paths=1  2 attempts, at or over the ceiling of 2 - a person decides, not a timer
      !! #4259  sendBack  sb=2 paths=1  2 attempts, at or over the ceiling of 2 - a person decides, not a timer
      !! #3860  sendBack  sb=2 paths=1  2 attempts, at or over the ceiling of 2 - a person decides, not a timer
      !! #3980  sendBack  sb=2 paths=1  2 attempts, at or over the ceiling of 2 - a person decides, not a timer
      !! #4015  sendBack  sb=2 paths=1  2 attempts, at or over the ceiling of 2 - a person decides, not a timer
      !! #3935  sendBack  sb=2 paths=1  2 attempts, at or over the ceiling of 2 - a person decides, not a timer
      !! #4010  sendBack  sb=2 paths=1  2 attempts, at or over the ceiling of 2 - a person decides, not a timer
      !! #4004  sendBack  sb=2 paths=1  2 attempts, at or over the ceiling of 2 - a person decides, not a timer
      !! #3994  sendBack  sb=2 paths=1  2 attempts, at or over the ceiling of 2 - a person decides, not a timer
      !! #3931  sendBack  sb=2 paths=1  2 attempts, at or over the ceiling of 2 - a person decides, not a timer
      !! #3985  sendBack  sb=2 paths=1  2 attempts, at or over the ceiling of 2 - a person decides, not a timer
      !! #4012  sendBack  sb=2 paths=1  2 attempts, at or over the ceiling of 2 - a person decides, not a timer
      !! #3692  sendBack  sb=2 paths=1  2 attempts, at or over the ceiling of 2 - a person decides, not a timer
      !! #3880  sendBack  sb=2 paths=1  2 attempts, at or over the ceiling of 2 - a person decides, not a timer
      !! #3773  sendBack  sb=2 paths=1  2 attempts, at or over the ceiling of 2 - a person decides, not a timer
      !! #3823  sendBack  sb=2 paths=1  2 attempts, at or over the ceiling of 2 - a person decides, not a timer
      !! #3726  sendBack  sb=2 paths=1  2 attempts, at or over the ceiling of 2 - a person decides, not a timer
      !! #3777  sendBack  sb=2 paths=1  2 attempts, at or over the ceiling of 2 - a person decides, not a timer
      !! #3991  sendBack  sb=2 paths=1  2 attempts, at or over the ceiling of 2 - a person decides, not a timer
      ... and 16 more line(s) like these

--- push-work  (make finished work visible)
    pushed 0

--- reap-finished  (a worktree stops being needed when its work is published)
    0 redundant worktree(s) removed, 2 still hold work

--- share-modules  (one installed dependency tree, linked into every worktree)
    0 tree(s) share one store, 0 MB returned

--- land  (put accepted work into the branch it was accepted for)
    capped at 101s, leaving 180s for the 3 step(s) behind it (it resumes next run)
    timed out - what it did before the cut still stands: (nothing recorded)

--- close-done  (clear accepted issues from the pool)
    timed out - what it did before the cut still stands: (nothing recorded)

--- stale-escalations  (retire escalations whose stated cause no longer reproduces)
    SKIPPED - past the 8 minute swarm-freeing deadline

--- author  (refill the backlog from a measured deficit)
    SKIPPED - past the 8 minute swarm-freeing deadline

  lock released: everything from here only reads, and the refill needs it

--- loop-selftest  (the loop's own checkers, shown failing before they are believed)
    timed out - what it did before the cut still stands: (nothing recorded)

--- exposure  (what the live service serves to an origin it has never heard of)
    SKIPPED - past the 5 minute reporting deadline

--- forked-files  (a file that exists twice must not start saying two things)
    SKIPPED - past the 5 minute reporting deadline

--- t27-parity  (the generated ring and the twin in production still answer the same)
    SKIPPED - past the 5 minute reporting deadline

--- verdict-audit  (check what the swarm claims against what it pushed)
    SKIPPED - past the 5 minute reporting deadline

--- proven  (is the recent work still proving anything)
    SKIPPED - past the 5 minute reporting deadline

--- judge-packet  (queue the unauditable for judgement)
    SKIPPED - past the 5 minute reporting deadline

--- dash  (the box compares against a reading somebody has to write)
    SKIPPED - past the 5 minute reporting deadline

--- clocks  (no decision keyed on a field something rewrites)
    SKIPPED - past the 5 minute reporting deadline

--- fields  (no decision reading a field its query never selects)
    SKIPPED - past the 5 minute reporting deadline

--- fp-check  (no checker accuses anything known good)
    SKIPPED - past the 5 minute reporting deadline

--- unverdicted  (a finished dispatch whose worker never wrote a verdict block)
    SKIPPED - past the 5 minute reporting deadline

--- silent-loop  (an attempt that charges no retry budget can be repeated for ever)
    SKIPPED - past the 5 minute reporting deadline

--- rejudge  (a recorded verdict the current code would no longer give)
    SKIPPED - past the 5 minute reporting deadline

--- idle  (how much of the day the swarm spent doing nothing, and what stopped it)
    SKIPPED - past the 5 minute reporting deadline

--- unwired  (a gate that exists and runs nowhere)
    SKIPPED - past the 5 minute reporting deadline

--- agree  (two implementations of one rule, asked the same question about real rows)
    SKIPPED - past the 5 minute reporting deadline

--- brief-gate  (which open briefs will produce a verdict nothing can check)
    SKIPPED - past the 5 minute reporting deadline

heal complete: two-views=ok reap-local=ok rescue=ok reap=ok lease=ok push-work=ok reap-finished=ok share-modules=ok land=timed out close-done=timed out stale-escalations=skipped author=skipped loop-selftest=timed out exposure=skipped forked-files=skipped t27-parity=skipped verdict-audit=skipped proven=skipped judge-packet=skipped dash=skipped clocks=skipped fields=skipped fp-check=skipped unverdicted=skipped silent-loop=skipped rejudge=skipped idle=skipped unwired=skipped agree=skipped brief-gate=skipped

  NOT REACHED: 19 of 30 steps never started - stale-escalations, author, exposure, forked-files, t27-parity, verdict-audit, proven, judge-packet, dash, clocks, fields, fp-check, unverdicted, silent-loop, rejudge, idle, unwired, agree, brief-gate
  They are first in line next run; the reporting phase is ordered by hunger.
  tri reach   - how often each step has actually run, over the whole ledger
2026-09-17T16:47:01.518Z heal start
another run holds the loop lock (feed, 2 min) - standing down
2026-09-17T16:57:02.801Z heal start
another run holds the loop lock (feed, 2 min) - standing down
2026-09-17T17:07:04.112Z heal start
another run holds the loop lock (feed, 2 min) - standing down
2026-09-17T17:17:05.837Z heal start
another run holds the loop lock (feed, 2 min) - standing down
2026-09-17T17:27:07.661Z heal start
another run holds the loop lock (feed, 2 min) - standing down
2026-09-17T17:37:09.560Z heal start
another run holds the loop lock (feed, 2 min) - standing down
2026-09-17T17:47:10.637Z heal start
another run holds the loop lock (feed, 2 min) - standing down
2026-09-17T17:57:11.777Z heal start
another run holds the loop lock (feed, 2 min) - standing down
2026-09-17T18:07:12.703Z heal start
another run holds the loop lock (feed, 1 min) - standing down
2026-09-17T18:17:14.467Z heal start
another run holds the loop lock (feed, 2 min) - standing down
2026-09-17T18:27:23.017Z heal start
another run holds the loop lock (feed, 2 min) - standing down
2026-09-17T18:37:26.459Z heal start
another run holds the loop lock (feed, 1 min) - standing down
2026-09-17T18:47:27.762Z heal start
another run holds the loop lock (feed, 2 min) - standing down
2026-09-17T18:57:47.909Z heal start
another run holds the loop lock (feed, 2 min) - standing down
2026-09-17T19:07:49.459Z heal start
another run holds the loop lock (feed, 2 min) - standing down
2026-09-17T19:17:56.650Z heal start
another run holds the loop lock (feed, 2 min) - standing down
2026-09-17T19:27:58.396Z heal start
another run holds the loop lock (feed, 1 min) - standing down
2026-09-17T19:37:59.717Z heal start
another run holds the loop lock (feed, 1 min) - standing down
2026-09-17T19:48:02.304Z heal start
another run holds the loop lock (feed, 1 min) - standing down
2026-09-17T19:58:04.180Z heal start
another run holds the loop lock (feed, 1 min) - standing down
2026-09-17T20:08:05.846Z heal start
another run holds the loop lock (feed, 1 min) - standing down
2026-09-17T20:18:07.389Z heal start
another run holds the loop lock (feed, 0 min) - standing down
2026-09-17T20:28:10.244Z heal start
another run holds the loop lock (feed, 0 min) - standing down
2026-09-17T20:38:12.434Z heal start
another run holds the loop lock (feed, 0 min) - standing down
2026-09-17T20:48:21.168Z heal start
another run holds the loop lock (feed, 0 min) - standing down
2026-09-17T20:58:22.810Z heal start
another run holds the loop lock (feed, 0 min) - standing down
2026-09-17T21:08:26.524Z heal start

--- two-views  (both views of the service, at the same moment)
    both views agree the service is up

--- reap-local  (free the disk this loop runs on)
    20 worktrees, none removable

--- rescue  (save work a bee never committed, before anything reclaims it)
    rescued 0 stranded path(s) from 0 tree(s)

--- reap  (free the volume before anything else)
    reclaimed 1.1 G

--- lease  (release idle path fences)
    released 32, quarantined 38, held 1
      !! #4259  sendBack  sb=2 paths=1  2 attempts, at or over the ceiling of 2 - a person decides, not a timer
      !! #3996  sendBack  sb=2 paths=1  2 attempts, at or over the ceiling of 2 - a person decides, not a timer
      !! #3860  sendBack  sb=2 paths=1  2 attempts, at or over the ceiling of 2 - a person decides, not a timer
      !! #3990  sendBack  sb=2 paths=1  2 attempts, at or over the ceiling of 2 - a person decides, not a timer
      !! #3980  sendBack  sb=2 paths=1  2 attempts, at or over the ceiling of 2 - a person decides, not a timer
      !! #3935  sendBack  sb=2 paths=1  2 attempts, at or over the ceiling of 2 - a person decides, not a timer
      !! #4010  sendBack  sb=2 paths=1  2 attempts, at or over the ceiling of 2 - a person decides, not a timer
      !! #4004  sendBack  sb=2 paths=1  2 attempts, at or over the ceiling of 2 - a person decides, not a timer
      !! #3994  sendBack  sb=2 paths=1  2 attempts, at or over the ceiling of 2 - a person decides, not a timer
      !! #4015  sendBack  sb=2 paths=1  2 attempts, at or over the ceiling of 2 - a person decides, not a timer
      !! #3931  sendBack  sb=2 paths=1  2 attempts, at or over the ceiling of 2 - a person decides, not a timer
      !! #3985  sendBack  sb=2 paths=1  2 attempts, at or over the ceiling of 2 - a person decides, not a timer
      !! #4012  sendBack  sb=2 paths=1  2 attempts, at or over the ceiling of 2 - a person decides, not a timer
      !! #3947  sendBack  sb=2 paths=1  2 attempts, at or over the ceiling of 2 - a person decides, not a timer
      !! #3692  sendBack  sb=2 paths=1  2 attempts, at or over the ceiling of 2 - a person decides, not a timer
      !! #3880  sendBack  sb=2 paths=1  2 attempts, at or over the ceiling of 2 - a person decides, not a timer
      !! #3773  sendBack  sb=2 paths=1  2 attempts, at or over the ceiling of 2 - a person decides, not a timer
      !! #3823  sendBack  sb=2 paths=1  2 attempts, at or over the ceiling of 2 - a person decides, not a timer
      !! #3726  sendBack  sb=2 paths=1  2 attempts, at or over the ceiling of 2 - a person decides, not a timer
      !! #3777  sendBack  sb=2 paths=1  2 attempts, at or over the ceiling of 2 - a person decides, not a timer
      ... and 18 more line(s) like these

--- push-work  (make finished work visible)
    pushed 0

--- reap-finished  (a worktree stops being needed when its work is published)
    0 redundant worktree(s) removed, 2 still hold work

--- share-modules  (one installed dependency tree, linked into every worktree)
    0 tree(s) share one store, 0 MB returned

--- land  (put accepted work into the branch it was accepted for)
    capped at 60s, leaving 134s for the 3 step(s) behind it, 46s short of the 180s they need (it resumes next run)
    timed out - what it did before the cut still stands: (nothing recorded)

--- close-done  (clear accepted issues from the pool)
    timed out - what it did before the cut still stands: (nothing recorded)

--- stale-escalations  (retire escalations whose stated cause no longer reproduces)
    SKIPPED - past the 8 minute swarm-freeing deadline

--- author  (refill the backlog from a measured deficit)
    SKIPPED - past the 8 minute swarm-freeing deadline

  lock released: everything from here only reads, and the refill needs it

--- loop-selftest  (the loop's own checkers, shown failing before they are believed)
    timed out - what it did before the cut still stands: (nothing recorded)

--- exposure  (what the live service serves to an origin it has never heard of)
    SKIPPED - past the 5 minute reporting deadline

--- forked-files  (a file that exists twice must not start saying two things)
    SKIPPED - past the 5 minute reporting deadline

--- t27-parity  (the generated ring and the twin in production still answer the same)
    SKIPPED - past the 5 minute reporting deadline

--- verdict-audit  (check what the swarm claims against what it pushed)
    SKIPPED - past the 5 minute reporting deadline

--- proven  (is the recent work still proving anything)
    SKIPPED - past the 5 minute reporting deadline

--- judge-packet  (queue the unauditable for judgement)
    SKIPPED - past the 5 minute reporting deadline

--- dash  (the box compares against a reading somebody has to write)
    SKIPPED - past the 5 minute reporting deadline

--- clocks  (no decision keyed on a field something rewrites)
    SKIPPED - past the 5 minute reporting deadline

--- fields  (no decision reading a field its query never selects)
    SKIPPED - past the 5 minute reporting deadline

--- fp-check  (no checker accuses anything known good)
    SKIPPED - past the 5 minute reporting deadline

--- unverdicted  (a finished dispatch whose worker never wrote a verdict block)
    SKIPPED - past the 5 minute reporting deadline

--- silent-loop  (an attempt that charges no retry budget can be repeated for ever)
    SKIPPED - past the 5 minute reporting deadline

--- rejudge  (a recorded verdict the current code would no longer give)
    SKIPPED - past the 5 minute reporting deadline

--- idle  (how much of the day the swarm spent doing nothing, and what stopped it)
    SKIPPED - past the 5 minute reporting deadline

--- unwired  (a gate that exists and runs nowhere)
    SKIPPED - past the 5 minute reporting deadline

--- agree  (two implementations of one rule, asked the same question about real rows)
    SKIPPED - past the 5 minute reporting deadline

--- brief-gate  (which open briefs will produce a verdict nothing can check)
    SKIPPED - past the 5 minute reporting deadline

heal complete: two-views=ok reap-local=ok rescue=ok reap=ok lease=ok push-work=ok reap-finished=ok share-modules=ok land=timed out close-done=timed out stale-escalations=skipped author=skipped loop-selftest=timed out exposure=skipped forked-files=skipped t27-parity=skipped verdict-audit=skipped proven=skipped judge-packet=skipped dash=skipped clocks=skipped fields=skipped fp-check=skipped unverdicted=skipped silent-loop=skipped rejudge=skipped idle=skipped unwired=skipped agree=skipped brief-gate=skipped

  NOT REACHED: 19 of 30 steps never started - stale-escalations, author, exposure, forked-files, t27-parity, verdict-audit, proven, judge-packet, dash, clocks, fields, fp-check, unverdicted, silent-loop, rejudge, idle, unwired, agree, brief-gate
  They are first in line next run; the reporting phase is ordered by hunger.
  tri reach   - how often each step has actually run, over the whole ledger
2026-09-17T21:31:28.518Z heal start

--- two-views  (both views of the service, at the same moment)
    both views agree the service is up

--- reap-local  (free the disk this loop runs on)
    20 worktrees, none removable

--- rescue  (save work a bee never committed, before anything reclaims it)
    rescued 0 stranded path(s) from 0 tree(s)

--- reap  (free the volume before anything else)
    reclaimed 0.0 G

--- lease  (release idle path fences)
    released 0, quarantined 38, held 3
      !! #3996  sendBack  sb=2 paths=1  2 attempts, at or over the ceiling of 2 - a person decides, not a timer
      !! #4259  sendBack  sb=2 paths=1  2 attempts, at or over the ceiling of 2 - a person decides, not a timer
      !! #3860  sendBack  sb=2 paths=1  2 attempts, at or over the ceiling of 2 - a person decides, not a timer
      !! #3990  sendBack  sb=2 paths=1  2 attempts, at or over the ceiling of 2 - a person decides, not a timer
      !! #3980  sendBack  sb=2 paths=1  2 attempts, at or over the ceiling of 2 - a person decides, not a timer
      !! #3935  sendBack  sb=2 paths=1  2 attempts, at or over the ceiling of 2 - a person decides, not a timer
      !! #4010  sendBack  sb=2 paths=1  2 attempts, at or over the ceiling of 2 - a person decides, not a timer
      !! #4004  sendBack  sb=2 paths=1  2 attempts, at or over the ceiling of 2 - a person decides, not a timer
      !! #3994  sendBack  sb=2 paths=1  2 attempts, at or over the ceiling of 2 - a person decides, not a timer
      !! #4015  sendBack  sb=2 paths=1  2 attempts, at or over the ceiling of 2 - a person decides, not a timer
      !! #3931  sendBack  sb=2 paths=1  2 attempts, at or over the ceiling of 2 - a person decides, not a timer
      !! #3985  sendBack  sb=2 paths=1  2 attempts, at or over the ceiling of 2 - a person decides, not a timer
      !! #4012  sendBack  sb=2 paths=1  2 attempts, at or over the ceiling of 2 - a person decides, not a timer
      !! #3947  sendBack  sb=2 paths=1  2 attempts, at or over the ceiling of 2 - a person decides, not a timer
      !! #3692  sendBack  sb=2 paths=1  2 attempts, at or over the ceiling of 2 - a person decides, not a timer
      !! #3880  sendBack  sb=2 paths=1  2 attempts, at or over the ceiling of 2 - a person decides, not a timer
      !! #3773  sendBack  sb=2 paths=1  2 attempts, at or over the ceiling of 2 - a person decides, not a timer
      !! #3823  sendBack  sb=2 paths=1  2 attempts, at or over the ceiling of 2 - a person decides, not a timer
      !! #3726  sendBack  sb=2 paths=1  2 attempts, at or over the ceiling of 2 - a person decides, not a timer
      !! #3777  sendBack  sb=2 paths=1  2 attempts, at or over the ceiling of 2 - a person decides, not a timer
      ... and 18 more line(s) like these

--- push-work  (make finished work visible)
    pushed 0

--- reap-finished  (a worktree stops being needed when its work is published)
    0 redundant worktree(s) removed, 2 still hold work

--- share-modules  (one installed dependency tree, linked into every worktree)
    0 tree(s) share one store, 0 MB returned

--- land  (put accepted work into the branch it was accepted for)
    capped at 135s, leaving 180s for the 3 step(s) behind it (it resumes next run)
    timed out - what it did before the cut still stands: (nothing recorded)

--- close-done  (clear accepted issues from the pool)
    timed out - what it did before the cut still stands: (nothing recorded)

--- stale-escalations  (retire escalations whose stated cause no longer reproduces)
    SKIPPED - past the 8 minute swarm-freeing deadline

--- author  (refill the backlog from a measured deficit)
    SKIPPED - past the 8 minute swarm-freeing deadline

  lock released: everything from here only reads, and the refill needs it

--- loop-selftest  (the loop's own checkers, shown failing before they are believed)
    timed out - what it did before the cut still stands: (nothing recorded)

--- exposure  (what the live service serves to an origin it has never heard of)
    SKIPPED - past the 5 minute reporting deadline

--- forked-files  (a file that exists twice must not start saying two things)
    SKIPPED - past the 5 minute reporting deadline

--- t27-parity  (the generated ring and the twin in production still answer the same)
    SKIPPED - past the 5 minute reporting deadline

--- verdict-audit  (check what the swarm claims against what it pushed)
    SKIPPED - past the 5 minute reporting deadline

--- proven  (is the recent work still proving anything)
    SKIPPED - past the 5 minute reporting deadline

--- judge-packet  (queue the unauditable for judgement)
    SKIPPED - past the 5 minute reporting deadline

--- dash  (the box compares against a reading somebody has to write)
    SKIPPED - past the 5 minute reporting deadline

--- clocks  (no decision keyed on a field something rewrites)
    SKIPPED - past the 5 minute reporting deadline

--- fields  (no decision reading a field its query never selects)
    SKIPPED - past the 5 minute reporting deadline

--- fp-check  (no checker accuses anything known good)
    SKIPPED - past the 5 minute reporting deadline

--- unverdicted  (a finished dispatch whose worker never wrote a verdict block)
    SKIPPED - past the 5 minute reporting deadline

--- silent-loop  (an attempt that charges no retry budget can be repeated for ever)
    SKIPPED - past the 5 minute reporting deadline

--- rejudge  (a recorded verdict the current code would no longer give)
    SKIPPED - past the 5 minute reporting deadline

--- idle  (how much of the day the swarm spent doing nothing, and what stopped it)
    SKIPPED - past the 5 minute reporting deadline

--- unwired  (a gate that exists and runs nowhere)
    SKIPPED - past the 5 minute reporting deadline

--- agree  (two implementations of one rule, asked the same question about real rows)
    SKIPPED - past the 5 minute reporting deadline

--- brief-gate  (which open briefs will produce a verdict nothing can check)
    SKIPPED - past the 5 minute reporting deadline

heal complete: two-views=ok reap-local=ok rescue=ok reap=ok lease=ok push-work=ok reap-finished=ok share-modules=ok land=timed out close-done=timed out stale-escalations=skipped author=skipped loop-selftest=timed out exposure=skipped forked-files=skipped t27-parity=skipped verdict-audit=skipped proven=skipped judge-packet=skipped dash=skipped clocks=skipped fields=skipped fp-check=skipped unverdicted=skipped silent-loop=skipped rejudge=skipped idle=skipped unwired=skipped agree=skipped brief-gate=skipped

  NOT REACHED: 19 of 30 steps never started - stale-escalations, author, exposure, forked-files, t27-parity, verdict-audit, proven, judge-packet, dash, clocks, fields, fp-check, unverdicted, silent-loop, rejudge, idle, unwired, agree, brief-gate
  They are first in line next run; the reporting phase is ordered by hunger.
  tri reach   - how often each step has actually run, over the whole ledger
2026-09-17T21:54:29.954Z heal start
another run holds the loop lock (feed, 2 min) - standing down
2026-09-17T22:04:31.413Z heal start
another run holds the loop lock (feed, 3 min) - standing down
2026-09-17T22:14:35.772Z heal start
another run holds the loop lock (feed, 3 min) - standing down
2026-09-17T22:24:43.311Z heal start
another run holds the loop lock (feed, 3 min) - standing down
2026-09-17T22:34:45.605Z heal start
another run holds the loop lock (feed, 3 min) - standing down
2026-09-17T22:44:47.541Z heal start
another run holds the loop lock (feed, 3 min) - standing down
2026-09-17T22:55:38.727Z heal start
another run holds the loop lock (feed, 4 min) - standing down
2026-09-17T23:05:41.440Z heal start
another run holds the loop lock (feed, 2 min) - standing down
2026-09-17T23:15:42.952Z heal start
another run holds the loop lock (feed, 2 min) - standing down
2026-09-18T06:57:52.400Z heal start

--- two-views  (both views of the service, at the same moment)
      ssh said: could not reach the container after 1 attempts (transport): Failed to fetch: error sending request for url (https://backboard.railway.com/gr

--- reap-local  (free the disk this loop runs on)
    timed out - what it did before the cut still stands: (nothing recorded)

--- rescue  (save work a bee never committed, before anything reclaims it)
    SKIPPED - past the 8 minute swarm-freeing deadline

--- reap  (free the volume before anything else)
    SKIPPED - past the 8 minute swarm-freeing deadline

--- lease  (release idle path fences)
    SKIPPED - past the 8 minute swarm-freeing deadline

--- push-work  (make finished work visible)
    SKIPPED - past the 8 minute swarm-freeing deadline

--- reap-finished  (a worktree stops being needed when its work is published)
    SKIPPED - past the 8 minute swarm-freeing deadline

--- share-modules  (one installed dependency tree, linked into every worktree)
    SKIPPED - past the 8 minute swarm-freeing deadline

--- land  (put accepted work into the branch it was accepted for)
    SKIPPED - past the 8 minute swarm-freeing deadline

--- close-done  (clear accepted issues from the pool)
    SKIPPED - past the 8 minute swarm-freeing deadline

--- stale-escalations  (retire escalations whose stated cause no longer reproduces)
    SKIPPED - past the 8 minute swarm-freeing deadline

--- author  (refill the backlog from a measured deficit)
    SKIPPED - past the 8 minute swarm-freeing deadline

  lock released: everything from here only reads, and the refill needs it

--- loop-selftest  (the loop's own checkers, shown failing before they are believed)
    timed out - what it did before the cut still stands: (nothing recorded)

--- exposure  (what the live service serves to an origin it has never heard of)
    SKIPPED - past the 5 minute reporting deadline

--- forked-files  (a file that exists twice must not start saying two things)
    SKIPPED - past the 5 minute reporting deadline

--- t27-parity  (the generated ring and the twin in production still answer the same)
    SKIPPED - past the 5 minute reporting deadline

--- verdict-audit  (check what the swarm claims against what it pushed)
    SKIPPED - past the 5 minute reporting deadline

--- proven  (is the recent work still proving anything)
    SKIPPED - past the 5 minute reporting deadline

--- judge-packet  (queue the unauditable for judgement)
    SKIPPED - past the 5 minute reporting deadline

--- dash  (the box compares against a reading somebody has to write)
    SKIPPED - past the 5 minute reporting deadline

--- clocks  (no decision keyed on a field something rewrites)
    SKIPPED - past the 5 minute reporting deadline

--- fields  (no decision reading a field its query never selects)
    SKIPPED - past the 5 minute reporting deadline

--- fp-check  (no checker accuses anything known good)
    SKIPPED - past the 5 minute reporting deadline

--- unverdicted  (a finished dispatch whose worker never wrote a verdict block)
    SKIPPED - past the 5 minute reporting deadline

--- silent-loop  (an attempt that charges no retry budget can be repeated for ever)
    SKIPPED - past the 5 minute reporting deadline

--- rejudge  (a recorded verdict the current code would no longer give)
    SKIPPED - past the 5 minute reporting deadline

--- idle  (how much of the day the swarm spent doing nothing, and what stopped it)
    SKIPPED - past the 5 minute reporting deadline

--- unwired  (a gate that exists and runs nowhere)
    SKIPPED - past the 5 minute reporting deadline

--- agree  (two implementations of one rule, asked the same question about real rows)
    SKIPPED - past the 5 minute reporting deadline

--- brief-gate  (which open briefs will produce a verdict nothing can check)
    SKIPPED - past the 5 minute reporting deadline

heal complete: two-views=ok reap-local=timed out rescue=skipped reap=skipped lease=skipped push-work=skipped reap-finished=skipped share-modules=skipped land=skipped close-done=skipped stale-escalations=skipped author=skipped loop-selftest=timed out exposure=skipped forked-files=skipped t27-parity=skipped verdict-audit=skipped proven=skipped judge-packet=skipped dash=skipped clocks=skipped fields=skipped fp-check=skipped unverdicted=skipped silent-loop=skipped rejudge=skipped idle=skipped unwired=skipped agree=skipped brief-gate=skipped

  NOT REACHED: 27 of 30 steps never started - rescue, reap, lease, push-work, reap-finished, share-modules, land, close-done, stale-escalations, author, exposure, forked-files, t27-parity, verdict-audit, proven, judge-packet, dash, clocks, fields, fp-check, unverdicted, silent-loop, rejudge, idle, unwired, agree, brief-gate
  They are first in line next run; the reporting phase is ordered by hunger.
  tri reach   - how often each step has actually run, over the whole ledger
2026-09-18T14:39:51.276Z heal start
another run holds the loop lock (feed, 2 min) - standing down
2026-09-18T14:49:52.383Z heal start
another run holds the loop lock (feed, 2 min) - standing down
2026-09-18T14:59:54.986Z heal start
another run holds the loop lock (feed, 1 min) - standing down
2026-09-18T15:09:56.336Z heal start

--- two-views  (both views of the service, at the same moment)
    both views agree the service is up

--- reap-local  (free the disk this loop runs on)
    20 worktrees, none removable

--- rescue  (save work a bee never committed, before anything reclaims it)
    rescued 0 stranded path(s) from 0 tree(s)

--- reap  (free the volume before anything else)
    reclaimed 4.5 G

--- lease  (release idle path fences)
    released 8, quarantined 42, held 2
      !! #4258  sendBack  sb=2 paths=1  2 attempts, at or over the ceiling of 2 - a person decides, not a timer
      !! #3860  sendBack  sb=2 paths=1  2 attempts, at or over the ceiling of 2 - a person decides, not a timer
      !! #3935  sendBack  sb=2 paths=1  2 attempts, at or over the ceiling of 2 - a person decides, not a timer
      !! #4259  sendBack  sb=2 paths=1  2 attempts, at or over the ceiling of 2 - a person decides, not a timer
      !! #3980  sendBack  sb=2 paths=1  2 attempts, at or over the ceiling of 2 - a person decides, not a timer
      !! #3994  sendBack  sb=2 paths=1  2 attempts, at or over the ceiling of 2 - a person decides, not a timer
      !! #4010  sendBack  sb=2 paths=1  2 attempts, at or over the ceiling of 2 - a person decides, not a timer
      !! #3931  sendBack  sb=2 paths=1  2 attempts, at or over the ceiling of 2 - a person decides, not a timer
      !! #3985  sendBack  sb=2 paths=1  2 attempts, at or over the ceiling of 2 - a person decides, not a timer
      !! #4015  sendBack  sb=2 paths=1  2 attempts, at or over the ceiling of 2 - a person decides, not a timer
      !! #4001  sendBack  sb=2 paths=1  2 attempts, at or over the ceiling of 2 - a person decides, not a timer
      !! #4017  sendBack  sb=2 paths=1  2 attempts, at or over the ceiling of 2 - a person decides, not a timer
      !! #4012  sendBack  sb=2 paths=1  2 attempts, at or over the ceiling of 2 - a person decides, not a timer
      !! #4009  sendBack  sb=2 paths=1  2 attempts, at or over the ceiling of 2 - a person decides, not a timer
      !! #3947  sendBack  sb=2 paths=1  2 attempts, at or over the ceiling of 2 - a person decides, not a timer
      !! #3990  sendBack  sb=2 paths=1  2 attempts, at or over the ceiling of 2 - a person decides, not a timer
      !! #3692  sendBack  sb=2 paths=1  2 attempts, at or over the ceiling of 2 - a person decides, not a timer
      !! #4011  sendBack  sb=2 paths=1  2 attempts, at or over the ceiling of 2 - a person decides, not a timer
      !! #3862  sendBack  sb=2 paths=1  2 attempts, at or over the ceiling of 2 - a person decides, not a timer
      !! #3880  sendBack  sb=2 paths=1  2 attempts, at or over the ceiling of 2 - a person decides, not a timer
      ... and 22 more line(s) like these

--- push-work  (make finished work visible)
    pushed 0

--- reap-finished  (a worktree stops being needed when its work is published)
    0 redundant worktree(s) removed, 2 still hold work

--- share-modules  (one installed dependency tree, linked into every worktree)
    FAILED
        channelAdvice: 'unrecognised - printed verbatim rather than guessed at'
      }
      
      Node.js v26.0.0

--- land  (put accepted work into the branch it was accepted for)
    capped at 78s, leaving 180s for the 3 step(s) behind it (it resumes next run)
    timed out - what it did before the cut still stands: (nothing recorded)

--- close-done  (clear accepted issues from the pool)
    timed out - what it did before the cut still stands: (nothing recorded)

--- stale-escalations  (retire escalations whose stated cause no longer reproduces)
    SKIPPED - past the 8 minute swarm-freeing deadline

--- author  (refill the backlog from a measured deficit)
    SKIPPED - past the 8 minute swarm-freeing deadline

  lock released: everything from here only reads, and the refill needs it

--- loop-selftest  (the loop's own checkers, shown failing before they are believed)
    timed out - what it did before the cut still stands: (nothing recorded)

--- exposure  (what the live service serves to an origin it has never heard of)
    SKIPPED - past the 5 minute reporting deadline

--- forked-files  (a file that exists twice must not start saying two things)
    SKIPPED - past the 5 minute reporting deadline

--- t27-parity  (the generated ring and the twin in production still answer the same)
    SKIPPED - past the 5 minute reporting deadline

--- verdict-audit  (check what the swarm claims against what it pushed)
    SKIPPED - past the 5 minute reporting deadline

--- proven  (is the recent work still proving anything)
    SKIPPED - past the 5 minute reporting deadline

--- judge-packet  (queue the unauditable for judgement)
    SKIPPED - past the 5 minute reporting deadline

--- dash  (the box compares against a reading somebody has to write)
    SKIPPED - past the 5 minute reporting deadline

--- clocks  (no decision keyed on a field something rewrites)
    SKIPPED - past the 5 minute reporting deadline

--- fields  (no decision reading a field its query never selects)
    SKIPPED - past the 5 minute reporting deadline

--- fp-check  (no checker accuses anything known good)
    SKIPPED - past the 5 minute reporting deadline

--- unverdicted  (a finished dispatch whose worker never wrote a verdict block)
    SKIPPED - past the 5 minute reporting deadline

--- silent-loop  (an attempt that charges no retry budget can be repeated for ever)
    SKIPPED - past the 5 minute reporting deadline

--- rejudge  (a recorded verdict the current code would no longer give)
    SKIPPED - past the 5 minute reporting deadline

--- idle  (how much of the day the swarm spent doing nothing, and what stopped it)
    SKIPPED - past the 5 minute reporting deadline

--- unwired  (a gate that exists and runs nowhere)
    SKIPPED - past the 5 minute reporting deadline

--- agree  (two implementations of one rule, asked the same question about real rows)
    SKIPPED - past the 5 minute reporting deadline

--- brief-gate  (which open briefs will produce a verdict nothing can check)
    SKIPPED - past the 5 minute reporting deadline

heal complete: two-views=ok reap-local=ok rescue=ok reap=ok lease=ok push-work=ok reap-finished=ok share-modules=FAILED land=timed out close-done=timed out stale-escalations=skipped author=skipped loop-selftest=timed out exposure=skipped forked-files=skipped t27-parity=skipped verdict-audit=skipped proven=skipped judge-packet=skipped dash=skipped clocks=skipped fields=skipped fp-check=skipped unverdicted=skipped silent-loop=skipped rejudge=skipped idle=skipped unwired=skipped agree=skipped brief-gate=skipped

  NOT REACHED: 19 of 30 steps never started - stale-escalations, author, exposure, forked-files, t27-parity, verdict-audit, proven, judge-packet, dash, clocks, fields, fp-check, unverdicted, silent-loop, rejudge, idle, unwired, agree, brief-gate
  They are first in line next run; the reporting phase is ordered by hunger.
  tri reach   - how often each step has actually run, over the whole ledger
2026-09-18T15:32:57.684Z heal start
another run holds the loop lock (feed, 2 min) - standing down
2026-09-18T15:42:58.767Z heal start
another run holds the loop lock (feed, 2 min) - standing down
2026-09-18T15:52:59.909Z heal start
another run holds the loop lock (feed, 2 min) - standing down
2026-09-18T16:03:07.693Z heal start
another run holds the loop lock (feed, 2 min) - standing down
2026-09-18T16:13:10.064Z heal start
another run holds the loop lock (feed, 2 min) - standing down
2026-09-18T16:23:11.190Z heal start
another run holds the loop lock (feed, 1 min) - standing down
2026-09-18T16:33:12.450Z heal start
another run holds the loop lock (feed, 2 min) - standing down
2026-09-18T16:43:13.570Z heal start
another run holds the loop lock (feed, 2 min) - standing down
2026-09-18T16:53:14.480Z heal start
another run holds the loop lock (feed, 2 min) - standing down
2026-09-18T17:03:15.705Z heal start
another run holds the loop lock (feed, 2 min) - standing down
2026-09-18T17:13:17.069Z heal start
another run holds the loop lock (feed, 2 min) - standing down
2026-09-18T17:23:19.453Z heal start
another run holds the loop lock (feed, 2 min) - standing down
2026-09-18T17:33:20.389Z heal start
another run holds the loop lock (feed, 2 min) - standing down
2026-09-18T17:43:21.469Z heal start
another run holds the loop lock (feed, 2 min) - standing down
2026-09-18T17:53:22.503Z heal start
another run holds the loop lock (feed, 2 min) - standing down
2026-09-18T18:03:23.520Z heal start
another run holds the loop lock (feed, 2 min) - standing down
2026-09-18T18:13:24.891Z heal start
another run holds the loop lock (feed, 2 min) - standing down
2026-09-18T18:23:26.328Z heal start
another run holds the loop lock (feed, 3 min) - standing down
2026-09-18T18:33:27.503Z heal start
another run holds the loop lock (feed, 3 min) - standing down
2026-09-18T18:43:28.656Z heal start
another run holds the loop lock (feed, 3 min) - standing down
2026-09-18T18:53:29.521Z heal start
another run holds the loop lock (feed, 3 min) - standing down
2026-09-18T19:03:30.861Z heal start
another run holds the loop lock (feed, 3 min) - standing down
2026-09-18T19:13:31.852Z heal start
another run holds the loop lock (feed, 3 min) - standing down
2026-09-18T19:23:32.914Z heal start
another run holds the loop lock (feed, 3 min) - standing down
2026-09-18T19:33:34.092Z heal start
another run holds the loop lock (feed, 4 min) - standing down
2026-09-18T19:43:35.485Z heal start
another run holds the loop lock (feed, 4 min) - standing down
2026-09-18T19:53:36.413Z heal start
another run holds the loop lock (feed, 4 min) - standing down
2026-09-18T20:03:37.518Z heal start

--- two-views  (both views of the service, at the same moment)
    both views agree the service is up

--- reap-local  (free the disk this loop runs on)
    20 worktrees, none removable

--- rescue  (save work a bee never committed, before anything reclaims it)
    rescued 0 stranded path(s) from 0 tree(s)

--- reap  (free the volume before anything else)
    reclaimed 2.5 G

--- lease  (release idle path fences)
    released 21, quarantined 45, held 0
      !! #4267  sendBack  sb=2 paths=1  2 attempts, at or over the ceiling of 2 - a person decides, not a timer
      !! #4258  sendBack  sb=2 paths=1  2 attempts, at or over the ceiling of 2 - a person decides, not a timer
      !! #3860  sendBack  sb=2 paths=1  2 attempts, at or over the ceiling of 2 - a person decides, not a timer
      !! #3935  sendBack  sb=2 paths=1  2 attempts, at or over the ceiling of 2 - a person decides, not a timer
      !! #4009  sendBack  sb=2 paths=1  2 attempts, at or over the ceiling of 2 - a person decides, not a timer
      !! #4259  sendBack  sb=2 paths=1  2 attempts, at or over the ceiling of 2 - a person decides, not a timer
      !! #3980  sendBack  sb=2 paths=1  2 attempts, at or over the ceiling of 2 - a person decides, not a timer
      !! #3994  sendBack  sb=2 paths=1  2 attempts, at or over the ceiling of 2 - a person decides, not a timer
      !! #4010  sendBack  sb=2 paths=1  2 attempts, at or over the ceiling of 2 - a person decides, not a timer
      !! #3931  sendBack  sb=2 paths=1  2 attempts, at or over the ceiling of 2 - a person decides, not a timer
      !! #3985  sendBack  sb=2 paths=1  2 attempts, at or over the ceiling of 2 - a person decides, not a timer
      !! #4015  sendBack  sb=2 paths=1  2 attempts, at or over the ceiling of 2 - a person decides, not a timer
      !! #4001  sendBack  sb=2 paths=1  2 attempts, at or over the ceiling of 2 - a person decides, not a timer
      !! #4017  sendBack  sb=2 paths=1  2 attempts, at or over the ceiling of 2 - a person decides, not a timer
      !! #3947  sendBack  sb=2 paths=1  2 attempts, at or over the ceiling of 2 - a person decides, not a timer
      !! #4004  sendBack  sb=2 paths=1  2 attempts, at or over the ceiling of 2 - a person decides, not a timer
      !! #3990  sendBack  sb=2 paths=1  2 attempts, at or over the ceiling of 2 - a person decides, not a timer
      !! #3692  sendBack  sb=2 paths=1  2 attempts, at or over the ceiling of 2 - a person decides, not a timer
      !! #4012  sendBack  sb=2 paths=1  2 attempts, at or over the ceiling of 2 - a person decides, not a timer
      !! #3862  sendBack  sb=2 paths=1  2 attempts, at or over the ceiling of 2 - a person decides, not a timer
      ... and 25 more line(s) like these

--- push-work  (make finished work visible)
    pushed 0

--- reap-finished  (a worktree stops being needed when its work is published)
    0 redundant worktree(s) removed, 2 still hold work

--- share-modules  (one installed dependency tree, linked into every worktree)
    0 tree(s) share one store, 0 MB returned

--- land  (put accepted work into the branch it was accepted for)
    capped at 128s, leaving 180s for the 3 step(s) behind it (it resumes next run)
    timed out - what it did before the cut still stands: (nothing recorded)

--- close-done  (clear accepted issues from the pool)
    timed out - what it did before the cut still stands: (nothing recorded)

--- stale-escalations  (retire escalations whose stated cause no longer reproduces)
    SKIPPED - 0s left, under the 60s a step needs to finish

--- author  (refill the backlog from a measured deficit)
    SKIPPED - 0s left, under the 60s a step needs to finish

  lock released: everything from here only reads, and the refill needs it

--- loop-selftest  (the loop's own checkers, shown failing before they are believed)
    timed out - what it did before the cut still stands: (nothing recorded)

--- exposure  (what the live service serves to an origin it has never heard of)
    SKIPPED - past the 5 minute reporting deadline

--- forked-files  (a file that exists twice must not start saying two things)
    SKIPPED - past the 5 minute reporting deadline

--- t27-parity  (the generated ring and the twin in production still answer the same)
    SKIPPED - past the 5 minute reporting deadline

--- verdict-audit  (check what the swarm claims against what it pushed)
    SKIPPED - past the 5 minute reporting deadline

--- proven  (is the recent work still proving anything)
    SKIPPED - past the 5 minute reporting deadline

--- judge-packet  (queue the unauditable for judgement)
    SKIPPED - past the 5 minute reporting deadline

--- dash  (the box compares against a reading somebody has to write)
    SKIPPED - past the 5 minute reporting deadline

--- clocks  (no decision keyed on a field something rewrites)
    SKIPPED - past the 5 minute reporting deadline

--- fields  (no decision reading a field its query never selects)
    SKIPPED - past the 5 minute reporting deadline

--- fp-check  (no checker accuses anything known good)
    SKIPPED - past the 5 minute reporting deadline

--- unverdicted  (a finished dispatch whose worker never wrote a verdict block)
    SKIPPED - past the 5 minute reporting deadline

--- silent-loop  (an attempt that charges no retry budget can be repeated for ever)
    SKIPPED - past the 5 minute reporting deadline

--- rejudge  (a recorded verdict the current code would no longer give)
    SKIPPED - past the 5 minute reporting deadline

--- idle  (how much of the day the swarm spent doing nothing, and what stopped it)
    SKIPPED - past the 5 minute reporting deadline

--- unwired  (a gate that exists and runs nowhere)
    SKIPPED - past the 5 minute reporting deadline

--- agree  (two implementations of one rule, asked the same question about real rows)
    SKIPPED - past the 5 minute reporting deadline

--- brief-gate  (which open briefs will produce a verdict nothing can check)
    SKIPPED - past the 5 minute reporting deadline

heal complete: two-views=ok reap-local=ok rescue=ok reap=ok lease=ok push-work=ok reap-finished=ok share-modules=ok land=timed out close-done=timed out stale-escalations=skipped author=skipped loop-selftest=timed out exposure=skipped forked-files=skipped t27-parity=skipped verdict-audit=skipped proven=skipped judge-packet=skipped dash=skipped clocks=skipped fields=skipped fp-check=skipped unverdicted=skipped silent-loop=skipped rejudge=skipped idle=skipped unwired=skipped agree=skipped brief-gate=skipped

  NOT REACHED: 19 of 30 steps never started - stale-escalations, author, exposure, forked-files, t27-parity, verdict-audit, proven, judge-packet, dash, clocks, fields, fp-check, unverdicted, silent-loop, rejudge, idle, unwired, agree, brief-gate
  They are first in line next run; the reporting phase is ordered by hunger.
  tri reach   - how often each step has actually run, over the whole ledger
2026-09-18T20:26:38.721Z heal start
another run holds the loop lock (feed, 3 min) - standing down
2026-09-18T20:36:39.938Z heal start
another run holds the loop lock (feed, 4 min) - standing down
2026-09-18T20:46:43.391Z heal start
another run holds the loop lock (feed, 4 min) - standing down
2026-09-18T20:56:44.691Z heal start
another run holds the loop lock (feed, 4 min) - standing down
2026-09-18T21:06:45.768Z heal start
another run holds the loop lock (feed, 5 min) - standing down
2026-09-18T21:16:47.910Z heal start

--- two-views  (both views of the service, at the same moment)
    both views agree the service is up

--- reap-local  (free the disk this loop runs on)
    20 worktrees, none removable

--- rescue  (save work a bee never committed, before anything reclaims it)
    rescued 0 stranded path(s) from 0 tree(s)

--- reap  (free the volume before anything else)
    reclaimed 0.3 G

--- lease  (release idle path fences)
    released 0, quarantined 45, held 3
      !! #4267  sendBack  sb=2 paths=1  2 attempts, at or over the ceiling of 2 - a person decides, not a timer
      !! #4258  sendBack  sb=2 paths=1  2 attempts, at or over the ceiling of 2 - a person decides, not a timer
      !! #3860  sendBack  sb=2 paths=1  2 attempts, at or over the ceiling of 2 - a person decides, not a timer
      !! #3935  sendBack  sb=2 paths=1  2 attempts, at or over the ceiling of 2 - a person decides, not a timer
      !! #4259  sendBack  sb=2 paths=1  2 attempts, at or over the ceiling of 2 - a person decides, not a timer
      !! #3980  sendBack  sb=2 paths=1  2 attempts, at or over the ceiling of 2 - a person decides, not a timer
      !! #4010  sendBack  sb=2 paths=1  2 attempts, at or over the ceiling of 2 - a person decides, not a timer
      !! #3994  sendBack  sb=2 paths=1  2 attempts, at or over the ceiling of 2 - a person decides, not a timer
      !! #3931  sendBack  sb=2 paths=1  2 attempts, at or over the ceiling of 2 - a person decides, not a timer
      !! #3985  sendBack  sb=2 paths=1  2 attempts, at or over the ceiling of 2 - a person decides, not a timer
      !! #4015  sendBack  sb=2 paths=1  2 attempts, at or over the ceiling of 2 - a person decides, not a timer
      !! #4001  sendBack  sb=2 paths=1  2 attempts, at or over the ceiling of 2 - a person decides, not a timer
      !! #4017  sendBack  sb=2 paths=1  2 attempts, at or over the ceiling of 2 - a person decides, not a timer
      !! #3990  sendBack  sb=2 paths=1  2 attempts, at or over the ceiling of 2 - a person decides, not a timer
      !! #3947  sendBack  sb=2 paths=1  2 attempts, at or over the ceiling of 2 - a person decides, not a timer
      !! #4009  sendBack  sb=2 paths=1  2 attempts, at or over the ceiling of 2 - a person decides, not a timer
      !! #4004  sendBack  sb=2 paths=1  2 attempts, at or over the ceiling of 2 - a person decides, not a timer
      !! #3692  sendBack  sb=2 paths=1  2 attempts, at or over the ceiling of 2 - a person decides, not a timer
      !! #4012  sendBack  sb=2 paths=1  2 attempts, at or over the ceiling of 2 - a person decides, not a timer
      !! #3862  sendBack  sb=2 paths=1  2 attempts, at or over the ceiling of 2 - a person decides, not a timer
      ... and 25 more line(s) like these

--- push-work  (make finished work visible)
    pushed 0

--- reap-finished  (a worktree stops being needed when its work is published)
    0 redundant worktree(s) removed, 2 still hold work

--- share-modules  (one installed dependency tree, linked into every worktree)
    0 tree(s) share one store, 0 MB returned

--- land  (put accepted work into the branch it was accepted for)
    capped at 65s, leaving 180s for the 3 step(s) behind it (it resumes next run)
    timed out - what it did before the cut still stands: (nothing recorded)

--- close-done  (clear accepted issues from the pool)
    timed out - what it did before the cut still stands: (nothing recorded)

--- stale-escalations  (retire escalations whose stated cause no longer reproduces)
    SKIPPED - past the 8 minute swarm-freeing deadline

--- author  (refill the backlog from a measured deficit)
    SKIPPED - past the 8 minute swarm-freeing deadline

  lock released: everything from here only reads, and the refill needs it

--- loop-selftest  (the loop's own checkers, shown failing before they are believed)
    timed out - what it did before the cut still stands: (nothing recorded)

--- exposure  (what the live service serves to an origin it has never heard of)
    SKIPPED - past the 5 minute reporting deadline

--- forked-files  (a file that exists twice must not start saying two things)
    SKIPPED - past the 5 minute reporting deadline

--- t27-parity  (the generated ring and the twin in production still answer the same)
    SKIPPED - past the 5 minute reporting deadline

--- verdict-audit  (check what the swarm claims against what it pushed)
    SKIPPED - past the 5 minute reporting deadline

--- proven  (is the recent work still proving anything)
    SKIPPED - past the 5 minute reporting deadline

--- judge-packet  (queue the unauditable for judgement)
    SKIPPED - past the 5 minute reporting deadline

--- dash  (the box compares against a reading somebody has to write)
    SKIPPED - past the 5 minute reporting deadline

--- clocks  (no decision keyed on a field something rewrites)
    SKIPPED - past the 5 minute reporting deadline

--- fields  (no decision reading a field its query never selects)
    SKIPPED - past the 5 minute reporting deadline

--- fp-check  (no checker accuses anything known good)
    SKIPPED - past the 5 minute reporting deadline

--- unverdicted  (a finished dispatch whose worker never wrote a verdict block)
    SKIPPED - past the 5 minute reporting deadline

--- silent-loop  (an attempt that charges no retry budget can be repeated for ever)
    SKIPPED - past the 5 minute reporting deadline

--- rejudge  (a recorded verdict the current code would no longer give)
    SKIPPED - past the 5 minute reporting deadline

--- idle  (how much of the day the swarm spent doing nothing, and what stopped it)
    SKIPPED - past the 5 minute reporting deadline

--- unwired  (a gate that exists and runs nowhere)
    SKIPPED - past the 5 minute reporting deadline

--- agree  (two implementations of one rule, asked the same question about real rows)
    SKIPPED - past the 5 minute reporting deadline

--- brief-gate  (which open briefs will produce a verdict nothing can check)
    SKIPPED - past the 5 minute reporting deadline

heal complete: two-views=ok reap-local=ok rescue=ok reap=ok lease=ok push-work=ok reap-finished=ok share-modules=ok land=timed out close-done=timed out stale-escalations=skipped author=skipped loop-selftest=timed out exposure=skipped forked-files=skipped t27-parity=skipped verdict-audit=skipped proven=skipped judge-packet=skipped dash=skipped clocks=skipped fields=skipped fp-check=skipped unverdicted=skipped silent-loop=skipped rejudge=skipped idle=skipped unwired=skipped agree=skipped brief-gate=skipped

  NOT REACHED: 19 of 30 steps never started - stale-escalations, author, exposure, forked-files, t27-parity, verdict-audit, proven, judge-packet, dash, clocks, fields, fp-check, unverdicted, silent-loop, rejudge, idle, unwired, agree, brief-gate
  They are first in line next run; the reporting phase is ordered by hunger.
  tri reach   - how often each step has actually run, over the whole ledger
2026-09-18T21:39:49.280Z heal start
another run holds the loop lock (feed, 4 min) - standing down
2026-09-18T21:49:50.304Z heal start
another run holds the loop lock (feed, 4 min) - standing down
2026-09-18T21:59:51.248Z heal start
another run holds the loop lock (feed, 4 min) - standing down
2026-09-18T22:09:52.331Z heal start

--- two-views  (both views of the service, at the same moment)
    both views agree the service is up

--- reap-local  (free the disk this loop runs on)
    20 worktrees, none removable

--- rescue  (save work a bee never committed, before anything reclaims it)
    rescued 0 stranded path(s) from 0 tree(s)

--- reap  (free the volume before anything else)
    reclaimed 0.0 G

--- lease  (release idle path fences)
    released 2, quarantined 45, held 1
      !! #4267  sendBack  sb=2 paths=1  2 attempts, at or over the ceiling of 2 - a person decides, not a timer
      !! #4258  sendBack  sb=2 paths=1  2 attempts, at or over the ceiling of 2 - a person decides, not a timer
      !! #3860  sendBack  sb=2 paths=1  2 attempts, at or over the ceiling of 2 - a person decides, not a timer
      !! #3935  sendBack  sb=2 paths=1  2 attempts, at or over the ceiling of 2 - a person decides, not a timer
      !! #4259  sendBack  sb=2 paths=1  2 attempts, at or over the ceiling of 2 - a person decides, not a timer
      !! #3980  sendBack  sb=2 paths=1  2 attempts, at or over the ceiling of 2 - a person decides, not a timer
      !! #4010  sendBack  sb=2 paths=1  2 attempts, at or over the ceiling of 2 - a person decides, not a timer
      !! #3994  sendBack  sb=2 paths=1  2 attempts, at or over the ceiling of 2 - a person decides, not a timer
      !! #3931  sendBack  sb=2 paths=1  2 attempts, at or over the ceiling of 2 - a person decides, not a timer
      !! #3985  sendBack  sb=2 paths=1  2 attempts, at or over the ceiling of 2 - a person decides, not a timer
      !! #4015  sendBack  sb=2 paths=1  2 attempts, at or over the ceiling of 2 - a person decides, not a timer
      !! #4001  sendBack  sb=2 paths=1  2 attempts, at or over the ceiling of 2 - a person decides, not a timer
      !! #4017  sendBack  sb=2 paths=1  2 attempts, at or over the ceiling of 2 - a person decides, not a timer
      !! #4004  sendBack  sb=2 paths=1  2 attempts, at or over the ceiling of 2 - a person decides, not a timer
      !! #3990  sendBack  sb=2 paths=1  2 attempts, at or over the ceiling of 2 - a person decides, not a timer
      !! #3947  sendBack  sb=2 paths=1  2 attempts, at or over the ceiling of 2 - a person decides, not a timer
      !! #4009  sendBack  sb=2 paths=1  2 attempts, at or over the ceiling of 2 - a person decides, not a timer
      !! #3692  sendBack  sb=2 paths=1  2 attempts, at or over the ceiling of 2 - a person decides, not a timer
      !! #4012  sendBack  sb=2 paths=1  2 attempts, at or over the ceiling of 2 - a person decides, not a timer
      !! #3862  sendBack  sb=2 paths=1  2 attempts, at or over the ceiling of 2 - a person decides, not a timer
      ... and 25 more line(s) like these

--- push-work  (make finished work visible)
    pushed 0

--- reap-finished  (a worktree stops being needed when its work is published)
    0 redundant worktree(s) removed, 2 still hold work

--- share-modules  (one installed dependency tree, linked into every worktree)
    0 tree(s) share one store, 0 MB returned

--- land  (put accepted work into the branch it was accepted for)
    capped at 157s, leaving 180s for the 3 step(s) behind it (it resumes next run)
    timed out - what it did before the cut still stands: (nothing recorded)

--- close-done  (clear accepted issues from the pool)
    timed out - what it did before the cut still stands: (nothing recorded)

--- stale-escalations  (retire escalations whose stated cause no longer reproduces)
    SKIPPED - past the 8 minute swarm-freeing deadline

--- author  (refill the backlog from a measured deficit)
    SKIPPED - past the 8 minute swarm-freeing deadline

  lock released: everything from here only reads, and the refill needs it

--- loop-selftest  (the loop's own checkers, shown failing before they are believed)
    timed out - what it did before the cut still stands: (nothing recorded)

--- exposure  (what the live service serves to an origin it has never heard of)
    SKIPPED - past the 5 minute reporting deadline

--- forked-files  (a file that exists twice must not start saying two things)
    SKIPPED - past the 5 minute reporting deadline

--- t27-parity  (the generated ring and the twin in production still answer the same)
    SKIPPED - past the 5 minute reporting deadline

--- verdict-audit  (check what the swarm claims against what it pushed)
    SKIPPED - past the 5 minute reporting deadline

--- proven  (is the recent work still proving anything)
    SKIPPED - past the 5 minute reporting deadline

--- judge-packet  (queue the unauditable for judgement)
    SKIPPED - past the 5 minute reporting deadline

--- dash  (the box compares against a reading somebody has to write)
    SKIPPED - past the 5 minute reporting deadline

--- clocks  (no decision keyed on a field something rewrites)
    SKIPPED - past the 5 minute reporting deadline

--- fields  (no decision reading a field its query never selects)
    SKIPPED - past the 5 minute reporting deadline

--- fp-check  (no checker accuses anything known good)
    SKIPPED - past the 5 minute reporting deadline

--- unverdicted  (a finished dispatch whose worker never wrote a verdict block)
    SKIPPED - past the 5 minute reporting deadline

--- silent-loop  (an attempt that charges no retry budget can be repeated for ever)
    SKIPPED - past the 5 minute reporting deadline

--- rejudge  (a recorded verdict the current code would no longer give)
    SKIPPED - past the 5 minute reporting deadline

--- idle  (how much of the day the swarm spent doing nothing, and what stopped it)
    SKIPPED - past the 5 minute reporting deadline

--- unwired  (a gate that exists and runs nowhere)
    SKIPPED - past the 5 minute reporting deadline

--- agree  (two implementations of one rule, asked the same question about real rows)
    SKIPPED - past the 5 minute reporting deadline

--- brief-gate  (which open briefs will produce a verdict nothing can check)
    SKIPPED - past the 5 minute reporting deadline

heal complete: two-views=ok reap-local=ok rescue=ok reap=ok lease=ok push-work=ok reap-finished=ok share-modules=ok land=timed out close-done=timed out stale-escalations=skipped author=skipped loop-selftest=timed out exposure=skipped forked-files=skipped t27-parity=skipped verdict-audit=skipped proven=skipped judge-packet=skipped dash=skipped clocks=skipped fields=skipped fp-check=skipped unverdicted=skipped silent-loop=skipped rejudge=skipped idle=skipped unwired=skipped agree=skipped brief-gate=skipped

  NOT REACHED: 19 of 30 steps never started - stale-escalations, author, exposure, forked-files, t27-parity, verdict-audit, proven, judge-packet, dash, clocks, fields, fp-check, unverdicted, silent-loop, rejudge, idle, unwired, agree, brief-gate
  They are first in line next run; the reporting phase is ordered by hunger.
  tri reach   - how often each step has actually run, over the whole ledger
2026-09-18T22:32:54.655Z heal start
another run holds the loop lock (feed, 4 min) - standing down
2026-09-18T22:42:55.681Z heal start
another run holds the loop lock (feed, 3 min) - standing down
2026-09-18T22:52:56.778Z heal start
another run holds the loop lock (feed, 3 min) - standing down
2026-09-18T23:02:57.735Z heal start
another run holds the loop lock (feed, 4 min) - standing down
2026-09-18T23:12:58.980Z heal start
another run holds the loop lock (feed, 4 min) - standing down
2026-09-18T23:22:59.926Z heal start
another run holds the loop lock (feed, 4 min) - standing down
2026-09-18T23:33:01.271Z heal start

--- two-views  (both views of the service, at the same moment)
    both views agree the service is up

--- reap-local  (free the disk this loop runs on)
    20 worktrees, none removable

--- rescue  (save work a bee never committed, before anything reclaims it)
    rescued 0 stranded path(s) from 0 tree(s)

--- reap  (free the volume before anything else)
    reclaimed 0.0 G

--- lease  (release idle path fences)
    released 1, quarantined 46, held 0
      !! #4267  sendBack  sb=2 paths=1  2 attempts, at or over the ceiling of 2 - a person decides, not a timer
      !! #4258  sendBack  sb=2 paths=1  2 attempts, at or over the ceiling of 2 - a person decides, not a timer
      !! #3860  sendBack  sb=2 paths=1  2 attempts, at or over the ceiling of 2 - a person decides, not a timer
      !! #3935  sendBack  sb=2 paths=1  2 attempts, at or over the ceiling of 2 - a person decides, not a timer
      !! #3980  sendBack  sb=2 paths=1  2 attempts, at or over the ceiling of 2 - a person decides, not a timer
      !! #4259  sendBack  sb=2 paths=1  2 attempts, at or over the ceiling of 2 - a person decides, not a timer
      !! #3994  sendBack  sb=2 paths=1  2 attempts, at or over the ceiling of 2 - a person decides, not a timer
      !! #4010  sendBack  sb=2 paths=1  2 attempts, at or over the ceiling of 2 - a person decides, not a timer
      !! #3931  sendBack  sb=2 paths=1  2 attempts, at or over the ceiling of 2 - a person decides, not a timer
      !! #3985  sendBack  sb=2 paths=1  2 attempts, at or over the ceiling of 2 - a person decides, not a timer
      !! #4015  sendBack  sb=2 paths=1  2 attempts, at or over the ceiling of 2 - a person decides, not a timer
      !! #4001  sendBack  sb=2 paths=1  2 attempts, at or over the ceiling of 2 - a person decides, not a timer
      !! #4017  sendBack  sb=2 paths=1  2 attempts, at or over the ceiling of 2 - a person decides, not a timer
      !! #4009  sendBack  sb=2 paths=1  2 attempts, at or over the ceiling of 2 - a person decides, not a timer
      !! #4004  sendBack  sb=2 paths=1  2 attempts, at or over the ceiling of 2 - a person decides, not a timer
      !! #3990  sendBack  sb=2 paths=1  2 attempts, at or over the ceiling of 2 - a person decides, not a timer
      !! #3947  sendBack  sb=2 paths=1  2 attempts, at or over the ceiling of 2 - a person decides, not a timer
      !! #3692  sendBack  sb=2 paths=1  2 attempts, at or over the ceiling of 2 - a person decides, not a timer
      !! #4012  sendBack  sb=2 paths=1  2 attempts, at or over the ceiling of 2 - a person decides, not a timer
      !! #3862  sendBack  sb=2 paths=1  2 attempts, at or over the ceiling of 2 - a person decides, not a timer
      ... and 26 more line(s) like these

--- push-work  (make finished work visible)
    pushed 0

--- reap-finished  (a worktree stops being needed when its work is published)
    0 redundant worktree(s) removed, 2 still hold work

--- share-modules  (one installed dependency tree, linked into every worktree)
    0 tree(s) share one store, 0 MB returned

--- land  (put accepted work into the branch it was accepted for)
    capped at 128s, leaving 180s for the 3 step(s) behind it (it resumes next run)
    timed out - what it did before the cut still stands: (nothing recorded)

--- close-done  (clear accepted issues from the pool)
    timed out - what it did before the cut still stands: (nothing recorded)

--- stale-escalations  (retire escalations whose stated cause no longer reproduces)
    SKIPPED - past the 8 minute swarm-freeing deadline

--- author  (refill the backlog from a measured deficit)
    SKIPPED - past the 8 minute swarm-freeing deadline

  lock released: everything from here only reads, and the refill needs it

--- loop-selftest  (the loop's own checkers, shown failing before they are believed)
    timed out - what it did before the cut still stands: (nothing recorded)

--- exposure  (what the live service serves to an origin it has never heard of)
    SKIPPED - past the 5 minute reporting deadline

--- forked-files  (a file that exists twice must not start saying two things)
    SKIPPED - past the 5 minute reporting deadline

--- t27-parity  (the generated ring and the twin in production still answer the same)
    SKIPPED - past the 5 minute reporting deadline

--- verdict-audit  (check what the swarm claims against what it pushed)
    SKIPPED - past the 5 minute reporting deadline

--- proven  (is the recent work still proving anything)
    SKIPPED - past the 5 minute reporting deadline

--- judge-packet  (queue the unauditable for judgement)
    SKIPPED - past the 5 minute reporting deadline

--- dash  (the box compares against a reading somebody has to write)
    SKIPPED - past the 5 minute reporting deadline

--- clocks  (no decision keyed on a field something rewrites)
    SKIPPED - past the 5 minute reporting deadline

--- fields  (no decision reading a field its query never selects)
    SKIPPED - past the 5 minute reporting deadline

--- fp-check  (no checker accuses anything known good)
    SKIPPED - past the 5 minute reporting deadline

--- unverdicted  (a finished dispatch whose worker never wrote a verdict block)
    SKIPPED - past the 5 minute reporting deadline

--- silent-loop  (an attempt that charges no retry budget can be repeated for ever)
    SKIPPED - past the 5 minute reporting deadline

--- rejudge  (a recorded verdict the current code would no longer give)
    SKIPPED - past the 5 minute reporting deadline

--- idle  (how much of the day the swarm spent doing nothing, and what stopped it)
    SKIPPED - past the 5 minute reporting deadline

--- unwired  (a gate that exists and runs nowhere)
    SKIPPED - past the 5 minute reporting deadline

--- agree  (two implementations of one rule, asked the same question about real rows)
    SKIPPED - past the 5 minute reporting deadline

--- brief-gate  (which open briefs will produce a verdict nothing can check)
    SKIPPED - past the 5 minute reporting deadline

heal complete: two-views=ok reap-local=ok rescue=ok reap=ok lease=ok push-work=ok reap-finished=ok share-modules=ok land=timed out close-done=timed out stale-escalations=skipped author=skipped loop-selftest=timed out exposure=skipped forked-files=skipped t27-parity=skipped verdict-audit=skipped proven=skipped judge-packet=skipped dash=skipped clocks=skipped fields=skipped fp-check=skipped unverdicted=skipped silent-loop=skipped rejudge=skipped idle=skipped unwired=skipped agree=skipped brief-gate=skipped

  NOT REACHED: 19 of 30 steps never started - stale-escalations, author, exposure, forked-files, t27-parity, verdict-audit, proven, judge-packet, dash, clocks, fields, fp-check, unverdicted, silent-loop, rejudge, idle, unwired, agree, brief-gate
  They are first in line next run; the reporting phase is ordered by hunger.
  tri reach   - how often each step has actually run, over the whole ledger
2026-09-18T23:56:02.616Z heal start
another run holds the loop lock (feed, 4 min) - standing down
2026-09-19T00:06:03.585Z heal start
another run holds the loop lock (feed, 4 min) - standing down
2026-09-19T00:16:07.993Z heal start
another run holds the loop lock (feed, 5 min) - standing down
2026-09-19T00:26:15.988Z heal start
another run holds the loop lock (feed, 5 min) - standing down
2026-09-19T00:36:26.336Z heal start
another run holds the loop lock (feed, 2 min) - standing down
2026-09-19T00:46:52.016Z heal start

--- two-views  (both views of the service, at the same moment)
    both views agree the service is up

--- reap-local  (free the disk this loop runs on)
    20 worktrees, none removable

--- rescue  (save work a bee never committed, before anything reclaims it)
    rescued 0 stranded path(s) from 0 tree(s)

--- reap  (free the volume before anything else)
    reclaimed 0.0 G

--- lease  (release idle path fences)
    released 0, quarantined 46, held 0
      !! #4267  sendBack  sb=2 paths=1  2 attempts, at or over the ceiling of 2 - a person decides, not a timer
      !! #4258  sendBack  sb=2 paths=1  2 attempts, at or over the ceiling of 2 - a person decides, not a timer
      !! #3860  sendBack  sb=2 paths=1  2 attempts, at or over the ceiling of 2 - a person decides, not a timer
      !! #3935  sendBack  sb=2 paths=1  2 attempts, at or over the ceiling of 2 - a person decides, not a timer
      !! #4259  sendBack  sb=2 paths=1  2 attempts, at or over the ceiling of 2 - a person decides, not a timer
      !! #3980  sendBack  sb=2 paths=1  2 attempts, at or over the ceiling of 2 - a person decides, not a timer
      !! #4010  sendBack  sb=2 paths=1  2 attempts, at or over the ceiling of 2 - a person decides, not a timer
      !! #3994  sendBack  sb=2 paths=1  2 attempts, at or over the ceiling of 2 - a person decides, not a timer
      !! #3931  sendBack  sb=2 paths=1  2 attempts, at or over the ceiling of 2 - a person decides, not a timer
      !! #3985  sendBack  sb=2 paths=1  2 attempts, at or over the ceiling of 2 - a person decides, not a timer
      !! #4015  sendBack  sb=2 paths=1  2 attempts, at or over the ceiling of 2 - a person decides, not a timer
      !! #4001  sendBack  sb=2 paths=1  2 attempts, at or over the ceiling of 2 - a person decides, not a timer
      !! #4017  sendBack  sb=2 paths=1  2 attempts, at or over the ceiling of 2 - a person decides, not a timer
      !! #4009  sendBack  sb=2 paths=1  2 attempts, at or over the ceiling of 2 - a person decides, not a timer
      !! #3990  sendBack  sb=2 paths=1  2 attempts, at or over the ceiling of 2 - a person decides, not a timer
      !! #4004  sendBack  sb=2 paths=1  2 attempts, at or over the ceiling of 2 - a person decides, not a timer
      !! #3947  sendBack  sb=2 paths=1  2 attempts, at or over the ceiling of 2 - a person decides, not a timer
      !! #3692  sendBack  sb=2 paths=1  2 attempts, at or over the ceiling of 2 - a person decides, not a timer
      !! #4012  sendBack  sb=2 paths=1  2 attempts, at or over the ceiling of 2 - a person decides, not a timer
      !! #3862  sendBack  sb=2 paths=1  2 attempts, at or over the ceiling of 2 - a person decides, not a timer
      ... and 26 more line(s) like these

--- push-work  (make finished work visible)
    pushed 0

--- reap-finished  (a worktree stops being needed when its work is published)
    0 redundant worktree(s) removed, 2 still hold work

--- share-modules  (one installed dependency tree, linked into every worktree)
    0 tree(s) share one store, 0 MB returned

--- land  (put accepted work into the branch it was accepted for)
    capped at 60s, leaving 75s for the 3 step(s) behind it, 105s short of the 180s they need (it resumes next run)
    timed out - what it did before the cut still stands: (nothing recorded)

--- close-done  (clear accepted issues from the pool)
    timed out - what it did before the cut still stands: (nothing recorded)

--- stale-escalations  (retire escalations whose stated cause no longer reproduces)
    SKIPPED - past the 8 minute swarm-freeing deadline

--- author  (refill the backlog from a measured deficit)
    SKIPPED - past the 8 minute swarm-freeing deadline

  lock released: everything from here only reads, and the refill needs it

--- loop-selftest  (the loop's own checkers, shown failing before they are believed)
    timed out - what it did before the cut still stands: (nothing recorded)

--- exposure  (what the live service serves to an origin it has never heard of)
    SKIPPED - past the 5 minute reporting deadline

--- forked-files  (a file that exists twice must not start saying two things)
    SKIPPED - past the 5 minute reporting deadline

--- t27-parity  (the generated ring and the twin in production still answer the same)
    SKIPPED - past the 5 minute reporting deadline

--- verdict-audit  (check what the swarm claims against what it pushed)
    SKIPPED - past the 5 minute reporting deadline

--- proven  (is the recent work still proving anything)
    SKIPPED - past the 5 minute reporting deadline

--- judge-packet  (queue the unauditable for judgement)
    SKIPPED - past the 5 minute reporting deadline

--- dash  (the box compares against a reading somebody has to write)
    SKIPPED - past the 5 minute reporting deadline

--- clocks  (no decision keyed on a field something rewrites)
    SKIPPED - past the 5 minute reporting deadline

--- fields  (no decision reading a field its query never selects)
    SKIPPED - past the 5 minute reporting deadline

--- fp-check  (no checker accuses anything known good)
    SKIPPED - past the 5 minute reporting deadline

--- unverdicted  (a finished dispatch whose worker never wrote a verdict block)
    SKIPPED - past the 5 minute reporting deadline

--- silent-loop  (an attempt that charges no retry budget can be repeated for ever)
    SKIPPED - past the 5 minute reporting deadline

--- rejudge  (a recorded verdict the current code would no longer give)
    SKIPPED - past the 5 minute reporting deadline

--- idle  (how much of the day the swarm spent doing nothing, and what stopped it)
    SKIPPED - past the 5 minute reporting deadline

--- unwired  (a gate that exists and runs nowhere)
    SKIPPED - past the 5 minute reporting deadline

--- agree  (two implementations of one rule, asked the same question about real rows)
    SKIPPED - past the 5 minute reporting deadline

--- brief-gate  (which open briefs will produce a verdict nothing can check)
    SKIPPED - past the 5 minute reporting deadline

heal complete: two-views=ok reap-local=ok rescue=ok reap=ok lease=ok push-work=ok reap-finished=ok share-modules=ok land=timed out close-done=timed out stale-escalations=skipped author=skipped loop-selftest=timed out exposure=skipped forked-files=skipped t27-parity=skipped verdict-audit=skipped proven=skipped judge-packet=skipped dash=skipped clocks=skipped fields=skipped fp-check=skipped unverdicted=skipped silent-loop=skipped rejudge=skipped idle=skipped unwired=skipped agree=skipped brief-gate=skipped

  NOT REACHED: 19 of 30 steps never started - stale-escalations, author, exposure, forked-files, t27-parity, verdict-audit, proven, judge-packet, dash, clocks, fields, fp-check, unverdicted, silent-loop, rejudge, idle, unwired, agree, brief-gate
  They are first in line next run; the reporting phase is ordered by hunger.
  tri reach   - how often each step has actually run, over the whole ledger
2026-09-19T01:09:55.396Z heal start
another run holds the loop lock (feed, 3 min) - standing down
2026-09-19T01:19:57.003Z heal start
another run holds the loop lock (feed, 3 min) - standing down
2026-09-19T01:30:01.593Z heal start
another run holds the loop lock (feed, 3 min) - standing down
2026-09-19T01:40:02.731Z heal start
another run holds the loop lock (feed, 3 min) - standing down
2026-09-19T01:50:03.912Z heal start
another run holds the loop lock (feed, 4 min) - standing down
2026-09-19T02:00:06.535Z heal start
another run holds the loop lock (feed, 4 min) - standing down
2026-09-19T02:10:08.291Z heal start
another run holds the loop lock (feed, 4 min) - standing down
2026-09-19T02:20:09.212Z heal start
another run holds the loop lock (feed, 4 min) - standing down
2026-09-19T02:30:10.202Z heal start

--- two-views  (both views of the service, at the same moment)
    both views agree the service is up

--- reap-local  (free the disk this loop runs on)
    20 worktrees, none removable

--- rescue  (save work a bee never committed, before anything reclaims it)
    rescued 0 stranded path(s) from 0 tree(s)

--- reap  (free the volume before anything else)
    reclaimed 0.0 G

--- lease  (release idle path fences)
    released 0, quarantined 46, held 0
      !! #4267  sendBack  sb=2 paths=1  2 attempts, at or over the ceiling of 2 - a person decides, not a timer
      !! #4258  sendBack  sb=2 paths=1  2 attempts, at or over the ceiling of 2 - a person decides, not a timer
      !! #3860  sendBack  sb=2 paths=1  2 attempts, at or over the ceiling of 2 - a person decides, not a timer
      !! #3935  sendBack  sb=2 paths=1  2 attempts, at or over the ceiling of 2 - a person decides, not a timer
      !! #4259  sendBack  sb=2 paths=1  2 attempts, at or over the ceiling of 2 - a person decides, not a timer
      !! #3980  sendBack  sb=2 paths=1  2 attempts, at or over the ceiling of 2 - a person decides, not a timer
      !! #4010  sendBack  sb=2 paths=1  2 attempts, at or over the ceiling of 2 - a person decides, not a timer
      !! #3994  sendBack  sb=2 paths=1  2 attempts, at or over the ceiling of 2 - a person decides, not a timer
      !! #3931  sendBack  sb=2 paths=1  2 attempts, at or over the ceiling of 2 - a person decides, not a timer
      !! #4015  sendBack  sb=2 paths=1  2 attempts, at or over the ceiling of 2 - a person decides, not a timer
      !! #3985  sendBack  sb=2 paths=1  2 attempts, at or over the ceiling of 2 - a person decides, not a timer
      !! #4001  sendBack  sb=2 paths=1  2 attempts, at or over the ceiling of 2 - a person decides, not a timer
      !! #4017  sendBack  sb=2 paths=1  2 attempts, at or over the ceiling of 2 - a person decides, not a timer
      !! #4004  sendBack  sb=2 paths=1  2 attempts, at or over the ceiling of 2 - a person decides, not a timer
      !! #3990  sendBack  sb=2 paths=1  2 attempts, at or over the ceiling of 2 - a person decides, not a timer
      !! #3947  sendBack  sb=2 paths=1  2 attempts, at or over the ceiling of 2 - a person decides, not a timer
      !! #4009  sendBack  sb=2 paths=1  2 attempts, at or over the ceiling of 2 - a person decides, not a timer
      !! #3692  sendBack  sb=2 paths=1  2 attempts, at or over the ceiling of 2 - a person decides, not a timer
      !! #4012  sendBack  sb=2 paths=1  2 attempts, at or over the ceiling of 2 - a person decides, not a timer
      !! #3862  sendBack  sb=2 paths=1  2 attempts, at or over the ceiling of 2 - a person decides, not a timer
      ... and 26 more line(s) like these

--- push-work  (make finished work visible)
    pushed 0

--- reap-finished  (a worktree stops being needed when its work is published)
    0 redundant worktree(s) removed, 2 still hold work

--- share-modules  (one installed dependency tree, linked into every worktree)
    0 tree(s) share one store, 0 MB returned

--- land  (put accepted work into the branch it was accepted for)
    capped at 163s, leaving 180s for the 3 step(s) behind it (it resumes next run)
    timed out - what it did before the cut still stands: (nothing recorded)

--- close-done  (clear accepted issues from the pool)
    timed out - what it did before the cut still stands: (nothing recorded)

--- stale-escalations  (retire escalations whose stated cause no longer reproduces)
    SKIPPED - past the 8 minute swarm-freeing deadline

--- author  (refill the backlog from a measured deficit)
    SKIPPED - past the 8 minute swarm-freeing deadline

  lock released: everything from here only reads, and the refill needs it

--- loop-selftest  (the loop's own checkers, shown failing before they are believed)
    timed out - what it did before the cut still stands: (nothing recorded)

--- exposure  (what the live service serves to an origin it has never heard of)
    SKIPPED - past the 5 minute reporting deadline

--- forked-files  (a file that exists twice must not start saying two things)
    SKIPPED - past the 5 minute reporting deadline

--- t27-parity  (the generated ring and the twin in production still answer the same)
    SKIPPED - past the 5 minute reporting deadline

--- verdict-audit  (check what the swarm claims against what it pushed)
    SKIPPED - past the 5 minute reporting deadline

--- proven  (is the recent work still proving anything)
    SKIPPED - past the 5 minute reporting deadline

--- judge-packet  (queue the unauditable for judgement)
    SKIPPED - past the 5 minute reporting deadline

--- dash  (the box compares against a reading somebody has to write)
    SKIPPED - past the 5 minute reporting deadline

--- clocks  (no decision keyed on a field something rewrites)
    SKIPPED - past the 5 minute reporting deadline

--- fields  (no decision reading a field its query never selects)
    SKIPPED - past the 5 minute reporting deadline

--- fp-check  (no checker accuses anything known good)
    SKIPPED - past the 5 minute reporting deadline

--- unverdicted  (a finished dispatch whose worker never wrote a verdict block)
    SKIPPED - past the 5 minute reporting deadline

--- silent-loop  (an attempt that charges no retry budget can be repeated for ever)
    SKIPPED - past the 5 minute reporting deadline

--- rejudge  (a recorded verdict the current code would no longer give)
    SKIPPED - past the 5 minute reporting deadline

--- idle  (how much of the day the swarm spent doing nothing, and what stopped it)
    SKIPPED - past the 5 minute reporting deadline

--- unwired  (a gate that exists and runs nowhere)
    SKIPPED - past the 5 minute reporting deadline

--- agree  (two implementations of one rule, asked the same question about real rows)
    SKIPPED - past the 5 minute reporting deadline

--- brief-gate  (which open briefs will produce a verdict nothing can check)
    SKIPPED - past the 5 minute reporting deadline

heal complete: two-views=ok reap-local=ok rescue=ok reap=ok lease=ok push-work=ok reap-finished=ok share-modules=ok land=timed out close-done=timed out stale-escalations=skipped author=skipped loop-selftest=timed out exposure=skipped forked-files=skipped t27-parity=skipped verdict-audit=skipped proven=skipped judge-packet=skipped dash=skipped clocks=skipped fields=skipped fp-check=skipped unverdicted=skipped silent-loop=skipped rejudge=skipped idle=skipped unwired=skipped agree=skipped brief-gate=skipped

  NOT REACHED: 19 of 30 steps never started - stale-escalations, author, exposure, forked-files, t27-parity, verdict-audit, proven, judge-packet, dash, clocks, fields, fp-check, unverdicted, silent-loop, rejudge, idle, unwired, agree, brief-gate
  They are first in line next run; the reporting phase is ordered by hunger.
  tri reach   - how often each step has actually run, over the whole ledger
2026-09-19T02:53:11.322Z heal start
another run holds the loop lock (feed, 3 min) - standing down
2026-09-19T03:03:12.513Z heal start
another run holds the loop lock (feed, 4 min) - standing down
2026-09-19T03:13:13.486Z heal start
another run holds the loop lock (feed, 4 min) - standing down
2026-09-19T03:23:16.281Z heal start
another run holds the loop lock (feed, 4 min) - standing down
2026-09-19T03:33:17.281Z heal start

--- two-views  (both views of the service, at the same moment)
    both views agree the service is up

--- reap-local  (free the disk this loop runs on)
    20 worktrees, none removable

--- rescue  (save work a bee never committed, before anything reclaims it)
    rescued 0 stranded path(s) from 0 tree(s)

--- reap  (free the volume before anything else)
    reclaimed 0.0 G

--- lease  (release idle path fences)
    released 0, quarantined 46, held 0
      !! #4267  sendBack  sb=2 paths=1  2 attempts, at or over the ceiling of 2 - a person decides, not a timer
      !! #4258  sendBack  sb=2 paths=1  2 attempts, at or over the ceiling of 2 - a person decides, not a timer
      !! #3860  sendBack  sb=2 paths=1  2 attempts, at or over the ceiling of 2 - a person decides, not a timer
      !! #3935  sendBack  sb=2 paths=1  2 attempts, at or over the ceiling of 2 - a person decides, not a timer
      !! #4259  sendBack  sb=2 paths=1  2 attempts, at or over the ceiling of 2 - a person decides, not a timer
      !! #3980  sendBack  sb=2 paths=1  2 attempts, at or over the ceiling of 2 - a person decides, not a timer
      !! #3994  sendBack  sb=2 paths=1  2 attempts, at or over the ceiling of 2 - a person decides, not a timer
      !! #4010  sendBack  sb=2 paths=1  2 attempts, at or over the ceiling of 2 - a person decides, not a timer
      !! #3931  sendBack  sb=2 paths=1  2 attempts, at or over the ceiling of 2 - a person decides, not a timer
      !! #3985  sendBack  sb=2 paths=1  2 attempts, at or over the ceiling of 2 - a person decides, not a timer
      !! #4015  sendBack  sb=2 paths=1  2 attempts, at or over the ceiling of 2 - a person decides, not a timer
      !! #4001  sendBack  sb=2 paths=1  2 attempts, at or over the ceiling of 2 - a person decides, not a timer
      !! #4017  sendBack  sb=2 paths=1  2 attempts, at or over the ceiling of 2 - a person decides, not a timer
      !! #4004  sendBack  sb=2 paths=1  2 attempts, at or over the ceiling of 2 - a person decides, not a timer
      !! #3990  sendBack  sb=2 paths=1  2 attempts, at or over the ceiling of 2 - a person decides, not a timer
      !! #3947  sendBack  sb=2 paths=1  2 attempts, at or over the ceiling of 2 - a person decides, not a timer
      !! #4009  sendBack  sb=2 paths=1  2 attempts, at or over the ceiling of 2 - a person decides, not a timer
      !! #3692  sendBack  sb=2 paths=1  2 attempts, at or over the ceiling of 2 - a person decides, not a timer
      !! #4012  sendBack  sb=2 paths=1  2 attempts, at or over the ceiling of 2 - a person decides, not a timer
      !! #3862  sendBack  sb=2 paths=1  2 attempts, at or over the ceiling of 2 - a person decides, not a timer
      ... and 26 more line(s) like these

--- push-work  (make finished work visible)
    pushed 0

--- reap-finished  (a worktree stops being needed when its work is published)
    0 redundant worktree(s) removed, 2 still hold work

--- share-modules  (one installed dependency tree, linked into every worktree)
    0 tree(s) share one store, 0 MB returned

--- land  (put accepted work into the branch it was accepted for)
    capped at 156s, leaving 180s for the 3 step(s) behind it (it resumes next run)
    timed out - what it did before the cut still stands: (nothing recorded)

--- close-done  (clear accepted issues from the pool)
    timed out - what it did before the cut still stands: (nothing recorded)

--- stale-escalations  (retire escalations whose stated cause no longer reproduces)
    SKIPPED - past the 8 minute swarm-freeing deadline

--- author  (refill the backlog from a measured deficit)
    SKIPPED - past the 8 minute swarm-freeing deadline

  lock released: everything from here only reads, and the refill needs it

--- loop-selftest  (the loop's own checkers, shown failing before they are believed)
    timed out - what it did before the cut still stands: (nothing recorded)

--- exposure  (what the live service serves to an origin it has never heard of)
    SKIPPED - past the 5 minute reporting deadline

--- forked-files  (a file that exists twice must not start saying two things)
    SKIPPED - past the 5 minute reporting deadline

--- t27-parity  (the generated ring and the twin in production still answer the same)
    SKIPPED - past the 5 minute reporting deadline

--- verdict-audit  (check what the swarm claims against what it pushed)
    SKIPPED - past the 5 minute reporting deadline

--- proven  (is the recent work still proving anything)
    SKIPPED - past the 5 minute reporting deadline

--- judge-packet  (queue the unauditable for judgement)
    SKIPPED - past the 5 minute reporting deadline

--- dash  (the box compares against a reading somebody has to write)
    SKIPPED - past the 5 minute reporting deadline

--- clocks  (no decision keyed on a field something rewrites)
    SKIPPED - past the 5 minute reporting deadline

--- fields  (no decision reading a field its query never selects)
    SKIPPED - past the 5 minute reporting deadline

--- fp-check  (no checker accuses anything known good)
    SKIPPED - past the 5 minute reporting deadline

--- unverdicted  (a finished dispatch whose worker never wrote a verdict block)
    SKIPPED - past the 5 minute reporting deadline

--- silent-loop  (an attempt that charges no retry budget can be repeated for ever)
    SKIPPED - past the 5 minute reporting deadline

--- rejudge  (a recorded verdict the current code would no longer give)
    SKIPPED - past the 5 minute reporting deadline

--- idle  (how much of the day the swarm spent doing nothing, and what stopped it)
    SKIPPED - past the 5 minute reporting deadline

--- unwired  (a gate that exists and runs nowhere)
    SKIPPED - past the 5 minute reporting deadline

--- agree  (two implementations of one rule, asked the same question about real rows)
    SKIPPED - past the 5 minute reporting deadline

--- brief-gate  (which open briefs will produce a verdict nothing can check)
    SKIPPED - past the 5 minute reporting deadline

heal complete: two-views=ok reap-local=ok rescue=ok reap=ok lease=ok push-work=ok reap-finished=ok share-modules=ok land=timed out close-done=timed out stale-escalations=skipped author=skipped loop-selftest=timed out exposure=skipped forked-files=skipped t27-parity=skipped verdict-audit=skipped proven=skipped judge-packet=skipped dash=skipped clocks=skipped fields=skipped fp-check=skipped unverdicted=skipped silent-loop=skipped rejudge=skipped idle=skipped unwired=skipped agree=skipped brief-gate=skipped

  NOT REACHED: 19 of 30 steps never started - stale-escalations, author, exposure, forked-files, t27-parity, verdict-audit, proven, judge-packet, dash, clocks, fields, fp-check, unverdicted, silent-loop, rejudge, idle, unwired, agree, brief-gate
  They are first in line next run; the reporting phase is ordered by hunger.
  tri reach   - how often each step has actually run, over the whole ledger
2026-09-19T03:56:18.343Z heal start
another run holds the loop lock (feed, 3 min) - standing down
2026-09-19T04:06:19.397Z heal start
another run holds the loop lock (feed, 3 min) - standing down
2026-09-19T04:16:20.675Z heal start
another run holds the loop lock (feed, 4 min) - standing down
2026-09-19T04:26:21.871Z heal start
another run holds the loop lock (feed, 4 min) - standing down
2026-09-19T04:36:22.633Z heal start
another run holds the loop lock (feed, 5 min) - standing down
2026-09-19T04:46:23.517Z heal start

--- two-views  (both views of the service, at the same moment)
    both views agree the service is up

--- reap-local  (free the disk this loop runs on)
    20 worktrees, none removable

--- rescue  (save work a bee never committed, before anything reclaims it)
    rescued 0 stranded path(s) from 0 tree(s)

--- reap  (free the volume before anything else)
    reclaimed 0.0 G

--- lease  (release idle path fences)
    released 0, quarantined 46, held 0
      !! #4267  sendBack  sb=2 paths=1  2 attempts, at or over the ceiling of 2 - a person decides, not a timer
      !! #4258  sendBack  sb=2 paths=1  2 attempts, at or over the ceiling of 2 - a person decides, not a timer
      !! #3860  sendBack  sb=2 paths=1  2 attempts, at or over the ceiling of 2 - a person decides, not a timer
      !! #3935  sendBack  sb=2 paths=1  2 attempts, at or over the ceiling of 2 - a person decides, not a timer
      !! #4259  sendBack  sb=2 paths=1  2 attempts, at or over the ceiling of 2 - a person decides, not a timer
      !! #3980  sendBack  sb=2 paths=1  2 attempts, at or over the ceiling of 2 - a person decides, not a timer
      !! #4010  sendBack  sb=2 paths=1  2 attempts, at or over the ceiling of 2 - a person decides, not a timer
      !! #3994  sendBack  sb=2 paths=1  2 attempts, at or over the ceiling of 2 - a person decides, not a timer
      !! #3931  sendBack  sb=2 paths=1  2 attempts, at or over the ceiling of 2 - a person decides, not a timer
      !! #4015  sendBack  sb=2 paths=1  2 attempts, at or over the ceiling of 2 - a person decides, not a timer
      !! #3985  sendBack  sb=2 paths=1  2 attempts, at or over the ceiling of 2 - a person decides, not a timer
      !! #4001  sendBack  sb=2 paths=1  2 attempts, at or over the ceiling of 2 - a person decides, not a timer
      !! #4017  sendBack  sb=2 paths=1  2 attempts, at or over the ceiling of 2 - a person decides, not a timer
      !! #3990  sendBack  sb=2 paths=1  2 attempts, at or over the ceiling of 2 - a person decides, not a timer
      !! #3947  sendBack  sb=2 paths=1  2 attempts, at or over the ceiling of 2 - a person decides, not a timer
      !! #4009  sendBack  sb=2 paths=1  2 attempts, at or over the ceiling of 2 - a person decides, not a timer
      !! #4004  sendBack  sb=2 paths=1  2 attempts, at or over the ceiling of 2 - a person decides, not a timer
      !! #3692  sendBack  sb=2 paths=1  2 attempts, at or over the ceiling of 2 - a person decides, not a timer
      !! #4012  sendBack  sb=2 paths=1  2 attempts, at or over the ceiling of 2 - a person decides, not a timer
      !! #3862  sendBack  sb=2 paths=1  2 attempts, at or over the ceiling of 2 - a person decides, not a timer
      ... and 26 more line(s) like these

--- push-work  (make finished work visible)
    pushed 0

--- reap-finished  (a worktree stops being needed when its work is published)
    0 redundant worktree(s) removed, 2 still hold work

--- share-modules  (one installed dependency tree, linked into every worktree)
    0 tree(s) share one store, 0 MB returned

--- land  (put accepted work into the branch it was accepted for)
    capped at 169s, leaving 180s for the 3 step(s) behind it (it resumes next run)
    timed out - what it did before the cut still stands: (nothing recorded)

--- close-done  (clear accepted issues from the pool)
    timed out - what it did before the cut still stands: (nothing recorded)

--- stale-escalations  (retire escalations whose stated cause no longer reproduces)
    SKIPPED - past the 8 minute swarm-freeing deadline

--- author  (refill the backlog from a measured deficit)
    SKIPPED - past the 8 minute swarm-freeing deadline

  lock released: everything from here only reads, and the refill needs it

--- loop-selftest  (the loop's own checkers, shown failing before they are believed)
    timed out - what it did before the cut still stands: (nothing recorded)

--- exposure  (what the live service serves to an origin it has never heard of)
    SKIPPED - past the 5 minute reporting deadline

--- forked-files  (a file that exists twice must not start saying two things)
    SKIPPED - past the 5 minute reporting deadline

--- t27-parity  (the generated ring and the twin in production still answer the same)
    SKIPPED - past the 5 minute reporting deadline

--- verdict-audit  (check what the swarm claims against what it pushed)
    SKIPPED - past the 5 minute reporting deadline

--- proven  (is the recent work still proving anything)
    SKIPPED - past the 5 minute reporting deadline

--- judge-packet  (queue the unauditable for judgement)
    SKIPPED - past the 5 minute reporting deadline

--- dash  (the box compares against a reading somebody has to write)
    SKIPPED - past the 5 minute reporting deadline

--- clocks  (no decision keyed on a field something rewrites)
    SKIPPED - past the 5 minute reporting deadline

--- fields  (no decision reading a field its query never selects)
    SKIPPED - past the 5 minute reporting deadline

--- fp-check  (no checker accuses anything known good)
    SKIPPED - past the 5 minute reporting deadline

--- unverdicted  (a finished dispatch whose worker never wrote a verdict block)
    SKIPPED - past the 5 minute reporting deadline

--- silent-loop  (an attempt that charges no retry budget can be repeated for ever)
    SKIPPED - past the 5 minute reporting deadline

--- rejudge  (a recorded verdict the current code would no longer give)
    SKIPPED - past the 5 minute reporting deadline

--- idle  (how much of the day the swarm spent doing nothing, and what stopped it)
    SKIPPED - past the 5 minute reporting deadline

--- unwired  (a gate that exists and runs nowhere)
    SKIPPED - past the 5 minute reporting deadline

--- agree  (two implementations of one rule, asked the same question about real rows)
    SKIPPED - past the 5 minute reporting deadline

--- brief-gate  (which open briefs will produce a verdict nothing can check)
    SKIPPED - past the 5 minute reporting deadline

heal complete: two-views=ok reap-local=ok rescue=ok reap=ok lease=ok push-work=ok reap-finished=ok share-modules=ok land=timed out close-done=timed out stale-escalations=skipped author=skipped loop-selftest=timed out exposure=skipped forked-files=skipped t27-parity=skipped verdict-audit=skipped proven=skipped judge-packet=skipped dash=skipped clocks=skipped fields=skipped fp-check=skipped unverdicted=skipped silent-loop=skipped rejudge=skipped idle=skipped unwired=skipped agree=skipped brief-gate=skipped

  NOT REACHED: 19 of 30 steps never started - stale-escalations, author, exposure, forked-files, t27-parity, verdict-audit, proven, judge-packet, dash, clocks, fields, fp-check, unverdicted, silent-loop, rejudge, idle, unwired, agree, brief-gate
  They are first in line next run; the reporting phase is ordered by hunger.
  tri reach   - how often each step has actually run, over the whole ledger
2026-09-19T05:09:24.581Z heal start
another run holds the loop lock (feed, 4 min) - standing down
2026-09-19T05:19:25.551Z heal start
another run holds the loop lock (feed, 4 min) - standing down
2026-09-19T05:29:28.546Z heal start
another run holds the loop lock (feed, 4 min) - standing down
2026-09-19T05:39:30.240Z heal start
another run holds the loop lock (feed, 5 min) - standing down
2026-09-19T05:49:35.240Z heal start

--- two-views  (both views of the service, at the same moment)
    both views agree the service is up

--- reap-local  (free the disk this loop runs on)
    20 worktrees, none removable

--- rescue  (save work a bee never committed, before anything reclaims it)
    rescued 0 stranded path(s) from 0 tree(s)

--- reap  (free the volume before anything else)
    reclaimed 0.0 G

--- lease  (release idle path fences)
    released 0, quarantined 46, held 0
      !! #4267  sendBack  sb=2 paths=1  2 attempts, at or over the ceiling of 2 - a person decides, not a timer
      !! #4258  sendBack  sb=2 paths=1  2 attempts, at or over the ceiling of 2 - a person decides, not a timer
      !! #3860  sendBack  sb=2 paths=1  2 attempts, at or over the ceiling of 2 - a person decides, not a timer
      !! #3935  sendBack  sb=2 paths=1  2 attempts, at or over the ceiling of 2 - a person decides, not a timer
      !! #4259  sendBack  sb=2 paths=1  2 attempts, at or over the ceiling of 2 - a person decides, not a timer
      !! #3980  sendBack  sb=2 paths=1  2 attempts, at or over the ceiling of 2 - a person decides, not a timer
      !! #3994  sendBack  sb=2 paths=1  2 attempts, at or over the ceiling of 2 - a person decides, not a timer
      !! #4010  sendBack  sb=2 paths=1  2 attempts, at or over the ceiling of 2 - a person decides, not a timer
      !! #3931  sendBack  sb=2 paths=1  2 attempts, at or over the ceiling of 2 - a person decides, not a timer
      !! #3985  sendBack  sb=2 paths=1  2 attempts, at or over the ceiling of 2 - a person decides, not a timer
      !! #4015  sendBack  sb=2 paths=1  2 attempts, at or over the ceiling of 2 - a person decides, not a timer
      !! #4001  sendBack  sb=2 paths=1  2 attempts, at or over the ceiling of 2 - a person decides, not a timer
      !! #4017  sendBack  sb=2 paths=1  2 attempts, at or over the ceiling of 2 - a person decides, not a timer
      !! #3990  sendBack  sb=2 paths=1  2 attempts, at or over the ceiling of 2 - a person decides, not a timer
      !! #3947  sendBack  sb=2 paths=1  2 attempts, at or over the ceiling of 2 - a person decides, not a timer
      !! #4009  sendBack  sb=2 paths=1  2 attempts, at or over the ceiling of 2 - a person decides, not a timer
      !! #4004  sendBack  sb=2 paths=1  2 attempts, at or over the ceiling of 2 - a person decides, not a timer
      !! #3692  sendBack  sb=2 paths=1  2 attempts, at or over the ceiling of 2 - a person decides, not a timer
      !! #4012  sendBack  sb=2 paths=1  2 attempts, at or over the ceiling of 2 - a person decides, not a timer
      !! #3862  sendBack  sb=2 paths=1  2 attempts, at or over the ceiling of 2 - a person decides, not a timer
      ... and 26 more line(s) like these

--- push-work  (make finished work visible)
    pushed 0

--- reap-finished  (a worktree stops being needed when its work is published)
    0 redundant worktree(s) removed, 2 still hold work

--- share-modules  (one installed dependency tree, linked into every worktree)
    0 tree(s) share one store, 0 MB returned

--- land  (put accepted work into the branch it was accepted for)
    capped at 136s, leaving 180s for the 3 step(s) behind it (it resumes next run)
    timed out - what it did before the cut still stands: (nothing recorded)

--- close-done  (clear accepted issues from the pool)
    timed out - what it did before the cut still stands: (nothing recorded)

--- stale-escalations  (retire escalations whose stated cause no longer reproduces)
    SKIPPED - past the 8 minute swarm-freeing deadline

--- author  (refill the backlog from a measured deficit)
    SKIPPED - past the 8 minute swarm-freeing deadline

  lock released: everything from here only reads, and the refill needs it

--- loop-selftest  (the loop's own checkers, shown failing before they are believed)
    timed out - what it did before the cut still stands: (nothing recorded)

--- exposure  (what the live service serves to an origin it has never heard of)
    SKIPPED - past the 5 minute reporting deadline

--- forked-files  (a file that exists twice must not start saying two things)
    SKIPPED - past the 5 minute reporting deadline

--- t27-parity  (the generated ring and the twin in production still answer the same)
    SKIPPED - past the 5 minute reporting deadline

--- verdict-audit  (check what the swarm claims against what it pushed)
    SKIPPED - past the 5 minute reporting deadline

--- proven  (is the recent work still proving anything)
    SKIPPED - past the 5 minute reporting deadline

--- judge-packet  (queue the unauditable for judgement)
    SKIPPED - past the 5 minute reporting deadline

--- dash  (the box compares against a reading somebody has to write)
    SKIPPED - past the 5 minute reporting deadline

--- clocks  (no decision keyed on a field something rewrites)
    SKIPPED - past the 5 minute reporting deadline

--- fields  (no decision reading a field its query never selects)
    SKIPPED - past the 5 minute reporting deadline

--- fp-check  (no checker accuses anything known good)
    SKIPPED - past the 5 minute reporting deadline

--- unverdicted  (a finished dispatch whose worker never wrote a verdict block)
    SKIPPED - past the 5 minute reporting deadline

--- silent-loop  (an attempt that charges no retry budget can be repeated for ever)
    SKIPPED - past the 5 minute reporting deadline

--- rejudge  (a recorded verdict the current code would no longer give)
    SKIPPED - past the 5 minute reporting deadline

--- idle  (how much of the day the swarm spent doing nothing, and what stopped it)
    SKIPPED - past the 5 minute reporting deadline

--- unwired  (a gate that exists and runs nowhere)
    SKIPPED - past the 5 minute reporting deadline

--- agree  (two implementations of one rule, asked the same question about real rows)
    SKIPPED - past the 5 minute reporting deadline

--- brief-gate  (which open briefs will produce a verdict nothing can check)
    SKIPPED - past the 5 minute reporting deadline

heal complete: two-views=ok reap-local=ok rescue=ok reap=ok lease=ok push-work=ok reap-finished=ok share-modules=ok land=timed out close-done=timed out stale-escalations=skipped author=skipped loop-selftest=timed out exposure=skipped forked-files=skipped t27-parity=skipped verdict-audit=skipped proven=skipped judge-packet=skipped dash=skipped clocks=skipped fields=skipped fp-check=skipped unverdicted=skipped silent-loop=skipped rejudge=skipped idle=skipped unwired=skipped agree=skipped brief-gate=skipped

  NOT REACHED: 19 of 30 steps never started - stale-escalations, author, exposure, forked-files, t27-parity, verdict-audit, proven, judge-packet, dash, clocks, fields, fp-check, unverdicted, silent-loop, rejudge, idle, unwired, agree, brief-gate
  They are first in line next run; the reporting phase is ordered by hunger.
  tri reach   - how often each step has actually run, over the whole ledger
2026-09-19T06:12:36.467Z heal start
another run holds the loop lock (feed, 4 min) - standing down
2026-09-19T06:22:37.444Z heal start
another run holds the loop lock (feed, 4 min) - standing down
2026-09-19T06:32:38.618Z heal start
another run holds the loop lock (feed, 4 min) - standing down
2026-09-19T06:42:39.656Z heal start

--- two-views  (both views of the service, at the same moment)
    both views agree the service is up

--- reap-local  (free the disk this loop runs on)
    20 worktrees, none removable

--- rescue  (save work a bee never committed, before anything reclaims it)
    rescued 0 stranded path(s) from 0 tree(s)

--- reap  (free the volume before anything else)
    reclaimed 0.0 G

--- lease  (release idle path fences)
    released 0, quarantined 46, held 0
      !! #4267  sendBack  sb=2 paths=1  2 attempts, at or over the ceiling of 2 - a person decides, not a timer
      !! #4258  sendBack  sb=2 paths=1  2 attempts, at or over the ceiling of 2 - a person decides, not a timer
      !! #3860  sendBack  sb=2 paths=1  2 attempts, at or over the ceiling of 2 - a person decides, not a timer
      !! #3935  sendBack  sb=2 paths=1  2 attempts, at or over the ceiling of 2 - a person decides, not a timer
      !! #4259  sendBack  sb=2 paths=1  2 attempts, at or over the ceiling of 2 - a person decides, not a timer
      !! #3980  sendBack  sb=2 paths=1  2 attempts, at or over the ceiling of 2 - a person decides, not a timer
      !! #4010  sendBack  sb=2 paths=1  2 attempts, at or over the ceiling of 2 - a person decides, not a timer
      !! #3994  sendBack  sb=2 paths=1  2 attempts, at or over the ceiling of 2 - a person decides, not a timer
      !! #3931  sendBack  sb=2 paths=1  2 attempts, at or over the ceiling of 2 - a person decides, not a timer
      !! #4015  sendBack  sb=2 paths=1  2 attempts, at or over the ceiling of 2 - a person decides, not a timer
      !! #3985  sendBack  sb=2 paths=1  2 attempts, at or over the ceiling of 2 - a person decides, not a timer
      !! #4001  sendBack  sb=2 paths=1  2 attempts, at or over the ceiling of 2 - a person decides, not a timer
      !! #4017  sendBack  sb=2 paths=1  2 attempts, at or over the ceiling of 2 - a person decides, not a timer
      !! #4004  sendBack  sb=2 paths=1  2 attempts, at or over the ceiling of 2 - a person decides, not a timer
      !! #3990  sendBack  sb=2 paths=1  2 attempts, at or over the ceiling of 2 - a person decides, not a timer
      !! #3947  sendBack  sb=2 paths=1  2 attempts, at or over the ceiling of 2 - a person decides, not a timer
      !! #4009  sendBack  sb=2 paths=1  2 attempts, at or over the ceiling of 2 - a person decides, not a timer
      !! #3692  sendBack  sb=2 paths=1  2 attempts, at or over the ceiling of 2 - a person decides, not a timer
      !! #4012  sendBack  sb=2 paths=1  2 attempts, at or over the ceiling of 2 - a person decides, not a timer
      !! #3862  sendBack  sb=2 paths=1  2 attempts, at or over the ceiling of 2 - a person decides, not a timer
      ... and 26 more line(s) like these

--- push-work  (make finished work visible)
    pushed 0

--- reap-finished  (a worktree stops being needed when its work is published)
    0 redundant worktree(s) removed, 2 still hold work

--- share-modules  (one installed dependency tree, linked into every worktree)
    0 tree(s) share one store, 0 MB returned

--- land  (put accepted work into the branch it was accepted for)
    capped at 155s, leaving 180s for the 3 step(s) behind it (it resumes next run)
    timed out - what it did before the cut still stands: (nothing recorded)

--- close-done  (clear accepted issues from the pool)
    timed out - what it did before the cut still stands: (nothing recorded)

--- stale-escalations  (retire escalations whose stated cause no longer reproduces)
    SKIPPED - past the 8 minute swarm-freeing deadline

--- author  (refill the backlog from a measured deficit)
    SKIPPED - past the 8 minute swarm-freeing deadline

  lock released: everything from here only reads, and the refill needs it

--- loop-selftest  (the loop's own checkers, shown failing before they are believed)
    timed out - what it did before the cut still stands: (nothing recorded)

--- exposure  (what the live service serves to an origin it has never heard of)
    SKIPPED - past the 5 minute reporting deadline

--- forked-files  (a file that exists twice must not start saying two things)
    SKIPPED - past the 5 minute reporting deadline

--- t27-parity  (the generated ring and the twin in production still answer the same)
    SKIPPED - past the 5 minute reporting deadline

--- verdict-audit  (check what the swarm claims against what it pushed)
    SKIPPED - past the 5 minute reporting deadline

--- proven  (is the recent work still proving anything)
    SKIPPED - past the 5 minute reporting deadline

--- judge-packet  (queue the unauditable for judgement)
    SKIPPED - past the 5 minute reporting deadline

--- dash  (the box compares against a reading somebody has to write)
    SKIPPED - past the 5 minute reporting deadline

--- clocks  (no decision keyed on a field something rewrites)
    SKIPPED - past the 5 minute reporting deadline

--- fields  (no decision reading a field its query never selects)
    SKIPPED - past the 5 minute reporting deadline

--- fp-check  (no checker accuses anything known good)
    SKIPPED - past the 5 minute reporting deadline

--- unverdicted  (a finished dispatch whose worker never wrote a verdict block)
    SKIPPED - past the 5 minute reporting deadline

--- silent-loop  (an attempt that charges no retry budget can be repeated for ever)
    SKIPPED - past the 5 minute reporting deadline

--- rejudge  (a recorded verdict the current code would no longer give)
    SKIPPED - past the 5 minute reporting deadline

--- idle  (how much of the day the swarm spent doing nothing, and what stopped it)
    SKIPPED - past the 5 minute reporting deadline

--- unwired  (a gate that exists and runs nowhere)
    SKIPPED - past the 5 minute reporting deadline

--- agree  (two implementations of one rule, asked the same question about real rows)
    SKIPPED - past the 5 minute reporting deadline

--- brief-gate  (which open briefs will produce a verdict nothing can check)
    SKIPPED - past the 5 minute reporting deadline

heal complete: two-views=ok reap-local=ok rescue=ok reap=ok lease=ok push-work=ok reap-finished=ok share-modules=ok land=timed out close-done=timed out stale-escalations=skipped author=skipped loop-selftest=timed out exposure=skipped forked-files=skipped t27-parity=skipped verdict-audit=skipped proven=skipped judge-packet=skipped dash=skipped clocks=skipped fields=skipped fp-check=skipped unverdicted=skipped silent-loop=skipped rejudge=skipped idle=skipped unwired=skipped agree=skipped brief-gate=skipped

  NOT REACHED: 19 of 30 steps never started - stale-escalations, author, exposure, forked-files, t27-parity, verdict-audit, proven, judge-packet, dash, clocks, fields, fp-check, unverdicted, silent-loop, rejudge, idle, unwired, agree, brief-gate
  They are first in line next run; the reporting phase is ordered by hunger.
  tri reach   - how often each step has actually run, over the whole ledger
2026-09-19T07:05:42.490Z heal start
another run holds the loop lock (feed, 3 min) - standing down
2026-09-19T07:15:43.499Z heal start
another run holds the loop lock (feed, 4 min) - standing down
2026-09-19T07:25:44.505Z heal start
another run holds the loop lock (feed, 4 min) - standing down
2026-09-19T07:35:46.146Z heal start
another run holds the loop lock (feed, 5 min) - standing down
2026-09-19T07:45:47.146Z heal start
another run holds the loop lock (feed, 5 min) - standing down
2026-09-19T07:55:57.634Z heal start

--- two-views  (both views of the service, at the same moment)
    both views agree the service is up

--- reap-local  (free the disk this loop runs on)
    20 worktrees, none removable

--- rescue  (save work a bee never committed, before anything reclaims it)
    rescued 0 stranded path(s) from 0 tree(s)

--- reap  (free the volume before anything else)
    reclaimed 0.0 G

--- lease  (release idle path fences)
    released 0, quarantined 46, held 0
      !! #4267  sendBack  sb=2 paths=1  2 attempts, at or over the ceiling of 2 - a person decides, not a timer
      !! #4258  sendBack  sb=2 paths=1  2 attempts, at or over the ceiling of 2 - a person decides, not a timer
      !! #3860  sendBack  sb=2 paths=1  2 attempts, at or over the ceiling of 2 - a person decides, not a timer
      !! #3935  sendBack  sb=2 paths=1  2 attempts, at or over the ceiling of 2 - a person decides, not a timer
      !! #3980  sendBack  sb=2 paths=1  2 attempts, at or over the ceiling of 2 - a person decides, not a timer
      !! #4259  sendBack  sb=2 paths=1  2 attempts, at or over the ceiling of 2 - a person decides, not a timer
      !! #4010  sendBack  sb=2 paths=1  2 attempts, at or over the ceiling of 2 - a person decides, not a timer
      !! #3994  sendBack  sb=2 paths=1  2 attempts, at or over the ceiling of 2 - a person decides, not a timer
      !! #3931  sendBack  sb=2 paths=1  2 attempts, at or over the ceiling of 2 - a person decides, not a timer
      !! #4001  sendBack  sb=2 paths=1  2 attempts, at or over the ceiling of 2 - a person decides, not a timer
      !! #3985  sendBack  sb=2 paths=1  2 attempts, at or over the ceiling of 2 - a person decides, not a timer
      !! #4015  sendBack  sb=2 paths=1  2 attempts, at or over the ceiling of 2 - a person decides, not a timer
      !! #4017  sendBack  sb=2 paths=1  2 attempts, at or over the ceiling of 2 - a person decides, not a timer
      !! #3947  sendBack  sb=2 paths=1  2 attempts, at or over the ceiling of 2 - a person decides, not a timer
      !! #4009  sendBack  sb=2 paths=1  2 attempts, at or over the ceiling of 2 - a person decides, not a timer
      !! #4004  sendBack  sb=2 paths=1  2 attempts, at or over the ceiling of 2 - a person decides, not a timer
      !! #3990  sendBack  sb=2 paths=1  2 attempts, at or over the ceiling of 2 - a person decides, not a timer
      !! #3692  sendBack  sb=2 paths=1  2 attempts, at or over the ceiling of 2 - a person decides, not a timer
      !! #4012  sendBack  sb=2 paths=1  2 attempts, at or over the ceiling of 2 - a person decides, not a timer
      !! #3862  sendBack  sb=2 paths=1  2 attempts, at or over the ceiling of 2 - a person decides, not a timer
      ... and 26 more line(s) like these

--- push-work  (make finished work visible)
    pushed 0

--- reap-finished  (a worktree stops being needed when its work is published)
    0 redundant worktree(s) removed, 2 still hold work

--- share-modules  (one installed dependency tree, linked into every worktree)
    0 tree(s) share one store, 0 MB returned

--- land  (put accepted work into the branch it was accepted for)
    capped at 132s, leaving 180s for the 3 step(s) behind it (it resumes next run)
    timed out - what it did before the cut still stands: (nothing recorded)

--- close-done  (clear accepted issues from the pool)
    timed out - what it did before the cut still stands: (nothing recorded)

--- stale-escalations  (retire escalations whose stated cause no longer reproduces)
    SKIPPED - past the 8 minute swarm-freeing deadline

--- author  (refill the backlog from a measured deficit)
    SKIPPED - past the 8 minute swarm-freeing deadline

  lock released: everything from here only reads, and the refill needs it

--- loop-selftest  (the loop's own checkers, shown failing before they are believed)
    timed out - what it did before the cut still stands: (nothing recorded)

--- exposure  (what the live service serves to an origin it has never heard of)
    SKIPPED - past the 5 minute reporting deadline

--- forked-files  (a file that exists twice must not start saying two things)
    SKIPPED - past the 5 minute reporting deadline

--- t27-parity  (the generated ring and the twin in production still answer the same)
    SKIPPED - past the 5 minute reporting deadline

--- verdict-audit  (check what the swarm claims against what it pushed)
    SKIPPED - past the 5 minute reporting deadline

--- proven  (is the recent work still proving anything)
    SKIPPED - past the 5 minute reporting deadline

--- judge-packet  (queue the unauditable for judgement)
    SKIPPED - past the 5 minute reporting deadline

--- dash  (the box compares against a reading somebody has to write)
    SKIPPED - past the 5 minute reporting deadline

--- clocks  (no decision keyed on a field something rewrites)
    SKIPPED - past the 5 minute reporting deadline

--- fields  (no decision reading a field its query never selects)
    SKIPPED - past the 5 minute reporting deadline

--- fp-check  (no checker accuses anything known good)
    SKIPPED - past the 5 minute reporting deadline

--- unverdicted  (a finished dispatch whose worker never wrote a verdict block)
    SKIPPED - past the 5 minute reporting deadline

--- silent-loop  (an attempt that charges no retry budget can be repeated for ever)
    SKIPPED - past the 5 minute reporting deadline

--- rejudge  (a recorded verdict the current code would no longer give)
    SKIPPED - past the 5 minute reporting deadline

--- idle  (how much of the day the swarm spent doing nothing, and what stopped it)
    SKIPPED - past the 5 minute reporting deadline

--- unwired  (a gate that exists and runs nowhere)
    SKIPPED - past the 5 minute reporting deadline

--- agree  (two implementations of one rule, asked the same question about real rows)
    SKIPPED - past the 5 minute reporting deadline

--- brief-gate  (which open briefs will produce a verdict nothing can check)
    SKIPPED - past the 5 minute reporting deadline

heal complete: two-views=ok reap-local=ok rescue=ok reap=ok lease=ok push-work=ok reap-finished=ok share-modules=ok land=timed out close-done=timed out stale-escalations=skipped author=skipped loop-selftest=timed out exposure=skipped forked-files=skipped t27-parity=skipped verdict-audit=skipped proven=skipped judge-packet=skipped dash=skipped clocks=skipped fields=skipped fp-check=skipped unverdicted=skipped silent-loop=skipped rejudge=skipped idle=skipped unwired=skipped agree=skipped brief-gate=skipped

  NOT REACHED: 19 of 30 steps never started - stale-escalations, author, exposure, forked-files, t27-parity, verdict-audit, proven, judge-packet, dash, clocks, fields, fp-check, unverdicted, silent-loop, rejudge, idle, unwired, agree, brief-gate
  They are first in line next run; the reporting phase is ordered by hunger.
  tri reach   - how often each step has actually run, over the whole ledger
2026-09-19T08:19:01.800Z heal start
another run holds the loop lock (feed, 4 min) - standing down
2026-09-19T08:29:03.100Z heal start
another run holds the loop lock (feed, 4 min) - standing down
2026-09-19T08:39:06.097Z heal start
another run holds the loop lock (feed, 5 min) - standing down
2026-09-19T08:49:10.215Z heal start

--- two-views  (both views of the service, at the same moment)
    both views agree the service is up

--- reap-local  (free the disk this loop runs on)
    20 worktrees, none removable

--- rescue  (save work a bee never committed, before anything reclaims it)
    rescued 0 stranded path(s) from 0 tree(s)

--- reap  (free the volume before anything else)
    reclaimed 0.0 G

--- lease  (release idle path fences)
    released 0, quarantined 46, held 0
      !! #4267  sendBack  sb=2 paths=1  2 attempts, at or over the ceiling of 2 - a person decides, not a timer
      !! #4258  sendBack  sb=2 paths=1  2 attempts, at or over the ceiling of 2 - a person decides, not a timer
      !! #3860  sendBack  sb=2 paths=1  2 attempts, at or over the ceiling of 2 - a person decides, not a timer
      !! #3935  sendBack  sb=2 paths=1  2 attempts, at or over the ceiling of 2 - a person decides, not a timer
      !! #4259  sendBack  sb=2 paths=1  2 attempts, at or over the ceiling of 2 - a person decides, not a timer
      !! #3980  sendBack  sb=2 paths=1  2 attempts, at or over the ceiling of 2 - a person decides, not a timer
      !! #4010  sendBack  sb=2 paths=1  2 attempts, at or over the ceiling of 2 - a person decides, not a timer
      !! #3994  sendBack  sb=2 paths=1  2 attempts, at or over the ceiling of 2 - a person decides, not a timer
      !! #3931  sendBack  sb=2 paths=1  2 attempts, at or over the ceiling of 2 - a person decides, not a timer
      !! #3985  sendBack  sb=2 paths=1  2 attempts, at or over the ceiling of 2 - a person decides, not a timer
      !! #4015  sendBack  sb=2 paths=1  2 attempts, at or over the ceiling of 2 - a person decides, not a timer
      !! #4001  sendBack  sb=2 paths=1  2 attempts, at or over the ceiling of 2 - a person decides, not a timer
      !! #4017  sendBack  sb=2 paths=1  2 attempts, at or over the ceiling of 2 - a person decides, not a timer
      !! #3990  sendBack  sb=2 paths=1  2 attempts, at or over the ceiling of 2 - a person decides, not a timer
      !! #3947  sendBack  sb=2 paths=1  2 attempts, at or over the ceiling of 2 - a person decides, not a timer
      !! #4009  sendBack  sb=2 paths=1  2 attempts, at or over the ceiling of 2 - a person decides, not a timer
      !! #4004  sendBack  sb=2 paths=1  2 attempts, at or over the ceiling of 2 - a person decides, not a timer
      !! #3692  sendBack  sb=2 paths=1  2 attempts, at or over the ceiling of 2 - a person decides, not a timer
      !! #4012  sendBack  sb=2 paths=1  2 attempts, at or over the ceiling of 2 - a person decides, not a timer
      !! #3862  sendBack  sb=2 paths=1  2 attempts, at or over the ceiling of 2 - a person decides, not a timer
      ... and 26 more line(s) like these

--- push-work  (make finished work visible)
    pushed 0

--- reap-finished  (a worktree stops being needed when its work is published)
    0 redundant worktree(s) removed, 2 still hold work

--- share-modules  (one installed dependency tree, linked into every worktree)
    0 tree(s) share one store, 0 MB returned

--- land  (put accepted work into the branch it was accepted for)
    capped at 160s, leaving 180s for the 3 step(s) behind it (it resumes next run)
    timed out - what it did before the cut still stands: (nothing recorded)

--- close-done  (clear accepted issues from the pool)
    timed out - what it did before the cut still stands: (nothing recorded)

--- stale-escalations  (retire escalations whose stated cause no longer reproduces)
    SKIPPED - past the 8 minute swarm-freeing deadline

--- author  (refill the backlog from a measured deficit)
    SKIPPED - past the 8 minute swarm-freeing deadline

  lock released: everything from here only reads, and the refill needs it

--- loop-selftest  (the loop's own checkers, shown failing before they are believed)
    timed out - what it did before the cut still stands: (nothing recorded)

--- exposure  (what the live service serves to an origin it has never heard of)
    SKIPPED - past the 5 minute reporting deadline

--- forked-files  (a file that exists twice must not start saying two things)
    SKIPPED - past the 5 minute reporting deadline

--- t27-parity  (the generated ring and the twin in production still answer the same)
    SKIPPED - past the 5 minute reporting deadline

--- verdict-audit  (check what the swarm claims against what it pushed)
    SKIPPED - past the 5 minute reporting deadline

--- proven  (is the recent work still proving anything)
    SKIPPED - past the 5 minute reporting deadline

--- judge-packet  (queue the unauditable for judgement)
    SKIPPED - past the 5 minute reporting deadline

--- dash  (the box compares against a reading somebody has to write)
    SKIPPED - past the 5 minute reporting deadline

--- clocks  (no decision keyed on a field something rewrites)
    SKIPPED - past the 5 minute reporting deadline

--- fields  (no decision reading a field its query never selects)
    SKIPPED - past the 5 minute reporting deadline

--- fp-check  (no checker accuses anything known good)
    SKIPPED - past the 5 minute reporting deadline

--- unverdicted  (a finished dispatch whose worker never wrote a verdict block)
    SKIPPED - past the 5 minute reporting deadline

--- silent-loop  (an attempt that charges no retry budget can be repeated for ever)
    SKIPPED - past the 5 minute reporting deadline

--- rejudge  (a recorded verdict the current code would no longer give)
    SKIPPED - past the 5 minute reporting deadline

--- idle  (how much of the day the swarm spent doing nothing, and what stopped it)
    SKIPPED - past the 5 minute reporting deadline

--- unwired  (a gate that exists and runs nowhere)
    SKIPPED - past the 5 minute reporting deadline

--- agree  (two implementations of one rule, asked the same question about real rows)
    SKIPPED - past the 5 minute reporting deadline

--- brief-gate  (which open briefs will produce a verdict nothing can check)
    SKIPPED - past the 5 minute reporting deadline

heal complete: two-views=ok reap-local=ok rescue=ok reap=ok lease=ok push-work=ok reap-finished=ok share-modules=ok land=timed out close-done=timed out stale-escalations=skipped author=skipped loop-selftest=timed out exposure=skipped forked-files=skipped t27-parity=skipped verdict-audit=skipped proven=skipped judge-packet=skipped dash=skipped clocks=skipped fields=skipped fp-check=skipped unverdicted=skipped silent-loop=skipped rejudge=skipped idle=skipped unwired=skipped agree=skipped brief-gate=skipped

  NOT REACHED: 19 of 30 steps never started - stale-escalations, author, exposure, forked-files, t27-parity, verdict-audit, proven, judge-packet, dash, clocks, fields, fp-check, unverdicted, silent-loop, rejudge, idle, unwired, agree, brief-gate
  They are first in line next run; the reporting phase is ordered by hunger.
  tri reach   - how often each step has actually run, over the whole ledger
2026-09-19T09:12:12.231Z heal start
another run holds the loop lock (feed, 3 min) - standing down
2026-09-19T09:22:17.737Z heal start
another run holds the loop lock (feed, 3 min) - standing down
2026-09-19T09:32:21.566Z heal start
another run holds the loop lock (feed, 4 min) - standing down
2026-09-19T09:42:37.225Z heal start
another run holds the loop lock (feed, 4 min) - standing down
2026-09-19T09:52:39.271Z heal start
another run holds the loop lock (feed, 4 min) - standing down
2026-09-19T10:02:42.984Z heal start

--- two-views  (both views of the service, at the same moment)
    both views agree the service is up

--- reap-local  (free the disk this loop runs on)
    20 worktrees, none removable

--- rescue  (save work a bee never committed, before anything reclaims it)
    rescued 0 stranded path(s) from 0 tree(s)

--- reap  (free the volume before anything else)
    reclaimed 0.0 G

--- lease  (release idle path fences)
    released 0, quarantined 46, held 0
      !! #4267  sendBack  sb=2 paths=1  2 attempts, at or over the ceiling of 2 - a person decides, not a timer
      !! #4258  sendBack  sb=2 paths=1  2 attempts, at or over the ceiling of 2 - a person decides, not a timer
      !! #3860  sendBack  sb=2 paths=1  2 attempts, at or over the ceiling of 2 - a person decides, not a timer
      !! #3935  sendBack  sb=2 paths=1  2 attempts, at or over the ceiling of 2 - a person decides, not a timer
      !! #3980  sendBack  sb=2 paths=1  2 attempts, at or over the ceiling of 2 - a person decides, not a timer
      !! #4259  sendBack  sb=2 paths=1  2 attempts, at or over the ceiling of 2 - a person decides, not a timer
      !! #3994  sendBack  sb=2 paths=1  2 attempts, at or over the ceiling of 2 - a person decides, not a timer
      !! #4010  sendBack  sb=2 paths=1  2 attempts, at or over the ceiling of 2 - a person decides, not a timer
      !! #3931  sendBack  sb=2 paths=1  2 attempts, at or over the ceiling of 2 - a person decides, not a timer
      !! #3985  sendBack  sb=2 paths=1  2 attempts, at or over the ceiling of 2 - a person decides, not a timer
      !! #4015  sendBack  sb=2 paths=1  2 attempts, at or over the ceiling of 2 - a person decides, not a timer
      !! #4001  sendBack  sb=2 paths=1  2 attempts, at or over the ceiling of 2 - a person decides, not a timer
      !! #4017  sendBack  sb=2 paths=1  2 attempts, at or over the ceiling of 2 - a person decides, not a timer
      !! #4009  sendBack  sb=2 paths=1  2 attempts, at or over the ceiling of 2 - a person decides, not a timer
      !! #4004  sendBack  sb=2 paths=1  2 attempts, at or over the ceiling of 2 - a person decides, not a timer
      !! #3990  sendBack  sb=2 paths=1  2 attempts, at or over the ceiling of 2 - a person decides, not a timer
      !! #3947  sendBack  sb=2 paths=1  2 attempts, at or over the ceiling of 2 - a person decides, not a timer
      !! #3692  sendBack  sb=2 paths=1  2 attempts, at or over the ceiling of 2 - a person decides, not a timer
      !! #4012  sendBack  sb=2 paths=1  2 attempts, at or over the ceiling of 2 - a person decides, not a timer
      !! #3862  sendBack  sb=2 paths=1  2 attempts, at or over the ceiling of 2 - a person decides, not a timer
      ... and 26 more line(s) like these

--- push-work  (make finished work visible)
    pushed 0

--- reap-finished  (a worktree stops being needed when its work is published)
    0 redundant worktree(s) removed, 2 still hold work

--- share-modules  (one installed dependency tree, linked into every worktree)
    0 tree(s) share one store, 0 MB returned

--- land  (put accepted work into the branch it was accepted for)
    capped at 82s, leaving 180s for the 3 step(s) behind it (it resumes next run)
    timed out - what it did before the cut still stands: (nothing recorded)

--- close-done  (clear accepted issues from the pool)
    timed out - what it did before the cut still stands: (nothing recorded)

--- stale-escalations  (retire escalations whose stated cause no longer reproduces)
    SKIPPED - past the 8 minute swarm-freeing deadline

--- author  (refill the backlog from a measured deficit)
    SKIPPED - past the 8 minute swarm-freeing deadline

  lock released: everything from here only reads, and the refill needs it

--- loop-selftest  (the loop's own checkers, shown failing before they are believed)
    timed out - what it did before the cut still stands: (nothing recorded)

--- exposure  (what the live service serves to an origin it has never heard of)
    SKIPPED - past the 5 minute reporting deadline

--- forked-files  (a file that exists twice must not start saying two things)
    SKIPPED - past the 5 minute reporting deadline

--- t27-parity  (the generated ring and the twin in production still answer the same)
    SKIPPED - past the 5 minute reporting deadline

--- verdict-audit  (check what the swarm claims against what it pushed)
    SKIPPED - past the 5 minute reporting deadline

--- proven  (is the recent work still proving anything)
    SKIPPED - past the 5 minute reporting deadline

--- judge-packet  (queue the unauditable for judgement)
    SKIPPED - past the 5 minute reporting deadline

--- dash  (the box compares against a reading somebody has to write)
    SKIPPED - past the 5 minute reporting deadline

--- clocks  (no decision keyed on a field something rewrites)
    SKIPPED - past the 5 minute reporting deadline

--- fields  (no decision reading a field its query never selects)
    SKIPPED - past the 5 minute reporting deadline

--- fp-check  (no checker accuses anything known good)
    SKIPPED - past the 5 minute reporting deadline

--- unverdicted  (a finished dispatch whose worker never wrote a verdict block)
    SKIPPED - past the 5 minute reporting deadline

--- silent-loop  (an attempt that charges no retry budget can be repeated for ever)
    SKIPPED - past the 5 minute reporting deadline

--- rejudge  (a recorded verdict the current code would no longer give)
    SKIPPED - past the 5 minute reporting deadline

--- idle  (how much of the day the swarm spent doing nothing, and what stopped it)
    SKIPPED - past the 5 minute reporting deadline

--- unwired  (a gate that exists and runs nowhere)
    SKIPPED - past the 5 minute reporting deadline

--- agree  (two implementations of one rule, asked the same question about real rows)
    SKIPPED - past the 5 minute reporting deadline

--- brief-gate  (which open briefs will produce a verdict nothing can check)
    SKIPPED - past the 5 minute reporting deadline

heal complete: two-views=ok reap-local=ok rescue=ok reap=ok lease=ok push-work=ok reap-finished=ok share-modules=ok land=timed out close-done=timed out stale-escalations=skipped author=skipped loop-selftest=timed out exposure=skipped forked-files=skipped t27-parity=skipped verdict-audit=skipped proven=skipped judge-packet=skipped dash=skipped clocks=skipped fields=skipped fp-check=skipped unverdicted=skipped silent-loop=skipped rejudge=skipped idle=skipped unwired=skipped agree=skipped brief-gate=skipped

  NOT REACHED: 19 of 30 steps never started - stale-escalations, author, exposure, forked-files, t27-parity, verdict-audit, proven, judge-packet, dash, clocks, fields, fp-check, unverdicted, silent-loop, rejudge, idle, unwired, agree, brief-gate
  They are first in line next run; the reporting phase is ordered by hunger.
  tri reach   - how often each step has actually run, over the whole ledger
2026-09-19T10:25:46.752Z heal start
another run holds the loop lock (feed, 4 min) - standing down
2026-09-19T10:35:51.667Z heal start
another run holds the loop lock (feed, 4 min) - standing down
2026-09-19T10:45:55.642Z heal start
another run holds the loop lock (feed, 4 min) - standing down
2026-09-19T10:55:56.970Z heal start
another run holds the loop lock (feed, 5 min) - standing down
2026-09-19T11:05:59.300Z heal start

--- two-views  (both views of the service, at the same moment)
    both views agree the service is up

--- reap-local  (free the disk this loop runs on)
    20 worktrees, none removable

--- rescue  (save work a bee never committed, before anything reclaims it)
    rescued 0 stranded path(s) from 0 tree(s)

--- reap  (free the volume before anything else)
    reclaimed 0.0 G

--- lease  (release idle path fences)
    released 0, quarantined 46, held 0
      !! #4267  sendBack  sb=2 paths=1  2 attempts, at or over the ceiling of 2 - a person decides, not a timer
      !! #4258  sendBack  sb=2 paths=1  2 attempts, at or over the ceiling of 2 - a person decides, not a timer
      !! #3860  sendBack  sb=2 paths=1  2 attempts, at or over the ceiling of 2 - a person decides, not a timer
      !! #3935  sendBack  sb=2 paths=1  2 attempts, at or over the ceiling of 2 - a person decides, not a timer
      !! #3980  sendBack  sb=2 paths=1  2 attempts, at or over the ceiling of 2 - a person decides, not a timer
      !! #4259  sendBack  sb=2 paths=1  2 attempts, at or over the ceiling of 2 - a person decides, not a timer
      !! #4010  sendBack  sb=2 paths=1  2 attempts, at or over the ceiling of 2 - a person decides, not a timer
      !! #3994  sendBack  sb=2 paths=1  2 attempts, at or over the ceiling of 2 - a person decides, not a timer
      !! #3931  sendBack  sb=2 paths=1  2 attempts, at or over the ceiling of 2 - a person decides, not a timer
      !! #4015  sendBack  sb=2 paths=1  2 attempts, at or over the ceiling of 2 - a person decides, not a timer
      !! #3985  sendBack  sb=2 paths=1  2 attempts, at or over the ceiling of 2 - a person decides, not a timer
      !! #4001  sendBack  sb=2 paths=1  2 attempts, at or over the ceiling of 2 - a person decides, not a timer
      !! #4017  sendBack  sb=2 paths=1  2 attempts, at or over the ceiling of 2 - a person decides, not a timer
      !! #4009  sendBack  sb=2 paths=1  2 attempts, at or over the ceiling of 2 - a person decides, not a timer
      !! #4004  sendBack  sb=2 paths=1  2 attempts, at or over the ceiling of 2 - a person decides, not a timer
      !! #3990  sendBack  sb=2 paths=1  2 attempts, at or over the ceiling of 2 - a person decides, not a timer
      !! #3947  sendBack  sb=2 paths=1  2 attempts, at or over the ceiling of 2 - a person decides, not a timer
      !! #3692  sendBack  sb=2 paths=1  2 attempts, at or over the ceiling of 2 - a person decides, not a timer
      !! #4012  sendBack  sb=2 paths=1  2 attempts, at or over the ceiling of 2 - a person decides, not a timer
      !! #3862  sendBack  sb=2 paths=1  2 attempts, at or over the ceiling of 2 - a person decides, not a timer
      ... and 26 more line(s) like these

--- push-work  (make finished work visible)
    pushed 0

--- reap-finished  (a worktree stops being needed when its work is published)
    0 redundant worktree(s) removed, 2 still hold work

--- share-modules  (one installed dependency tree, linked into every worktree)
    0 tree(s) share one store, 0 MB returned

--- land  (put accepted work into the branch it was accepted for)
    capped at 96s, leaving 180s for the 3 step(s) behind it (it resumes next run)
    timed out - what it did before the cut still stands: (nothing recorded)

--- close-done  (clear accepted issues from the pool)
    timed out - what it did before the cut still stands: (nothing recorded)

--- stale-escalations  (retire escalations whose stated cause no longer reproduces)
    SKIPPED - past the 8 minute swarm-freeing deadline

--- author  (refill the backlog from a measured deficit)
    SKIPPED - past the 8 minute swarm-freeing deadline

  lock released: everything from here only reads, and the refill needs it

--- loop-selftest  (the loop's own checkers, shown failing before they are believed)
    timed out - what it did before the cut still stands: (nothing recorded)

--- exposure  (what the live service serves to an origin it has never heard of)
    SKIPPED - past the 5 minute reporting deadline

--- forked-files  (a file that exists twice must not start saying two things)
    SKIPPED - past the 5 minute reporting deadline

--- t27-parity  (the generated ring and the twin in production still answer the same)
    SKIPPED - past the 5 minute reporting deadline

--- verdict-audit  (check what the swarm claims against what it pushed)
    SKIPPED - past the 5 minute reporting deadline

--- proven  (is the recent work still proving anything)
    SKIPPED - past the 5 minute reporting deadline

--- judge-packet  (queue the unauditable for judgement)
    SKIPPED - past the 5 minute reporting deadline

--- dash  (the box compares against a reading somebody has to write)
    SKIPPED - past the 5 minute reporting deadline

--- clocks  (no decision keyed on a field something rewrites)
    SKIPPED - past the 5 minute reporting deadline

--- fields  (no decision reading a field its query never selects)
    SKIPPED - past the 5 minute reporting deadline

--- fp-check  (no checker accuses anything known good)
    SKIPPED - past the 5 minute reporting deadline

--- unverdicted  (a finished dispatch whose worker never wrote a verdict block)
    SKIPPED - past the 5 minute reporting deadline

--- silent-loop  (an attempt that charges no retry budget can be repeated for ever)
    SKIPPED - past the 5 minute reporting deadline

--- rejudge  (a recorded verdict the current code would no longer give)
    SKIPPED - past the 5 minute reporting deadline

--- idle  (how much of the day the swarm spent doing nothing, and what stopped it)
    SKIPPED - past the 5 minute reporting deadline

--- unwired  (a gate that exists and runs nowhere)
    SKIPPED - past the 5 minute reporting deadline

--- agree  (two implementations of one rule, asked the same question about real rows)
    SKIPPED - past the 5 minute reporting deadline

--- brief-gate  (which open briefs will produce a verdict nothing can check)
    SKIPPED - past the 5 minute reporting deadline

heal complete: two-views=ok reap-local=ok rescue=ok reap=ok lease=ok push-work=ok reap-finished=ok share-modules=ok land=timed out close-done=timed out stale-escalations=skipped author=skipped loop-selftest=timed out exposure=skipped forked-files=skipped t27-parity=skipped verdict-audit=skipped proven=skipped judge-packet=skipped dash=skipped clocks=skipped fields=skipped fp-check=skipped unverdicted=skipped silent-loop=skipped rejudge=skipped idle=skipped unwired=skipped agree=skipped brief-gate=skipped

  NOT REACHED: 19 of 30 steps never started - stale-escalations, author, exposure, forked-files, t27-parity, verdict-audit, proven, judge-packet, dash, clocks, fields, fp-check, unverdicted, silent-loop, rejudge, idle, unwired, agree, brief-gate
  They are first in line next run; the reporting phase is ordered by hunger.
  tri reach   - how often each step has actually run, over the whole ledger
2026-09-19T11:29:04.080Z heal start
another run holds the loop lock (feed, 3 min) - standing down
2026-09-19T11:39:05.792Z heal start
another run holds the loop lock (feed, 4 min) - standing down
2026-09-19T11:49:11.334Z heal start
another run holds the loop lock (feed, 4 min) - standing down
2026-09-19T11:59:12.895Z heal start
another run holds the loop lock (feed, 4 min) - standing down
2026-09-19T12:09:19.354Z heal start

--- two-views  (both views of the service, at the same moment)
    both views agree the service is up

--- reap-local  (free the disk this loop runs on)
    20 worktrees, none removable

--- rescue  (save work a bee never committed, before anything reclaims it)
    rescued 0 stranded path(s) from 0 tree(s)

--- reap  (free the volume before anything else)
    reclaimed 0.0 G

--- lease  (release idle path fences)
    released 0, quarantined 46, held 0
      !! #4267  sendBack  sb=2 paths=1  2 attempts, at or over the ceiling of 2 - a person decides, not a timer
      !! #4258  sendBack  sb=2 paths=1  2 attempts, at or over the ceiling of 2 - a person decides, not a timer
      !! #3860  sendBack  sb=2 paths=1  2 attempts, at or over the ceiling of 2 - a person decides, not a timer
      !! #3935  sendBack  sb=2 paths=1  2 attempts, at or over the ceiling of 2 - a person decides, not a timer
      !! #3980  sendBack  sb=2 paths=1  2 attempts, at or over the ceiling of 2 - a person decides, not a timer
      !! #4259  sendBack  sb=2 paths=1  2 attempts, at or over the ceiling of 2 - a person decides, not a timer
      !! #4010  sendBack  sb=2 paths=1  2 attempts, at or over the ceiling of 2 - a person decides, not a timer
      !! #3994  sendBack  sb=2 paths=1  2 attempts, at or over the ceiling of 2 - a person decides, not a timer
      !! #3931  sendBack  sb=2 paths=1  2 attempts, at or over the ceiling of 2 - a person decides, not a timer
      !! #4015  sendBack  sb=2 paths=1  2 attempts, at or over the ceiling of 2 - a person decides, not a timer
      !! #3985  sendBack  sb=2 paths=1  2 attempts, at or over the ceiling of 2 - a person decides, not a timer
      !! #4001  sendBack  sb=2 paths=1  2 attempts, at or over the ceiling of 2 - a person decides, not a timer
      !! #4017  sendBack  sb=2 paths=1  2 attempts, at or over the ceiling of 2 - a person decides, not a timer
      !! #4004  sendBack  sb=2 paths=1  2 attempts, at or over the ceiling of 2 - a person decides, not a timer
      !! #4009  sendBack  sb=2 paths=1  2 attempts, at or over the ceiling of 2 - a person decides, not a timer
      !! #3990  sendBack  sb=2 paths=1  2 attempts, at or over the ceiling of 2 - a person decides, not a timer
      !! #3947  sendBack  sb=2 paths=1  2 attempts, at or over the ceiling of 2 - a person decides, not a timer
      !! #3692  sendBack  sb=2 paths=1  2 attempts, at or over the ceiling of 2 - a person decides, not a timer
      !! #4012  sendBack  sb=2 paths=1  2 attempts, at or over the ceiling of 2 - a person decides, not a timer
      !! #3862  sendBack  sb=2 paths=1  2 attempts, at or over the ceiling of 2 - a person decides, not a timer
      ... and 26 more line(s) like these

--- push-work  (make finished work visible)
    pushed 0

--- reap-finished  (a worktree stops being needed when its work is published)
    0 redundant worktree(s) removed, 2 still hold work

--- share-modules  (one installed dependency tree, linked into every worktree)
    0 tree(s) share one store, 0 MB returned

--- land  (put accepted work into the branch it was accepted for)
    capped at 71s, leaving 180s for the 3 step(s) behind it (it resumes next run)
    timed out - what it did before the cut still stands: (nothing recorded)

--- close-done  (clear accepted issues from the pool)
    timed out - what it did before the cut still stands: (nothing recorded)

--- stale-escalations  (retire escalations whose stated cause no longer reproduces)
    SKIPPED - past the 8 minute swarm-freeing deadline

--- author  (refill the backlog from a measured deficit)
    SKIPPED - past the 8 minute swarm-freeing deadline

  lock released: everything from here only reads, and the refill needs it

--- loop-selftest  (the loop's own checkers, shown failing before they are believed)
    timed out - what it did before the cut still stands: (nothing recorded)

--- exposure  (what the live service serves to an origin it has never heard of)
    SKIPPED - past the 5 minute reporting deadline

--- forked-files  (a file that exists twice must not start saying two things)
    SKIPPED - past the 5 minute reporting deadline

--- t27-parity  (the generated ring and the twin in production still answer the same)
    SKIPPED - past the 5 minute reporting deadline

--- verdict-audit  (check what the swarm claims against what it pushed)
    SKIPPED - past the 5 minute reporting deadline

--- proven  (is the recent work still proving anything)
    SKIPPED - past the 5 minute reporting deadline

--- judge-packet  (queue the unauditable for judgement)
    SKIPPED - past the 5 minute reporting deadline

--- dash  (the box compares against a reading somebody has to write)
    SKIPPED - past the 5 minute reporting deadline

--- clocks  (no decision keyed on a field something rewrites)
    SKIPPED - past the 5 minute reporting deadline

--- fields  (no decision reading a field its query never selects)
    SKIPPED - past the 5 minute reporting deadline

--- fp-check  (no checker accuses anything known good)
    SKIPPED - past the 5 minute reporting deadline

--- unverdicted  (a finished dispatch whose worker never wrote a verdict block)
    SKIPPED - past the 5 minute reporting deadline

--- silent-loop  (an attempt that charges no retry budget can be repeated for ever)
    SKIPPED - past the 5 minute reporting deadline

--- rejudge  (a recorded verdict the current code would no longer give)
    SKIPPED - past the 5 minute reporting deadline

--- idle  (how much of the day the swarm spent doing nothing, and what stopped it)
    SKIPPED - past the 5 minute reporting deadline

--- unwired  (a gate that exists and runs nowhere)
    SKIPPED - past the 5 minute reporting deadline

--- agree  (two implementations of one rule, asked the same question about real rows)
    SKIPPED - past the 5 minute reporting deadline

--- brief-gate  (which open briefs will produce a verdict nothing can check)
    SKIPPED - past the 5 minute reporting deadline

heal complete: two-views=ok reap-local=ok rescue=ok reap=ok lease=ok push-work=ok reap-finished=ok share-modules=ok land=timed out close-done=timed out stale-escalations=skipped author=skipped loop-selftest=timed out exposure=skipped forked-files=skipped t27-parity=skipped verdict-audit=skipped proven=skipped judge-packet=skipped dash=skipped clocks=skipped fields=skipped fp-check=skipped unverdicted=skipped silent-loop=skipped rejudge=skipped idle=skipped unwired=skipped agree=skipped brief-gate=skipped

  NOT REACHED: 19 of 30 steps never started - stale-escalations, author, exposure, forked-files, t27-parity, verdict-audit, proven, judge-packet, dash, clocks, fields, fp-check, unverdicted, silent-loop, rejudge, idle, unwired, agree, brief-gate
  They are first in line next run; the reporting phase is ordered by hunger.
  tri reach   - how often each step has actually run, over the whole ledger
2026-09-19T12:32:24.611Z heal start
another run holds the loop lock (feed, 3 min) - standing down
2026-09-19T12:42:32.450Z heal start
another run holds the loop lock (feed, 4 min) - standing down
2026-09-19T12:52:38.094Z heal start
another run holds the loop lock (feed, 4 min) - standing down
2026-09-19T13:02:39.704Z heal start

--- two-views  (both views of the service, at the same moment)
    both views agree the service is up

--- reap-local  (free the disk this loop runs on)
    20 worktrees, none removable

--- rescue  (save work a bee never committed, before anything reclaims it)
    rescued 0 stranded path(s) from 0 tree(s)

--- reap  (free the volume before anything else)
    reclaimed 0.0 G

--- lease  (release idle path fences)
    released 0, quarantined 46, held 0
      !! #4267  sendBack  sb=2 paths=1  2 attempts, at or over the ceiling of 2 - a person decides, not a timer
      !! #4258  sendBack  sb=2 paths=1  2 attempts, at or over the ceiling of 2 - a person decides, not a timer
      !! #3860  sendBack  sb=2 paths=1  2 attempts, at or over the ceiling of 2 - a person decides, not a timer
      !! #3935  sendBack  sb=2 paths=1  2 attempts, at or over the ceiling of 2 - a person decides, not a timer
      !! #3980  sendBack  sb=2 paths=1  2 attempts, at or over the ceiling of 2 - a person decides, not a timer
      !! #4259  sendBack  sb=2 paths=1  2 attempts, at or over the ceiling of 2 - a person decides, not a timer
      !! #4010  sendBack  sb=2 paths=1  2 attempts, at or over the ceiling of 2 - a person decides, not a timer
      !! #3994  sendBack  sb=2 paths=1  2 attempts, at or over the ceiling of 2 - a person decides, not a timer
      !! #3931  sendBack  sb=2 paths=1  2 attempts, at or over the ceiling of 2 - a person decides, not a timer
      !! #3985  sendBack  sb=2 paths=1  2 attempts, at or over the ceiling of 2 - a person decides, not a timer
      !! #4015  sendBack  sb=2 paths=1  2 attempts, at or over the ceiling of 2 - a person decides, not a timer
      !! #4001  sendBack  sb=2 paths=1  2 attempts, at or over the ceiling of 2 - a person decides, not a timer
      !! #4017  sendBack  sb=2 paths=1  2 attempts, at or over the ceiling of 2 - a person decides, not a timer
      !! #4009  sendBack  sb=2 paths=1  2 attempts, at or over the ceiling of 2 - a person decides, not a timer
      !! #4004  sendBack  sb=2 paths=1  2 attempts, at or over the ceiling of 2 - a person decides, not a timer
      !! #3990  sendBack  sb=2 paths=1  2 attempts, at or over the ceiling of 2 - a person decides, not a timer
      !! #3947  sendBack  sb=2 paths=1  2 attempts, at or over the ceiling of 2 - a person decides, not a timer
      !! #3692  sendBack  sb=2 paths=1  2 attempts, at or over the ceiling of 2 - a person decides, not a timer
      !! #4012  sendBack  sb=2 paths=1  2 attempts, at or over the ceiling of 2 - a person decides, not a timer
      !! #3862  sendBack  sb=2 paths=1  2 attempts, at or over the ceiling of 2 - a person decides, not a timer
      ... and 26 more line(s) like these

--- push-work  (make finished work visible)
    pushed 0

--- reap-finished  (a worktree stops being needed when its work is published)
    0 redundant worktree(s) removed, 2 still hold work

--- share-modules  (one installed dependency tree, linked into every worktree)
    0 tree(s) share one store, 0 MB returned

--- land  (put accepted work into the branch it was accepted for)
    capped at 67s, leaving 180s for the 3 step(s) behind it (it resumes next run)
    timed out - what it did before the cut still stands: (nothing recorded)

--- close-done  (clear accepted issues from the pool)
    timed out - what it did before the cut still stands: (nothing recorded)

--- stale-escalations  (retire escalations whose stated cause no longer reproduces)
    SKIPPED - past the 8 minute swarm-freeing deadline

--- author  (refill the backlog from a measured deficit)
    SKIPPED - past the 8 minute swarm-freeing deadline

  lock released: everything from here only reads, and the refill needs it

--- loop-selftest  (the loop's own checkers, shown failing before they are believed)
    timed out - what it did before the cut still stands: (nothing recorded)

--- exposure  (what the live service serves to an origin it has never heard of)
    SKIPPED - past the 5 minute reporting deadline

--- forked-files  (a file that exists twice must not start saying two things)
    SKIPPED - past the 5 minute reporting deadline

--- t27-parity  (the generated ring and the twin in production still answer the same)
    SKIPPED - past the 5 minute reporting deadline

--- verdict-audit  (check what the swarm claims against what it pushed)
    SKIPPED - past the 5 minute reporting deadline

--- proven  (is the recent work still proving anything)
    SKIPPED - past the 5 minute reporting deadline

--- judge-packet  (queue the unauditable for judgement)
    SKIPPED - past the 5 minute reporting deadline

--- dash  (the box compares against a reading somebody has to write)
    SKIPPED - past the 5 minute reporting deadline

--- clocks  (no decision keyed on a field something rewrites)
    SKIPPED - past the 5 minute reporting deadline

--- fields  (no decision reading a field its query never selects)
    SKIPPED - past the 5 minute reporting deadline

--- fp-check  (no checker accuses anything known good)
    SKIPPED - past the 5 minute reporting deadline

--- unverdicted  (a finished dispatch whose worker never wrote a verdict block)
    SKIPPED - past the 5 minute reporting deadline

--- silent-loop  (an attempt that charges no retry budget can be repeated for ever)
    SKIPPED - past the 5 minute reporting deadline

--- rejudge  (a recorded verdict the current code would no longer give)
    SKIPPED - past the 5 minute reporting deadline

--- idle  (how much of the day the swarm spent doing nothing, and what stopped it)
    SKIPPED - past the 5 minute reporting deadline

--- unwired  (a gate that exists and runs nowhere)
    SKIPPED - past the 5 minute reporting deadline

--- agree  (two implementations of one rule, asked the same question about real rows)
    SKIPPED - past the 5 minute reporting deadline

--- brief-gate  (which open briefs will produce a verdict nothing can check)
    SKIPPED - past the 5 minute reporting deadline

heal complete: two-views=ok reap-local=ok rescue=ok reap=ok lease=ok push-work=ok reap-finished=ok share-modules=ok land=timed out close-done=timed out stale-escalations=skipped author=skipped loop-selftest=timed out exposure=skipped forked-files=skipped t27-parity=skipped verdict-audit=skipped proven=skipped judge-packet=skipped dash=skipped clocks=skipped fields=skipped fp-check=skipped unverdicted=skipped silent-loop=skipped rejudge=skipped idle=skipped unwired=skipped agree=skipped brief-gate=skipped

  NOT REACHED: 19 of 30 steps never started - stale-escalations, author, exposure, forked-files, t27-parity, verdict-audit, proven, judge-packet, dash, clocks, fields, fp-check, unverdicted, silent-loop, rejudge, idle, unwired, agree, brief-gate
  They are first in line next run; the reporting phase is ordered by hunger.
  tri reach   - how often each step has actually run, over the whole ledger
2026-09-19T13:25:44.691Z heal start
another run holds the loop lock (feed, 3 min) - standing down
2026-09-19T13:35:48.230Z heal start
another run holds the loop lock (feed, 3 min) - standing down
2026-09-19T13:45:52.556Z heal start
another run holds the loop lock (feed, 4 min) - standing down
2026-09-19T14:22:10.586Z heal start

--- two-views  (both views of the service, at the same moment)
    both views agree the service is up

--- reap-local  (free the disk this loop runs on)
    20 worktrees, none removable

--- rescue  (save work a bee never committed, before anything reclaims it)
    rescued 0 stranded path(s) from 0 tree(s)

--- reap  (free the volume before anything else)
    reclaimed 0.0 G

--- lease  (release idle path fences)
    released 0, quarantined 46, held 0
      !! #4267  sendBack  sb=2 paths=1  2 attempts, at or over the ceiling of 2 - a person decides, not a timer
      !! #4258  sendBack  sb=2 paths=1  2 attempts, at or over the ceiling of 2 - a person decides, not a timer
      !! #3860  sendBack  sb=2 paths=1  2 attempts, at or over the ceiling of 2 - a person decides, not a timer
      !! #3935  sendBack  sb=2 paths=1  2 attempts, at or over the ceiling of 2 - a person decides, not a timer
      !! #3980  sendBack  sb=2 paths=1  2 attempts, at or over the ceiling of 2 - a person decides, not a timer
      !! #4259  sendBack  sb=2 paths=1  2 attempts, at or over the ceiling of 2 - a person decides, not a timer
      !! #4010  sendBack  sb=2 paths=1  2 attempts, at or over the ceiling of 2 - a person decides, not a timer
      !! #3994  sendBack  sb=2 paths=1  2 attempts, at or over the ceiling of 2 - a person decides, not a timer
      !! #3931  sendBack  sb=2 paths=1  2 attempts, at or over the ceiling of 2 - a person decides, not a timer
      !! #4001  sendBack  sb=2 paths=1  2 attempts, at or over the ceiling of 2 - a person decides, not a timer
      !! #4015  sendBack  sb=2 paths=1  2 attempts, at or over the ceiling of 2 - a person decides, not a timer
      !! #3985  sendBack  sb=2 paths=1  2 attempts, at or over the ceiling of 2 - a person decides, not a timer
      !! #4017  sendBack  sb=2 paths=1  2 attempts, at or over the ceiling of 2 - a person decides, not a timer
      !! #3947  sendBack  sb=2 paths=1  2 attempts, at or over the ceiling of 2 - a person decides, not a timer
      !! #4009  sendBack  sb=2 paths=1  2 attempts, at or over the ceiling of 2 - a person decides, not a timer
      !! #4004  sendBack  sb=2 paths=1  2 attempts, at or over the ceiling of 2 - a person decides, not a timer
      !! #3990  sendBack  sb=2 paths=1  2 attempts, at or over the ceiling of 2 - a person decides, not a timer
      !! #3692  sendBack  sb=2 paths=1  2 attempts, at or over the ceiling of 2 - a person decides, not a timer
      !! #4012  sendBack  sb=2 paths=1  2 attempts, at or over the ceiling of 2 - a person decides, not a timer
      !! #3862  sendBack  sb=2 paths=1  2 attempts, at or over the ceiling of 2 - a person decides, not a timer
      ... and 26 more line(s) like these

--- push-work  (make finished work visible)
    pushed 0

--- reap-finished  (a worktree stops being needed when its work is published)
    0 redundant worktree(s) removed, 2 still hold work

--- share-modules  (one installed dependency tree, linked into every worktree)
    0 tree(s) share one store, 0 MB returned

--- land  (put accepted work into the branch it was accepted for)
    capped at 60s, leaving 116s for the 3 step(s) behind it, 64s short of the 180s they need (it resumes next run)
    timed out - what it did before the cut still stands: (nothing recorded)

--- close-done  (clear accepted issues from the pool)
    timed out - what it did before the cut still stands: (nothing recorded)

--- stale-escalations  (retire escalations whose stated cause no longer reproduces)
    SKIPPED - past the 8 minute swarm-freeing deadline

--- author  (refill the backlog from a measured deficit)
    SKIPPED - past the 8 minute swarm-freeing deadline

  lock released: everything from here only reads, and the refill needs it

--- loop-selftest  (the loop's own checkers, shown failing before they are believed)
    timed out - what it did before the cut still stands: (nothing recorded)

--- exposure  (what the live service serves to an origin it has never heard of)
    SKIPPED - past the 5 minute reporting deadline

--- forked-files  (a file that exists twice must not start saying two things)
    SKIPPED - past the 5 minute reporting deadline

--- t27-parity  (the generated ring and the twin in production still answer the same)
    SKIPPED - past the 5 minute reporting deadline

--- verdict-audit  (check what the swarm claims against what it pushed)
    SKIPPED - past the 5 minute reporting deadline

--- proven  (is the recent work still proving anything)
    SKIPPED - past the 5 minute reporting deadline

--- judge-packet  (queue the unauditable for judgement)
    SKIPPED - past the 5 minute reporting deadline

--- dash  (the box compares against a reading somebody has to write)
    SKIPPED - past the 5 minute reporting deadline

--- clocks  (no decision keyed on a field something rewrites)
    SKIPPED - past the 5 minute reporting deadline

--- fields  (no decision reading a field its query never selects)
    SKIPPED - past the 5 minute reporting deadline

--- fp-check  (no checker accuses anything known good)
    SKIPPED - past the 5 minute reporting deadline

--- unverdicted  (a finished dispatch whose worker never wrote a verdict block)
    SKIPPED - past the 5 minute reporting deadline

--- silent-loop  (an attempt that charges no retry budget can be repeated for ever)
    SKIPPED - past the 5 minute reporting deadline

--- rejudge  (a recorded verdict the current code would no longer give)
    SKIPPED - past the 5 minute reporting deadline

--- idle  (how much of the day the swarm spent doing nothing, and what stopped it)
    SKIPPED - past the 5 minute reporting deadline

--- unwired  (a gate that exists and runs nowhere)
    SKIPPED - past the 5 minute reporting deadline

--- agree  (two implementations of one rule, asked the same question about real rows)
    SKIPPED - past the 5 minute reporting deadline

--- brief-gate  (which open briefs will produce a verdict nothing can check)
    SKIPPED - past the 5 minute reporting deadline

heal complete: two-views=ok reap-local=ok rescue=ok reap=ok lease=ok push-work=ok reap-finished=ok share-modules=ok land=timed out close-done=timed out stale-escalations=skipped author=skipped loop-selftest=timed out exposure=skipped forked-files=skipped t27-parity=skipped verdict-audit=skipped proven=skipped judge-packet=skipped dash=skipped clocks=skipped fields=skipped fp-check=skipped unverdicted=skipped silent-loop=skipped rejudge=skipped idle=skipped unwired=skipped agree=skipped brief-gate=skipped

  NOT REACHED: 19 of 30 steps never started - stale-escalations, author, exposure, forked-files, t27-parity, verdict-audit, proven, judge-packet, dash, clocks, fields, fp-check, unverdicted, silent-loop, rejudge, idle, unwired, agree, brief-gate
  They are first in line next run; the reporting phase is ordered by hunger.
  tri reach   - how often each step has actually run, over the whole ledger
2026-09-19T14:45:12.662Z heal start
another run holds the loop lock (feed, 2 min) - standing down
2026-09-19T14:55:15.745Z heal start
another run holds the loop lock (feed, 2 min) - standing down
2026-09-19T15:05:18.892Z heal start
another run holds the loop lock (feed, 1 min) - standing down
2026-09-19T15:16:20.794Z heal start
another run holds the loop lock (feed, 1 min) - standing down
2026-09-19T15:27:34.422Z heal start

--- two-views  (both views of the service, at the same moment)
    both views agree the service is up

--- reap-local  (free the disk this loop runs on)
    could not list the worktrees

--- rescue  (save work a bee never committed, before anything reclaims it)
    rescued 0 stranded path(s) from 0 tree(s)

--- reap  (free the volume before anything else)
    reclaimed 0.6 G

--- lease  (release idle path fences)
    timed out - what it did before the cut still stands: (nothing recorded)

--- push-work  (make finished work visible)
    SKIPPED - past the 8 minute swarm-freeing deadline

--- reap-finished  (a worktree stops being needed when its work is published)
    SKIPPED - past the 8 minute swarm-freeing deadline

--- share-modules  (one installed dependency tree, linked into every worktree)
    SKIPPED - past the 8 minute swarm-freeing deadline

--- land  (put accepted work into the branch it was accepted for)
    SKIPPED - past the 8 minute swarm-freeing deadline

--- close-done  (clear accepted issues from the pool)
    SKIPPED - past the 8 minute swarm-freeing deadline

--- stale-escalations  (retire escalations whose stated cause no longer reproduces)
    SKIPPED - past the 8 minute swarm-freeing deadline

--- author  (refill the backlog from a measured deficit)
    SKIPPED - past the 8 minute swarm-freeing deadline

  lock released: everything from here only reads, and the refill needs it

--- loop-selftest  (the loop's own checkers, shown failing before they are believed)
    timed out - what it did before the cut still stands: (nothing recorded)

--- exposure  (what the live service serves to an origin it has never heard of)
    SKIPPED - past the 5 minute reporting deadline

--- forked-files  (a file that exists twice must not start saying two things)
    SKIPPED - past the 5 minute reporting deadline

--- t27-parity  (the generated ring and the twin in production still answer the same)
    SKIPPED - past the 5 minute reporting deadline

--- verdict-audit  (check what the swarm claims against what it pushed)
    SKIPPED - past the 5 minute reporting deadline

--- proven  (is the recent work still proving anything)
    SKIPPED - past the 5 minute reporting deadline

--- judge-packet  (queue the unauditable for judgement)
    SKIPPED - past the 5 minute reporting deadline

--- dash  (the box compares against a reading somebody has to write)
    SKIPPED - past the 5 minute reporting deadline

--- clocks  (no decision keyed on a field something rewrites)
    SKIPPED - past the 5 minute reporting deadline

--- fields  (no decision reading a field its query never selects)
    SKIPPED - past the 5 minute reporting deadline

--- fp-check  (no checker accuses anything known good)
    SKIPPED - past the 5 minute reporting deadline

--- unverdicted  (a finished dispatch whose worker never wrote a verdict block)
    SKIPPED - past the 5 minute reporting deadline

--- silent-loop  (an attempt that charges no retry budget can be repeated for ever)
    SKIPPED - past the 5 minute reporting deadline

--- rejudge  (a recorded verdict the current code would no longer give)
    SKIPPED - past the 5 minute reporting deadline

--- idle  (how much of the day the swarm spent doing nothing, and what stopped it)
    SKIPPED - past the 5 minute reporting deadline

--- unwired  (a gate that exists and runs nowhere)
    SKIPPED - past the 5 minute reporting deadline

--- agree  (two implementations of one rule, asked the same question about real rows)
    SKIPPED - past the 5 minute reporting deadline

--- brief-gate  (which open briefs will produce a verdict nothing can check)
    SKIPPED - past the 5 minute reporting deadline

heal complete: two-views=ok reap-local=ok rescue=ok reap=ok lease=timed out push-work=skipped reap-finished=skipped share-modules=skipped land=skipped close-done=skipped stale-escalations=skipped author=skipped loop-selftest=timed out exposure=skipped forked-files=skipped t27-parity=skipped verdict-audit=skipped proven=skipped judge-packet=skipped dash=skipped clocks=skipped fields=skipped fp-check=skipped unverdicted=skipped silent-loop=skipped rejudge=skipped idle=skipped unwired=skipped agree=skipped brief-gate=skipped

  NOT REACHED: 24 of 30 steps never started - push-work, reap-finished, share-modules, land, close-done, stale-escalations, author, exposure, forked-files, t27-parity, verdict-audit, proven, judge-packet, dash, clocks, fields, fp-check, unverdicted, silent-loop, rejudge, idle, unwired, agree, brief-gate
  They are first in line next run; the reporting phase is ordered by hunger.
  tri reach   - how often each step has actually run, over the whole ledger
2026-09-19T15:50:50.150Z heal start
another run holds the loop lock (feed, 0 min) - standing down
2026-09-19T16:01:17.954Z heal start
another run holds the loop lock (feed, 0 min) - standing down
2026-09-19T16:28:55.923Z heal start
another run holds the loop lock (feed, 2 min) - standing down
2026-09-19T16:39:06.591Z heal start
another run holds the loop lock (feed, 1 min) - standing down
2026-09-19T16:49:25.912Z heal start
another run holds the loop lock (feed, 1 min) - standing down
2026-09-19T16:59:33.019Z heal start
another run holds the loop lock (feed, 1 min) - standing down
2026-09-19T17:09:41.694Z heal start
another run holds the loop lock (feed, 1 min) - standing down
2026-09-19T17:19:49.918Z heal start
another run holds the loop lock (feed, 1 min) - standing down
2026-09-19T17:29:55.730Z heal start
another run holds the loop lock (feed, 1 min) - standing down
2026-09-19T17:40:02.218Z heal start
another run holds the loop lock (feed, 1 min) - standing down
2026-09-19T17:50:14.641Z heal start

--- two-views  (both views of the service, at the same moment)
    both views agree the service is up

--- reap-local  (free the disk this loop runs on)
    20 worktrees, none removable

--- rescue  (save work a bee never committed, before anything reclaims it)
    rescued 0 stranded path(s) from 0 tree(s)

--- reap  (free the volume before anything else)
    reclaimed 15.1 G

--- lease  (release idle path fences)
    SKIPPED - 28s left, under the 60s a step needs to finish

--- push-work  (make finished work visible)
    SKIPPED - 28s left, under the 60s a step needs to finish

--- reap-finished  (a worktree stops being needed when its work is published)
    SKIPPED - 28s left, under the 60s a step needs to finish

--- share-modules  (one installed dependency tree, linked into every worktree)
    SKIPPED - 28s left, under the 60s a step needs to finish

--- land  (put accepted work into the branch it was accepted for)
    SKIPPED - 28s left, under the 60s a step needs to finish

--- close-done  (clear accepted issues from the pool)
    SKIPPED - 28s left, under the 60s a step needs to finish

--- stale-escalations  (retire escalations whose stated cause no longer reproduces)
    SKIPPED - 28s left, under the 60s a step needs to finish

--- author  (refill the backlog from a measured deficit)
    SKIPPED - 28s left, under the 60s a step needs to finish

  lock released: everything from here only reads, and the refill needs it

--- loop-selftest  (the loop's own checkers, shown failing before they are believed)
    timed out - what it did before the cut still stands: (nothing recorded)

--- exposure  (what the live service serves to an origin it has never heard of)
    SKIPPED - past the 5 minute reporting deadline

--- forked-files  (a file that exists twice must not start saying two things)
    SKIPPED - past the 5 minute reporting deadline

--- t27-parity  (the generated ring and the twin in production still answer the same)
    SKIPPED - past the 5 minute reporting deadline

--- verdict-audit  (check what the swarm claims against what it pushed)
    SKIPPED - past the 5 minute reporting deadline

--- proven  (is the recent work still proving anything)
    SKIPPED - past the 5 minute reporting deadline

--- judge-packet  (queue the unauditable for judgement)
    SKIPPED - past the 5 minute reporting deadline

--- dash  (the box compares against a reading somebody has to write)
    SKIPPED - past the 5 minute reporting deadline

--- clocks  (no decision keyed on a field something rewrites)
    SKIPPED - past the 5 minute reporting deadline

--- fields  (no decision reading a field its query never selects)
    SKIPPED - past the 5 minute reporting deadline

--- fp-check  (no checker accuses anything known good)
    SKIPPED - past the 5 minute reporting deadline

--- unverdicted  (a finished dispatch whose worker never wrote a verdict block)
    SKIPPED - past the 5 minute reporting deadline

--- silent-loop  (an attempt that charges no retry budget can be repeated for ever)
    SKIPPED - past the 5 minute reporting deadline

--- rejudge  (a recorded verdict the current code would no longer give)
    SKIPPED - past the 5 minute reporting deadline

--- idle  (how much of the day the swarm spent doing nothing, and what stopped it)
    SKIPPED - past the 5 minute reporting deadline

--- unwired  (a gate that exists and runs nowhere)
    SKIPPED - past the 5 minute reporting deadline

--- agree  (two implementations of one rule, asked the same question about real rows)
    SKIPPED - past the 5 minute reporting deadline

--- brief-gate  (which open briefs will produce a verdict nothing can check)
    SKIPPED - past the 5 minute reporting deadline

heal complete: two-views=ok reap-local=ok rescue=ok reap=ok lease=skipped push-work=skipped reap-finished=skipped share-modules=skipped land=skipped close-done=skipped stale-escalations=skipped author=skipped loop-selftest=timed out exposure=skipped forked-files=skipped t27-parity=skipped verdict-audit=skipped proven=skipped judge-packet=skipped dash=skipped clocks=skipped fields=skipped fp-check=skipped unverdicted=skipped silent-loop=skipped rejudge=skipped idle=skipped unwired=skipped agree=skipped brief-gate=skipped

  NOT REACHED: 25 of 30 steps never started - lease, push-work, reap-finished, share-modules, land, close-done, stale-escalations, author, exposure, forked-files, t27-parity, verdict-audit, proven, judge-packet, dash, clocks, fields, fp-check, unverdicted, silent-loop, rejudge, idle, unwired, agree, brief-gate
  They are first in line next run; the reporting phase is ordered by hunger.
  tri reach   - how often each step has actually run, over the whole ledger
2026-09-19T18:12:51.989Z heal start
another run holds the loop lock (feed, 2 min) - standing down
2026-09-19T18:23:50.780Z heal start
another run holds the loop lock (feed, 3 min) - standing down
2026-09-19T18:34:20.270Z heal start
another run holds the loop lock (feed, 4 min) - standing down
2026-09-19T18:44:46.509Z heal start
another run holds the loop lock (feed, 4 min) - standing down
2026-09-19T18:55:05.166Z heal start
another run holds the loop lock (feed, 4 min) - standing down
2026-09-19T19:05:24.982Z heal start
another run holds the loop lock (feed, 4 min) - standing down
2026-09-19T19:15:28.919Z heal start
another run holds the loop lock (feed, 3 min) - standing down
2026-09-19T19:25:35.159Z heal start
another run holds the loop lock (feed, 3 min) - standing down
2026-09-19T19:35:39.062Z heal start
another run holds the loop lock (feed, 1 min) - standing down
2026-09-19T19:45:46.995Z heal start
another run holds the loop lock (feed, 1 min) - standing down
2026-09-19T19:56:19.119Z heal start
another run holds the loop lock (feed, 2 min) - standing down
2026-09-19T20:06:33.106Z heal start
another run holds the loop lock (feed, 2 min) - standing down
2026-09-19T20:16:40.541Z heal start
another run holds the loop lock (feed, 1 min) - standing down
2026-09-19T20:26:46.015Z heal start
another run holds the loop lock (feed, 1 min) - standing down
2026-09-19T20:36:54.441Z heal start
another run holds the loop lock (feed, 1 min) - standing down
2026-09-19T20:46:58.467Z heal start
another run holds the loop lock (feed, 1 min) - standing down
2026-09-19T20:57:03.371Z heal start
another run holds the loop lock (feed, 1 min) - standing down
2026-09-19T21:07:11.188Z heal start
another run holds the loop lock (feed, 1 min) - standing down
2026-09-19T21:17:20.660Z heal start
another run holds the loop lock (feed, 1 min) - standing down
2026-09-19T21:27:29.630Z heal start
another run holds the loop lock (feed, 1 min) - standing down
2026-09-19T21:37:35.180Z heal start
another run holds the loop lock (feed, 0 min) - standing down
2026-09-19T21:47:39.421Z heal start
another run holds the loop lock (feed, 0 min) - standing down
2026-09-19T21:57:47.706Z heal start
another run holds the loop lock (feed, 0 min) - standing down
2026-09-19T22:08:42.169Z heal start

--- two-views  (both views of the service, at the same moment)
    both views agree the service is up

--- reap-local  (free the disk this loop runs on)
    20 worktrees, none removable

--- rescue  (save work a bee never committed, before anything reclaims it)
    rescued 0 stranded path(s) from 0 tree(s)

--- reap  (free the volume before anything else)
    reclaimed 13.7 G

--- lease  (release idle path fences)
    SKIPPED - 33s left, under the 60s a step needs to finish

--- push-work  (make finished work visible)
    SKIPPED - 33s left, under the 60s a step needs to finish

--- reap-finished  (a worktree stops being needed when its work is published)
    SKIPPED - 33s left, under the 60s a step needs to finish

--- share-modules  (one installed dependency tree, linked into every worktree)
    SKIPPED - 33s left, under the 60s a step needs to finish

--- land  (put accepted work into the branch it was accepted for)
    SKIPPED - 33s left, under the 60s a step needs to finish

--- close-done  (clear accepted issues from the pool)
    SKIPPED - 33s left, under the 60s a step needs to finish

--- stale-escalations  (retire escalations whose stated cause no longer reproduces)
    SKIPPED - 33s left, under the 60s a step needs to finish

--- author  (refill the backlog from a measured deficit)
    SKIPPED - 33s left, under the 60s a step needs to finish

  lock released: everything from here only reads, and the refill needs it

--- loop-selftest  (the loop's own checkers, shown failing before they are believed)
    timed out - what it did before the cut still stands: (nothing recorded)

--- exposure  (what the live service serves to an origin it has never heard of)
    SKIPPED - past the 5 minute reporting deadline

--- forked-files  (a file that exists twice must not start saying two things)
    SKIPPED - past the 5 minute reporting deadline

--- t27-parity  (the generated ring and the twin in production still answer the same)
    SKIPPED - past the 5 minute reporting deadline

--- verdict-audit  (check what the swarm claims against what it pushed)
    SKIPPED - past the 5 minute reporting deadline

--- proven  (is the recent work still proving anything)
    SKIPPED - past the 5 minute reporting deadline

--- judge-packet  (queue the unauditable for judgement)
    SKIPPED - past the 5 minute reporting deadline

--- dash  (the box compares against a reading somebody has to write)
    SKIPPED - past the 5 minute reporting deadline

--- clocks  (no decision keyed on a field something rewrites)
    SKIPPED - past the 5 minute reporting deadline

--- fields  (no decision reading a field its query never selects)
    SKIPPED - past the 5 minute reporting deadline

--- fp-check  (no checker accuses anything known good)
    SKIPPED - past the 5 minute reporting deadline

--- unverdicted  (a finished dispatch whose worker never wrote a verdict block)
    SKIPPED - past the 5 minute reporting deadline

--- silent-loop  (an attempt that charges no retry budget can be repeated for ever)
    SKIPPED - past the 5 minute reporting deadline

--- rejudge  (a recorded verdict the current code would no longer give)
    SKIPPED - past the 5 minute reporting deadline

--- idle  (how much of the day the swarm spent doing nothing, and what stopped it)
    SKIPPED - past the 5 minute reporting deadline

--- unwired  (a gate that exists and runs nowhere)
    SKIPPED - past the 5 minute reporting deadline

--- agree  (two implementations of one rule, asked the same question about real rows)
    SKIPPED - past the 5 minute reporting deadline

--- brief-gate  (which open briefs will produce a verdict nothing can check)
    SKIPPED - past the 5 minute reporting deadline

heal complete: two-views=ok reap-local=ok rescue=ok reap=ok lease=skipped push-work=skipped reap-finished=skipped share-modules=skipped land=skipped close-done=skipped stale-escalations=skipped author=skipped loop-selftest=timed out exposure=skipped forked-files=skipped t27-parity=skipped verdict-audit=skipped proven=skipped judge-packet=skipped dash=skipped clocks=skipped fields=skipped fp-check=skipped unverdicted=skipped silent-loop=skipped rejudge=skipped idle=skipped unwired=skipped agree=skipped brief-gate=skipped

  NOT REACHED: 25 of 30 steps never started - lease, push-work, reap-finished, share-modules, land, close-done, stale-escalations, author, exposure, forked-files, t27-parity, verdict-audit, proven, judge-packet, dash, clocks, fields, fp-check, unverdicted, silent-loop, rejudge, idle, unwired, agree, brief-gate
  They are first in line next run; the reporting phase is ordered by hunger.
  tri reach   - how often each step has actually run, over the whole ledger
2026-09-19T22:31:24.099Z heal start
another run holds the loop lock (feed, 2 min) - standing down
2026-09-19T22:41:29.750Z heal start
another run holds the loop lock (feed, 2 min) - standing down
2026-09-19T22:51:37.824Z heal start
another run holds the loop lock (feed, 2 min) - standing down
2026-09-19T23:01:46.611Z heal start
another run holds the loop lock (feed, 2 min) - standing down
2026-09-19T23:11:54.215Z heal start
another run holds the loop lock (feed, 2 min) - standing down
2026-09-19T23:22:01.876Z heal start
another run holds the loop lock (feed, 2 min) - standing down
2026-09-19T23:32:09.741Z heal start
another run holds the loop lock (feed, 2 min) - standing down
2026-09-19T23:42:13.886Z heal start
another run holds the loop lock (feed, 2 min) - standing down
2026-09-19T23:52:21.538Z heal start
another run holds the loop lock (feed, 2 min) - standing down
2026-09-20T00:02:28.399Z heal start
another run holds the loop lock (feed, 2 min) - standing down
2026-09-20T00:12:39.544Z heal start
another run holds the loop lock (feed, 2 min) - standing down
2026-09-20T00:22:45.078Z heal start
another run holds the loop lock (feed, 2 min) - standing down
2026-09-20T00:32:49.984Z heal start
another run holds the loop lock (feed, 3 min) - standing down
2026-09-20T00:42:56.225Z heal start
another run holds the loop lock (feed, 3 min) - standing down
2026-09-20T00:53:00.413Z heal start
another run holds the loop lock (feed, 3 min) - standing down
2026-09-20T01:03:09.749Z heal start
another run holds the loop lock (feed, 3 min) - standing down
2026-09-20T01:13:11.400Z heal start
another run holds the loop lock (feed, 2 min) - standing down
2026-09-20T01:23:14.777Z heal start
another run holds the loop lock (feed, 2 min) - standing down
2026-09-20T01:33:19.524Z heal start
another run holds the loop lock (feed, 2 min) - standing down
2026-09-20T01:43:27.563Z heal start
another run holds the loop lock (feed, 2 min) - standing down
2026-09-20T01:53:33.158Z heal start
another run holds the loop lock (feed, 2 min) - standing down
2026-09-20T02:04:03.806Z heal start
another run holds the loop lock (feed, 3 min) - standing down
2026-09-20T02:14:08.818Z heal start
another run holds the loop lock (feed, 2 min) - standing down
2026-09-20T02:24:16.491Z heal start
another run holds the loop lock (feed, 2 min) - standing down
2026-09-20T02:34:24.930Z heal start
another run holds the loop lock (feed, 2 min) - standing down
2026-09-20T02:44:27.657Z heal start
another run holds the loop lock (feed, 2 min) - standing down
2026-09-20T02:54:35.542Z heal start
another run holds the loop lock (feed, 2 min) - standing down
2026-09-20T03:04:43.030Z heal start
another run holds the loop lock (feed, 1 min) - standing down
2026-09-20T03:14:44.805Z heal start
another run holds the loop lock (feed, 1 min) - standing down
2026-09-20T03:24:48.980Z heal start
another run holds the loop lock (feed, 1 min) - standing down
2026-09-20T03:34:55.782Z heal start
another run holds the loop lock (feed, 1 min) - standing down
2026-09-20T03:45:01.254Z heal start
another run holds the loop lock (feed, 1 min) - standing down
2026-09-20T03:55:10.614Z heal start
another run holds the loop lock (feed, 1 min) - standing down
2026-09-20T04:05:24.100Z heal start
another run holds the loop lock (feed, 2 min) - standing down
2026-09-20T04:15:25.421Z heal start
another run holds the loop lock (feed, 1 min) - standing down
2026-09-20T04:25:32.343Z heal start

--- two-views  (both views of the service, at the same moment)
    both views agree the service is up

--- reap-local  (free the disk this loop runs on)
    20 worktrees, none removable

--- rescue  (save work a bee never committed, before anything reclaims it)
    rescued 0 stranded path(s) from 0 tree(s)

--- reap  (free the volume before anything else)
    volume below the threshold, nothing reaped

--- lease  (release idle path fences)
    released 12, quarantined 57, held 0
      !! #4015  sendBack  sb=2 paths=1  2 attempts, at or over the ceiling of 2 - a person decides, not a timer
      !! #3995  sendBack  sb=2 paths=1  2 attempts, at or over the ceiling of 2 - a person decides, not a timer
      !! #3981  sendBack  sb=2 paths=1  2 attempts, at or over the ceiling of 2 - a person decides, not a timer
      !! #3985  sendBack  sb=2 paths=1  2 attempts, at or over the ceiling of 2 - a person decides, not a timer
      !! #4267  sendBack  sb=2 paths=1  2 attempts, at or over the ceiling of 2 - a person decides, not a timer
      !! #4029  sendBack  sb=2 paths=1  2 attempts, at or over the ceiling of 2 - a person decides, not a timer
      !! #3860  sendBack  sb=2 paths=1  2 attempts, at or over the ceiling of 2 - a person decides, not a timer
      !! #3990  sendBack  sb=2 paths=1  2 attempts, at or over the ceiling of 2 - a person decides, not a timer
      !! #4258  sendBack  sb=2 paths=1  2 attempts, at or over the ceiling of 2 - a person decides, not a timer
      !! #4028  sendBack  sb=2 paths=1  2 attempts, at or over the ceiling of 2 - a person decides, not a timer
      !! #4259  sendBack  sb=2 paths=1  2 attempts, at or over the ceiling of 2 - a person decides, not a timer
      !! #3931  sendBack  sb=2 paths=1  2 attempts, at or over the ceiling of 2 - a person decides, not a timer
      !! #3988  sendBack  sb=2 paths=1  2 attempts, at or over the ceiling of 2 - a person decides, not a timer
      !! #3935  sendBack  sb=2 paths=1  2 attempts, at or over the ceiling of 2 - a person decides, not a timer
      !! #4009  sendBack  sb=2 paths=1  2 attempts, at or over the ceiling of 2 - a person decides, not a timer
      !! #4007  sendBack  sb=2 paths=1  2 attempts, at or over the ceiling of 2 - a person decides, not a timer
      !! #3996  sendBack  sb=2 paths=1  2 attempts, at or over the ceiling of 2 - a person decides, not a timer
      !! #4011  sendBack  sb=2 paths=1  2 attempts, at or over the ceiling of 2 - a person decides, not a timer
      !! #3970  sendBack  sb=2 paths=1  2 attempts, at or over the ceiling of 2 - a person decides, not a timer
      !! #4017  sendBack  sb=2 paths=1  2 attempts, at or over the ceiling of 2 - a person decides, not a timer
      ... and 37 more line(s) like these

--- push-work  (make finished work visible)
    pushed 0

--- reap-finished  (a worktree stops being needed when its work is published)
    0 redundant worktree(s) removed, 2 still hold work

--- share-modules  (one installed dependency tree, linked into every worktree)
    0 tree(s) share one store, 0 MB returned

--- land  (put accepted work into the branch it was accepted for)
    capped at 130s, leaving 180s for the 3 step(s) behind it (it resumes next run)
    timed out - what it did before the cut still stands: (nothing recorded)

--- close-done  (clear accepted issues from the pool)
    timed out - what it did before the cut still stands: (nothing recorded)

--- stale-escalations  (retire escalations whose stated cause no longer reproduces)
    SKIPPED - past the 8 minute swarm-freeing deadline

--- author  (refill the backlog from a measured deficit)
    SKIPPED - past the 8 minute swarm-freeing deadline

  lock released: everything from here only reads, and the refill needs it

--- loop-selftest  (the loop's own checkers, shown failing before they are believed)
    timed out - what it did before the cut still stands: (nothing recorded)

--- exposure  (what the live service serves to an origin it has never heard of)
    SKIPPED - past the 5 minute reporting deadline

--- forked-files  (a file that exists twice must not start saying two things)
    SKIPPED - past the 5 minute reporting deadline

--- t27-parity  (the generated ring and the twin in production still answer the same)
    SKIPPED - past the 5 minute reporting deadline

--- verdict-audit  (check what the swarm claims against what it pushed)
    SKIPPED - past the 5 minute reporting deadline

--- proven  (is the recent work still proving anything)
    SKIPPED - past the 5 minute reporting deadline

--- judge-packet  (queue the unauditable for judgement)
    SKIPPED - past the 5 minute reporting deadline

--- dash  (the box compares against a reading somebody has to write)
    SKIPPED - past the 5 minute reporting deadline

--- clocks  (no decision keyed on a field something rewrites)
    SKIPPED - past the 5 minute reporting deadline

--- fields  (no decision reading a field its query never selects)
    SKIPPED - past the 5 minute reporting deadline

--- fp-check  (no checker accuses anything known good)
    SKIPPED - past the 5 minute reporting deadline

--- unverdicted  (a finished dispatch whose worker never wrote a verdict block)
    SKIPPED - past the 5 minute reporting deadline

--- silent-loop  (an attempt that charges no retry budget can be repeated for ever)
    SKIPPED - past the 5 minute reporting deadline

--- rejudge  (a recorded verdict the current code would no longer give)
    SKIPPED - past the 5 minute reporting deadline

--- idle  (how much of the day the swarm spent doing nothing, and what stopped it)
    SKIPPED - past the 5 minute reporting deadline

--- unwired  (a gate that exists and runs nowhere)
    SKIPPED - past the 5 minute reporting deadline

--- agree  (two implementations of one rule, asked the same question about real rows)
    SKIPPED - past the 5 minute reporting deadline

--- brief-gate  (which open briefs will produce a verdict nothing can check)
    SKIPPED - past the 5 minute reporting deadline

heal complete: two-views=ok reap-local=ok rescue=ok reap=ok lease=ok push-work=ok reap-finished=ok share-modules=ok land=timed out close-done=timed out stale-escalations=skipped author=skipped loop-selftest=timed out exposure=skipped forked-files=skipped t27-parity=skipped verdict-audit=skipped proven=skipped judge-packet=skipped dash=skipped clocks=skipped fields=skipped fp-check=skipped unverdicted=skipped silent-loop=skipped rejudge=skipped idle=skipped unwired=skipped agree=skipped brief-gate=skipped

  NOT REACHED: 19 of 30 steps never started - stale-escalations, author, exposure, forked-files, t27-parity, verdict-audit, proven, judge-packet, dash, clocks, fields, fp-check, unverdicted, silent-loop, rejudge, idle, unwired, agree, brief-gate
  They are first in line next run; the reporting phase is ordered by hunger.
  tri reach   - how often each step has actually run, over the whole ledger
2026-09-20T04:48:42.219Z heal start
another run holds the loop lock (feed, 1 min) - standing down
2026-09-20T04:58:44.650Z heal start
another run holds the loop lock (feed, 1 min) - standing down
2026-09-20T05:08:47.944Z heal start
another run holds the loop lock (feed, 1 min) - standing down
2026-09-20T05:18:55.787Z heal start
another run holds the loop lock (feed, 1 min) - standing down
2026-09-20T05:29:02.243Z heal start
another run holds the loop lock (feed, 1 min) - standing down
2026-09-20T05:39:11.389Z heal start
another run holds the loop lock (feed, 1 min) - standing down
2026-09-20T05:49:12.874Z heal start
another run holds the loop lock (feed, 1 min) - standing down
2026-09-20T05:59:19.568Z heal start
another run holds the loop lock (feed, 1 min) - standing down
2026-09-20T06:09:26.237Z heal start
another run holds the loop lock (feed, 1 min) - standing down
2026-09-20T06:19:33.193Z heal start
another run holds the loop lock (feed, 1 min) - standing down
2026-09-20T06:29:35.029Z heal start
another run holds the loop lock (feed, 1 min) - standing down
2026-09-20T06:39:36.883Z heal start
another run holds the loop lock (feed, 1 min) - standing down
2026-09-20T06:49:37.894Z heal start
another run holds the loop lock (feed, 0 min) - standing down
2026-09-20T06:59:38.804Z heal start
another run holds the loop lock (feed, 0 min) - standing down
2026-09-20T07:09:40.170Z heal start

--- two-views  (both views of the service, at the same moment)
    both views agree the service is up

--- reap-local  (free the disk this loop runs on)
    20 worktrees, none removable

--- rescue  (save work a bee never committed, before anything reclaims it)
    rescued 0 stranded path(s) from 0 tree(s)

--- reap  (free the volume before anything else)
    reclaimed 12.8 G

--- lease  (release idle path fences)
    released 3, quarantined 22, held 7
      !! #4258  sendBack  sb=2 paths=1  2 attempts, at or over the ceiling of 2 - a person decides, not a timer
      !! #4009  sendBack  sb=2 paths=1  2 attempts, at or over the ceiling of 2 - a person decides, not a timer
      !! #3988  sendBack  sb=2 paths=1  2 attempts, at or over the ceiling of 2 - a person decides, not a timer
      !! #3976  sendBack  sb=2 paths=1  2 attempts, at or over the ceiling of 2 - a person decides, not a timer
      !! #4017  sendBack  sb=2 paths=1  2 attempts, at or over the ceiling of 2 - a person decides, not a timer
      !! #4002  sendBack  sb=2 paths=1  2 attempts, at or over the ceiling of 2 - a person decides, not a timer
      !! #4020  sendBack  sb=2 paths=1  2 attempts, at or over the ceiling of 2 - a person decides, not a timer
      !! #3985  sendBack  sb=2 paths=1  2 attempts, at or over the ceiling of 2 - a person decides, not a timer
      !! #3981  sendBack  sb=2 paths=1  2 attempts, at or over the ceiling of 2 - a person decides, not a timer
      !! #4011  sendBack  sb=2 paths=1  2 attempts, at or over the ceiling of 2 - a person decides, not a timer
      !! #3939  sendBack  sb=2 paths=1  2 attempts, at or over the ceiling of 2 - a person decides, not a timer
      !! #4005  sendBack  sb=2 paths=1  2 attempts, at or over the ceiling of 2 - a person decides, not a timer
      !! #3991  sendBack  sb=2 paths=1  2 attempts, at or over the ceiling of 2 - a person decides, not a timer
      !! #3997  sendBack  sb=2 paths=1  2 attempts, at or over the ceiling of 2 - a person decides, not a timer
      !! #3994  sendBack  sb=2 paths=1  2 attempts, at or over the ceiling of 2 - a person decides, not a timer
      !! #3993  sendBack  sb=2 paths=1  2 attempts, at or over the ceiling of 2 - a person decides, not a timer
      !! #3979  sendBack  sb=2 paths=1  2 attempts, at or over the ceiling of 2 - a person decides, not a timer
      !! #3982  sendBack  sb=2 paths=1  2 attempts, at or over the ceiling of 2 - a person decides, not a timer
      !! #3936  sendBack  sb=2 paths=1  2 attempts, at or over the ceiling of 2 - a person decides, not a timer
      !! #4023  sendBack  sb=2 paths=1  2 attempts, at or over the ceiling of 2 - a person decides, not a timer
      ... and 2 more line(s) like these

--- push-work  (make finished work visible)
    pushed 0

--- reap-finished  (a worktree stops being needed when its work is published)
    0 redundant worktree(s) removed, 2 still hold work

--- share-modules  (one installed dependency tree, linked into every worktree)
    0 tree(s) share one store, 0 MB returned

--- land  (put accepted work into the branch it was accepted for)
    capped at 96s, leaving 180s for the 3 step(s) behind it (it resumes next run)
    timed out - what it did before the cut still stands: (nothing recorded)

--- close-done  (clear accepted issues from the pool)
    timed out - what it did before the cut still stands: (nothing recorded)

--- stale-escalations  (retire escalations whose stated cause no longer reproduces)
    SKIPPED - past the 8 minute swarm-freeing deadline

--- author  (refill the backlog from a measured deficit)
    SKIPPED - past the 8 minute swarm-freeing deadline

  lock released: everything from here only reads, and the refill needs it

--- loop-selftest  (the loop's own checkers, shown failing before they are believed)
    timed out - what it did before the cut still stands: (nothing recorded)

--- exposure  (what the live service serves to an origin it has never heard of)
    SKIPPED - past the 5 minute reporting deadline

--- forked-files  (a file that exists twice must not start saying two things)
    SKIPPED - past the 5 minute reporting deadline

--- t27-parity  (the generated ring and the twin in production still answer the same)
    SKIPPED - past the 5 minute reporting deadline

--- verdict-audit  (check what the swarm claims against what it pushed)
    SKIPPED - past the 5 minute reporting deadline

--- proven  (is the recent work still proving anything)
    SKIPPED - past the 5 minute reporting deadline

--- judge-packet  (queue the unauditable for judgement)
    SKIPPED - past the 5 minute reporting deadline

--- dash  (the box compares against a reading somebody has to write)
    SKIPPED - past the 5 minute reporting deadline

--- clocks  (no decision keyed on a field something rewrites)
    SKIPPED - past the 5 minute reporting deadline

--- fields  (no decision reading a field its query never selects)
    SKIPPED - past the 5 minute reporting deadline

--- fp-check  (no checker accuses anything known good)
    SKIPPED - past the 5 minute reporting deadline

--- unverdicted  (a finished dispatch whose worker never wrote a verdict block)
    SKIPPED - past the 5 minute reporting deadline

--- silent-loop  (an attempt that charges no retry budget can be repeated for ever)
    SKIPPED - past the 5 minute reporting deadline

--- rejudge  (a recorded verdict the current code would no longer give)
    SKIPPED - past the 5 minute reporting deadline

--- idle  (how much of the day the swarm spent doing nothing, and what stopped it)
    SKIPPED - past the 5 minute reporting deadline

--- unwired  (a gate that exists and runs nowhere)
    SKIPPED - past the 5 minute reporting deadline

--- agree  (two implementations of one rule, asked the same question about real rows)
    SKIPPED - past the 5 minute reporting deadline

--- brief-gate  (which open briefs will produce a verdict nothing can check)
    SKIPPED - past the 5 minute reporting deadline

heal complete: two-views=ok reap-local=ok rescue=ok reap=ok lease=ok push-work=ok reap-finished=ok share-modules=ok land=timed out close-done=timed out stale-escalations=skipped author=skipped loop-selftest=timed out exposure=skipped forked-files=skipped t27-parity=skipped verdict-audit=skipped proven=skipped judge-packet=skipped dash=skipped clocks=skipped fields=skipped fp-check=skipped unverdicted=skipped silent-loop=skipped rejudge=skipped idle=skipped unwired=skipped agree=skipped brief-gate=skipped

  NOT REACHED: 19 of 30 steps never started - stale-escalations, author, exposure, forked-files, t27-parity, verdict-audit, proven, judge-packet, dash, clocks, fields, fp-check, unverdicted, silent-loop, rejudge, idle, unwired, agree, brief-gate
  They are first in line next run; the reporting phase is ordered by hunger.
  tri reach   - how often each step has actually run, over the whole ledger
2026-09-20T07:32:41.202Z heal start
another run holds the loop lock (feed, 2 min) - standing down
2026-09-20T07:42:44.617Z heal start

--- two-views  (both views of the service, at the same moment)
    both views agree the service is up

--- reap-local  (free the disk this loop runs on)
    20 worktrees, none removable

--- rescue  (save work a bee never committed, before anything reclaims it)
    rescued 0 stranded path(s) from 0 tree(s)

--- reap  (free the volume before anything else)
    reclaimed 6.7 G

--- lease  (release idle path fences)
    released 5, quarantined 21, held 13
      !! #3989  sendBack  sb=2 paths=1  2 attempts, at or over the ceiling of 2 - a person decides, not a timer
      !! #3981  sendBack  sb=2 paths=1  2 attempts, at or over the ceiling of 2 - a person decides, not a timer
      !! #4002  sendBack  sb=2 paths=1  2 attempts, at or over the ceiling of 2 - a person decides, not a timer
      !! #4007  sendBack  sb=2 paths=1  2 attempts, at or over the ceiling of 2 - a person decides, not a timer
      !! #3931  sendBack  sb=2 paths=1  2 attempts, at or over the ceiling of 2 - a person decides, not a timer
      !! #4028  sendBack  sb=2 paths=1  2 attempts, at or over the ceiling of 2 - a person decides, not a timer
      !! #4015  sendBack  sb=2 paths=1  2 attempts, at or over the ceiling of 2 - a person decides, not a timer
      !! #3976  sendBack  sb=2 paths=1  2 attempts, at or over the ceiling of 2 - a person decides, not a timer
      !! #3991  sendBack  sb=2 paths=1  2 attempts, at or over the ceiling of 2 - a person decides, not a timer
      !! #3995  sendBack  sb=2 paths=1  2 attempts, at or over the ceiling of 2 - a person decides, not a timer
      !! #3988  sendBack  sb=2 paths=1  2 attempts, at or over the ceiling of 2 - a person decides, not a timer
      !! #3929  sendBack  sb=2 paths=1  2 attempts, at or over the ceiling of 2 - a person decides, not a timer
      !! #3939  sendBack  sb=2 paths=1  2 attempts, at or over the ceiling of 2 - a person decides, not a timer
      !! #3985  sendBack  sb=2 paths=1  2 attempts, at or over the ceiling of 2 - a person decides, not a timer
      !! #3984  sendBack  sb=2 paths=1  2 attempts, at or over the ceiling of 2 - a person decides, not a timer
      !! #3993  sendBack  sb=2 paths=1  2 attempts, at or over the ceiling of 2 - a person decides, not a timer
      !! #3853  sendBack  sb=2 paths=1  2 attempts, at or over the ceiling of 2 - a person decides, not a timer
      !! #3979  sendBack  sb=2 paths=1  2 attempts, at or over the ceiling of 2 - a person decides, not a timer
      !! #3982  sendBack  sb=2 paths=1  2 attempts, at or over the ceiling of 2 - a person decides, not a timer
      !! #3936  sendBack  sb=2 paths=1  2 attempts, at or over the ceiling of 2 - a person decides, not a timer
      ... and 1 more line(s) like these

--- push-work  (make finished work visible)
    pushed 0

--- reap-finished  (a worktree stops being needed when its work is published)
    0 redundant worktree(s) removed, 2 still hold work

--- share-modules  (one installed dependency tree, linked into every worktree)
    SKIPPED - 35s left, under the 60s a step needs to finish

--- land  (put accepted work into the branch it was accepted for)
    SKIPPED - 35s left, under the 60s a step needs to finish

--- close-done  (clear accepted issues from the pool)
    SKIPPED - 35s left, under the 60s a step needs to finish

--- stale-escalations  (retire escalations whose stated cause no longer reproduces)
    SKIPPED - 35s left, under the 60s a step needs to finish

--- author  (refill the backlog from a measured deficit)
    SKIPPED - 35s left, under the 60s a step needs to finish

  lock released: everything from here only reads, and the refill needs it

--- loop-selftest  (the loop's own checkers, shown failing before they are believed)
    timed out - what it did before the cut still stands: (nothing recorded)

--- exposure  (what the live service serves to an origin it has never heard of)
    SKIPPED - past the 5 minute reporting deadline

--- forked-files  (a file that exists twice must not start saying two things)
    SKIPPED - past the 5 minute reporting deadline

--- t27-parity  (the generated ring and the twin in production still answer the same)
    SKIPPED - past the 5 minute reporting deadline

--- verdict-audit  (check what the swarm claims against what it pushed)
    SKIPPED - past the 5 minute reporting deadline

--- proven  (is the recent work still proving anything)
    SKIPPED - past the 5 minute reporting deadline

--- judge-packet  (queue the unauditable for judgement)
    SKIPPED - past the 5 minute reporting deadline

--- dash  (the box compares against a reading somebody has to write)
    SKIPPED - past the 5 minute reporting deadline

--- clocks  (no decision keyed on a field something rewrites)
    SKIPPED - past the 5 minute reporting deadline

--- fields  (no decision reading a field its query never selects)
    SKIPPED - past the 5 minute reporting deadline

--- fp-check  (no checker accuses anything known good)
    SKIPPED - past the 5 minute reporting deadline

--- unverdicted  (a finished dispatch whose worker never wrote a verdict block)
    SKIPPED - past the 5 minute reporting deadline

--- silent-loop  (an attempt that charges no retry budget can be repeated for ever)
    SKIPPED - past the 5 minute reporting deadline

--- rejudge  (a recorded verdict the current code would no longer give)
    SKIPPED - past the 5 minute reporting deadline

--- idle  (how much of the day the swarm spent doing nothing, and what stopped it)
    SKIPPED - past the 5 minute reporting deadline

--- unwired  (a gate that exists and runs nowhere)
    SKIPPED - past the 5 minute reporting deadline

--- agree  (two implementations of one rule, asked the same question about real rows)
    SKIPPED - past the 5 minute reporting deadline

--- brief-gate  (which open briefs will produce a verdict nothing can check)
    SKIPPED - past the 5 minute reporting deadline

heal complete: two-views=ok reap-local=ok rescue=ok reap=ok lease=ok push-work=ok reap-finished=ok share-modules=skipped land=skipped close-done=skipped stale-escalations=skipped author=skipped loop-selftest=timed out exposure=skipped forked-files=skipped t27-parity=skipped verdict-audit=skipped proven=skipped judge-packet=skipped dash=skipped clocks=skipped fields=skipped fp-check=skipped unverdicted=skipped silent-loop=skipped rejudge=skipped idle=skipped unwired=skipped agree=skipped brief-gate=skipped

  NOT REACHED: 22 of 30 steps never started - share-modules, land, close-done, stale-escalations, author, exposure, forked-files, t27-parity, verdict-audit, proven, judge-packet, dash, clocks, fields, fp-check, unverdicted, silent-loop, rejudge, idle, unwired, agree, brief-gate
  They are first in line next run; the reporting phase is ordered by hunger.
  tri reach   - how often each step has actually run, over the whole ledger
2026-09-20T08:05:31.615Z heal start

--- two-views  (both views of the service, at the same moment)
    both views agree the service is up

--- reap-local  (free the disk this loop runs on)
    20 worktrees, none removable

--- rescue  (save work a bee never committed, before anything reclaims it)
    rescued 0 stranded path(s) from 0 tree(s)

--- reap  (free the volume before anything else)
    reclaimed 3.6 G

--- lease  (release idle path fences)
    released 0, quarantined 16, held 21
      !! #3989  sendBack  sb=2 paths=1  2 attempts, at or over the ceiling of 2 - a person decides, not a timer
      !! #4267  sendBack  sb=2 paths=1  2 attempts, at or over the ceiling of 2 - a person decides, not a timer
      !! #3931  sendBack  sb=2 paths=1  2 attempts, at or over the ceiling of 2 - a person decides, not a timer
      !! #3995  sendBack  sb=2 paths=1  2 attempts, at or over the ceiling of 2 - a person decides, not a timer
      !! #3935  sendBack  sb=2 paths=1  2 attempts, at or over the ceiling of 2 - a person decides, not a timer
      !! #4007  sendBack  sb=2 paths=1  2 attempts, at or over the ceiling of 2 - a person decides, not a timer
      !! #3996  sendBack  sb=2 paths=1  2 attempts, at or over the ceiling of 2 - a person decides, not a timer
      !! #4015  sendBack  sb=2 paths=1  2 attempts, at or over the ceiling of 2 - a person decides, not a timer
      !! #3984  sendBack  sb=2 paths=1  2 attempts, at or over the ceiling of 2 - a person decides, not a timer
      !! #3939  sendBack  sb=2 paths=1  2 attempts, at or over the ceiling of 2 - a person decides, not a timer
      !! #3929  sendBack  sb=2 paths=1  2 attempts, at or over the ceiling of 2 - a person decides, not a timer
      !! #4028  sendBack  sb=2 paths=1  2 attempts, at or over the ceiling of 2 - a person decides, not a timer
      !! #3853  sendBack  sb=2 paths=1  2 attempts, at or over the ceiling of 2 - a person decides, not a timer
      !! #3983  sendBack  sb=2 paths=1  2 attempts, at or over the ceiling of 2 - a person decides, not a timer
      !! #4014  sendBack  sb=2 paths=1  2 attempts, at or over the ceiling of 2 - a person decides, not a timer
      !! #4003  sendBack  sb=2 paths=1  2 attempts, at or over the ceiling of 2 - a person decides, not a timer

--- push-work  (make finished work visible)
    pushed 0

--- reap-finished  (a worktree stops being needed when its work is published)
    0 redundant worktree(s) removed, 2 still hold work

--- share-modules  (one installed dependency tree, linked into every worktree)
    0 tree(s) share one store, 0 MB returned

--- land  (put accepted work into the branch it was accepted for)
    capped at 60s, leaving 14s for the 3 step(s) behind it, 166s short of the 180s they need (it resumes next run)
    timed out - what it did before the cut still stands: (nothing recorded)

--- close-done  (clear accepted issues from the pool)
    SKIPPED - 7s left, under the 60s a step needs to finish

--- stale-escalations  (retire escalations whose stated cause no longer reproduces)
    SKIPPED - 7s left, under the 60s a step needs to finish

--- author  (refill the backlog from a measured deficit)
    SKIPPED - 7s left, under the 60s a step needs to finish

  lock released: everything from here only reads, and the refill needs it

--- loop-selftest  (the loop's own checkers, shown failing before they are believed)
    timed out - what it did before the cut still stands: (nothing recorded)

--- exposure  (what the live service serves to an origin it has never heard of)
    SKIPPED - past the 5 minute reporting deadline

--- forked-files  (a file that exists twice must not start saying two things)
    SKIPPED - past the 5 minute reporting deadline

--- t27-parity  (the generated ring and the twin in production still answer the same)
    SKIPPED - past the 5 minute reporting deadline

--- verdict-audit  (check what the swarm claims against what it pushed)
    SKIPPED - past the 5 minute reporting deadline

--- proven  (is the recent work still proving anything)
    SKIPPED - past the 5 minute reporting deadline

--- judge-packet  (queue the unauditable for judgement)
    SKIPPED - past the 5 minute reporting deadline

--- dash  (the box compares against a reading somebody has to write)
    SKIPPED - past the 5 minute reporting deadline

--- clocks  (no decision keyed on a field something rewrites)
    SKIPPED - past the 5 minute reporting deadline

--- fields  (no decision reading a field its query never selects)
    SKIPPED - past the 5 minute reporting deadline

--- fp-check  (no checker accuses anything known good)
    SKIPPED - past the 5 minute reporting deadline

--- unverdicted  (a finished dispatch whose worker never wrote a verdict block)
    SKIPPED - past the 5 minute reporting deadline

--- silent-loop  (an attempt that charges no retry budget can be repeated for ever)
    SKIPPED - past the 5 minute reporting deadline

--- rejudge  (a recorded verdict the current code would no longer give)
    SKIPPED - past the 5 minute reporting deadline

--- idle  (how much of the day the swarm spent doing nothing, and what stopped it)
    SKIPPED - past the 5 minute reporting deadline

--- unwired  (a gate that exists and runs nowhere)
    SKIPPED - past the 5 minute reporting deadline

--- agree  (two implementations of one rule, asked the same question about real rows)
    SKIPPED - past the 5 minute reporting deadline

--- brief-gate  (which open briefs will produce a verdict nothing can check)
    SKIPPED - past the 5 minute reporting deadline

heal complete: two-views=ok reap-local=ok rescue=ok reap=ok lease=ok push-work=ok reap-finished=ok share-modules=ok land=timed out close-done=skipped stale-escalations=skipped author=skipped loop-selftest=timed out exposure=skipped forked-files=skipped t27-parity=skipped verdict-audit=skipped proven=skipped judge-packet=skipped dash=skipped clocks=skipped fields=skipped fp-check=skipped unverdicted=skipped silent-loop=skipped rejudge=skipped idle=skipped unwired=skipped agree=skipped brief-gate=skipped

  NOT REACHED: 20 of 30 steps never started - close-done, stale-escalations, author, exposure, forked-files, t27-parity, verdict-audit, proven, judge-packet, dash, clocks, fields, fp-check, unverdicted, silent-loop, rejudge, idle, unwired, agree, brief-gate
  They are first in line next run; the reporting phase is ordered by hunger.
  tri reach   - how often each step has actually run, over the whole ledger
2026-09-20T08:29:27.332Z heal start
another run holds the loop lock (feed, 1 min) - standing down
2026-09-20T08:39:30.695Z heal start

--- two-views  (both views of the service, at the same moment)
    both views agree the service is up

--- reap-local  (free the disk this loop runs on)
    20 worktrees, none removable

--- rescue  (save work a bee never committed, before anything reclaims it)
    rescued 0 stranded path(s) from 0 tree(s)

--- reap  (free the volume before anything else)
    reclaimed 4.2 G

--- lease  (release idle path fences)
    released 2, quarantined 14, held 17
      !! #3989  sendBack  sb=2 paths=1  2 attempts, at or over the ceiling of 2 - a person decides, not a timer
      !! #4267  sendBack  sb=2 paths=1  2 attempts, at or over the ceiling of 2 - a person decides, not a timer
      !! #3676  sendBack  sb=2 paths=1  2 attempts, at or over the ceiling of 2 - a person decides, not a timer
      !! #3935  sendBack  sb=2 paths=1  2 attempts, at or over the ceiling of 2 - a person decides, not a timer
      !! #3860  sendBack  sb=2 paths=1  2 attempts, at or over the ceiling of 2 - a person decides, not a timer
      !! #3858  sendBack  sb=2 paths=1  2 attempts, at or over the ceiling of 2 - a person decides, not a timer
      !! #4022  sendBack  sb=2 paths=1  2 attempts, at or over the ceiling of 2 - a person decides, not a timer
      !! #4007  sendBack  sb=2 paths=1  2 attempts, at or over the ceiling of 2 - a person decides, not a timer
      !! #3996  sendBack  sb=2 paths=1  2 attempts, at or over the ceiling of 2 - a person decides, not a timer
      !! #3983  sendBack  sb=2 paths=1  2 attempts, at or over the ceiling of 2 - a person decides, not a timer
      !! #4014  sendBack  sb=2 paths=1  2 attempts, at or over the ceiling of 2 - a person decides, not a timer
      !! #3975  sendBack  sb=2 paths=1  2 attempts, at or over the ceiling of 2 - a person decides, not a timer
      !! #3863  sendBack  sb=2 paths=1  2 attempts, at or over the ceiling of 2 - a person decides, not a timer
      !! #3998  sendBack  sb=2 paths=1  2 attempts, at or over the ceiling of 2 - a person decides, not a timer

--- push-work  (make finished work visible)
    pushed 0

--- reap-finished  (a worktree stops being needed when its work is published)
    0 redundant worktree(s) removed, 2 still hold work

--- share-modules  (one installed dependency tree, linked into every worktree)
    0 tree(s) share one store, 0 MB returned

--- land  (put accepted work into the branch it was accepted for)
    capped at 129s, leaving 180s for the 3 step(s) behind it (it resumes next run)
    timed out - what it did before the cut still stands: (nothing recorded)

--- close-done  (clear accepted issues from the pool)
    timed out - what it did before the cut still stands: (nothing recorded)

--- stale-escalations  (retire escalations whose stated cause no longer reproduces)
    SKIPPED - past the 8 minute swarm-freeing deadline

--- author  (refill the backlog from a measured deficit)
    SKIPPED - past the 8 minute swarm-freeing deadline

  lock released: everything from here only reads, and the refill needs it

--- loop-selftest  (the loop's own checkers, shown failing before they are believed)
    timed out - what it did before the cut still stands: (nothing recorded)

--- exposure  (what the live service serves to an origin it has never heard of)
    SKIPPED - past the 5 minute reporting deadline

--- forked-files  (a file that exists twice must not start saying two things)
    SKIPPED - past the 5 minute reporting deadline

--- t27-parity  (the generated ring and the twin in production still answer the same)
    SKIPPED - past the 5 minute reporting deadline

--- verdict-audit  (check what the swarm claims against what it pushed)
    SKIPPED - past the 5 minute reporting deadline

--- proven  (is the recent work still proving anything)
    SKIPPED - past the 5 minute reporting deadline

--- judge-packet  (queue the unauditable for judgement)
    SKIPPED - past the 5 minute reporting deadline

--- dash  (the box compares against a reading somebody has to write)
    SKIPPED - past the 5 minute reporting deadline

--- clocks  (no decision keyed on a field something rewrites)
    SKIPPED - past the 5 minute reporting deadline

--- fields  (no decision reading a field its query never selects)
    SKIPPED - past the 5 minute reporting deadline

--- fp-check  (no checker accuses anything known good)
    SKIPPED - past the 5 minute reporting deadline

--- unverdicted  (a finished dispatch whose worker never wrote a verdict block)
    SKIPPED - past the 5 minute reporting deadline

--- silent-loop  (an attempt that charges no retry budget can be repeated for ever)
    SKIPPED - past the 5 minute reporting deadline

--- rejudge  (a recorded verdict the current code would no longer give)
    SKIPPED - past the 5 minute reporting deadline

--- idle  (how much of the day the swarm spent doing nothing, and what stopped it)
    SKIPPED - past the 5 minute reporting deadline

--- unwired  (a gate that exists and runs nowhere)
    SKIPPED - past the 5 minute reporting deadline

--- agree  (two implementations of one rule, asked the same question about real rows)
    SKIPPED - past the 5 minute reporting deadline

--- brief-gate  (which open briefs will produce a verdict nothing can check)
    SKIPPED - past the 5 minute reporting deadline

heal complete: two-views=ok reap-local=ok rescue=ok reap=ok lease=ok push-work=ok reap-finished=ok share-modules=ok land=timed out close-done=timed out stale-escalations=skipped author=skipped loop-selftest=timed out exposure=skipped forked-files=skipped t27-parity=skipped verdict-audit=skipped proven=skipped judge-packet=skipped dash=skipped clocks=skipped fields=skipped fp-check=skipped unverdicted=skipped silent-loop=skipped rejudge=skipped idle=skipped unwired=skipped agree=skipped brief-gate=skipped

  NOT REACHED: 19 of 30 steps never started - stale-escalations, author, exposure, forked-files, t27-parity, verdict-audit, proven, judge-packet, dash, clocks, fields, fp-check, unverdicted, silent-loop, rejudge, idle, unwired, agree, brief-gate
  They are first in line next run; the reporting phase is ordered by hunger.
  tri reach   - how often each step has actually run, over the whole ledger
2026-09-20T09:02:39.000Z heal start
another run holds the loop lock (feed, 0 min) - standing down
2026-09-20T09:13:30.776Z heal start

--- two-views  (both views of the service, at the same moment)
    the two views of the service DISAGREE - a green health check is not evidence the channel will connect

--- reap-local  (free the disk this loop runs on)
    20 worktrees, none removable

--- rescue  (save work a bee never committed, before anything reclaims it)
    rescued 0 stranded path(s) from 0 tree(s)

--- reap  (free the volume before anything else)
    reclaimed 6.4 G

--- lease  (release idle path fences)
    SKIPPED - 23s left, under the 60s a step needs to finish

--- push-work  (make finished work visible)
    SKIPPED - 23s left, under the 60s a step needs to finish

--- reap-finished  (a worktree stops being needed when its work is published)
    SKIPPED - 23s left, under the 60s a step needs to finish

--- share-modules  (one installed dependency tree, linked into every worktree)
    SKIPPED - 23s left, under the 60s a step needs to finish

--- land  (put accepted work into the branch it was accepted for)
    SKIPPED - 23s left, under the 60s a step needs to finish

--- close-done  (clear accepted issues from the pool)
    SKIPPED - 23s left, under the 60s a step needs to finish

--- stale-escalations  (retire escalations whose stated cause no longer reproduces)
    SKIPPED - 23s left, under the 60s a step needs to finish

--- author  (refill the backlog from a measured deficit)
    SKIPPED - 23s left, under the 60s a step needs to finish

  lock released: everything from here only reads, and the refill needs it

--- loop-selftest  (the loop's own checkers, shown failing before they are believed)
    timed out - what it did before the cut still stands: (nothing recorded)

--- exposure  (what the live service serves to an origin it has never heard of)
    SKIPPED - past the 5 minute reporting deadline

--- forked-files  (a file that exists twice must not start saying two things)
    SKIPPED - past the 5 minute reporting deadline

--- t27-parity  (the generated ring and the twin in production still answer the same)
    SKIPPED - past the 5 minute reporting deadline

--- verdict-audit  (check what the swarm claims against what it pushed)
    SKIPPED - past the 5 minute reporting deadline

--- proven  (is the recent work still proving anything)
    SKIPPED - past the 5 minute reporting deadline

--- judge-packet  (queue the unauditable for judgement)
    SKIPPED - past the 5 minute reporting deadline

--- dash  (the box compares against a reading somebody has to write)
    SKIPPED - past the 5 minute reporting deadline

--- clocks  (no decision keyed on a field something rewrites)
    SKIPPED - past the 5 minute reporting deadline

--- fields  (no decision reading a field its query never selects)
    SKIPPED - past the 5 minute reporting deadline

--- fp-check  (no checker accuses anything known good)
    SKIPPED - past the 5 minute reporting deadline

--- unverdicted  (a finished dispatch whose worker never wrote a verdict block)
    SKIPPED - past the 5 minute reporting deadline

--- silent-loop  (an attempt that charges no retry budget can be repeated for ever)
    SKIPPED - past the 5 minute reporting deadline

--- rejudge  (a recorded verdict the current code would no longer give)
    SKIPPED - past the 5 minute reporting deadline

--- idle  (how much of the day the swarm spent doing nothing, and what stopped it)
    SKIPPED - past the 5 minute reporting deadline

--- unwired  (a gate that exists and runs nowhere)
    SKIPPED - past the 5 minute reporting deadline

--- agree  (two implementations of one rule, asked the same question about real rows)
    SKIPPED - past the 5 minute reporting deadline

--- brief-gate  (which open briefs will produce a verdict nothing can check)
    SKIPPED - past the 5 minute reporting deadline

heal complete: two-views=FINDING reap-local=ok rescue=ok reap=ok lease=skipped push-work=skipped reap-finished=skipped share-modules=skipped land=skipped close-done=skipped stale-escalations=skipped author=skipped loop-selftest=timed out exposure=skipped forked-files=skipped t27-parity=skipped verdict-audit=skipped proven=skipped judge-packet=skipped dash=skipped clocks=skipped fields=skipped fp-check=skipped unverdicted=skipped silent-loop=skipped rejudge=skipped idle=skipped unwired=skipped agree=skipped brief-gate=skipped

  NOT REACHED: 25 of 30 steps never started - lease, push-work, reap-finished, share-modules, land, close-done, stale-escalations, author, exposure, forked-files, t27-parity, verdict-audit, proven, judge-packet, dash, clocks, fields, fp-check, unverdicted, silent-loop, rejudge, idle, unwired, agree, brief-gate
  They are first in line next run; the reporting phase is ordered by hunger.
  tri reach   - how often each step has actually run, over the whole ledger

  FINDING  two-views: the two views of the service DISAGREE - a green health check is not evidence the channel will connect
2026-09-20T09:36:13.808Z heal start

--- two-views  (both views of the service, at the same moment)
    both views agree the service is up

--- reap-local  (free the disk this loop runs on)
    20 worktrees, none removable

--- rescue  (save work a bee never committed, before anything reclaims it)
    rescued 0 stranded path(s) from 0 tree(s)

--- reap  (free the volume before anything else)
    volume below the threshold, nothing reaped

--- lease  (release idle path fences)
    released 5, quarantined 14, held 23
      !! #4017  sendBack  sb=2 paths=1  2 attempts, at or over the ceiling of 2 - a person decides, not a timer
      !! #3970  sendBack  sb=2 paths=1  2 attempts, at or over the ceiling of 2 - a person decides, not a timer
      !! #3676  sendBack  sb=2 paths=1  2 attempts, at or over the ceiling of 2 - a person decides, not a timer
      !! #4258  sendBack  sb=2 paths=1  2 attempts, at or over the ceiling of 2 - a person decides, not a timer
      !! #3860  sendBack  sb=2 paths=1  2 attempts, at or over the ceiling of 2 - a person decides, not a timer
      !! #3858  sendBack  sb=2 paths=1  2 attempts, at or over the ceiling of 2 - a person decides, not a timer
      !! #4298  sendBack  sb=2 paths=1  2 attempts, at or over the ceiling of 2 - a person decides, not a timer
      !! #4005  sendBack  sb=2 paths=1  2 attempts, at or over the ceiling of 2 - a person decides, not a timer
      !! #3997  sendBack  sb=2 paths=1  2 attempts, at or over the ceiling of 2 - a person decides, not a timer
      !! #3994  sendBack  sb=2 paths=1  2 attempts, at or over the ceiling of 2 - a person decides, not a timer
      !! #3988  sendBack  sb=2 paths=1  2 attempts, at or over the ceiling of 2 - a person decides, not a timer
      !! #3975  sendBack  sb=2 paths=1  2 attempts, at or over the ceiling of 2 - a person decides, not a timer
      !! #3992  sendBack  sb=2 paths=1  2 attempts, at or over the ceiling of 2 - a person decides, not a timer
      !! #3999  sendBack  sb=2 paths=1  2 attempts, at or over the ceiling of 2 - a person decides, not a timer

--- push-work  (make finished work visible)
    pushed 0

--- reap-finished  (a worktree stops being needed when its work is published)
    0 redundant worktree(s) removed, 2 still hold work

--- share-modules  (one installed dependency tree, linked into every worktree)
    0 tree(s) share one store, 0 MB returned

--- land  (put accepted work into the branch it was accepted for)
    capped at 119s, leaving 180s for the 3 step(s) behind it (it resumes next run)
    timed out - what it did before the cut still stands: (nothing recorded)

--- close-done  (clear accepted issues from the pool)
    timed out - what it did before the cut still stands: (nothing recorded)

--- stale-escalations  (retire escalations whose stated cause no longer reproduces)
    SKIPPED - past the 8 minute swarm-freeing deadline

--- author  (refill the backlog from a measured deficit)
    SKIPPED - past the 8 minute swarm-freeing deadline

  lock released: everything from here only reads, and the refill needs it

--- loop-selftest  (the loop's own checkers, shown failing before they are believed)
    timed out - what it did before the cut still stands: (nothing recorded)

--- exposure  (what the live service serves to an origin it has never heard of)
    SKIPPED - past the 5 minute reporting deadline

--- forked-files  (a file that exists twice must not start saying two things)
    SKIPPED - past the 5 minute reporting deadline

--- t27-parity  (the generated ring and the twin in production still answer the same)
    SKIPPED - past the 5 minute reporting deadline

--- verdict-audit  (check what the swarm claims against what it pushed)
    SKIPPED - past the 5 minute reporting deadline

--- proven  (is the recent work still proving anything)
    SKIPPED - past the 5 minute reporting deadline

--- judge-packet  (queue the unauditable for judgement)
    SKIPPED - past the 5 minute reporting deadline

--- dash  (the box compares against a reading somebody has to write)
    SKIPPED - past the 5 minute reporting deadline

--- clocks  (no decision keyed on a field something rewrites)
    SKIPPED - past the 5 minute reporting deadline

--- fields  (no decision reading a field its query never selects)
    SKIPPED - past the 5 minute reporting deadline

--- fp-check  (no checker accuses anything known good)
    SKIPPED - past the 5 minute reporting deadline

--- unverdicted  (a finished dispatch whose worker never wrote a verdict block)
    SKIPPED - past the 5 minute reporting deadline

--- silent-loop  (an attempt that charges no retry budget can be repeated for ever)
    SKIPPED - past the 5 minute reporting deadline

--- rejudge  (a recorded verdict the current code would no longer give)
    SKIPPED - past the 5 minute reporting deadline

--- idle  (how much of the day the swarm spent doing nothing, and what stopped it)
    SKIPPED - past the 5 minute reporting deadline

--- unwired  (a gate that exists and runs nowhere)
    SKIPPED - past the 5 minute reporting deadline

--- agree  (two implementations of one rule, asked the same question about real rows)
    SKIPPED - past the 5 minute reporting deadline

--- brief-gate  (which open briefs will produce a verdict nothing can check)
    SKIPPED - past the 5 minute reporting deadline

heal complete: two-views=ok reap-local=ok rescue=ok reap=ok lease=ok push-work=ok reap-finished=ok share-modules=ok land=timed out close-done=timed out stale-escalations=skipped author=skipped loop-selftest=timed out exposure=skipped forked-files=skipped t27-parity=skipped verdict-audit=skipped proven=skipped judge-packet=skipped dash=skipped clocks=skipped fields=skipped fp-check=skipped unverdicted=skipped silent-loop=skipped rejudge=skipped idle=skipped unwired=skipped agree=skipped brief-gate=skipped

  NOT REACHED: 19 of 30 steps never started - stale-escalations, author, exposure, forked-files, t27-parity, verdict-audit, proven, judge-packet, dash, clocks, fields, fp-check, unverdicted, silent-loop, rejudge, idle, unwired, agree, brief-gate
  They are first in line next run; the reporting phase is ordered by hunger.
  tri reach   - how often each step has actually run, over the whole ledger
2026-09-20T09:59:43.251Z heal start
another run holds the loop lock (feed, 1 min) - standing down
2026-09-20T10:09:59.118Z heal start
another run holds the loop lock (feed, 1 min) - standing down
2026-09-20T10:21:23.260Z heal start

--- two-views  (both views of the service, at the same moment)
    both views agree the service is up

--- reap-local  (free the disk this loop runs on)
    20 worktrees, none removable

--- rescue  (save work a bee never committed, before anything reclaims it)
    rescued 0 stranded path(s) from 0 tree(s)

--- reap  (free the volume before anything else)
    reclaimed 6.1 G

--- lease  (release idle path fences)
    released 8, quarantined 18, held 9
      !! #4015  sendBack  sb=2 paths=1  2 attempts, at or over the ceiling of 2 - a person decides, not a timer
      !! #4259  sendBack  sb=2 paths=1  2 attempts, at or over the ceiling of 2 - a person decides, not a timer
      !! #3970  sendBack  sb=2 paths=1  2 attempts, at or over the ceiling of 2 - a person decides, not a timer
      !! #4011  sendBack  sb=2 paths=1  2 attempts, at or over the ceiling of 2 - a person decides, not a timer
      !! #3676  sendBack  sb=2 paths=1  2 attempts, at or over the ceiling of 2 - a person decides, not a timer
      !! #3976  sendBack  sb=2 paths=1  2 attempts, at or over the ceiling of 2 - a person decides, not a timer
      !! #3860  sendBack  sb=2 paths=1  2 attempts, at or over the ceiling of 2 - a person decides, not a timer
      !! #3991  sendBack  sb=2 paths=1  2 attempts, at or over the ceiling of 2 - a person decides, not a timer
      !! #4002  sendBack  sb=2 paths=1  2 attempts, at or over the ceiling of 2 - a person decides, not a timer
      !! #3858  sendBack  sb=2 paths=1  2 attempts, at or over the ceiling of 2 - a person decides, not a timer
      !! #4009  sendBack  sb=2 paths=1  2 attempts, at or over the ceiling of 2 - a person decides, not a timer
      !! #3939  sendBack  sb=2 paths=1  2 attempts, at or over the ceiling of 2 - a person decides, not a timer
      !! #3985  sendBack  sb=2 paths=1  2 attempts, at or over the ceiling of 2 - a person decides, not a timer
      !! #3994  sendBack  sb=2 paths=1  2 attempts, at or over the ceiling of 2 - a person decides, not a timer
      !! #3988  sendBack  sb=2 paths=1  2 attempts, at or over the ceiling of 2 - a person decides, not a timer
      !! #3979  sendBack  sb=2 paths=1  2 attempts, at or over the ceiling of 2 - a person decides, not a timer
      !! #3992  sendBack  sb=2 paths=1  2 attempts, at or over the ceiling of 2 - a person decides, not a timer
      !! #4003  sendBack  sb=2 paths=1  2 attempts, at or over the ceiling of 2 - a person decides, not a timer

--- push-work  (make finished work visible)
    pushed 0

--- reap-finished  (a worktree stops being needed when its work is published)
    0 redundant worktree(s) removed, 2 still hold work

--- share-modules  (one installed dependency tree, linked into every worktree)
    SKIPPED - 47s left, under the 60s a step needs to finish

--- land  (put accepted work into the branch it was accepted for)
    SKIPPED - 47s left, under the 60s a step needs to finish

--- close-done  (clear accepted issues from the pool)
    SKIPPED - 47s left, under the 60s a step needs to finish

--- stale-escalations  (retire escalations whose stated cause no longer reproduces)
    SKIPPED - 47s left, under the 60s a step needs to finish

--- author  (refill the backlog from a measured deficit)
    SKIPPED - 47s left, under the 60s a step needs to finish

  lock released: everything from here only reads, and the refill needs it

--- loop-selftest  (the loop's own checkers, shown failing before they are believed)
    timed out - what it did before the cut still stands: (nothing recorded)

--- exposure  (what the live service serves to an origin it has never heard of)
    SKIPPED - past the 5 minute reporting deadline

--- forked-files  (a file that exists twice must not start saying two things)
    SKIPPED - past the 5 minute reporting deadline

--- t27-parity  (the generated ring and the twin in production still answer the same)
    SKIPPED - past the 5 minute reporting deadline

--- verdict-audit  (check what the swarm claims against what it pushed)
    SKIPPED - past the 5 minute reporting deadline

--- proven  (is the recent work still proving anything)
    SKIPPED - past the 5 minute reporting deadline

--- judge-packet  (queue the unauditable for judgement)
    SKIPPED - past the 5 minute reporting deadline

--- dash  (the box compares against a reading somebody has to write)
    SKIPPED - past the 5 minute reporting deadline

--- clocks  (no decision keyed on a field something rewrites)
    SKIPPED - past the 5 minute reporting deadline

--- fields  (no decision reading a field its query never selects)
    SKIPPED - past the 5 minute reporting deadline

--- fp-check  (no checker accuses anything known good)
    SKIPPED - past the 5 minute reporting deadline

--- unverdicted  (a finished dispatch whose worker never wrote a verdict block)
    SKIPPED - past the 5 minute reporting deadline

--- silent-loop  (an attempt that charges no retry budget can be repeated for ever)
    SKIPPED - past the 5 minute reporting deadline

--- rejudge  (a recorded verdict the current code would no longer give)
    SKIPPED - past the 5 minute reporting deadline

--- idle  (how much of the day the swarm spent doing nothing, and what stopped it)
    SKIPPED - past the 5 minute reporting deadline

--- unwired  (a gate that exists and runs nowhere)
    SKIPPED - past the 5 minute reporting deadline

--- agree  (two implementations of one rule, asked the same question about real rows)
    SKIPPED - past the 5 minute reporting deadline

--- brief-gate  (which open briefs will produce a verdict nothing can check)
    SKIPPED - past the 5 minute reporting deadline

heal complete: two-views=ok reap-local=ok rescue=ok reap=ok lease=ok push-work=ok reap-finished=ok share-modules=skipped land=skipped close-done=skipped stale-escalations=skipped author=skipped loop-selftest=timed out exposure=skipped forked-files=skipped t27-parity=skipped verdict-audit=skipped proven=skipped judge-packet=skipped dash=skipped clocks=skipped fields=skipped fp-check=skipped unverdicted=skipped silent-loop=skipped rejudge=skipped idle=skipped unwired=skipped agree=skipped brief-gate=skipped

  NOT REACHED: 22 of 30 steps never started - share-modules, land, close-done, stale-escalations, author, exposure, forked-files, t27-parity, verdict-audit, proven, judge-packet, dash, clocks, fields, fp-check, unverdicted, silent-loop, rejudge, idle, unwired, agree, brief-gate
  They are first in line next run; the reporting phase is ordered by hunger.
  tri reach   - how often each step has actually run, over the whole ledger
2026-09-20T10:44:09.188Z heal start

--- two-views  (both views of the service, at the same moment)
    both views agree the service is up

--- reap-local  (free the disk this loop runs on)
    20 worktrees, none removable

--- rescue  (save work a bee never committed, before anything reclaims it)
    rescued 0 stranded path(s) from 0 tree(s)

--- reap  (free the volume before anything else)
    reclaimed 4.5 G

--- lease  (release idle path fences)
    released 2, quarantined 11, held 23
      !! #4267  sendBack  sb=2 paths=1  2 attempts, at or over the ceiling of 2 - a person decides, not a timer
      !! #4015  sendBack  sb=2 paths=1  2 attempts, at or over the ceiling of 2 - a person decides, not a timer
      !! #3676  sendBack  sb=2 paths=1  2 attempts, at or over the ceiling of 2 - a person decides, not a timer
      !! #4009  sendBack  sb=2 paths=1  2 attempts, at or over the ceiling of 2 - a person decides, not a timer
      !! #3939  sendBack  sb=2 paths=1  2 attempts, at or over the ceiling of 2 - a person decides, not a timer
      !! #3860  sendBack  sb=2 paths=1  2 attempts, at or over the ceiling of 2 - a person decides, not a timer
      !! #3995  sendBack  sb=2 paths=1  2 attempts, at or over the ceiling of 2 - a person decides, not a timer
      !! #3858  sendBack  sb=2 paths=1  2 attempts, at or over the ceiling of 2 - a person decides, not a timer
      !! #4007  sendBack  sb=2 paths=1  2 attempts, at or over the ceiling of 2 - a person decides, not a timer
      !! #3979  sendBack  sb=2 paths=1  2 attempts, at or over the ceiling of 2 - a person decides, not a timer
      !! #4003  sendBack  sb=2 paths=1  2 attempts, at or over the ceiling of 2 - a person decides, not a timer

--- push-work  (make finished work visible)
    pushed 0

--- reap-finished  (a worktree stops being needed when its work is published)
    0 redundant worktree(s) removed, 2 still hold work

--- share-modules  (one installed dependency tree, linked into every worktree)
    SKIPPED - 41s left, under the 60s a step needs to finish

--- land  (put accepted work into the branch it was accepted for)
    SKIPPED - 41s left, under the 60s a step needs to finish

--- close-done  (clear accepted issues from the pool)
    SKIPPED - 41s left, under the 60s a step needs to finish

--- stale-escalations  (retire escalations whose stated cause no longer reproduces)
    SKIPPED - 41s left, under the 60s a step needs to finish

--- author  (refill the backlog from a measured deficit)
    SKIPPED - 41s left, under the 60s a step needs to finish

  lock released: everything from here only reads, and the refill needs it

--- loop-selftest  (the loop's own checkers, shown failing before they are believed)
    timed out - what it did before the cut still stands: (nothing recorded)

--- exposure  (what the live service serves to an origin it has never heard of)
    SKIPPED - past the 5 minute reporting deadline

--- forked-files  (a file that exists twice must not start saying two things)
    SKIPPED - past the 5 minute reporting deadline

--- t27-parity  (the generated ring and the twin in production still answer the same)
    SKIPPED - past the 5 minute reporting deadline

--- verdict-audit  (check what the swarm claims against what it pushed)
    SKIPPED - past the 5 minute reporting deadline

--- proven  (is the recent work still proving anything)
    SKIPPED - past the 5 minute reporting deadline

--- judge-packet  (queue the unauditable for judgement)
    SKIPPED - past the 5 minute reporting deadline

--- dash  (the box compares against a reading somebody has to write)
    SKIPPED - past the 5 minute reporting deadline

--- clocks  (no decision keyed on a field something rewrites)
    SKIPPED - past the 5 minute reporting deadline

--- fields  (no decision reading a field its query never selects)
    SKIPPED - past the 5 minute reporting deadline

--- fp-check  (no checker accuses anything known good)
    SKIPPED - past the 5 minute reporting deadline

--- unverdicted  (a finished dispatch whose worker never wrote a verdict block)
    SKIPPED - past the 5 minute reporting deadline

--- silent-loop  (an attempt that charges no retry budget can be repeated for ever)
    SKIPPED - past the 5 minute reporting deadline

--- rejudge  (a recorded verdict the current code would no longer give)
    SKIPPED - past the 5 minute reporting deadline

--- idle  (how much of the day the swarm spent doing nothing, and what stopped it)
    SKIPPED - past the 5 minute reporting deadline

--- unwired  (a gate that exists and runs nowhere)
    SKIPPED - past the 5 minute reporting deadline

--- agree  (two implementations of one rule, asked the same question about real rows)
    SKIPPED - past the 5 minute reporting deadline

--- brief-gate  (which open briefs will produce a verdict nothing can check)
    SKIPPED - past the 5 minute reporting deadline

heal complete: two-views=ok reap-local=ok rescue=ok reap=ok lease=ok push-work=ok reap-finished=ok share-modules=skipped land=skipped close-done=skipped stale-escalations=skipped author=skipped loop-selftest=timed out exposure=skipped forked-files=skipped t27-parity=skipped verdict-audit=skipped proven=skipped judge-packet=skipped dash=skipped clocks=skipped fields=skipped fp-check=skipped unverdicted=skipped silent-loop=skipped rejudge=skipped idle=skipped unwired=skipped agree=skipped brief-gate=skipped

  NOT REACHED: 22 of 30 steps never started - share-modules, land, close-done, stale-escalations, author, exposure, forked-files, t27-parity, verdict-audit, proven, judge-packet, dash, clocks, fields, fp-check, unverdicted, silent-loop, rejudge, idle, unwired, agree, brief-gate
  They are first in line next run; the reporting phase is ordered by hunger.
  tri reach   - how often each step has actually run, over the whole ledger
2026-09-20T11:06:33.731Z heal start

--- two-views  (both views of the service, at the same moment)
    both views agree the service is up

--- reap-local  (free the disk this loop runs on)
    20 worktrees, none removable

--- rescue  (save work a bee never committed, before anything reclaims it)
    rescued 0 stranded path(s) from 0 tree(s)

--- reap  (free the volume before anything else)
    reclaimed 2.8 G

--- lease  (release idle path fences)
    released 1, quarantined 11, held 23
      !! #4015  sendBack  sb=2 paths=1  2 attempts, at or over the ceiling of 2 - a person decides, not a timer
      !! #4267  sendBack  sb=2 paths=1  2 attempts, at or over the ceiling of 2 - a person decides, not a timer
      !! #3676  sendBack  sb=2 paths=1  2 attempts, at or over the ceiling of 2 - a person decides, not a timer
      !! #3939  sendBack  sb=2 paths=1  2 attempts, at or over the ceiling of 2 - a person decides, not a timer
      !! #3860  sendBack  sb=2 paths=1  2 attempts, at or over the ceiling of 2 - a person decides, not a timer
      !! #3995  sendBack  sb=2 paths=1  2 attempts, at or over the ceiling of 2 - a person decides, not a timer
      !! #4020  sendBack  sb=2 paths=1  2 attempts, at or over the ceiling of 2 - a person decides, not a timer
      !! #3858  sendBack  sb=2 paths=1  2 attempts, at or over the ceiling of 2 - a person decides, not a timer
      !! #4007  sendBack  sb=2 paths=1  2 attempts, at or over the ceiling of 2 - a person decides, not a timer
      !! #3979  sendBack  sb=2 paths=1  2 attempts, at or over the ceiling of 2 - a person decides, not a timer
      !! #4003  sendBack  sb=2 paths=1  2 attempts, at or over the ceiling of 2 - a person decides, not a timer

--- push-work  (make finished work visible)
    pushed 0

--- reap-finished  (a worktree stops being needed when its work is published)
    timed out - what it did before the cut still stands: (nothing recorded)

--- share-modules  (one installed dependency tree, linked into every worktree)
    SKIPPED - past the 8 minute swarm-freeing deadline

--- land  (put accepted work into the branch it was accepted for)
    SKIPPED - past the 8 minute swarm-freeing deadline

--- close-done  (clear accepted issues from the pool)
    SKIPPED - past the 8 minute swarm-freeing deadline

--- stale-escalations  (retire escalations whose stated cause no longer reproduces)
    SKIPPED - past the 8 minute swarm-freeing deadline

--- author  (refill the backlog from a measured deficit)
    SKIPPED - past the 8 minute swarm-freeing deadline

  lock released: everything from here only reads, and the refill needs it

--- loop-selftest  (the loop's own checkers, shown failing before they are believed)
    timed out - what it did before the cut still stands: (nothing recorded)

--- exposure  (what the live service serves to an origin it has never heard of)
    SKIPPED - past the 5 minute reporting deadline

--- forked-files  (a file that exists twice must not start saying two things)
    SKIPPED - past the 5 minute reporting deadline

--- t27-parity  (the generated ring and the twin in production still answer the same)
    SKIPPED - past the 5 minute reporting deadline

--- verdict-audit  (check what the swarm claims against what it pushed)
    SKIPPED - past the 5 minute reporting deadline

--- proven  (is the recent work still proving anything)
    SKIPPED - past the 5 minute reporting deadline

--- judge-packet  (queue the unauditable for judgement)
    SKIPPED - past the 5 minute reporting deadline

--- dash  (the box compares against a reading somebody has to write)
    SKIPPED - past the 5 minute reporting deadline

--- clocks  (no decision keyed on a field something rewrites)
    SKIPPED - past the 5 minute reporting deadline

--- fields  (no decision reading a field its query never selects)
    SKIPPED - past the 5 minute reporting deadline

--- fp-check  (no checker accuses anything known good)
    SKIPPED - past the 5 minute reporting deadline

--- unverdicted  (a finished dispatch whose worker never wrote a verdict block)
    SKIPPED - past the 5 minute reporting deadline

--- silent-loop  (an attempt that charges no retry budget can be repeated for ever)
    SKIPPED - past the 5 minute reporting deadline

--- rejudge  (a recorded verdict the current code would no longer give)
    SKIPPED - past the 5 minute reporting deadline

--- idle  (how much of the day the swarm spent doing nothing, and what stopped it)
    SKIPPED - past the 5 minute reporting deadline

--- unwired  (a gate that exists and runs nowhere)
    SKIPPED - past the 5 minute reporting deadline

--- agree  (two implementations of one rule, asked the same question about real rows)
    SKIPPED - past the 5 minute reporting deadline

--- brief-gate  (which open briefs will produce a verdict nothing can check)
    SKIPPED - past the 5 minute reporting deadline

heal complete: two-views=ok reap-local=ok rescue=ok reap=ok lease=ok push-work=ok reap-finished=timed out share-modules=skipped land=skipped close-done=skipped stale-escalations=skipped author=skipped loop-selftest=timed out exposure=skipped forked-files=skipped t27-parity=skipped verdict-audit=skipped proven=skipped judge-packet=skipped dash=skipped clocks=skipped fields=skipped fp-check=skipped unverdicted=skipped silent-loop=skipped rejudge=skipped idle=skipped unwired=skipped agree=skipped brief-gate=skipped

  NOT REACHED: 22 of 30 steps never started - share-modules, land, close-done, stale-escalations, author, exposure, forked-files, t27-parity, verdict-audit, proven, judge-packet, dash, clocks, fields, fp-check, unverdicted, silent-loop, rejudge, idle, unwired, agree, brief-gate
  They are first in line next run; the reporting phase is ordered by hunger.
  tri reach   - how often each step has actually run, over the whole ledger
2026-09-20T11:30:56.745Z heal start
another run holds the loop lock (feed, 0 min) - standing down
2026-09-20T11:41:52.527Z heal start

--- two-views  (both views of the service, at the same moment)
    both views agree the service is up

--- reap-local  (free the disk this loop runs on)
    21 worktrees, none removable

--- rescue  (save work a bee never committed, before anything reclaims it)
    rescued 0 stranded path(s) from 0 tree(s)

--- reap  (free the volume before anything else)
    reclaimed 5.6 G

--- lease  (release idle path fences)
    SKIPPED - 13s left, under the 60s a step needs to finish

--- push-work  (make finished work visible)
    SKIPPED - 13s left, under the 60s a step needs to finish

--- reap-finished  (a worktree stops being needed when its work is published)
    SKIPPED - 13s left, under the 60s a step needs to finish

--- share-modules  (one installed dependency tree, linked into every worktree)
    SKIPPED - 13s left, under the 60s a step needs to finish

--- land  (put accepted work into the branch it was accepted for)
    SKIPPED - 13s left, under the 60s a step needs to finish

--- close-done  (clear accepted issues from the pool)
    SKIPPED - 13s left, under the 60s a step needs to finish

--- stale-escalations  (retire escalations whose stated cause no longer reproduces)
    SKIPPED - 13s left, under the 60s a step needs to finish

--- author  (refill the backlog from a measured deficit)
    SKIPPED - 13s left, under the 60s a step needs to finish

  lock released: everything from here only reads, and the refill needs it

--- loop-selftest  (the loop's own checkers, shown failing before they are believed)
    timed out - what it did before the cut still stands: (nothing recorded)

--- exposure  (what the live service serves to an origin it has never heard of)
    SKIPPED - past the 5 minute reporting deadline

--- forked-files  (a file that exists twice must not start saying two things)
    SKIPPED - past the 5 minute reporting deadline

--- t27-parity  (the generated ring and the twin in production still answer the same)
    SKIPPED - past the 5 minute reporting deadline

--- verdict-audit  (check what the swarm claims against what it pushed)
    SKIPPED - past the 5 minute reporting deadline

--- proven  (is the recent work still proving anything)
    SKIPPED - past the 5 minute reporting deadline

--- judge-packet  (queue the unauditable for judgement)
    SKIPPED - past the 5 minute reporting deadline

--- dash  (the box compares against a reading somebody has to write)
    SKIPPED - past the 5 minute reporting deadline

--- clocks  (no decision keyed on a field something rewrites)
    SKIPPED - past the 5 minute reporting deadline

--- fields  (no decision reading a field its query never selects)
    SKIPPED - past the 5 minute reporting deadline

--- fp-check  (no checker accuses anything known good)
    SKIPPED - past the 5 minute reporting deadline

--- unverdicted  (a finished dispatch whose worker never wrote a verdict block)
    SKIPPED - past the 5 minute reporting deadline

--- silent-loop  (an attempt that charges no retry budget can be repeated for ever)
    SKIPPED - past the 5 minute reporting deadline

--- rejudge  (a recorded verdict the current code would no longer give)
    SKIPPED - past the 5 minute reporting deadline

--- idle  (how much of the day the swarm spent doing nothing, and what stopped it)
    SKIPPED - past the 5 minute reporting deadline

--- unwired  (a gate that exists and runs nowhere)
    SKIPPED - past the 5 minute reporting deadline

--- agree  (two implementations of one rule, asked the same question about real rows)
    SKIPPED - past the 5 minute reporting deadline

--- brief-gate  (which open briefs will produce a verdict nothing can check)
    SKIPPED - past the 5 minute reporting deadline

heal complete: two-views=ok reap-local=ok rescue=ok reap=ok lease=skipped push-work=skipped reap-finished=skipped share-modules=skipped land=skipped close-done=skipped stale-escalations=skipped author=skipped loop-selftest=timed out exposure=skipped forked-files=skipped t27-parity=skipped verdict-audit=skipped proven=skipped judge-packet=skipped dash=skipped clocks=skipped fields=skipped fp-check=skipped unverdicted=skipped silent-loop=skipped rejudge=skipped idle=skipped unwired=skipped agree=skipped brief-gate=skipped

  NOT REACHED: 25 of 30 steps never started - lease, push-work, reap-finished, share-modules, land, close-done, stale-escalations, author, exposure, forked-files, t27-parity, verdict-audit, proven, judge-packet, dash, clocks, fields, fp-check, unverdicted, silent-loop, rejudge, idle, unwired, agree, brief-gate
  They are first in line next run; the reporting phase is ordered by hunger.
  tri reach   - how often each step has actually run, over the whole ledger
2026-09-20T12:04:53.252Z heal start

--- two-views  (both views of the service, at the same moment)
    both views agree the service is up

--- reap-local  (free the disk this loop runs on)
    20 worktrees, none removable

--- rescue  (save work a bee never committed, before anything reclaims it)
    rescued 0 stranded path(s) from 0 tree(s)

--- reap  (free the volume before anything else)
    reclaimed 2.8 G

--- lease  (release idle path fences)
    released 1, quarantined 12, held 16
      !! #4258  sendBack  sb=2 paths=1  2 attempts, at or over the ceiling of 2 - a person decides, not a timer
      !! #4005  sendBack  sb=2 paths=1  2 attempts, at or over the ceiling of 2 - a person decides, not a timer
      !! #3989  sendBack  sb=2 paths=1  2 attempts, at or over the ceiling of 2 - a person decides, not a timer
      !! #4022  sendBack  sb=2 paths=1  2 attempts, at or over the ceiling of 2 - a person decides, not a timer
      !! #3984  sendBack  sb=2 paths=1  2 attempts, at or over the ceiling of 2 - a person decides, not a timer
      !! #3996  sendBack  sb=2 paths=1  2 attempts, at or over the ceiling of 2 - a person decides, not a timer
      !! #4028  sendBack  sb=2 paths=1  2 attempts, at or over the ceiling of 2 - a person decides, not a timer
      !! #3997  sendBack  sb=2 paths=1  2 attempts, at or over the ceiling of 2 - a person decides, not a timer
      !! #3975  sendBack  sb=2 paths=1  2 attempts, at or over the ceiling of 2 - a person decides, not a timer
      !! #3982  sendBack  sb=2 paths=1  2 attempts, at or over the ceiling of 2 - a person decides, not a timer
      !! #4023  sendBack  sb=2 paths=1  2 attempts, at or over the ceiling of 2 - a person decides, not a timer
      !! #3998  sendBack  sb=2 paths=1  2 attempts, at or over the ceiling of 2 - a person decides, not a timer

--- push-work  (make finished work visible)
    pushed 0

--- reap-finished  (a worktree stops being needed when its work is published)
    0 redundant worktree(s) removed, 2 still hold work

--- share-modules  (one installed dependency tree, linked into every worktree)
    0 tree(s) share one store, 0 MB returned

--- land  (put accepted work into the branch it was accepted for)
    capped at 60s, leaving 117s for the 3 step(s) behind it, 63s short of the 180s they need (it resumes next run)
    timed out - what it did before the cut still stands: (nothing recorded)

--- close-done  (clear accepted issues from the pool)
    timed out - what it did before the cut still stands: (nothing recorded)

--- stale-escalations  (retire escalations whose stated cause no longer reproduces)
    SKIPPED - past the 8 minute swarm-freeing deadline

--- author  (refill the backlog from a measured deficit)
    SKIPPED - past the 8 minute swarm-freeing deadline

  lock released: everything from here only reads, and the refill needs it

--- loop-selftest  (the loop's own checkers, shown failing before they are believed)
    timed out - what it did before the cut still stands: (nothing recorded)

--- exposure  (what the live service serves to an origin it has never heard of)
    SKIPPED - past the 5 minute reporting deadline

--- forked-files  (a file that exists twice must not start saying two things)
    SKIPPED - past the 5 minute reporting deadline

--- t27-parity  (the generated ring and the twin in production still answer the same)
    SKIPPED - past the 5 minute reporting deadline

--- verdict-audit  (check what the swarm claims against what it pushed)
    SKIPPED - past the 5 minute reporting deadline

--- proven  (is the recent work still proving anything)
    SKIPPED - past the 5 minute reporting deadline

--- judge-packet  (queue the unauditable for judgement)
    SKIPPED - past the 5 minute reporting deadline

--- dash  (the box compares against a reading somebody has to write)
    SKIPPED - past the 5 minute reporting deadline

--- clocks  (no decision keyed on a field something rewrites)
    SKIPPED - past the 5 minute reporting deadline

--- fields  (no decision reading a field its query never selects)
    SKIPPED - past the 5 minute reporting deadline

--- fp-check  (no checker accuses anything known good)
    SKIPPED - past the 5 minute reporting deadline

--- unverdicted  (a finished dispatch whose worker never wrote a verdict block)
    SKIPPED - past the 5 minute reporting deadline

--- silent-loop  (an attempt that charges no retry budget can be repeated for ever)
    SKIPPED - past the 5 minute reporting deadline

--- rejudge  (a recorded verdict the current code would no longer give)
    SKIPPED - past the 5 minute reporting deadline

--- idle  (how much of the day the swarm spent doing nothing, and what stopped it)
    SKIPPED - past the 5 minute reporting deadline

--- unwired  (a gate that exists and runs nowhere)
    SKIPPED - past the 5 minute reporting deadline

--- agree  (two implementations of one rule, asked the same question about real rows)
    SKIPPED - past the 5 minute reporting deadline

--- brief-gate  (which open briefs will produce a verdict nothing can check)
    SKIPPED - past the 5 minute reporting deadline

heal complete: two-views=ok reap-local=ok rescue=ok reap=ok lease=ok push-work=ok reap-finished=ok share-modules=ok land=timed out close-done=timed out stale-escalations=skipped author=skipped loop-selftest=timed out exposure=skipped forked-files=skipped t27-parity=skipped verdict-audit=skipped proven=skipped judge-packet=skipped dash=skipped clocks=skipped fields=skipped fp-check=skipped unverdicted=skipped silent-loop=skipped rejudge=skipped idle=skipped unwired=skipped agree=skipped brief-gate=skipped

  NOT REACHED: 19 of 30 steps never started - stale-escalations, author, exposure, forked-files, t27-parity, verdict-audit, proven, judge-packet, dash, clocks, fields, fp-check, unverdicted, silent-loop, rejudge, idle, unwired, agree, brief-gate
  They are first in line next run; the reporting phase is ordered by hunger.
  tri reach   - how often each step has actually run, over the whole ledger
2026-09-20T12:28:23.728Z heal start

--- two-views  (both views of the service, at the same moment)
    both views agree the service is up

--- reap-local  (free the disk this loop runs on)
    20 worktrees, none removable

--- rescue  (save work a bee never committed, before anything reclaims it)
    rescued 0 stranded path(s) from 0 tree(s)

--- reap  (free the volume before anything else)
    reclaimed 5.9 G

--- lease  (release idle path fences)
    released 4, quarantined 15, held 23
      !! #3931  sendBack  sb=2 paths=1  2 attempts, at or over the ceiling of 2 - a person decides, not a timer
      !! #4017  sendBack  sb=2 paths=1  2 attempts, at or over the ceiling of 2 - a person decides, not a timer
      !! #4005  sendBack  sb=2 paths=1  2 attempts, at or over the ceiling of 2 - a person decides, not a timer
      !! #4011  sendBack  sb=2 paths=1  2 attempts, at or over the ceiling of 2 - a person decides, not a timer
      !! #3984  sendBack  sb=2 paths=1  2 attempts, at or over the ceiling of 2 - a person decides, not a timer
      !! #3996  sendBack  sb=2 paths=1  2 attempts, at or over the ceiling of 2 - a person decides, not a timer
      !! #3929  sendBack  sb=2 paths=1  2 attempts, at or over the ceiling of 2 - a person decides, not a timer
      !! #4028  sendBack  sb=2 paths=1  2 attempts, at or over the ceiling of 2 - a person decides, not a timer
      !! #3997  sendBack  sb=2 paths=1  2 attempts, at or over the ceiling of 2 - a person decides, not a timer
      !! #3989  sendBack  sb=2 paths=1  2 attempts, at or over the ceiling of 2 - a person decides, not a timer
      !! #3993  sendBack  sb=2 paths=1  2 attempts, at or over the ceiling of 2 - a person decides, not a timer
      !! #3975  sendBack  sb=2 paths=1  2 attempts, at or over the ceiling of 2 - a person decides, not a timer
      !! #3982  sendBack  sb=2 paths=1  2 attempts, at or over the ceiling of 2 - a person decides, not a timer
      !! #3936  sendBack  sb=2 paths=1  2 attempts, at or over the ceiling of 2 - a person decides, not a timer
      !! #3998  sendBack  sb=2 paths=1  2 attempts, at or over the ceiling of 2 - a person decides, not a timer

--- push-work  (make finished work visible)
    pushed 0

--- reap-finished  (a worktree stops being needed when its work is published)
    0 redundant worktree(s) removed, 2 still hold work

--- share-modules  (one installed dependency tree, linked into every worktree)
    0 tree(s) share one store, 0 MB returned

--- land  (put accepted work into the branch it was accepted for)
    capped at 60s, leaving 40s for the 3 step(s) behind it, 140s short of the 180s they need (it resumes next run)
    timed out - what it did before the cut still stands: (nothing recorded)

--- close-done  (clear accepted issues from the pool)
    SKIPPED - 36s left, under the 60s a step needs to finish

--- stale-escalations  (retire escalations whose stated cause no longer reproduces)
    SKIPPED - 35s left, under the 60s a step needs to finish

--- author  (refill the backlog from a measured deficit)
    SKIPPED - 35s left, under the 60s a step needs to finish

  lock released: everything from here only reads, and the refill needs it

--- loop-selftest  (the loop's own checkers, shown failing before they are believed)
    timed out - what it did before the cut still stands: (nothing recorded)

--- exposure  (what the live service serves to an origin it has never heard of)
    SKIPPED - past the 5 minute reporting deadline

--- forked-files  (a file that exists twice must not start saying two things)
    SKIPPED - past the 5 minute reporting deadline

--- t27-parity  (the generated ring and the twin in production still answer the same)
    SKIPPED - past the 5 minute reporting deadline

--- verdict-audit  (check what the swarm claims against what it pushed)
    SKIPPED - past the 5 minute reporting deadline

--- proven  (is the recent work still proving anything)
    SKIPPED - past the 5 minute reporting deadline

--- judge-packet  (queue the unauditable for judgement)
    SKIPPED - past the 5 minute reporting deadline

--- dash  (the box compares against a reading somebody has to write)
    SKIPPED - past the 5 minute reporting deadline

--- clocks  (no decision keyed on a field something rewrites)
    SKIPPED - past the 5 minute reporting deadline

--- fields  (no decision reading a field its query never selects)
    SKIPPED - past the 5 minute reporting deadline

--- fp-check  (no checker accuses anything known good)
    SKIPPED - past the 5 minute reporting deadline

--- unverdicted  (a finished dispatch whose worker never wrote a verdict block)
    SKIPPED - past the 5 minute reporting deadline

--- silent-loop  (an attempt that charges no retry budget can be repeated for ever)
    SKIPPED - past the 5 minute reporting deadline

--- rejudge  (a recorded verdict the current code would no longer give)
    SKIPPED - past the 5 minute reporting deadline

--- idle  (how much of the day the swarm spent doing nothing, and what stopped it)
    SKIPPED - past the 5 minute reporting deadline

--- unwired  (a gate that exists and runs nowhere)
    SKIPPED - past the 5 minute reporting deadline

--- agree  (two implementations of one rule, asked the same question about real rows)
    SKIPPED - past the 5 minute reporting deadline

--- brief-gate  (which open briefs will produce a verdict nothing can check)
    SKIPPED - past the 5 minute reporting deadline

heal complete: two-views=ok reap-local=ok rescue=ok reap=ok lease=ok push-work=ok reap-finished=ok share-modules=ok land=timed out close-done=skipped stale-escalations=skipped author=skipped loop-selftest=timed out exposure=skipped forked-files=skipped t27-parity=skipped verdict-audit=skipped proven=skipped judge-packet=skipped dash=skipped clocks=skipped fields=skipped fp-check=skipped unverdicted=skipped silent-loop=skipped rejudge=skipped idle=skipped unwired=skipped agree=skipped brief-gate=skipped

  NOT REACHED: 20 of 30 steps never started - close-done, stale-escalations, author, exposure, forked-files, t27-parity, verdict-audit, proven, judge-packet, dash, clocks, fields, fp-check, unverdicted, silent-loop, rejudge, idle, unwired, agree, brief-gate
  They are first in line next run; the reporting phase is ordered by hunger.
  tri reach   - how often each step has actually run, over the whole ledger
2026-09-20T12:51:00.402Z heal start

--- two-views  (both views of the service, at the same moment)
    both views agree the service is up

--- reap-local  (free the disk this loop runs on)
    20 worktrees, none removable

--- rescue  (save work a bee never committed, before anything reclaims it)
    rescued 0 stranded path(s) from 0 tree(s)

--- reap  (free the volume before anything else)
    timed out - what it did before the cut still stands: (nothing recorded)

--- lease  (release idle path fences)
    SKIPPED - past the 8 minute swarm-freeing deadline

--- push-work  (make finished work visible)
    SKIPPED - past the 8 minute swarm-freeing deadline

--- reap-finished  (a worktree stops being needed when its work is published)
    SKIPPED - past the 8 minute swarm-freeing deadline

--- share-modules  (one installed dependency tree, linked into every worktree)
    SKIPPED - past the 8 minute swarm-freeing deadline

--- land  (put accepted work into the branch it was accepted for)
    SKIPPED - past the 8 minute swarm-freeing deadline

--- close-done  (clear accepted issues from the pool)
    SKIPPED - past the 8 minute swarm-freeing deadline

--- stale-escalations  (retire escalations whose stated cause no longer reproduces)
    SKIPPED - past the 8 minute swarm-freeing deadline

--- author  (refill the backlog from a measured deficit)
    SKIPPED - past the 8 minute swarm-freeing deadline

  lock released: everything from here only reads, and the refill needs it

--- loop-selftest  (the loop's own checkers, shown failing before they are believed)
    timed out - what it did before the cut still stands: (nothing recorded)

--- exposure  (what the live service serves to an origin it has never heard of)
    SKIPPED - past the 5 minute reporting deadline

--- forked-files  (a file that exists twice must not start saying two things)
    SKIPPED - past the 5 minute reporting deadline

--- t27-parity  (the generated ring and the twin in production still answer the same)
    SKIPPED - past the 5 minute reporting deadline

--- verdict-audit  (check what the swarm claims against what it pushed)
    SKIPPED - past the 5 minute reporting deadline

--- proven  (is the recent work still proving anything)
    SKIPPED - past the 5 minute reporting deadline

--- judge-packet  (queue the unauditable for judgement)
    SKIPPED - past the 5 minute reporting deadline

--- dash  (the box compares against a reading somebody has to write)
    SKIPPED - past the 5 minute reporting deadline

--- clocks  (no decision keyed on a field something rewrites)
    SKIPPED - past the 5 minute reporting deadline

--- fields  (no decision reading a field its query never selects)
    SKIPPED - past the 5 minute reporting deadline

--- fp-check  (no checker accuses anything known good)
    SKIPPED - past the 5 minute reporting deadline

--- unverdicted  (a finished dispatch whose worker never wrote a verdict block)
    SKIPPED - past the 5 minute reporting deadline

--- silent-loop  (an attempt that charges no retry budget can be repeated for ever)
    SKIPPED - past the 5 minute reporting deadline

--- rejudge  (a recorded verdict the current code would no longer give)
    SKIPPED - past the 5 minute reporting deadline

--- idle  (how much of the day the swarm spent doing nothing, and what stopped it)
    SKIPPED - past the 5 minute reporting deadline

--- unwired  (a gate that exists and runs nowhere)
    SKIPPED - past the 5 minute reporting deadline

--- agree  (two implementations of one rule, asked the same question about real rows)
    SKIPPED - past the 5 minute reporting deadline

--- brief-gate  (which open briefs will produce a verdict nothing can check)
    SKIPPED - past the 5 minute reporting deadline

heal complete: two-views=ok reap-local=ok rescue=ok reap=timed out lease=skipped push-work=skipped reap-finished=skipped share-modules=skipped land=skipped close-done=skipped stale-escalations=skipped author=skipped loop-selftest=timed out exposure=skipped forked-files=skipped t27-parity=skipped verdict-audit=skipped proven=skipped judge-packet=skipped dash=skipped clocks=skipped fields=skipped fp-check=skipped unverdicted=skipped silent-loop=skipped rejudge=skipped idle=skipped unwired=skipped agree=skipped brief-gate=skipped

  NOT REACHED: 25 of 30 steps never started - lease, push-work, reap-finished, share-modules, land, close-done, stale-escalations, author, exposure, forked-files, t27-parity, verdict-audit, proven, judge-packet, dash, clocks, fields, fp-check, unverdicted, silent-loop, rejudge, idle, unwired, agree, brief-gate
  They are first in line next run; the reporting phase is ordered by hunger.
  tri reach   - how often each step has actually run, over the whole ledger
2026-09-20T13:14:04.848Z heal start

--- two-views  (both views of the service, at the same moment)
    both views agree the service is up

--- reap-local  (free the disk this loop runs on)
    20 worktrees, none removable

--- rescue  (save work a bee never committed, before anything reclaims it)
      no railway client of version 5 or later was found - falling back to the bare name, which may be one that cannot attach

--- reap  (free the volume before anything else)
    timed out - what it did before the cut still stands: (nothing recorded)

--- lease  (release idle path fences)
    SKIPPED - past the 8 minute swarm-freeing deadline

--- push-work  (make finished work visible)
    SKIPPED - past the 8 minute swarm-freeing deadline

--- reap-finished  (a worktree stops being needed when its work is published)
    SKIPPED - past the 8 minute swarm-freeing deadline

--- share-modules  (one installed dependency tree, linked into every worktree)
    SKIPPED - past the 8 minute swarm-freeing deadline

--- land  (put accepted work into the branch it was accepted for)
    SKIPPED - past the 8 minute swarm-freeing deadline

--- close-done  (clear accepted issues from the pool)
    SKIPPED - past the 8 minute swarm-freeing deadline

--- stale-escalations  (retire escalations whose stated cause no longer reproduces)
    SKIPPED - past the 8 minute swarm-freeing deadline

--- author  (refill the backlog from a measured deficit)
    SKIPPED - past the 8 minute swarm-freeing deadline

  lock released: everything from here only reads, and the refill needs it

--- loop-selftest  (the loop's own checkers, shown failing before they are believed)
    timed out - what it did before the cut still stands: (nothing recorded)

--- exposure  (what the live service serves to an origin it has never heard of)
    SKIPPED - past the 5 minute reporting deadline

--- forked-files  (a file that exists twice must not start saying two things)
    SKIPPED - past the 5 minute reporting deadline

--- t27-parity  (the generated ring and the twin in production still answer the same)
    SKIPPED - past the 5 minute reporting deadline

--- verdict-audit  (check what the swarm claims against what it pushed)
    SKIPPED - past the 5 minute reporting deadline

--- proven  (is the recent work still proving anything)
    SKIPPED - past the 5 minute reporting deadline

--- judge-packet  (queue the unauditable for judgement)
    SKIPPED - past the 5 minute reporting deadline

--- dash  (the box compares against a reading somebody has to write)
    SKIPPED - past the 5 minute reporting deadline

--- clocks  (no decision keyed on a field something rewrites)
    SKIPPED - past the 5 minute reporting deadline

--- fields  (no decision reading a field its query never selects)
    SKIPPED - past the 5 minute reporting deadline

--- fp-check  (no checker accuses anything known good)
    SKIPPED - past the 5 minute reporting deadline

--- unverdicted  (a finished dispatch whose worker never wrote a verdict block)
    SKIPPED - past the 5 minute reporting deadline

--- silent-loop  (an attempt that charges no retry budget can be repeated for ever)
    SKIPPED - past the 5 minute reporting deadline

--- rejudge  (a recorded verdict the current code would no longer give)
    SKIPPED - past the 5 minute reporting deadline

--- idle  (how much of the day the swarm spent doing nothing, and what stopped it)
    SKIPPED - past the 5 minute reporting deadline

--- unwired  (a gate that exists and runs nowhere)
    SKIPPED - past the 5 minute reporting deadline

--- agree  (two implementations of one rule, asked the same question about real rows)
    SKIPPED - past the 5 minute reporting deadline

--- brief-gate  (which open briefs will produce a verdict nothing can check)
    SKIPPED - past the 5 minute reporting deadline

heal complete: two-views=ok reap-local=ok rescue=ok reap=timed out lease=skipped push-work=skipped reap-finished=skipped share-modules=skipped land=skipped close-done=skipped stale-escalations=skipped author=skipped loop-selftest=timed out exposure=skipped forked-files=skipped t27-parity=skipped verdict-audit=skipped proven=skipped judge-packet=skipped dash=skipped clocks=skipped fields=skipped fp-check=skipped unverdicted=skipped silent-loop=skipped rejudge=skipped idle=skipped unwired=skipped agree=skipped brief-gate=skipped

  NOT REACHED: 25 of 30 steps never started - lease, push-work, reap-finished, share-modules, land, close-done, stale-escalations, author, exposure, forked-files, t27-parity, verdict-audit, proven, judge-packet, dash, clocks, fields, fp-check, unverdicted, silent-loop, rejudge, idle, unwired, agree, brief-gate
  They are first in line next run; the reporting phase is ordered by hunger.
  tri reach   - how often each step has actually run, over the whole ledger
2026-09-20T13:38:57.047Z heal start
another run holds the loop lock (feed, 0 min) - standing down
2026-09-20T13:53:47.905Z heal start
another run holds the loop lock (feed, 3 min) - standing down
