{
  "activation": "relu",
  "base_lr": 0.004000000189989805,
  "delta_bpb": -3.613311290740967,
  "duration_seconds": 20.383284666,
  "experiment": "4gram-relu-h128",
  "final_val_bpb": 3.4269180297851562,
  "hidden_size": 128,
  "initial_val_bpb": 7.040229320526123,
  "model": "4-gram context + ReLU hidden + LM head",
  "ngram_order": 4,
  "num_ctx": 2,
  "results": [
    {
      "bpb": 3.4269180297851562,
      "loss": 2.3753585815429688,
      "step": 500
    }
  ],
  "seed": 42,
  "steps": 500,
  "train_tokens": 1003854,
  "use_attention": false,
  "val_tokens": 111540,
  "wd": 0.03999999910593033
}