{
  "activation": "=relu",
  "base_lr": 0.004000000189989805,
  "delta_bpb": -3.5880520343780518,
  "duration_seconds": 12.708442709,
  "experiment": "4gram-=relu-hidden",
  "final_val_bpb": 3.437913179397583,
  "hidden_size": 128,
  "initial_val_bpb": 7.025965213775635,
  "layernorm": false,
  "model": "3-context + embed + ReLU hidden + LM head",
  "results": [
    {
      "bpb": 3.437913179397583,
      "loss": 2.3829798698425293,
      "step": 500
    }
  ],
  "seed": 42,
  "steps": 500,
  "train_tokens": 1003854,
  "val_tokens": 111540
}