{
  "base_lr": 0.004000000189989805,
  "delta_bpb": -3.6475350856781006,
  "duration_seconds": 62.414063917,
  "experiment": "4gram-relu-hidden",
  "final_val_bpb": 3.342478036880493,
  "initial_val_bpb": 6.990013122558594,
  "model": "3-context + embed + ReLU hidden + LM head",
  "results": [
    {
      "bpb": 3.7057743072509766,
      "loss": 2.5686469078063965,
      "step": 500
    },
    {
      "bpb": 3.5940985679626465,
      "loss": 2.491239309310913,
      "step": 1000
    },
    {
      "bpb": 3.537317991256714,
      "loss": 2.4518818855285645,
      "step": 1500
    },
    {
      "bpb": 3.342478036880493,
      "loss": 2.316829204559326,
      "step": 2000
    }
  ],
  "seed": 42,
  "steps": 2000,
  "train_tokens": 1003854,
  "val_tokens": 111540
}