{
  "activation": "relu",
  "base_lr": 0.004000000189989805,
  "delta_bpb": -3.0569472312927246,
  "duration_seconds": 152.771048875,
  "experiment": "6gram-relu-h384",
  "final_val_bpb": 3.9138054847717285,
  "hidden_size": 384,
  "initial_val_bpb": 6.970752716064453,
  "model": "6-gram context + ReLU hidden + LM head",
  "ngram_order": 6,
  "num_ctx": 4,
  "results": [
    {
      "bpb": 3.9138054847717285,
      "loss": 2.712843179702759,
      "step": 100
    }
  ],
  "seed": 43,
  "steps": 100,
  "train_tokens": 1003854,
  "use_attention": false,
  "val_tokens": 111540,
  "wd": 0.03999999910593033
}