{
  "delta_bpb": 3.510984182357788,
  "dim": 256,
  "duration_seconds": 241.872763709,
  "experiment": "cpu-backprop-scalable",
  "final_bpb": 3.488966703414917,
  "initial_bpb": 6.999950885772705,
  "lr": 0.0020000000949949026,
  "model": "embed+bigram+smear+lm_head",
  "seed": 42,
  "seq_len": 32,
  "steps": 15000,
  "vocab_size": 128
}