{
  "delta_bpb": 3.523667335510254,
  "dim": 128,
  "duration_seconds": 345.502350209,
  "experiment": "cpu-backprop-scalable",
  "final_bpb": 3.456960678100586,
  "initial_bpb": 6.98062801361084,
  "lr": 0.006000000052154064,
  "model": "embed+bigram+smear+lm_head",
  "seed": 44,
  "seq_len": 64,
  "steps": 5000,
  "vocab_size": 128
}