{
  "delta_bpb": 3.412104845046997,
  "dim": 128,
  "duration_seconds": 192.144987583,
  "experiment": "cpu-backprop-scalable",
  "final_bpb": 3.6065733432769775,
  "initial_bpb": 7.018678188323975,
  "lr": 0.003000000026077032,
  "model": "embed+bigram+smear+lm_head",
  "seed": 42,
  "seq_len": 32,
  "steps": 5000,
  "vocab_size": 128
}