{
  "delta_bpb": 3.3628783226013184,
  "dim": 96,
  "duration_seconds": 28.929740291,
  "experiment": "cpu-backprop-v1",
  "final_bpb": 3.636874198913574,
  "initial_bpb": 6.999752521514893,
  "lr": 0.003000000026077032,
  "model": "embed+bigram+smear+lm_head",
  "seed": 42,
  "seq_len": 32,
  "steps": 3000,
  "vocab_size": 128
}