{
  "delta_bpb": 3.3073103427886963,
  "dim": 96,
  "duration_seconds": 8.965112417,
  "experiment": "cpu-backprop-scalable",
  "final_bpb": 3.6924421787261963,
  "initial_bpb": 6.999752521514893,
  "lr": 0.003000000026077032,
  "model": "embed+bigram+smear+lm_head",
  "seed": 42,
  "seq_len": 32,
  "steps": 3000,
  "vocab_size": 128
}