{
  "delta_bpb": 0.0,
  "dim": 128,
  "duration_seconds": 779.664935792,
  "experiment": "cpu-backprop-scalable",
  "final_bpb": 7.088224411010742,
  "initial_bpb": 7.088224411010742,
  "lr": 0.003000000026077032,
  "model": "embed+bigram+smear+lm_head",
  "seed": 42,
  "seq_len": 64,
  "steps": 3000,
  "vocab_size": 128
}