{
  "delta_bpb": 3.899523973464966,
  "dim": 128,
  "duration_seconds": 559.768049292,
  "experiment": "cpu-backprop-scalable",
  "final_bpb": 3.1192786693573,
  "initial_bpb": 7.018802642822266,
  "lr": 0.00800000037997961,
  "model": "embed+bigram+smear+lm_head",
  "seed": 42,
  "seq_len": 64,
  "steps": 5000,
  "vocab_size": 128
}