{
  "delta_bpb": 3.2954139709472656,
  "dim": 96,
  "duration_seconds": 193.206991292,
  "experiment": "cpu-backprop-v1",
  "final_bpb": 3.7046103477478027,
  "initial_bpb": 7.000024318695068,
  "lr": 0.003000000026077032,
  "model": "embed+bigram+smear+lm_head",
  "seed": 43,
  "seq_len": 32,
  "steps": 2000,
  "vocab_size": 128
}