{
  "delta_bpb": 3.6972122192382812,
  "dim": 128,
  "duration_seconds": 425.823735625,
  "experiment": "cpu-backprop-scalable",
  "final_bpb": 3.3215904235839844,
  "initial_bpb": 7.018802642822266,
  "lr": 0.009999999776482582,
  "model": "embed+bigram+smear+lm_head",
  "seed": 42,
  "seq_len": 64,
  "steps": 5000,
  "vocab_size": 128
}