{
  "delta_bpb": 3.315634250640869,
  "dim": 96,
  "duration_seconds": 158.278772458,
  "experiment": "cpu-backprop-v1",
  "final_bpb": 3.6841182708740234,
  "initial_bpb": 6.999752521514893,
  "lr": 0.003000000026077032,
  "model": "embed+bigram+smear+lm_head",
  "seed": 42,
  "seq_len": 32,
  "steps": 2000,
  "vocab_size": 128
}