{
  "delta_bpb": 3.2934153079986572,
  "dim": 96,
  "duration_seconds": 192.587114042,
  "experiment": "cpu-backprop-v1",
  "final_bpb": 3.706861734390259,
  "initial_bpb": 7.000277042388916,
  "lr": 0.003000000026077032,
  "model": "embed+bigram+smear+lm_head",
  "seed": 44,
  "seq_len": 32,
  "steps": 2000,
  "vocab_size": 128
}