{
  "delta_bpb": 3.686823844909668,
  "dim": 128,
  "duration_seconds": 352.96514575,
  "experiment": "cpu-backprop-scalable",
  "final_bpb": 3.359421730041504,
  "initial_bpb": 7.046245574951172,
  "lr": 0.004999999888241291,
  "model": "embed+bigram+smear+lm_head",
  "seed": 43,
  "seq_len": 64,
  "steps": 5000,
  "vocab_size": 128
}