{
  "activation": "relu",
  "base_lr": 0.004000000189989805,
  "delta_bpb": -3.498593330383301,
  "duration_seconds": 82.263310416,
  "experiment": "gf16-4-gramgram-relu",
  "final_val_bpb": 3.551642894744873,
  "hidden_size": 128,
  "initial_val_bpb": 7.050236225128174,
  "model": "GF16 4-Gram + ReLU",
  "quantization": {
    "avg_error_pct": 0.0,
    "mae": 0.0,
    "max_error_pct": 0.0,
    "mse": 0.0,
    "phi_distance": 0.04863267791677184
  },
  "results": [
    {
      "bpb": 3.744532823562622,
      "loss": 2.5955123901367188,
      "step": 500
    },
    {
      "bpb": 3.551642894744873,
      "loss": 2.4618113040924072,
      "step": 1000
    }
  ],
  "seed": 42,
  "steps": 10000,
  "train_tokens": 1003854,
  "val_tokens": 111540
}