{
  "activation": "relu2",
  "base_lr": 0.004000000189989805,
  "delta_bpb": -2.741936206817627,
  "duration_seconds": 136.304626208,
  "experiment": "gf16-4-gramgram-relu2",
  "final_val_bpb": 4.301877021789551,
  "hidden_size": 384,
  "initial_val_bpb": 7.043813228607178,
  "model": "GF16 4-Gram + ReLU",
  "quantization": {
    "avg_error_pct": 0.0,
    "mae": 0.0,
    "max_error_pct": 0.0,
    "mse": 0.0,
    "phi_distance": 0.04863267791677184
  },
  "results": [
    {
      "bpb": 4.301877021789551,
      "loss": 2.9818339347839355,
      "step": 500
    }
  ],
  "seed": 43,
  "steps": 500,
  "train_tokens": 1003854,
  "val_tokens": 111540
}