{
  "base_lr": 0.003000000026077032,
  "delta_bpb": -4.517627716064453,
  "duration_seconds": 59.996368875,
  "experiment": "trinity3k-h48-l1-hd4-s64",
  "final_val_bpb": 3.7781307697296143,
  "head_dim": 12,
  "hidden_dim": 48,
  "initial_val_bpb": 8.295758247375488,
  "model": "Trinity3k transformer h=48 layers=1 heads=4 head_dim=12",
  "n_heads": 4,
  "n_layers": 1,
  "results": [
    {
      "bpb": 4.098562240600586,
      "loss": 2.840906858444214,
      "step": 500
    },
    {
      "bpb": 3.906135082244873,
      "loss": 2.707526445388794,
      "step": 1000
    },
    {
      "bpb": 3.8450613021850586,
      "loss": 2.6651933193206787,
      "step": 1500
    },
    {
      "bpb": 3.7781307697296143,
      "loss": 2.618800640106201,
      "step": 2000
    }
  ],
  "seed": 42,
  "seq_len": 64,
  "steps": 2000,
  "train_tokens": 1003854,
  "val_tokens": 111540,
  "vocab_size": 128,
  "wd": 0.009999999776482582
}