{
  "base_lr": 0.0003000000142492354,
  "delta_bpb": -0.40850305557250977,
  "duration_seconds": 5.788399083,
  "experiment": "trinity3k-h48-l1-hd4-s32",
  "final_val_bpb": 7.8423075675964355,
  "head_dim": 12,
  "hidden_dim": 48,
  "initial_val_bpb": 8.250810623168945,
  "model": "Trinity3k transformer h=48 layers=1 heads=4 head_dim=12",
  "n_heads": 4,
  "n_layers": 1,
  "results": [
    {
      "bpb": 7.8423075675964355,
      "loss": 5.435873508453369,
      "step": 50
    }
  ],
  "seed": 42,
  "seq_len": 32,
  "steps": 50,
  "train_tokens": 1003854,
  "val_tokens": 111540,
  "vocab_size": 128,
  "wd": 0.009999999776482582
}